,feedin_power_plant
2023-01-01 00:00:00+01:00,1.0
2023-01-01 00:15:00+01:00,1.0
2023-01-01 00:30:00+01:00,1.0
2023-01-01 00:45:00+01:00,1.0
2023-01-01 01:00:00+01:00,1.0
2023-01-01 01:15:00+01:00,1.0
2023-01-01 01:30:00+01:00,1.0
2023-01-01 01:45:00+01:00,1.0
2023-01-01 02:00:00+01:00,1.0
2023-01-01 02:15:00+01:00,1.0
2023-01-01 02:30:00+01:00,1.0
2023-01-01 02:45:00+01:00,1.0
2023-01-01 03:00:00+01:00,1.0
2023-01-01 03:15:00+01:00,1.0
2023-01-01 03:30:00+01:00,1.0
2023-01-01 03:45:00+01:00,1.0
2023-01-01 04:00:00+01:00,1.0
2023-01-01 04:15:00+01:00,1.0
2023-01-01 04:30:00+01:00,1.0
2023-01-01 04:45:00+01:00,1.0
2023-01-01 05:00:00+01:00,1.0
2023-01-01 05:15:00+01:00,0.998258984714711
2023-01-01 05:30:00+01:00,0.994923823889746
2023-01-01 05:45:00+01:00,0.9915960737395056
2023-01-01 06:00:00+01:00,0.9882762117479281
2023-01-01 06:15:00+01:00,0.9838487394158764
2023-01-01 06:30:00+01:00,0.9790599470546917
2023-01-01 06:45:00+01:00,0.9742718019751749
2023-01-01 07:00:00+01:00,0.9694843250397034
2023-01-01 07:15:00+01:00,0.9679144918756876
2023-01-01 07:30:00+01:00,0.9663633274167314
2023-01-01 07:45:00+01:00,0.9648310286480474
2023-01-01 08:00:00+01:00,0.9633177928893387
2023-01-01 08:15:00+01:00,0.963549186000718
2023-01-01 08:30:00+01:00,0.9638026416633876
2023-01-01 08:45:00+01:00,0.9640781217741644
2023-01-01 09:00:00+01:00,0.9643755850182651
2023-01-01 09:15:00+01:00,0.9649833654986792
2023-01-01 09:30:00+01:00,0.9656303340322018
2023-01-01 09:45:00+01:00,0.9663163187337956
2023-01-01 10:00:00+01:00,0.9670411384488133
2023-01-01 10:15:00+01:00,0.9398444196808023
2023-01-01 10:30:00+01:00,0.894142374704378
2023-01-01 10:45:00+01:00,0.8350359922497901
2023-01-01 11:00:00+01:00,0.7627063824331962
2023-01-01 11:15:00+01:00,0.7561164395807392
2023-01-01 11:30:00+01:00,0.7496858262706657
2023-01-01 11:45:00+01:00,0.7434169321670001
2023-01-01 12:00:00+01:00,0.7359772232851685
2023-01-01 12:15:00+01:00,0.72316892785473
2023-01-01 12:30:00+01:00,0.7107371281258656
2023-01-01 12:45:00+01:00,0.6986908769342944
2023-01-01 13:00:00+01:00,0.6870392252751532
2023-01-01 13:15:00+01:00,0.6526723612356016
2023-01-01 13:30:00+01:00,0.6188674966581239
2023-01-01 13:45:00+01:00,0.5856642657154428
2023-01-01 14:00:00+01:00,0.5535564726198029
2023-01-01 14:15:00+01:00,0.5461377659334494
2023-01-01 14:30:00+01:00,0.5405246630429543
2023-01-01 14:45:00+01:00,0.5367393951025161
2023-01-01 15:00:00+01:00,0.5347971601041355
2023-01-01 15:15:00+01:00,0.5234214717637456
2023-01-01 15:30:00+01:00,0.5120867302398142
2023-01-01 15:45:00+01:00,0.5007939810507128
2023-01-01 16:00:00+01:00,0.48954430153901685
2023-01-01 16:15:00+01:00,0.4692902791807837
2023-01-01 16:30:00+01:00,0.451125252706994
2023-01-01 16:45:00+01:00,0.4351391398189854
2023-01-01 17:00:00+01:00,0.42192183219271656
2023-01-01 17:15:00+01:00,0.4130271313853831
2023-01-01 17:30:00+01:00,0.40988621296779787
2023-01-01 17:45:00+01:00,0.4125479143469817
2023-01-01 18:00:00+01:00,0.4209708140269364
2023-01-01 18:15:00+01:00,0.4067060231757528
2023-01-01 18:30:00+01:00,0.39847798468738727
2023-01-01 18:45:00+01:00,0.39642291012858827
2023-01-01 19:00:00+01:00,0.4005754548393556
2023-01-01 19:15:00+01:00,0.3802893443439532
2023-01-01 19:30:00+01:00,0.360023631440591
2023-01-01 19:45:00+01:00,0.3397795115386282
2023-01-01 20:00:00+01:00,0.3195582738869807
2023-01-01 20:15:00+01:00,0.3227122844533515
2023-01-01 20:30:00+01:00,0.32637145985878224
2023-01-01 20:45:00+01:00,0.33053040648496496
2023-01-01 21:00:00+01:00,0.3351830868276546
2023-01-01 21:15:00+01:00,0.3793987455061453
2023-01-01 21:30:00+01:00,0.43311406652861456
2023-01-01 21:45:00+01:00,0.5008778725762868
2023-01-01 22:00:00+01:00,0.5759113345457478
2023-01-01 22:15:00+01:00,0.6564640343831598
2023-01-01 22:30:00+01:00,0.7504428599251679
2023-01-01 22:45:00+01:00,0.8378153495128312
2023-01-01 23:00:00+01:00,0.91053720016495
2023-01-01 23:15:00+01:00,0.915353368608963
2023-01-01 23:30:00+01:00,0.9220757386619161
2023-01-01 23:45:00+01:00,0.930663833020369
2023-01-02 00:00:00+01:00,0.9410675870716501
2023-01-02 00:15:00+01:00,0.92279725613926
2023-01-02 00:30:00+01:00,0.9045673407215422
2023-01-02 00:45:00+01:00,0.8863802820037291
2023-01-02 01:00:00+01:00,0.8663623294085468
2023-01-02 01:15:00+01:00,0.8342276578854037
2023-01-02 01:30:00+01:00,0.803102442500209
2023-01-02 01:45:00+01:00,0.7730583148947511
2023-01-02 02:00:00+01:00,0.7441709873875937
2023-01-02 02:15:00+01:00,0.7725910350944478
2023-01-02 02:30:00+01:00,0.8014473221477516
2023-01-02 02:45:00+01:00,0.8307123549510562
2023-01-02 03:00:00+01:00,0.8603605597489348
2023-01-02 03:15:00+01:00,0.8831323703137038
2023-01-02 03:30:00+01:00,0.9023831681574432
2023-01-02 03:45:00+01:00,0.922176736756945
2023-01-02 04:00:00+01:00,0.9424795569880479
2023-01-02 04:15:00+01:00,0.9511388731951398
2023-01-02 04:30:00+01:00,0.9559103914340621
2023-01-02 04:45:00+01:00,0.9602377284390587
2023-01-02 05:00:00+01:00,0.9648076301984904
2023-01-02 05:15:00+01:00,0.9620070736210473
2023-01-02 05:30:00+01:00,0.9593864642601834
2023-01-02 05:45:00+01:00,0.9569490683136695
2023-01-02 06:00:00+01:00,0.9546979949288226
2023-01-02 06:15:00+01:00,0.9407016681064682
2023-01-02 06:30:00+01:00,0.9247947911003469
2023-01-02 06:45:00+01:00,0.9099649048437761
2023-01-02 07:00:00+01:00,0.8962643590517577
2023-01-02 07:15:00+01:00,0.870041584220992
2023-01-02 07:30:00+01:00,0.8328087364235024
2023-01-02 07:45:00+01:00,0.7994746348573687
2023-01-02 08:00:00+01:00,0.7703362104289004
2023-01-02 08:15:00+01:00,0.7587643385983489
2023-01-02 08:30:00+01:00,0.7511450401261481
2023-01-02 08:45:00+01:00,0.7475483317329346
2023-01-02 09:00:00+01:00,0.7480078380165155
2023-01-02 09:15:00+01:00,0.6939281059492786
2023-01-02 09:30:00+01:00,0.6387405571755794
2023-01-02 09:45:00+01:00,0.5837004110081937
2023-01-02 10:00:00+01:00,0.5296388421425802
2023-01-02 10:15:00+01:00,0.4297617661218452
2023-01-02 10:30:00+01:00,0.3401115674946591
2023-01-02 10:45:00+01:00,0.2588323066956669
2023-01-02 11:00:00+01:00,0.1900162608314165
2023-01-02 11:15:00+01:00,0.16891326035800136
2023-01-02 11:30:00+01:00,0.15237376558383237
2023-01-02 11:45:00+01:00,0.13750838757333664
2023-01-02 12:00:00+01:00,0.12448685317120275
2023-01-02 12:15:00+01:00,0.13708455501395359
2023-01-02 12:30:00+01:00,0.14984110385059354
2023-01-02 12:45:00+01:00,0.16274378808858067
2023-01-02 13:00:00+01:00,0.17578109329196762
2023-01-02 13:15:00+01:00,0.18690082227759466
2023-01-02 13:30:00+01:00,0.19864199624860776
2023-01-02 13:45:00+01:00,0.21048877387760523
2023-01-02 14:00:00+01:00,0.2224357553391865
2023-01-02 14:15:00+01:00,0.2505877042017369
2023-01-02 14:30:00+01:00,0.2787982581044363
2023-01-02 14:45:00+01:00,0.3133947127190972
2023-01-02 15:00:00+01:00,0.35010381116615213
2023-01-02 15:15:00+01:00,0.3416192568191393
2023-01-02 15:30:00+01:00,0.3337565322807795
2023-01-02 15:45:00+01:00,0.3265299596193871
2023-01-02 16:00:00+01:00,0.3199530923557354
2023-01-02 16:15:00+01:00,0.35806785571727545
2023-01-02 16:30:00+01:00,0.3965827778733648
2023-01-02 16:45:00+01:00,0.43655647804057957
2023-01-02 17:00:00+01:00,0.4804049537675112
2023-01-02 17:15:00+01:00,0.5015484964354996
2023-01-02 17:30:00+01:00,0.5235068990044854
2023-01-02 17:45:00+01:00,0.5462411848868818
2023-01-02 18:00:00+01:00,0.5697135743784556
2023-01-02 18:15:00+01:00,0.5450086127028491
2023-01-02 18:30:00+01:00,0.5203038234040662
2023-01-02 18:45:00+01:00,0.49559921611279095
2023-01-02 19:00:00+01:00,0.47089480119066374
2023-01-02 19:15:00+01:00,0.46250198619267197
2023-01-02 19:30:00+01:00,0.4541156952864346
2023-01-02 19:45:00+01:00,0.44573605703801183
2023-01-02 20:00:00+01:00,0.43736320330780804
2023-01-02 20:15:00+01:00,0.43056367399565965
2023-01-02 20:30:00+01:00,0.4240239715915469
2023-01-02 20:45:00+01:00,0.41795062257890464
2023-01-02 21:00:00+01:00,0.4118798444852735
2023-01-02 21:15:00+01:00,0.40495828999751293
2023-01-02 21:30:00+01:00,0.3981704964226886
2023-01-02 21:45:00+01:00,0.39151896466288244
2023-01-02 22:00:00+01:00,0.3850062062543029
2023-01-02 22:15:00+01:00,0.372789856420875
2023-01-02 22:30:00+01:00,0.3605839468832169
2023-01-02 22:45:00+01:00,0.34838884312612844
2023-01-02 23:00:00+01:00,0.3362049275482845
2023-01-02 23:15:00+01:00,0.3338481375623909
2023-01-02 23:30:00+01:00,0.3314914932251386
2023-01-02 23:45:00+01:00,0.32913499553942227
2023-01-03 00:00:00+01:00,0.32677864551730224
2023-01-03 00:15:00+01:00,0.31631529649471707
2023-01-03 00:30:00+01:00,0.3058945564440384
2023-01-03 00:45:00+01:00,0.2955177666225234
2023-01-03 01:00:00+01:00,0.28530712506270267
2023-01-03 01:15:00+01:00,0.26720866328711823
2023-01-03 01:30:00+01:00,0.24916376091661974
2023-01-03 01:45:00+01:00,0.23117653765763105
2023-01-03 02:00:00+01:00,0.21325153149670475
2023-01-03 02:15:00+01:00,0.19266789951030341
2023-01-03 02:30:00+01:00,0.1743343446967321
2023-01-03 02:45:00+01:00,0.16075550702469174
2023-01-03 03:00:00+01:00,0.14832866106186712
2023-01-03 03:15:00+01:00,0.14513490776723892
2023-01-03 03:30:00+01:00,0.14318178738954893
2023-01-03 03:45:00+01:00,0.14248517341256833
2023-01-03 04:00:00+01:00,0.14305079268827675
2023-01-03 04:15:00+01:00,0.13944755951744317
2023-01-03 04:30:00+01:00,0.13667465322016534
2023-01-03 04:45:00+01:00,0.13474741589188577
2023-01-03 05:00:00+01:00,0.13367673352132745
2023-01-03 05:15:00+01:00,0.135825731058287
2023-01-03 05:30:00+01:00,0.13993381717350786
2023-01-03 05:45:00+01:00,0.14594866927443037
2023-01-03 06:00:00+01:00,0.15379697385973987
2023-01-03 06:15:00+01:00,0.16314477161677615
2023-01-03 06:30:00+01:00,0.17361779691472165
2023-01-03 06:45:00+01:00,0.18762106755151708
2023-01-03 07:00:00+01:00,0.20412131955674867
2023-01-03 07:15:00+01:00,0.22275188457581852
2023-01-03 07:30:00+01:00,0.2414113470712715
2023-01-03 07:45:00+01:00,0.26009749932485704
2023-01-03 08:00:00+01:00,0.27880835021318207
2023-01-03 08:15:00+01:00,0.29660932832787285
2023-01-03 08:30:00+01:00,0.3184232110190581
2023-01-03 08:45:00+01:00,0.34207737856117054
2023-01-03 09:00:00+01:00,0.3674492250088314
2023-01-03 09:15:00+01:00,0.38031871516590837
2023-01-03 09:30:00+01:00,0.3951757777258005
2023-01-03 09:45:00+01:00,0.4119405744592149
2023-01-03 10:00:00+01:00,0.43104268756949604
2023-01-03 10:15:00+01:00,0.4187429366316998
2023-01-03 10:30:00+01:00,0.4079282830900563
2023-01-03 10:45:00+01:00,0.3981128338414915
2023-01-03 11:00:00+01:00,0.3893236586508593
2023-01-03 11:15:00+01:00,0.4437085444243766
2023-01-03 11:30:00+01:00,0.5032402730104234
2023-01-03 11:45:00+01:00,0.5634458363878142
2023-01-03 12:00:00+01:00,0.6248614237506419
2023-01-03 12:15:00+01:00,0.6408208241540924
2023-01-03 12:30:00+01:00,0.6573042444007304
2023-01-03 12:45:00+01:00,0.6742947111579425
2023-01-03 13:00:00+01:00,0.6917754873064073
2023-01-03 13:15:00+01:00,0.6771514687748003
2023-01-03 13:30:00+01:00,0.6625287430151803
2023-01-03 13:45:00+01:00,0.6479073478279829
2023-01-03 14:00:00+01:00,0.633287322498207
2023-01-03 14:15:00+01:00,0.6103717287064484
2023-01-03 14:30:00+01:00,0.5875067625503108
2023-01-03 14:45:00+01:00,0.5649730606601925
2023-01-03 15:00:00+01:00,0.5425565011575705
2023-01-03 15:15:00+01:00,0.5216726072123371
2023-01-03 15:30:00+01:00,0.501311078395808
2023-01-03 15:45:00+01:00,0.4814962270911215
2023-01-03 16:00:00+01:00,0.4622531825719856
2023-01-03 16:15:00+01:00,0.4785222794078359
2023-01-03 16:30:00+01:00,0.4958462327330657
2023-01-03 16:45:00+01:00,0.5141842868203504
2023-01-03 17:00:00+01:00,0.5334955540208887
2023-01-03 17:15:00+01:00,0.5609908885180289
2023-01-03 17:30:00+01:00,0.5891057032034858
2023-01-03 17:45:00+01:00,0.6180690174507228
2023-01-03 18:00:00+01:00,0.6475127662792113
2023-01-03 18:15:00+01:00,0.665224430961547
2023-01-03 18:30:00+01:00,0.6833253323235835
2023-01-03 18:45:00+01:00,0.7018018706063682
2023-01-03 19:00:00+01:00,0.7206408092973843
2023-01-03 19:15:00+01:00,0.7399039193459033
2023-01-03 19:30:00+01:00,0.7560024272603186
2023-01-03 19:45:00+01:00,0.7715279242777829
2023-01-03 20:00:00+01:00,0.7870534238236395
2023-01-03 20:15:00+01:00,0.8061886443396967
2023-01-03 20:30:00+01:00,0.8259645589274579
2023-01-03 20:45:00+01:00,0.8463538063287777
2023-01-03 21:00:00+01:00,0.8673297830992033
2023-01-03 21:15:00+01:00,0.8816501216161163
2023-01-03 21:30:00+01:00,0.8945863893267476
2023-01-03 21:45:00+01:00,0.9076510443171877
2023-01-03 22:00:00+01:00,0.920838732756937
2023-01-03 22:15:00+01:00,0.9325433284175766
2023-01-03 22:30:00+01:00,0.9443794917509211
2023-01-03 22:45:00+01:00,0.9541286644745738
2023-01-03 23:00:00+01:00,0.9594603314469038
2023-01-03 23:15:00+01:00,0.9658058882149081
2023-01-03 23:30:00+01:00,0.9721514692361213
2023-01-03 23:45:00+01:00,0.9784970734951163
2023-01-04 00:00:00+01:00,0.9848427000323673
2023-01-04 00:15:00+01:00,0.9885987257477776
2023-01-04 00:30:00+01:00,0.9901935695801776
2023-01-04 00:45:00+01:00,0.9917953735444558
2023-01-04 01:00:00+01:00,0.9934039286935625
2023-01-04 01:15:00+01:00,0.9953519752739685
2023-01-04 01:30:00+01:00,0.9973021267232884
2023-01-04 01:45:00+01:00,0.9992543088228366
2023-01-04 02:00:00+01:00,1.0
2023-01-04 02:15:00+01:00,1.0
2023-01-04 02:30:00+01:00,1.0
2023-01-04 02:45:00+01:00,1.0
2023-01-04 03:00:00+01:00,1.0
2023-01-04 03:15:00+01:00,1.0
2023-01-04 03:30:00+01:00,1.0
2023-01-04 03:45:00+01:00,1.0
2023-01-04 04:00:00+01:00,1.0
2023-01-04 04:15:00+01:00,1.0
2023-01-04 04:30:00+01:00,1.0
2023-01-04 04:45:00+01:00,1.0
2023-01-04 05:00:00+01:00,1.0
2023-01-04 05:15:00+01:00,1.0
2023-01-04 05:30:00+01:00,1.0
2023-01-04 05:45:00+01:00,1.0
2023-01-04 06:00:00+01:00,1.0
2023-01-04 06:15:00+01:00,1.0
2023-01-04 06:30:00+01:00,1.0
2023-01-04 06:45:00+01:00,1.0
2023-01-04 07:00:00+01:00,1.0
2023-01-04 07:15:00+01:00,1.0
2023-01-04 07:30:00+01:00,1.0
2023-01-04 07:45:00+01:00,1.0
2023-01-04 08:00:00+01:00,1.0
2023-01-04 08:15:00+01:00,1.0
2023-01-04 08:30:00+01:00,1.0
2023-01-04 08:45:00+01:00,1.0
2023-01-04 09:00:00+01:00,1.0
2023-01-04 09:15:00+01:00,1.0
2023-01-04 09:30:00+01:00,1.0
2023-01-04 09:45:00+01:00,1.0
2023-01-04 10:00:00+01:00,1.0
2023-01-04 10:15:00+01:00,1.0
2023-01-04 10:30:00+01:00,1.0
2023-01-04 10:45:00+01:00,1.0
2023-01-04 11:00:00+01:00,1.0
2023-01-04 11:15:00+01:00,1.0
2023-01-04 11:30:00+01:00,1.0
2023-01-04 11:45:00+01:00,1.0
2023-01-04 12:00:00+01:00,1.0
2023-01-04 12:15:00+01:00,1.0
2023-01-04 12:30:00+01:00,1.0
2023-01-04 12:45:00+01:00,1.0
2023-01-04 13:00:00+01:00,1.0
2023-01-04 13:15:00+01:00,1.0
2023-01-04 13:30:00+01:00,1.0
2023-01-04 13:45:00+01:00,1.0
2023-01-04 14:00:00+01:00,1.0
2023-01-04 14:15:00+01:00,1.0
2023-01-04 14:30:00+01:00,0.9995151333971368
2023-01-04 14:45:00+01:00,0.9988809542249643
2023-01-04 15:00:00+01:00,0.9983817309210922
2023-01-04 15:15:00+01:00,0.9962645847983543
2023-01-04 15:30:00+01:00,0.9941475055282368
2023-01-04 15:45:00+01:00,0.9920304957862561
2023-01-04 16:00:00+01:00,0.9899135583925337
2023-01-04 16:15:00+01:00,0.9926224100971777
2023-01-04 16:30:00+01:00,0.9953951801509835
2023-01-04 16:45:00+01:00,0.9982286441599262
2023-01-04 17:00:00+01:00,1.0
2023-01-04 17:15:00+01:00,1.0
2023-01-04 17:30:00+01:00,1.0
2023-01-04 17:45:00+01:00,1.0
2023-01-04 18:00:00+01:00,1.0
2023-01-04 18:15:00+01:00,1.0
2023-01-04 18:30:00+01:00,1.0
2023-01-04 18:45:00+01:00,1.0
2023-01-04 19:00:00+01:00,1.0
2023-01-04 19:15:00+01:00,1.0
2023-01-04 19:30:00+01:00,1.0
2023-01-04 19:45:00+01:00,1.0
2023-01-04 20:00:00+01:00,1.0
2023-01-04 20:15:00+01:00,1.0
2023-01-04 20:30:00+01:00,1.0
2023-01-04 20:45:00+01:00,1.0
2023-01-04 21:00:00+01:00,1.0
2023-01-04 21:15:00+01:00,1.0
2023-01-04 21:30:00+01:00,0.9991526006823492
2023-01-04 21:45:00+01:00,0.9978988687540774
2023-01-04 22:00:00+01:00,0.9966453276795609
2023-01-04 22:15:00+01:00,0.9927730191869644
2023-01-04 22:30:00+01:00,0.9889160067394847
2023-01-04 22:45:00+01:00,0.9790358940164753
2023-01-04 23:00:00+01:00,0.9675674782033478
2023-01-04 23:15:00+01:00,0.960745765290708
2023-01-04 23:30:00+01:00,0.9539862008421979
2023-01-04 23:45:00+01:00,0.9408454516537184
2023-01-05 00:00:00+01:00,0.9258261151152068
2023-01-05 00:15:00+01:00,0.9234393072939712
2023-01-05 00:30:00+01:00,0.9211198330316309
2023-01-05 00:45:00+01:00,0.9188681918778153
2023-01-05 01:00:00+01:00,0.9166848735104819
2023-01-05 01:15:00+01:00,0.9108076797593841
2023-01-05 01:30:00+01:00,0.9049307539358707
2023-01-05 01:45:00+01:00,0.8990541011850928
2023-01-05 02:00:00+01:00,0.8931777267845405
2023-01-05 02:15:00+01:00,0.8926105839312997
2023-01-05 02:30:00+01:00,0.8921506485691654
2023-01-05 02:45:00+01:00,0.8917980831027704
2023-01-05 03:00:00+01:00,0.891553012246239
2023-01-05 03:15:00+01:00,0.8888002557908565
2023-01-05 03:30:00+01:00,0.8860484347710731
2023-01-05 03:45:00+01:00,0.8832975577450929
2023-01-05 04:00:00+01:00,0.880547633372846
2023-01-05 04:15:00+01:00,0.8786337502503243
2023-01-05 04:30:00+01:00,0.8767374342989607
2023-01-05 04:45:00+01:00,0.8748587973187438
2023-01-05 05:00:00+01:00,0.8729979510047668
2023-01-05 05:15:00+01:00,0.8687457752214398
2023-01-05 05:30:00+01:00,0.8636407101405211
2023-01-05 05:45:00+01:00,0.8586066881856681
2023-01-05 06:00:00+01:00,0.8536444776325847
2023-01-05 06:15:00+01:00,0.8520272989989082
2023-01-05 06:30:00+01:00,0.85047745305854
2023-01-05 06:45:00+01:00,0.8489951647390303
2023-01-05 07:00:00+01:00,0.8475806501015666
2023-01-05 07:15:00+01:00,0.8392594390262853
2023-01-05 07:30:00+01:00,0.8310122134777596
2023-01-05 07:45:00+01:00,0.8228403138164538
2023-01-05 08:00:00+01:00,0.8147451002844509
2023-01-05 08:15:00+01:00,0.7994190256347937
2023-01-05 08:30:00+01:00,0.7841348930025858
2023-01-05 08:45:00+01:00,0.7688941684760485
2023-01-05 09:00:00+01:00,0.7536983828142392
2023-01-05 09:15:00+01:00,0.7392409869873282
2023-01-05 09:30:00+01:00,0.7221746312117578
2023-01-05 09:45:00+01:00,0.705109275452438
2023-01-05 10:00:00+01:00,0.688044952944917
2023-01-05 10:15:00+01:00,0.611459864586582
2023-01-05 10:30:00+01:00,0.5378415834702299
2023-01-05 10:45:00+01:00,0.4672662007421767
2023-01-05 11:00:00+01:00,0.40256793831265597
2023-01-05 11:15:00+01:00,0.4240544083536882
2023-01-05 11:30:00+01:00,0.4478544110428718
2023-01-05 11:45:00+01:00,0.47192458617552163
2023-01-05 12:00:00+01:00,0.4960105909829682
2023-01-05 12:15:00+01:00,0.47634741692618543
2023-01-05 12:30:00+01:00,0.45696725617409617
2023-01-05 12:45:00+01:00,0.4378830770071842
2023-01-05 13:00:00+01:00,0.4198595609355767
2023-01-05 13:15:00+01:00,0.40476373581310016
2023-01-05 13:30:00+01:00,0.38979379592575997
2023-01-05 13:45:00+01:00,0.3749550122355448
2023-01-05 14:00:00+01:00,0.36025290394592585
2023-01-05 14:15:00+01:00,0.3293500816090228
2023-01-05 14:30:00+01:00,0.2992615808619849
2023-01-05 14:45:00+01:00,0.2736445076264561
2023-01-05 15:00:00+01:00,0.25187783344376946
2023-01-05 15:15:00+01:00,0.2452461439899036
2023-01-05 15:30:00+01:00,0.23950943624747115
2023-01-05 15:45:00+01:00,0.23468948711000648
2023-01-05 16:00:00+01:00,0.23080514205839062
2023-01-05 16:15:00+01:00,0.23095612822058204
2023-01-05 16:30:00+01:00,0.23195116533457827
2023-01-05 16:45:00+01:00,0.2337866866403909
2023-01-05 17:00:00+01:00,0.23645616510317263
2023-01-05 17:15:00+01:00,0.24111347140115114
2023-01-05 17:30:00+01:00,0.24697235689666078
2023-01-05 17:45:00+01:00,0.2540037565475822
2023-01-05 18:00:00+01:00,0.26217401097172205
2023-01-05 18:15:00+01:00,0.28483810898256967
2023-01-05 18:30:00+01:00,0.31505191962985135
2023-01-05 18:45:00+01:00,0.3465158499288278
2023-01-05 19:00:00+01:00,0.37888311830031074
2023-01-05 19:15:00+01:00,0.3807815932581391
2023-01-05 19:30:00+01:00,0.3827695897339843
2023-01-05 19:45:00+01:00,0.38484661449717467
2023-01-05 20:00:00+01:00,0.3870121560911532
2023-01-05 20:15:00+01:00,0.3945977595589974
2023-01-05 20:30:00+01:00,0.4023255607983622
2023-01-05 20:45:00+01:00,0.41019258401099545
2023-01-05 21:00:00+01:00,0.4181958844584321
2023-01-05 21:15:00+01:00,0.4231959272079987
2023-01-05 21:30:00+01:00,0.4293164853797126
2023-01-05 21:45:00+01:00,0.4366613781704947
2023-01-05 22:00:00+01:00,0.44486031076837496
2023-01-05 22:15:00+01:00,0.4309802377931331
2023-01-05 22:30:00+01:00,0.4180670708757203
2023-01-05 22:45:00+01:00,0.40566478494654545
2023-01-05 23:00:00+01:00,0.39326547307800763
2023-01-05 23:15:00+01:00,0.416343715961267
2023-01-05 23:30:00+01:00,0.4414432357247241
2023-01-05 23:45:00+01:00,0.4681350708314748
2023-01-06 00:00:00+01:00,0.49522535707432425
2023-01-06 00:15:00+01:00,0.5132094482785368
2023-01-06 00:30:00+01:00,0.5311944067489902
2023-01-06 00:45:00+01:00,0.5491801985807954
2023-01-06 01:00:00+01:00,0.5671667916121805
2023-01-06 01:15:00+01:00,0.5728252166666044
2023-01-06 01:30:00+01:00,0.578639492415161
2023-01-06 01:45:00+01:00,0.5846270069964529
2023-01-06 02:00:00+01:00,0.5908399349603469
2023-01-06 02:15:00+01:00,0.5909410045847691
2023-01-06 02:30:00+01:00,0.5913222890488674
2023-01-06 02:45:00+01:00,0.5919835664386683
2023-01-06 03:00:00+01:00,0.5929244524347762
2023-01-06 03:15:00+01:00,0.6009524561730473
2023-01-06 03:30:00+01:00,0.6091156880764002
2023-01-06 03:45:00+01:00,0.6174118949742041
2023-01-06 04:00:00+01:00,0.6258388379830986
2023-01-06 04:15:00+01:00,0.6524802895144453
2023-01-06 04:30:00+01:00,0.6795400884027297
2023-01-06 04:45:00+01:00,0.7069964561171771
2023-01-06 05:00:00+01:00,0.7348288126390039
2023-01-06 05:15:00+01:00,0.7598835371893579
2023-01-06 05:30:00+01:00,0.7834402491688395
2023-01-06 05:45:00+01:00,0.8070535576862619
2023-01-06 06:00:00+01:00,0.8307205438748487
2023-01-06 06:15:00+01:00,0.854830275456004
2023-01-06 06:30:00+01:00,0.8763571654976618
2023-01-06 06:45:00+01:00,0.8919256227581408
2023-01-06 07:00:00+01:00,0.9076736347487795
2023-01-06 07:15:00+01:00,0.9141774572262967
2023-01-06 07:30:00+01:00,0.9207461829465534
2023-01-06 07:45:00+01:00,0.9273784605162247
2023-01-06 08:00:00+01:00,0.9340729632620018
2023-01-06 08:15:00+01:00,0.9335230911232953
2023-01-06 08:30:00+01:00,0.9330590889764694
2023-01-06 08:45:00+01:00,0.9326810824157085
2023-01-06 09:00:00+01:00,0.9323891739393529
2023-01-06 09:15:00+01:00,0.9211795375637849
2023-01-06 09:30:00+01:00,0.9104927717465916
2023-01-06 09:45:00+01:00,0.9003471097355075
2023-01-06 10:00:00+01:00,0.8907606539520285
2023-01-06 10:15:00+01:00,0.8450981820374094
2023-01-06 10:30:00+01:00,0.7888784101280877
2023-01-06 10:45:00+01:00,0.7313475814438378
2023-01-06 11:00:00+01:00,0.6640370045075764
2023-01-06 11:15:00+01:00,0.625366561558007
2023-01-06 11:30:00+01:00,0.587093678542458
2023-01-06 11:45:00+01:00,0.5497596157786885
2023-01-06 12:00:00+01:00,0.5129406451740096
2023-01-06 12:15:00+01:00,0.5125262864433748
2023-01-06 12:30:00+01:00,0.5121139233186668
2023-01-06 12:45:00+01:00,0.5117035576385869
2023-01-06 13:00:00+01:00,0.5112951912351724
2023-01-06 13:15:00+01:00,0.5412810571350051
2023-01-06 13:30:00+01:00,0.5712810369000694
2023-01-06 13:45:00+01:00,0.6015663786440167
2023-01-06 14:00:00+01:00,0.6320469315301566
2023-01-06 14:15:00+01:00,0.5832475364178694
2023-01-06 14:30:00+01:00,0.5358344456421471
2023-01-06 14:45:00+01:00,0.4891516241658002
2023-01-06 15:00:00+01:00,0.44327933707232375
2023-01-06 15:15:00+01:00,0.4408416917210026
2023-01-06 15:30:00+01:00,0.43915441654477727
2023-01-06 15:45:00+01:00,0.4382205042386786
2023-01-06 16:00:00+01:00,0.4380416181091928
2023-01-06 16:15:00+01:00,0.45653968468019046
2023-01-06 16:30:00+01:00,0.47514091303474193
2023-01-06 16:45:00+01:00,0.4938409577416978
2023-01-06 17:00:00+01:00,0.5126356928325277
2023-01-06 17:15:00+01:00,0.5083268163258027
2023-01-06 17:30:00+01:00,0.5047078339231226
2023-01-06 17:45:00+01:00,0.5017843657589053
2023-01-06 18:00:00+01:00,0.4995609964933384
2023-01-06 18:15:00+01:00,0.5046921078630121
2023-01-06 18:30:00+01:00,0.5109354712424408
2023-01-06 18:45:00+01:00,0.5182756463496442
2023-01-06 19:00:00+01:00,0.5266948434291139
2023-01-06 19:15:00+01:00,0.5528927437488617
2023-01-06 19:30:00+01:00,0.5793821923020138
2023-01-06 19:45:00+01:00,0.6064927298564797
2023-01-06 20:00:00+01:00,0.6339273991329125
2023-01-06 20:15:00+01:00,0.6386688080794104
2023-01-06 20:30:00+01:00,0.6437127409362497
2023-01-06 20:45:00+01:00,0.6490561488069952
2023-01-06 21:00:00+01:00,0.6546958462890377
2023-01-06 21:15:00+01:00,0.6500326283145101
2023-01-06 21:30:00+01:00,0.6455432013736561
2023-01-06 21:45:00+01:00,0.6412291325874381
2023-01-06 22:00:00+01:00,0.6370919456644024
2023-01-06 22:15:00+01:00,0.6540759179961012
2023-01-06 22:30:00+01:00,0.671089646771025
2023-01-06 22:45:00+01:00,0.688132146081505
2023-01-06 23:00:00+01:00,0.705202471538285
2023-01-06 23:15:00+01:00,0.7004688273599786
2023-01-06 23:30:00+01:00,0.6957353600677747
2023-01-06 23:45:00+01:00,0.6910020712891731
2023-01-07 00:00:00+01:00,0.6862689626716366
2023-01-07 00:15:00+01:00,0.667697644108555
2023-01-07 00:30:00+01:00,0.6491713540370949
2023-01-07 00:45:00+01:00,0.6306917799227861
2023-01-07 01:00:00+01:00,0.6122606900306206
2023-01-07 01:15:00+01:00,0.6019927677593325
2023-01-07 01:30:00+01:00,0.5925083837898494
2023-01-07 01:45:00+01:00,0.5838230611638837
2023-01-07 02:00:00+01:00,0.576061555075647
2023-01-07 02:15:00+01:00,0.5740918158039481
2023-01-07 02:30:00+01:00,0.57344301206927
2023-01-07 02:45:00+01:00,0.5741169737353096
2023-01-07 03:00:00+01:00,0.5761118000517325
2023-01-07 03:15:00+01:00,0.5801721731683823
2023-01-07 03:30:00+01:00,0.5846192469824202
2023-01-07 03:45:00+01:00,0.5894838042633641
2023-01-07 04:00:00+01:00,0.5947142214362415
2023-01-07 04:15:00+01:00,0.5906092809617389
2023-01-07 04:30:00+01:00,0.5866237370447158
2023-01-07 04:45:00+01:00,0.5827671627605371
2023-01-07 05:00:00+01:00,0.5790792540958939
2023-01-07 05:15:00+01:00,0.5806026132579187
2023-01-07 05:30:00+01:00,0.582440368973571
2023-01-07 05:45:00+01:00,0.5846103567814528
2023-01-07 06:00:00+01:00,0.5871103447105496
2023-01-07 06:15:00+01:00,0.5915923402361476
2023-01-07 06:30:00+01:00,0.5961269317476519
2023-01-07 06:45:00+01:00,0.6007136268450336
2023-01-07 07:00:00+01:00,0.6053519337031649
2023-01-07 07:15:00+01:00,0.6043994366976144
2023-01-07 07:30:00+01:00,0.6036547012465988
2023-01-07 07:45:00+01:00,0.6031180462663353
2023-01-07 08:00:00+01:00,0.6027897019719465
2023-01-07 08:15:00+01:00,0.5909166535395778
2023-01-07 08:30:00+01:00,0.5815176121720849
2023-01-07 08:45:00+01:00,0.5746894987420182
2023-01-07 09:00:00+01:00,0.5703550571782409
2023-01-07 09:15:00+01:00,0.5664235047271202
2023-01-07 09:30:00+01:00,0.5631716653584815
2023-01-07 09:45:00+01:00,0.5606043042139164
2023-01-07 10:00:00+01:00,0.5587252149183644
2023-01-07 10:15:00+01:00,0.5228237387661199
2023-01-07 10:30:00+01:00,0.4885628781665213
2023-01-07 10:45:00+01:00,0.45607366021684376
2023-01-07 11:00:00+01:00,0.4255674449677772
2023-01-07 11:15:00+01:00,0.41241596193839186
2023-01-07 11:30:00+01:00,0.39943234823458496
2023-01-07 11:45:00+01:00,0.3866226344948385
2023-01-07 12:00:00+01:00,0.3739930569735714
2023-01-07 12:15:00+01:00,0.3907478066738445
2023-01-07 12:30:00+01:00,0.40791105126410776
2023-01-07 12:45:00+01:00,0.42546406272898185
2023-01-07 13:00:00+01:00,0.44542933832806836
2023-01-07 13:15:00+01:00,0.4629381680886048
2023-01-07 13:30:00+01:00,0.48054117094321075
2023-01-07 13:45:00+01:00,0.4982346053711052
2023-01-07 14:00:00+01:00,0.5160149077155998
2023-01-07 14:15:00+01:00,0.5386445256618633
2023-01-07 14:30:00+01:00,0.5612906498864786
2023-01-07 14:45:00+01:00,0.5839618689492959
2023-01-07 15:00:00+01:00,0.6069822654749519
2023-01-07 15:15:00+01:00,0.6334536076160915
2023-01-07 15:30:00+01:00,0.6615267501990988
2023-01-07 15:45:00+01:00,0.6911142949002099
2023-01-07 16:00:00+01:00,0.722130870066436
2023-01-07 16:15:00+01:00,0.729254488603643
2023-01-07 16:30:00+01:00,0.7375015252677952
2023-01-07 16:45:00+01:00,0.7460789741624234
2023-01-07 17:00:00+01:00,0.7544931681883473
2023-01-07 17:15:00+01:00,0.761440005669553
2023-01-07 17:30:00+01:00,0.7692785974160509
2023-01-07 17:45:00+01:00,0.7779930671636861
2023-01-07 18:00:00+01:00,0.7875662036323212
2023-01-07 18:15:00+01:00,0.8078089791977254
2023-01-07 18:30:00+01:00,0.8287375292451513
2023-01-07 18:45:00+01:00,0.8503209486667718
2023-01-07 19:00:00+01:00,0.8721216096575769
2023-01-07 19:15:00+01:00,0.8845409852847157
2023-01-07 19:30:00+01:00,0.897104519378023
2023-01-07 19:45:00+01:00,0.9098063623611253
2023-01-07 20:00:00+01:00,0.9226409175664005
2023-01-07 20:15:00+01:00,0.9268162132161339
2023-01-07 20:30:00+01:00,0.9309934899110339
2023-01-07 20:45:00+01:00,0.9351727216339213
2023-01-07 21:00:00+01:00,0.9393538828093516
2023-01-07 21:15:00+01:00,0.9430845836441208
2023-01-07 21:30:00+01:00,0.9471382057238761
2023-01-07 21:45:00+01:00,0.9515107029302213
2023-01-07 22:00:00+01:00,0.9540648496796361
2023-01-07 22:15:00+01:00,0.9313454656192026
2023-01-07 22:30:00+01:00,0.906633731263811
2023-01-07 22:45:00+01:00,0.882074149286322
2023-01-07 23:00:00+01:00,0.8495918211249078
2023-01-07 23:15:00+01:00,0.8597533768751606
2023-01-07 23:30:00+01:00,0.8702729372601697
2023-01-07 23:45:00+01:00,0.8775447916201509
2023-01-08 00:00:00+01:00,0.8846040401743692
2023-01-08 00:15:00+01:00,0.8675301689606184
2023-01-08 00:30:00+01:00,0.8427856636909753
2023-01-08 00:45:00+01:00,0.8181251440865519
2023-01-08 01:00:00+01:00,0.7935532594685663
2023-01-08 01:15:00+01:00,0.758822753529514
2023-01-08 01:30:00+01:00,0.720210511054403
2023-01-08 01:45:00+01:00,0.6784433294165317
2023-01-08 02:00:00+01:00,0.6374227009687906
2023-01-08 02:15:00+01:00,0.6433408342234843
2023-01-08 02:30:00+01:00,0.6497036966442395
2023-01-08 02:45:00+01:00,0.6565056620722802
2023-01-08 03:00:00+01:00,0.6637408205120363
2023-01-08 03:15:00+01:00,0.6303088079746415
2023-01-08 03:30:00+01:00,0.5988000109334395
2023-01-08 03:45:00+01:00,0.5695511256707619
2023-01-08 04:00:00+01:00,0.5426816173043615
2023-01-08 04:15:00+01:00,0.5802779351900955
2023-01-08 04:30:00+01:00,0.6199520852521412
2023-01-08 04:45:00+01:00,0.6611046297473526
2023-01-08 05:00:00+01:00,0.7035756486608971
2023-01-08 05:15:00+01:00,0.7183919461693022
2023-01-08 05:30:00+01:00,0.7385654666165853
2023-01-08 05:45:00+01:00,0.7598135308611725
2023-01-08 06:00:00+01:00,0.7841931791145371
2023-01-08 06:15:00+01:00,0.7607209960255019
2023-01-08 06:30:00+01:00,0.7366333040463042
2023-01-08 06:45:00+01:00,0.709019770263855
2023-01-08 07:00:00+01:00,0.6822227729908799
2023-01-08 07:15:00+01:00,0.6534880215738815
2023-01-08 07:30:00+01:00,0.6259272778681426
2023-01-08 07:45:00+01:00,0.5996073962749119
2023-01-08 08:00:00+01:00,0.574727432096353
2023-01-08 08:15:00+01:00,0.5714378880113389
2023-01-08 08:30:00+01:00,0.5698313595008276
2023-01-08 08:45:00+01:00,0.5699136368789353
2023-01-08 09:00:00+01:00,0.5716844229543178
2023-01-08 09:15:00+01:00,0.5904032055832604
2023-01-08 09:30:00+01:00,0.6097317334589177
2023-01-08 09:45:00+01:00,0.6294765549505206
2023-01-08 10:00:00+01:00,0.6496212527754873
2023-01-08 10:15:00+01:00,0.5981351530139303
2023-01-08 10:30:00+01:00,0.5481192078234426
2023-01-08 10:45:00+01:00,0.4993504229720043
2023-01-08 11:00:00+01:00,0.4517249371307378
2023-01-08 11:15:00+01:00,0.44565834189776976
2023-01-08 11:30:00+01:00,0.4404538236757163
2023-01-08 11:45:00+01:00,0.4361220054738538
2023-01-08 12:00:00+01:00,0.4326718624078726
2023-01-08 12:15:00+01:00,0.47153981750356055
2023-01-08 12:30:00+01:00,0.5142761412451932
2023-01-08 12:45:00+01:00,0.5605244525211788
2023-01-08 13:00:00+01:00,0.6103498514654737
2023-01-08 13:15:00+01:00,0.5667104711768228
2023-01-08 13:30:00+01:00,0.5244797111078886
2023-01-08 13:45:00+01:00,0.48335125763826675
2023-01-08 14:00:00+01:00,0.4434318401125027
2023-01-08 14:15:00+01:00,0.4831036320367983
2023-01-08 14:30:00+01:00,0.5228261916464532
2023-01-08 14:45:00+01:00,0.5625951776057441
2023-01-08 15:00:00+01:00,0.6026957163717682
2023-01-08 15:15:00+01:00,0.5904735747808262
2023-01-08 15:30:00+01:00,0.5789089315063184
2023-01-08 15:45:00+01:00,0.5680467995864512
2023-01-08 16:00:00+01:00,0.5577945918327665
2023-01-08 16:15:00+01:00,0.5690444306784223
2023-01-08 16:30:00+01:00,0.5816320544908382
2023-01-08 16:45:00+01:00,0.595706726208365
2023-01-08 17:00:00+01:00,0.6110910635483202
2023-01-08 17:15:00+01:00,0.6248702999001597
2023-01-08 17:30:00+01:00,0.6393301764433349
2023-01-08 17:45:00+01:00,0.6544510986069595
2023-01-08 18:00:00+01:00,0.6702133719368338
2023-01-08 18:15:00+01:00,0.6606338830507877
2023-01-08 18:30:00+01:00,0.6510837783030308
2023-01-08 18:45:00+01:00,0.6415636212117614
2023-01-08 19:00:00+01:00,0.6320739879610893
2023-01-08 19:15:00+01:00,0.6186513750851296
2023-01-08 19:30:00+01:00,0.6052873691208509
2023-01-08 19:45:00+01:00,0.5919835968533158
2023-01-08 20:00:00+01:00,0.5788102693602033
2023-01-08 20:15:00+01:00,0.5878908685367739
2023-01-08 20:30:00+01:00,0.5972766220543848
2023-01-08 20:45:00+01:00,0.606894432917862
2023-01-08 21:00:00+01:00,0.6167397435434618
2023-01-08 21:15:00+01:00,0.6150449037916845
2023-01-08 21:30:00+01:00,0.6136393701759689
2023-01-08 21:45:00+01:00,0.6125239754389885
2023-01-08 22:00:00+01:00,0.611699382698969
2023-01-08 22:15:00+01:00,0.5778229522087894
2023-01-08 22:30:00+01:00,0.5465443279765444
2023-01-08 22:45:00+01:00,0.517591448386515
2023-01-08 23:00:00+01:00,0.49111712135729124
2023-01-08 23:15:00+01:00,0.47757120024993305
2023-01-08 23:30:00+01:00,0.4662738713257018
2023-01-08 23:45:00+01:00,0.45728429374993285
2023-01-09 00:00:00+01:00,0.45065103036815635
2023-01-09 00:15:00+01:00,0.4428546106364786
2023-01-09 00:30:00+01:00,0.43852424656611727
2023-01-09 00:45:00+01:00,0.43769543144224665
2023-01-09 01:00:00+01:00,0.44037501356661773
2023-01-09 01:15:00+01:00,0.44283734418694276
2023-01-09 01:30:00+01:00,0.44632547029601055
2023-01-09 01:45:00+01:00,0.4508310174079077
2023-01-09 02:00:00+01:00,0.45634330261745787
2023-01-09 02:15:00+01:00,0.4543780721217911
2023-01-09 02:30:00+01:00,0.4526393650667489
2023-01-09 02:45:00+01:00,0.4511281030591673
2023-01-09 03:00:00+01:00,0.4498450912126749
2023-01-09 03:15:00+01:00,0.4707495204640074
2023-01-09 03:30:00+01:00,0.4928311674103742
2023-01-09 03:45:00+01:00,0.5160321375180192
2023-01-09 04:00:00+01:00,0.540295616457346
2023-01-09 04:15:00+01:00,0.6025000285573107
2023-01-09 04:30:00+01:00,0.6654288650037429
2023-01-09 04:45:00+01:00,0.7284214003049924
2023-01-09 05:00:00+01:00,0.7820379057559664
2023-01-09 05:15:00+01:00,0.8160379753756802
2023-01-09 05:30:00+01:00,0.8502458812118333
2023-01-09 05:45:00+01:00,0.8797510854473265
2023-01-09 06:00:00+01:00,0.9015237284208035
2023-01-09 06:15:00+01:00,0.9082487359067779
2023-01-09 06:30:00+01:00,0.9149737733637359
2023-01-09 06:45:00+01:00,0.9216988401489234
2023-01-09 07:00:00+01:00,0.9284239356378335
2023-01-09 07:15:00+01:00,0.9300710465598078
2023-01-09 07:30:00+01:00,0.9318978811799543
2023-01-09 07:45:00+01:00,0.9339034058922829
2023-01-09 08:00:00+01:00,0.9360864950940776
2023-01-09 08:15:00+01:00,0.9410915467766311
2023-01-09 08:30:00+01:00,0.9468882330772076
2023-01-09 08:45:00+01:00,0.9528580609125431
2023-01-09 09:00:00+01:00,0.9560945293923914
2023-01-09 09:15:00+01:00,0.9593467671232726
2023-01-09 09:30:00+01:00,0.9631182955933307
2023-01-09 09:45:00+01:00,0.9673958694180781
2023-01-09 10:00:00+01:00,0.9721650049244579
2023-01-09 10:15:00+01:00,0.9550777639868927
2023-01-09 10:30:00+01:00,0.9199900240966334
2023-01-09 10:45:00+01:00,0.881742858909962
2023-01-09 11:00:00+01:00,0.8275262120944429
2023-01-09 11:15:00+01:00,0.8342405258981879
2023-01-09 11:30:00+01:00,0.843047806265403
2023-01-09 11:45:00+01:00,0.8539084622682709
2023-01-09 12:00:00+01:00,0.8667750333747841
2023-01-09 12:15:00+01:00,0.8662492681689041
2023-01-09 12:30:00+01:00,0.8664732995716296
2023-01-09 12:45:00+01:00,0.8674467702600528
2023-01-09 13:00:00+01:00,0.8691681302121094
2023-01-09 13:15:00+01:00,0.8265173588740599
2023-01-09 13:30:00+01:00,0.7841119248732911
2023-01-09 13:45:00+01:00,0.7417640221981161
2023-01-09 14:00:00+01:00,0.6898529746051029
2023-01-09 14:15:00+01:00,0.6779296054456392
2023-01-09 14:30:00+01:00,0.6660083683600512
2023-01-09 14:45:00+01:00,0.6540893139639252
2023-01-09 15:00:00+01:00,0.6421724944780658
2023-01-09 15:15:00+01:00,0.6015698573973828
2023-01-09 15:30:00+01:00,0.5615732560013612
2023-01-09 15:45:00+01:00,0.5221450298522206
2023-01-09 16:00:00+01:00,0.4830396549673594
2023-01-09 16:15:00+01:00,0.48299743408770035
2023-01-09 16:30:00+01:00,0.48297352544865685
2023-01-09 16:45:00+01:00,0.48296793004988053
2023-01-09 17:00:00+01:00,0.48298064812533276
2023-01-09 17:15:00+01:00,0.4852904926923481
2023-01-09 17:30:00+01:00,0.4876598392998095
2023-01-09 17:45:00+01:00,0.49008836778891574
2023-01-09 18:00:00+01:00,0.492575752382985
2023-01-09 18:15:00+01:00,0.4839970750036307
2023-01-09 18:30:00+01:00,0.47571419470993165
2023-01-09 18:45:00+01:00,0.4677327712043631
2023-01-09 19:00:00+01:00,0.4600583955932475
2023-01-09 19:15:00+01:00,0.45984205312952
2023-01-09 19:30:00+01:00,0.46043973476426636
2023-01-09 19:45:00+01:00,0.4618503114921613
2023-01-09 20:00:00+01:00,0.4640711270300154
2023-01-09 20:15:00+01:00,0.4837284260976952
2023-01-09 20:30:00+01:00,0.5041888523375251
2023-01-09 20:45:00+01:00,0.5254160614120778
2023-01-09 21:00:00+01:00,0.5473746267855246
2023-01-09 21:15:00+01:00,0.5384794389777744
2023-01-09 21:30:00+01:00,0.5296273478536175
2023-01-09 21:45:00+01:00,0.5208192000706434
2023-01-09 22:00:00+01:00,0.5120558602391119
2023-01-09 22:15:00+01:00,0.4782270535867599
2023-01-09 22:30:00+01:00,0.4446718938899904
2023-01-09 22:45:00+01:00,0.41297990958161906
2023-01-09 23:00:00+01:00,0.3835343378440859
2023-01-09 23:15:00+01:00,0.39368571558949955
2023-01-09 23:30:00+01:00,0.40605049323503073
2023-01-09 23:45:00+01:00,0.42055524582565573
2023-01-10 00:00:00+01:00,0.43841438941194344
2023-01-10 00:15:00+01:00,0.4679463448543917
2023-01-10 00:30:00+01:00,0.49782773781271683
2023-01-10 00:45:00+01:00,0.5280355182115315
2023-01-10 01:00:00+01:00,0.5585483992014586
2023-01-10 01:15:00+01:00,0.5709699004849602
2023-01-10 01:30:00+01:00,0.5833989484797246
2023-01-10 01:45:00+01:00,0.5960218138845357
2023-01-10 02:00:00+01:00,0.6086510036752802
2023-01-10 02:15:00+01:00,0.5912621464166192
2023-01-10 02:30:00+01:00,0.5740154530902848
2023-01-10 02:45:00+01:00,0.5568881053872836
2023-01-10 03:00:00+01:00,0.5397618004917208
2023-01-10 03:15:00+01:00,0.53417676642203
2023-01-10 03:30:00+01:00,0.5291377781628743
2023-01-10 03:45:00+01:00,0.5246509249394624
2023-01-10 04:00:00+01:00,0.5207217051643105
2023-01-10 04:15:00+01:00,0.5142064286293293
2023-01-10 04:30:00+01:00,0.5084079134843841
2023-01-10 04:45:00+01:00,0.5033355044137248
2023-01-10 05:00:00+01:00,0.49899750951655436
2023-01-10 05:15:00+01:00,0.4915038333611341
2023-01-10 05:30:00+01:00,0.48565480380953685
2023-01-10 05:45:00+01:00,0.48147240993246865
2023-01-10 06:00:00+01:00,0.47897261577977907
2023-01-10 06:15:00+01:00,0.49873684956831593
2023-01-10 06:30:00+01:00,0.5185379381074489
2023-01-10 06:45:00+01:00,0.5383742825885673
2023-01-10 07:00:00+01:00,0.5582443727533981
2023-01-10 07:15:00+01:00,0.5536479732814754
2023-01-10 07:30:00+01:00,0.5496850698610237
2023-01-10 07:45:00+01:00,0.5463611307212414
2023-01-10 08:00:00+01:00,0.5436807910229958
2023-01-10 08:15:00+01:00,0.5443974306892595
2023-01-10 08:30:00+01:00,0.5451874049482273
2023-01-10 08:45:00+01:00,0.5460505875857101
2023-01-10 09:00:00+01:00,0.5469868410219135
2023-01-10 09:15:00+01:00,0.5303209505064133
2023-01-10 09:30:00+01:00,0.5139817373711812
2023-01-10 09:45:00+01:00,0.4979812511469377
2023-01-10 10:00:00+01:00,0.4823318725977216
2023-01-10 10:15:00+01:00,0.4713571671149975
2023-01-10 10:30:00+01:00,0.4645358324907789
2023-01-10 10:45:00+01:00,0.46193361060709154
2023-01-10 11:00:00+01:00,0.46357594511436473
2023-01-10 11:15:00+01:00,0.44844308598124377
2023-01-10 11:30:00+01:00,0.4339670208040632
2023-01-10 11:45:00+01:00,0.4208090252421494
2023-01-10 12:00:00+01:00,0.4091036395505382
2023-01-10 12:15:00+01:00,0.42117783474083026
2023-01-10 12:30:00+01:00,0.43475109622634445
2023-01-10 12:45:00+01:00,0.4495583838999291
2023-01-10 13:00:00+01:00,0.46498306374791015
2023-01-10 13:15:00+01:00,0.47499096473547975
2023-01-10 13:30:00+01:00,0.4858256850200768
2023-01-10 13:45:00+01:00,0.49746699389497173
2023-01-10 14:00:00+01:00,0.5098938829710407
2023-01-10 14:15:00+01:00,0.5853925691120481
2023-01-10 14:30:00+01:00,0.6623500558383119
2023-01-10 14:45:00+01:00,0.7396034356095772
2023-01-10 15:00:00+01:00,0.8027040452392405
2023-01-10 15:15:00+01:00,0.8213198810634383
2023-01-10 15:30:00+01:00,0.8417424938155074
2023-01-10 15:45:00+01:00,0.8638931956020359
2023-01-10 16:00:00+01:00,0.8816683286063601
2023-01-10 16:15:00+01:00,0.8982105891438644
2023-01-10 16:30:00+01:00,0.9149332325937007
2023-01-10 16:45:00+01:00,0.9318267420391586
2023-01-10 17:00:00+01:00,0.9488821710266814
2023-01-10 17:15:00+01:00,0.95781427040218
2023-01-10 17:30:00+01:00,0.9649711787603544
2023-01-10 17:45:00+01:00,0.9722994798282215
2023-01-10 18:00:00+01:00,0.9797909100711222
2023-01-10 18:15:00+01:00,0.9855304705895711
2023-01-10 18:30:00+01:00,0.9892374671814954
2023-01-10 18:45:00+01:00,0.9913153991953206
2023-01-10 19:00:00+01:00,0.9934709670663558
2023-01-10 19:15:00+01:00,0.9934277855807286
2023-01-10 19:30:00+01:00,0.9934568562162482
2023-01-10 19:45:00+01:00,0.9935581396453936
2023-01-10 20:00:00+01:00,0.9937314990719075
2023-01-10 20:15:00+01:00,0.9922111674663562
2023-01-10 20:30:00+01:00,0.9907309622150867
2023-01-10 20:45:00+01:00,0.9892920258409733
2023-01-10 21:00:00+01:00,0.9874960566835689
2023-01-10 21:15:00+01:00,0.98217482696411
2023-01-10 21:30:00+01:00,0.9768857441727951
2023-01-10 21:45:00+01:00,0.9716299473464243
2023-01-10 22:00:00+01:00,0.9664086222838651
2023-01-10 22:15:00+01:00,0.9665547113192893
2023-01-10 22:30:00+01:00,0.9667648323868021
2023-01-10 22:45:00+01:00,0.9670388944197112
2023-01-10 23:00:00+01:00,0.9673767788985244
2023-01-10 23:15:00+01:00,0.9687453613370709
2023-01-10 23:30:00+01:00,0.9702110072289195
2023-01-10 23:45:00+01:00,0.9717727638586178
2023-01-11 00:00:00+01:00,0.973429629704573
2023-01-11 00:15:00+01:00,0.9750863206214783
2023-01-11 00:30:00+01:00,0.9767488917462567
2023-01-11 00:45:00+01:00,0.9784172785644141
2023-01-11 01:00:00+01:00,0.9800914172810096
2023-01-11 01:15:00+01:00,0.9804752338489273
2023-01-11 01:30:00+01:00,0.980899724473354
2023-01-11 01:45:00+01:00,0.9813647759499057
2023-01-11 02:00:00+01:00,0.981870264738973
2023-01-11 02:15:00+01:00,0.9801441705937509
2023-01-11 02:30:00+01:00,0.9784268961530386
2023-01-11 02:45:00+01:00,0.9767185417406596
2023-01-11 03:00:00+01:00,0.9750192086747285
2023-01-11 03:15:00+01:00,0.9728304039788993
2023-01-11 03:30:00+01:00,0.9706503812269758
2023-01-11 03:45:00+01:00,0.9684792695811535
2023-01-11 04:00:00+01:00,0.966317200205321
2023-01-11 04:15:00+01:00,0.9613524752960132
2023-01-11 04:30:00+01:00,0.9564477149897813
2023-01-11 04:45:00+01:00,0.9506220857535141
2023-01-11 05:00:00+01:00,0.93979064733587
2023-01-11 05:15:00+01:00,0.9243464713982256
2023-01-11 05:30:00+01:00,0.9098055392246033
2023-01-11 05:45:00+01:00,0.896210901980027
2023-01-11 06:00:00+01:00,0.8836053164333655
2023-01-11 06:15:00+01:00,0.8576083624204337
2023-01-11 06:30:00+01:00,0.8287801851116484
2023-01-11 06:45:00+01:00,0.8045616275329528
2023-01-11 07:00:00+01:00,0.7852048968981363
2023-01-11 07:15:00+01:00,0.7649159649253607
2023-01-11 07:30:00+01:00,0.7523421215604329
2023-01-11 07:45:00+01:00,0.7477088882955129
2023-01-11 08:00:00+01:00,0.7511015659473426
2023-01-11 08:15:00+01:00,0.7181671403802781
2023-01-11 08:30:00+01:00,0.6854319683667909
2023-01-11 08:45:00+01:00,0.6550231114897241
2023-01-11 09:00:00+01:00,0.627084021635436
2023-01-11 09:15:00+01:00,0.6151379549112016
2023-01-11 09:30:00+01:00,0.603362391630572
2023-01-11 09:45:00+01:00,0.5917615026639117
2023-01-11 10:00:00+01:00,0.5803842147021944
2023-01-11 10:15:00+01:00,0.5523185130721009
2023-01-11 10:30:00+01:00,0.5244864721674624
2023-01-11 10:45:00+01:00,0.4969027847597878
2023-01-11 11:00:00+01:00,0.46958325329231404
2023-01-11 11:15:00+01:00,0.46419287653663194
2023-01-11 11:30:00+01:00,0.45941058961999137
2023-01-11 11:45:00+01:00,0.4552431754948022
2023-01-11 12:00:00+01:00,0.4516966274659972
2023-01-11 12:15:00+01:00,0.4635570878062399
2023-01-11 12:30:00+01:00,0.47711031661716197
2023-01-11 12:45:00+01:00,0.49230430125186786
2023-01-11 13:00:00+01:00,0.5090832317764703
2023-01-11 13:15:00+01:00,0.5471661425546053
2023-01-11 13:30:00+01:00,0.58527914885771
2023-01-11 13:45:00+01:00,0.6239411283448816
2023-01-11 14:00:00+01:00,0.662604017832233
2023-01-11 14:15:00+01:00,0.6999922026933124
2023-01-11 14:30:00+01:00,0.7374825189505924
2023-01-11 14:45:00+01:00,0.7688180584069625
2023-01-11 15:00:00+01:00,0.7991821977396784
2023-01-11 15:15:00+01:00,0.7984027010658755
2023-01-11 15:30:00+01:00,0.7981237674436028
2023-01-11 15:45:00+01:00,0.7983457091832947
2023-01-11 16:00:00+01:00,0.7990682777648677
2023-01-11 16:15:00+01:00,0.8029428813819001
2023-01-11 16:30:00+01:00,0.8074037667476714
2023-01-11 16:45:00+01:00,0.8124451447549588
2023-01-11 17:00:00+01:00,0.8180605642953271
2023-01-11 17:15:00+01:00,0.8377638188270804
2023-01-11 17:30:00+01:00,0.8580456689985068
2023-01-11 17:45:00+01:00,0.8761210635974322
2023-01-11 18:00:00+01:00,0.8895734339063475
2023-01-11 18:15:00+01:00,0.9114301966077359
2023-01-11 18:30:00+01:00,0.9332944616044095
2023-01-11 18:45:00+01:00,0.9536095279957867
2023-01-11 19:00:00+01:00,0.9632614978918506
2023-01-11 19:15:00+01:00,0.9685251672788872
2023-01-11 19:30:00+01:00,0.9740194134762005
2023-01-11 19:45:00+01:00,0.9797359007025351
2023-01-11 20:00:00+01:00,0.9856663768773232
2023-01-11 20:15:00+01:00,0.9893365092276641
2023-01-11 20:30:00+01:00,0.9914215816670856
2023-01-11 20:45:00+01:00,0.9935395004267383
2023-01-11 21:00:00+01:00,0.9956889800774336
2023-01-11 21:15:00+01:00,0.9992558750992663
2023-01-11 21:30:00+01:00,1.0
2023-01-11 21:45:00+01:00,1.0
2023-01-11 22:00:00+01:00,1.0
2023-01-11 22:15:00+01:00,1.0
2023-01-11 22:30:00+01:00,1.0
2023-01-11 22:45:00+01:00,1.0
2023-01-11 23:00:00+01:00,1.0
2023-01-11 23:15:00+01:00,1.0
2023-01-11 23:30:00+01:00,1.0
2023-01-11 23:45:00+01:00,1.0
2023-01-12 00:00:00+01:00,1.0
2023-01-12 00:15:00+01:00,1.0
2023-01-12 00:30:00+01:00,1.0
2023-01-12 00:45:00+01:00,0.998987485262389
2023-01-12 01:00:00+01:00,0.9975938333916118
2023-01-12 01:15:00+01:00,0.9974633127768525
2023-01-12 01:30:00+01:00,0.9973367627874229
2023-01-12 01:45:00+01:00,0.9972141926217601
2023-01-12 02:00:00+01:00,0.9970956112161287
2023-01-12 02:15:00+01:00,0.9968394059818487
2023-01-12 02:30:00+01:00,0.9966278979624015
2023-01-12 02:45:00+01:00,0.9964612610181043
2023-01-12 03:00:00+01:00,0.9963396327604853
2023-01-12 03:15:00+01:00,0.9973747722451961
2023-01-12 03:30:00+01:00,0.9985314752856913
2023-01-12 03:45:00+01:00,0.9998072079372641
2023-01-12 04:00:00+01:00,1.0
2023-01-12 04:15:00+01:00,1.0
2023-01-12 04:30:00+01:00,1.0
2023-01-12 04:45:00+01:00,1.0
2023-01-12 05:00:00+01:00,1.0
2023-01-12 05:15:00+01:00,1.0
2023-01-12 05:30:00+01:00,1.0
2023-01-12 05:45:00+01:00,1.0
2023-01-12 06:00:00+01:00,1.0
2023-01-12 06:15:00+01:00,1.0
2023-01-12 06:30:00+01:00,1.0
2023-01-12 06:45:00+01:00,1.0
2023-01-12 07:00:00+01:00,1.0
2023-01-12 07:15:00+01:00,1.0
2023-01-12 07:30:00+01:00,1.0
2023-01-12 07:45:00+01:00,1.0
2023-01-12 08:00:00+01:00,1.0
2023-01-12 08:15:00+01:00,1.0
2023-01-12 08:30:00+01:00,1.0
2023-01-12 08:45:00+01:00,1.0
2023-01-12 09:00:00+01:00,1.0
2023-01-12 09:15:00+01:00,1.0
2023-01-12 09:30:00+01:00,1.0
2023-01-12 09:45:00+01:00,1.0
2023-01-12 10:00:00+01:00,1.0
2023-01-12 10:15:00+01:00,1.0
2023-01-12 10:30:00+01:00,1.0
2023-01-12 10:45:00+01:00,1.0
2023-01-12 11:00:00+01:00,1.0
2023-01-12 11:15:00+01:00,1.0
2023-01-12 11:30:00+01:00,1.0
2023-01-12 11:45:00+01:00,1.0
2023-01-12 12:00:00+01:00,1.0
2023-01-12 12:15:00+01:00,1.0
2023-01-12 12:30:00+01:00,1.0
2023-01-12 12:45:00+01:00,1.0
2023-01-12 13:00:00+01:00,1.0
2023-01-12 13:15:00+01:00,1.0
2023-01-12 13:30:00+01:00,1.0
2023-01-12 13:45:00+01:00,1.0
2023-01-12 14:00:00+01:00,1.0
2023-01-12 14:15:00+01:00,1.0
2023-01-12 14:30:00+01:00,1.0
2023-01-12 14:45:00+01:00,1.0
2023-01-12 15:00:00+01:00,1.0
2023-01-12 15:15:00+01:00,1.0
2023-01-12 15:30:00+01:00,1.0
2023-01-12 15:45:00+01:00,1.0
2023-01-12 16:00:00+01:00,1.0
2023-01-12 16:15:00+01:00,1.0
2023-01-12 16:30:00+01:00,1.0
2023-01-12 16:45:00+01:00,1.0
2023-01-12 17:00:00+01:00,1.0
2023-01-12 17:15:00+01:00,1.0
2023-01-12 17:30:00+01:00,1.0
2023-01-12 17:45:00+01:00,1.0
2023-01-12 18:00:00+01:00,1.0
2023-01-12 18:15:00+01:00,1.0
2023-01-12 18:30:00+01:00,1.0
2023-01-12 18:45:00+01:00,1.0
2023-01-12 19:00:00+01:00,1.0
2023-01-12 19:15:00+01:00,1.0
2023-01-12 19:30:00+01:00,1.0
2023-01-12 19:45:00+01:00,1.0
2023-01-12 20:00:00+01:00,1.0
2023-01-12 20:15:00+01:00,1.0
2023-01-12 20:30:00+01:00,1.0
2023-01-12 20:45:00+01:00,1.0
2023-01-12 21:00:00+01:00,1.0
2023-01-12 21:15:00+01:00,1.0
2023-01-12 21:30:00+01:00,1.0
2023-01-12 21:45:00+01:00,1.0
2023-01-12 22:00:00+01:00,0.9986415190736664
2023-01-12 22:15:00+01:00,0.9959923136469068
2023-01-12 22:30:00+01:00,0.9933457723846368
2023-01-12 22:45:00+01:00,0.9907020297003283
2023-01-12 23:00:00+01:00,0.9879932109502625
2023-01-12 23:15:00+01:00,0.9885920171664592
2023-01-12 23:30:00+01:00,0.9892481109148036
2023-01-12 23:45:00+01:00,0.9900279363035915
2023-01-13 00:00:00+01:00,0.9909296565797117
2023-01-13 00:15:00+01:00,0.987947816201921
2023-01-13 00:30:00+01:00,0.9793804199440558
2023-01-13 00:45:00+01:00,0.9709010924245709
2023-01-13 01:00:00+01:00,0.9625149402685172
2023-01-13 01:15:00+01:00,0.9573691440654133
2023-01-13 01:30:00+01:00,0.9520265918628114
2023-01-13 01:45:00+01:00,0.9403686447979549
2023-01-13 02:00:00+01:00,0.9287137890179621
2023-01-13 02:15:00+01:00,0.9271882581484717
2023-01-13 02:30:00+01:00,0.9257025922062682
2023-01-13 02:45:00+01:00,0.9242569795482322
2023-01-13 03:00:00+01:00,0.9228516045939029
2023-01-13 03:15:00+01:00,0.925169955162884
2023-01-13 03:30:00+01:00,0.9277396528108802
2023-01-13 03:45:00+01:00,0.9305586570544193
2023-01-13 04:00:00+01:00,0.933624754764768
2023-01-13 04:15:00+01:00,0.9499827977710114
2023-01-13 04:30:00+01:00,0.9585578120831554
2023-01-13 04:45:00+01:00,0.9658098784913027
2023-01-13 05:00:00+01:00,0.9730783094255304
2023-01-13 05:15:00+01:00,0.9767316546537907
2023-01-13 05:30:00+01:00,0.9803864623178068
2023-01-13 05:45:00+01:00,0.9840426975770576
2023-01-13 06:00:00+01:00,0.9877003266760311
2023-01-13 06:15:00+01:00,0.9887639528075974
2023-01-13 06:30:00+01:00,0.9896594926569818
2023-01-13 06:45:00+01:00,0.9906485948977837
2023-01-13 07:00:00+01:00,0.9917295067933621
2023-01-13 07:15:00+01:00,0.9920908887090893
2023-01-13 07:30:00+01:00,0.9924631803255374
2023-01-13 07:45:00+01:00,0.9928463052553929
2023-01-13 08:00:00+01:00,0.9932401856312338
2023-01-13 08:15:00+01:00,0.9934436951533598
2023-01-13 08:30:00+01:00,0.9936685038762086
2023-01-13 08:45:00+01:00,0.9939145223451287
2023-01-13 09:00:00+01:00,0.9941816532388482
2023-01-13 09:15:00+01:00,0.9953240900613328
2023-01-13 09:30:00+01:00,0.9964670771767564
2023-01-13 09:45:00+01:00,0.9976106030988484
2023-01-13 10:00:00+01:00,0.9987546566536073
2023-01-13 10:15:00+01:00,0.9964017174748907
2023-01-13 10:30:00+01:00,0.994055804251852
2023-01-13 10:45:00+01:00,0.9917172291809776
2023-01-13 11:00:00+01:00,0.9893863221663208
2023-01-13 11:15:00+01:00,0.9908813966241823
2023-01-13 11:30:00+01:00,0.9923833302015038
2023-01-13 11:45:00+01:00,0.9938919304090166
2023-01-13 12:00:00+01:00,0.9954070110855737
2023-01-13 12:15:00+01:00,0.9967825023430782
2023-01-13 12:30:00+01:00,0.9983288975746046
2023-01-13 12:45:00+01:00,1.0
2023-01-13 13:00:00+01:00,1.0
2023-01-13 13:15:00+01:00,0.999697145585298
2023-01-13 13:30:00+01:00,0.9975003763850133
2023-01-13 13:45:00+01:00,0.9953256219410027
2023-01-13 14:00:00+01:00,0.9931737808397825
2023-01-13 14:15:00+01:00,0.9912469323099025
2023-01-13 14:30:00+01:00,0.9894173414249461
2023-01-13 14:45:00+01:00,0.9868749237448092
2023-01-13 15:00:00+01:00,0.9820007085946751
2023-01-13 15:15:00+01:00,0.9817908985190344
2023-01-13 15:30:00+01:00,0.9815942113426895
2023-01-13 15:45:00+01:00,0.9814106639871856
2023-01-13 16:00:00+01:00,0.9812402722698639
2023-01-13 16:15:00+01:00,0.9749867789184092
2023-01-13 16:30:00+01:00,0.9687396637120236
2023-01-13 16:45:00+01:00,0.962499199132748
2023-01-13 17:00:00+01:00,0.9562656730919702
2023-01-13 17:15:00+01:00,0.9495119547986454
2023-01-13 17:30:00+01:00,0.9381372491563612
2023-01-13 17:45:00+01:00,0.9270730103794915
2023-01-13 18:00:00+01:00,0.9163302557259401
2023-01-13 18:15:00+01:00,0.9182059172666687
2023-01-13 18:30:00+01:00,0.9201876650018607
2023-01-13 18:45:00+01:00,0.9222748289081839
2023-01-13 19:00:00+01:00,0.9244667094072455
2023-01-13 19:15:00+01:00,0.9278940939203457
2023-01-13 19:30:00+01:00,0.9313214891794581
2023-01-13 19:45:00+01:00,0.9347488950687379
2023-01-13 20:00:00+01:00,0.938176311473999
2023-01-13 20:15:00+01:00,0.9340183279565736
2023-01-13 20:30:00+01:00,0.9298668244026207
2023-01-13 20:45:00+01:00,0.9257218862348564
2023-01-13 21:00:00+01:00,0.9215836002453855
2023-01-13 21:15:00+01:00,0.916882745675669
2023-01-13 21:30:00+01:00,0.9122186357134713
2023-01-13 21:45:00+01:00,0.9075918252054777
2023-01-13 22:00:00+01:00,0.9030028756531249
2023-01-13 22:15:00+01:00,0.8939632927895937
2023-01-13 22:30:00+01:00,0.885046682001907
2023-01-13 22:45:00+01:00,0.8762567174475887
2023-01-13 23:00:00+01:00,0.8653433976999138
2023-01-13 23:15:00+01:00,0.8438782568749958
2023-01-13 23:30:00+01:00,0.8224822577714785
2023-01-13 23:45:00+01:00,0.8011587024888823
2023-01-14 00:00:00+01:00,0.7799110945023193
2023-01-14 00:15:00+01:00,0.7799669047524507
2023-01-14 00:30:00+01:00,0.7804899438908367
2023-01-14 00:45:00+01:00,0.7814796583295739
2023-01-14 01:00:00+01:00,0.782935002938543
2023-01-14 01:15:00+01:00,0.7718734811660607
2023-01-14 01:30:00+01:00,0.761094011899942
2023-01-14 01:45:00+01:00,0.7506036468837789
2023-01-14 02:00:00+01:00,0.7398202231026823
2023-01-14 02:15:00+01:00,0.7057740967197363
2023-01-14 02:30:00+01:00,0.6727574190280172
2023-01-14 02:45:00+01:00,0.6408384782217876
2023-01-14 03:00:00+01:00,0.6100891515851673
2023-01-14 03:15:00+01:00,0.5972144556898061
2023-01-14 03:30:00+01:00,0.5875685579774055
2023-01-14 03:45:00+01:00,0.5812482269264923
2023-01-14 04:00:00+01:00,0.5782791409708079
2023-01-14 04:15:00+01:00,0.5753657531505858
2023-01-14 04:30:00+01:00,0.5729880667821212
2023-01-14 04:45:00+01:00,0.5711488071992654
2023-01-14 05:00:00+01:00,0.5698500952735727
2023-01-14 05:15:00+01:00,0.55574545359698
2023-01-14 05:30:00+01:00,0.545482865279273
2023-01-14 05:45:00+01:00,0.5391486684507213
2023-01-14 06:00:00+01:00,0.5367974426133009
2023-01-14 06:15:00+01:00,0.5685969166623269
2023-01-14 06:30:00+01:00,0.6031997590068737
2023-01-14 06:45:00+01:00,0.6403926164518551
2023-01-14 07:00:00+01:00,0.6797798637015784
2023-01-14 07:15:00+01:00,0.7183666040619788
2023-01-14 07:30:00+01:00,0.7542348392187813
2023-01-14 07:45:00+01:00,0.785366592303227
2023-01-14 08:00:00+01:00,0.8165126999201051
2023-01-14 08:15:00+01:00,0.8318257828112187
2023-01-14 08:30:00+01:00,0.8471416417857703
2023-01-14 08:45:00+01:00,0.8624601860782791
2023-01-14 09:00:00+01:00,0.8754284557136581
2023-01-14 09:15:00+01:00,0.917794003202942
2023-01-14 09:30:00+01:00,0.9562424655922932
2023-01-14 09:45:00+01:00,0.9757381589424214
2023-01-14 10:00:00+01:00,0.9905843473914673
2023-01-14 10:15:00+01:00,0.9919144060976617
2023-01-14 10:30:00+01:00,0.9932590400978603
2023-01-14 10:45:00+01:00,0.9946178848485236
2023-01-14 11:00:00+01:00,0.9959905841986209
2023-01-14 11:15:00+01:00,0.9983720857778666
2023-01-14 11:30:00+01:00,1.0
2023-01-14 11:45:00+01:00,1.0
2023-01-14 12:00:00+01:00,1.0
2023-01-14 12:15:00+01:00,1.0
2023-01-14 12:30:00+01:00,1.0
2023-01-14 12:45:00+01:00,1.0
2023-01-14 13:00:00+01:00,1.0
2023-01-14 13:15:00+01:00,1.0
2023-01-14 13:30:00+01:00,1.0
2023-01-14 13:45:00+01:00,1.0
2023-01-14 14:00:00+01:00,1.0
2023-01-14 14:15:00+01:00,1.0
2023-01-14 14:30:00+01:00,1.0
2023-01-14 14:45:00+01:00,1.0
2023-01-14 15:00:00+01:00,1.0
2023-01-14 15:15:00+01:00,1.0
2023-01-14 15:30:00+01:00,1.0
2023-01-14 15:45:00+01:00,1.0
2023-01-14 16:00:00+01:00,1.0
2023-01-14 16:15:00+01:00,1.0
2023-01-14 16:30:00+01:00,1.0
2023-01-14 16:45:00+01:00,1.0
2023-01-14 17:00:00+01:00,1.0
2023-01-14 17:15:00+01:00,1.0
2023-01-14 17:30:00+01:00,1.0
2023-01-14 17:45:00+01:00,1.0
2023-01-14 18:00:00+01:00,1.0
2023-01-14 18:15:00+01:00,1.0
2023-01-14 18:30:00+01:00,1.0
2023-01-14 18:45:00+01:00,1.0
2023-01-14 19:00:00+01:00,1.0
2023-01-14 19:15:00+01:00,1.0
2023-01-14 19:30:00+01:00,1.0
2023-01-14 19:45:00+01:00,1.0
2023-01-14 20:00:00+01:00,1.0
2023-01-14 20:15:00+01:00,1.0
2023-01-14 20:30:00+01:00,0.997573052838719
2023-01-14 20:45:00+01:00,0.9954409483455369
2023-01-14 21:00:00+01:00,0.9937209107933971
2023-01-14 21:15:00+01:00,0.9884889822030931
2023-01-14 21:30:00+01:00,0.9746517040366218
2023-01-14 21:45:00+01:00,0.9612054020366096
2023-01-14 22:00:00+01:00,0.9448293657894555
2023-01-14 22:15:00+01:00,0.9225134419723834
2023-01-14 22:30:00+01:00,0.9012780788195374
2023-01-14 22:45:00+01:00,0.8811997455557319
2023-01-14 23:00:00+01:00,0.8570216023958395
2023-01-14 23:15:00+01:00,0.8765605737631779
2023-01-14 23:30:00+01:00,0.8909874547285613
2023-01-14 23:45:00+01:00,0.905627683428841
2023-01-15 00:00:00+01:00,0.9204712863242562
2023-01-15 00:15:00+01:00,0.9007666002207222
2023-01-15 00:30:00+01:00,0.8816448392957147
2023-01-15 00:45:00+01:00,0.8582705790932832
2023-01-15 01:00:00+01:00,0.8299360929863279
2023-01-15 01:15:00+01:00,0.8188439530133043
2023-01-15 01:30:00+01:00,0.8077862978449946
2023-01-15 01:45:00+01:00,0.7967639814270268
2023-01-15 02:00:00+01:00,0.7857778832673382
2023-01-15 02:15:00+01:00,0.7773291341535404
2023-01-15 02:30:00+01:00,0.768896574406386
2023-01-15 02:45:00+01:00,0.7604805182602181
2023-01-15 03:00:00+01:00,0.7520812874953927
2023-01-15 03:15:00+01:00,0.753336435490393
2023-01-15 03:30:00+01:00,0.7550515889923688
2023-01-15 03:45:00+01:00,0.7572249273943239
2023-01-15 04:00:00+01:00,0.7598541575021458
2023-01-15 04:15:00+01:00,0.7791922002589982
2023-01-15 04:30:00+01:00,0.7986844839272376
2023-01-15 04:45:00+01:00,0.8183243822776112
2023-01-15 05:00:00+01:00,0.8381055972457531
2023-01-15 05:15:00+01:00,0.8537610604599202
2023-01-15 05:30:00+01:00,0.8694179683335456
2023-01-15 05:45:00+01:00,0.8800215689319592
2023-01-15 06:00:00+01:00,0.8898813527722024
2023-01-15 06:15:00+01:00,0.9020388391804146
2023-01-15 06:30:00+01:00,0.914212390657047
2023-01-15 06:45:00+01:00,0.9264013866433851
2023-01-15 07:00:00+01:00,0.9386052374069153
2023-01-15 07:15:00+01:00,0.9475824843541983
2023-01-15 07:30:00+01:00,0.9542294457807176
2023-01-15 07:45:00+01:00,0.9581996902434081
2023-01-15 08:00:00+01:00,0.9621745847077078
2023-01-15 08:15:00+01:00,0.9687288456345213
2023-01-15 08:30:00+01:00,0.9753954213218575
2023-01-15 08:45:00+01:00,0.9821694111389905
2023-01-15 09:00:00+01:00,0.9884121997834936
2023-01-15 09:15:00+01:00,0.9894877408583224
2023-01-15 09:30:00+01:00,0.9905765114433466
2023-01-15 09:45:00+01:00,0.9916782386427171
2023-01-15 10:00:00+01:00,0.9927926538993679
2023-01-15 10:15:00+01:00,0.9916780759770202
2023-01-15 10:30:00+01:00,0.990565506062854
2023-01-15 10:45:00+01:00,0.9894549870858882
2023-01-15 11:00:00+01:00,0.988346563125038
2023-01-15 11:15:00+01:00,0.9923643699379545
2023-01-15 11:30:00+01:00,0.996440297001821
2023-01-15 11:45:00+01:00,1.0
2023-01-15 12:00:00+01:00,1.0
2023-01-15 12:15:00+01:00,1.0
2023-01-15 12:30:00+01:00,1.0
2023-01-15 12:45:00+01:00,1.0
2023-01-15 13:00:00+01:00,1.0
2023-01-15 13:15:00+01:00,1.0
2023-01-15 13:30:00+01:00,1.0
2023-01-15 13:45:00+01:00,1.0
2023-01-15 14:00:00+01:00,1.0
2023-01-15 14:15:00+01:00,1.0
2023-01-15 14:30:00+01:00,1.0
2023-01-15 14:45:00+01:00,1.0
2023-01-15 15:00:00+01:00,1.0
2023-01-15 15:15:00+01:00,1.0
2023-01-15 15:30:00+01:00,1.0
2023-01-15 15:45:00+01:00,1.0
2023-01-15 16:00:00+01:00,1.0
2023-01-15 16:15:00+01:00,1.0
2023-01-15 16:30:00+01:00,0.9982238170078983
2023-01-15 16:45:00+01:00,0.9952506574640874
2023-01-15 17:00:00+01:00,0.9922818526817218
2023-01-15 17:15:00+01:00,0.9905493177609535
2023-01-15 17:30:00+01:00,0.9888286588568265
2023-01-15 17:45:00+01:00,0.985170347601936
2023-01-15 18:00:00+01:00,0.9800832596484488
2023-01-15 18:15:00+01:00,0.9750311704354877
2023-01-15 18:30:00+01:00,0.9699986205957792
2023-01-15 18:45:00+01:00,0.9649862787929129
2023-01-15 19:00:00+01:00,0.9599948416780453
2023-01-15 19:15:00+01:00,0.9527187884804412
2023-01-15 19:30:00+01:00,0.9371729577329897
2023-01-15 19:45:00+01:00,0.9217442499855114
2023-01-15 20:00:00+01:00,0.9068878375323622
2023-01-15 20:15:00+01:00,0.8940954587627616
2023-01-15 20:30:00+01:00,0.8819396820009249
2023-01-15 20:45:00+01:00,0.8698689807522529
2023-01-15 21:00:00+01:00,0.8527091005606422
2023-01-15 21:15:00+01:00,0.84574288736586
2023-01-15 21:30:00+01:00,0.8394500597701213
2023-01-15 21:45:00+01:00,0.8338398518613352
2023-01-15 22:00:00+01:00,0.8289206388663977
2023-01-15 22:15:00+01:00,0.8445935853093156
2023-01-15 22:30:00+01:00,0.8605750616174511
2023-01-15 22:45:00+01:00,0.8748449903946256
2023-01-15 23:00:00+01:00,0.8852764176008806
2023-01-15 23:15:00+01:00,0.8718434580158066
2023-01-15 23:30:00+01:00,0.8522412339319666
2023-01-15 23:45:00+01:00,0.8339477516877879
2023-01-16 00:00:00+01:00,0.8172697180811878
2023-01-16 00:15:00+01:00,0.8063650289332793
2023-01-16 00:30:00+01:00,0.7960205375524627
2023-01-16 00:45:00+01:00,0.7862493241312565
2023-01-16 01:00:00+01:00,0.7770641204479826
2023-01-16 01:15:00+01:00,0.7346496015384306
2023-01-16 01:30:00+01:00,0.685045396217091
2023-01-16 01:45:00+01:00,0.6365909945661493
2023-01-16 02:00:00+01:00,0.5894023265377126
2023-01-16 02:15:00+01:00,0.5412213814765371
2023-01-16 02:30:00+01:00,0.49849373744404374
2023-01-16 02:45:00+01:00,0.4616607198828353
2023-01-16 03:00:00+01:00,0.4312384819890648
2023-01-16 03:15:00+01:00,0.424704264922813
2023-01-16 03:30:00+01:00,0.4244385793714117
2023-01-16 03:45:00+01:00,0.4303513929249877
2023-01-16 04:00:00+01:00,0.44279741714087206
2023-01-16 04:15:00+01:00,0.413101710108204
2023-01-16 04:30:00+01:00,0.38949322939622866
2023-01-16 04:45:00+01:00,0.37049751514703677
2023-01-16 05:00:00+01:00,0.3563640016278973
2023-01-16 05:15:00+01:00,0.37824920984029425
2023-01-16 05:30:00+01:00,0.40728624884463294
2023-01-16 05:45:00+01:00,0.4449149458787442
2023-01-16 06:00:00+01:00,0.49150777962715814
2023-01-16 06:15:00+01:00,0.5360609530223094
2023-01-16 06:30:00+01:00,0.584398181209628
2023-01-16 06:45:00+01:00,0.6368989749796181
2023-01-16 07:00:00+01:00,0.6924956671751299
2023-01-16 07:15:00+01:00,0.7319577904228968
2023-01-16 07:30:00+01:00,0.765908292109922
2023-01-16 07:45:00+01:00,0.7977722363461252
2023-01-16 08:00:00+01:00,0.8296624558700394
2023-01-16 08:15:00+01:00,0.8802779040162936
2023-01-16 08:30:00+01:00,0.915977690483384
2023-01-16 08:45:00+01:00,0.9521697379567974
2023-01-16 09:00:00+01:00,0.968448627619966
2023-01-16 09:15:00+01:00,0.965685877540405
2023-01-16 09:30:00+01:00,0.9641040565469633
2023-01-16 09:45:00+01:00,0.963715904023879
2023-01-16 10:00:00+01:00,0.9645245738939847
2023-01-16 10:15:00+01:00,0.9303105793455643
2023-01-16 10:30:00+01:00,0.8815247276714342
2023-01-16 10:45:00+01:00,0.8114876390863145
2023-01-16 11:00:00+01:00,0.7359466135512269
2023-01-16 11:15:00+01:00,0.6815559480981039
2023-01-16 11:30:00+01:00,0.6285844003493835
2023-01-16 11:45:00+01:00,0.5772814272211133
2023-01-16 12:00:00+01:00,0.5283807579727698
2023-01-16 12:15:00+01:00,0.4950222221648278
2023-01-16 12:30:00+01:00,0.46473823122627733
2023-01-16 12:45:00+01:00,0.4377489730739732
2023-01-16 13:00:00+01:00,0.41553312984782903
2023-01-16 13:15:00+01:00,0.3961166527343727
2023-01-16 13:30:00+01:00,0.3770664754383494
2023-01-16 13:45:00+01:00,0.35840242182366283
2023-01-16 14:00:00+01:00,0.3401453252479141
2023-01-16 14:15:00+01:00,0.39246882471191685
2023-01-16 14:30:00+01:00,0.45240994793077943
2023-01-16 14:45:00+01:00,0.5209950815247565
2023-01-16 15:00:00+01:00,0.5937076964368952
2023-01-16 15:15:00+01:00,0.5089957230749957
2023-01-16 15:30:00+01:00,0.4314984199796017
2023-01-16 15:45:00+01:00,0.3691988308669994
2023-01-16 16:00:00+01:00,0.3163818409243413
2023-01-16 16:15:00+01:00,0.24905598866835332
2023-01-16 16:30:00+01:00,0.1963184194438889
2023-01-16 16:45:00+01:00,0.15894689424230315
2023-01-16 17:00:00+01:00,0.1349225001834149
2023-01-16 17:15:00+01:00,0.13651878116976576
2023-01-16 17:30:00+01:00,0.14411648929788975
2023-01-16 17:45:00+01:00,0.1574264541283424
2023-01-16 18:00:00+01:00,0.17598478896098893
2023-01-16 18:15:00+01:00,0.21149304620168502
2023-01-16 18:30:00+01:00,0.25863678118244476
2023-01-16 18:45:00+01:00,0.32364233207088267
2023-01-16 19:00:00+01:00,0.4062286827372158
2023-01-16 19:15:00+01:00,0.4805100662960641
2023-01-16 19:30:00+01:00,0.5642248473007918
2023-01-16 19:45:00+01:00,0.6548779503561077
2023-01-16 20:00:00+01:00,0.7492315600981143
2023-01-16 20:15:00+01:00,0.7954163291532468
2023-01-16 20:30:00+01:00,0.841632558457854
2023-01-16 20:45:00+01:00,0.8817851148940221
2023-01-16 21:00:00+01:00,0.9109183194335533
2023-01-16 21:15:00+01:00,0.9135911538364178
2023-01-16 21:30:00+01:00,0.9169627416449251
2023-01-16 21:45:00+01:00,0.921025564617674
2023-01-16 22:00:00+01:00,0.925770705634477
2023-01-16 22:15:00+01:00,0.9076207648605767
2023-01-16 22:30:00+01:00,0.8897070729108715
2023-01-16 22:45:00+01:00,0.8720438778929102
2023-01-16 23:00:00+01:00,0.8447744909209589
2023-01-16 23:15:00+01:00,0.8606600081170717
2023-01-16 23:30:00+01:00,0.8746601336556712
2023-01-16 23:45:00+01:00,0.8846813539413109
2023-01-17 00:00:00+01:00,0.8947117147906495
2023-01-17 00:15:00+01:00,0.8881635632820597
2023-01-17 00:30:00+01:00,0.8817573676285588
2023-01-17 00:45:00+01:00,0.8754961776479491
2023-01-17 01:00:00+01:00,0.8681798165785722
2023-01-17 01:15:00+01:00,0.8597427813342362
2023-01-17 01:30:00+01:00,0.8514336696533112
2023-01-17 01:45:00+01:00,0.8432547820687575
2023-01-17 02:00:00+01:00,0.8352084372419439
2023-01-17 02:15:00+01:00,0.8141461999620699
2023-01-17 02:30:00+01:00,0.7931094614742475
2023-01-17 02:45:00+01:00,0.7720994455717363
2023-01-17 03:00:00+01:00,0.7511174539235783
2023-01-17 03:15:00+01:00,0.7273183008446856
2023-01-17 03:30:00+01:00,0.7023533582024397
2023-01-17 03:45:00+01:00,0.6782514802516063
2023-01-17 04:00:00+01:00,0.6550540653249473
2023-01-17 04:15:00+01:00,0.6193739677753299
2023-01-17 04:30:00+01:00,0.584688888548113
2023-01-17 04:45:00+01:00,0.5515541059484317
2023-01-17 05:00:00+01:00,0.5195698451740816
2023-01-17 05:15:00+01:00,0.4827989728910911
2023-01-17 05:30:00+01:00,0.44709748120212756
2023-01-17 05:45:00+01:00,0.4140034039313254
2023-01-17 06:00:00+01:00,0.38425394160061116
2023-01-17 06:15:00+01:00,0.3582192370146972
2023-01-17 06:30:00+01:00,0.33297101208560126
2023-01-17 06:45:00+01:00,0.308568473866977
2023-01-17 07:00:00+01:00,0.2852209883544982
2023-01-17 07:15:00+01:00,0.2696582978314315
2023-01-17 07:30:00+01:00,0.25423381328634803
2023-01-17 07:45:00+01:00,0.2389565222513849
2023-01-17 08:00:00+01:00,0.22383611120973654
2023-01-17 08:15:00+01:00,0.19888763732983838
2023-01-17 08:30:00+01:00,0.17478239223262018
2023-01-17 08:45:00+01:00,0.1558890548057757
2023-01-17 09:00:00+01:00,0.13700977117106483
2023-01-17 09:15:00+01:00,0.11390006884646897
2023-01-17 09:30:00+01:00,0.09286746587080175
2023-01-17 09:45:00+01:00,0.07933825233429224
2023-01-17 10:00:00+01:00,0.06636464248048174
2023-01-17 10:15:00+01:00,0.05556336459429329
2023-01-17 10:30:00+01:00,0.04489556530920631
2023-01-17 10:45:00+01:00,0.038338834589080405
2023-01-17 11:00:00+01:00,0.032236616871067596
2023-01-17 11:15:00+01:00,0.0320058197578503
2023-01-17 11:30:00+01:00,0.031780877453596985
2023-01-17 11:45:00+01:00,0.03156182638411751
2023-01-17 12:00:00+01:00,0.03134870231218866
2023-01-17 12:15:00+01:00,0.02925410387407567
2023-01-17 12:30:00+01:00,0.027350698011815062
2023-01-17 12:45:00+01:00,0.025649130912009297
2023-01-17 13:00:00+01:00,0.02415959784594194
2023-01-17 13:15:00+01:00,0.017880575696859715
2023-01-17 13:30:00+01:00,0.012836459488429066
2023-01-17 13:45:00+01:00,0.010047438543649938
2023-01-17 14:00:00+01:00,0.007312046089605669
2023-01-17 14:15:00+01:00,0.0037665709778182113
2023-01-17 14:30:00+01:00,0.00047555800405345826
2023-01-17 14:45:00+01:00,0.0
2023-01-17 15:00:00+01:00,0.0
2023-01-17 15:15:00+01:00,0.0
2023-01-17 15:30:00+01:00,0.0
2023-01-17 15:45:00+01:00,0.0
2023-01-17 16:00:00+01:00,0.0
2023-01-17 16:15:00+01:00,0.0
2023-01-17 16:30:00+01:00,0.0
2023-01-17 16:45:00+01:00,0.0
2023-01-17 17:00:00+01:00,0.0
2023-01-17 17:15:00+01:00,0.0
2023-01-17 17:30:00+01:00,0.0
2023-01-17 17:45:00+01:00,0.0
2023-01-17 18:00:00+01:00,0.0
2023-01-17 18:15:00+01:00,0.0
2023-01-17 18:30:00+01:00,0.0
2023-01-17 18:45:00+01:00,0.0
2023-01-17 19:00:00+01:00,0.0
2023-01-17 19:15:00+01:00,0.0
2023-01-17 19:30:00+01:00,0.0
2023-01-17 19:45:00+01:00,0.0
2023-01-17 20:00:00+01:00,0.003184271618829481
2023-01-17 20:15:00+01:00,0.008153506521577807
2023-01-17 20:30:00+01:00,0.013170711733521934
2023-01-17 20:45:00+01:00,0.023467249244934412
2023-01-17 21:00:00+01:00,0.03457331616268822
2023-01-17 21:15:00+01:00,0.029596401153553765
2023-01-17 21:30:00+01:00,0.024868393064556044
2023-01-17 21:45:00+01:00,0.02042557205396392
2023-01-17 22:00:00+01:00,0.016308725537232283
2023-01-17 22:15:00+01:00,0.010877877258063759
2023-01-17 22:30:00+01:00,0.006898781549129253
2023-01-17 22:45:00+01:00,0.0030501818369623487
2023-01-17 23:00:00+01:00,0.0
2023-01-17 23:15:00+01:00,0.0
2023-01-17 23:30:00+01:00,0.0
2023-01-17 23:45:00+01:00,0.0
2023-01-18 00:00:00+01:00,0.0
2023-01-18 00:15:00+01:00,0.0
2023-01-18 00:30:00+01:00,0.0
2023-01-18 00:45:00+01:00,0.0020043024018598908
2023-01-18 01:00:00+01:00,0.0044141017743238205
2023-01-18 01:15:00+01:00,0.007609333796493338
2023-01-18 01:30:00+01:00,0.010830624365304133
2023-01-18 01:45:00+01:00,0.014384110782581151
2023-01-18 02:00:00+01:00,0.021515811850834857
2023-01-18 02:15:00+01:00,0.028845665793671652
2023-01-18 02:30:00+01:00,0.03620404044963815
2023-01-18 02:45:00+01:00,0.043585710636913334
2023-01-18 03:00:00+01:00,0.05579478504968233
2023-01-18 03:15:00+01:00,0.0582288170755047
2023-01-18 03:30:00+01:00,0.06071238708968393
2023-01-18 03:45:00+01:00,0.06324384705280854
2023-01-18 04:00:00+01:00,0.06582159150979175
2023-01-18 04:15:00+01:00,0.06343705779616718
2023-01-18 04:30:00+01:00,0.06110378203110693
2023-01-18 04:45:00+01:00,0.05882339854961893
2023-01-18 05:00:00+01:00,0.0565975724493128
2023-01-18 05:15:00+01:00,0.061126441413329395
2023-01-18 05:30:00+01:00,0.06603946143803412
2023-01-18 05:45:00+01:00,0.07131223131306534
2023-01-18 06:00:00+01:00,0.07692080529961579
2023-01-18 06:15:00+01:00,0.08853672041832014
2023-01-18 06:30:00+01:00,0.10372467183135431
2023-01-18 06:45:00+01:00,0.12348612360762548
2023-01-18 07:00:00+01:00,0.1437017550533547
2023-01-18 07:15:00+01:00,0.15670955839312903
2023-01-18 07:30:00+01:00,0.16999113923939604
2023-01-18 07:45:00+01:00,0.18548349322518706
2023-01-18 08:00:00+01:00,0.20363795211377209
2023-01-18 08:15:00+01:00,0.2137887358768292
2023-01-18 08:30:00+01:00,0.22435523736254795
2023-01-18 08:45:00+01:00,0.23531884212360965
2023-01-18 09:00:00+01:00,0.24666139189447306
2023-01-18 09:15:00+01:00,0.24620461599228283
2023-01-18 09:30:00+01:00,0.24602323564174353
2023-01-18 09:45:00+01:00,0.24611745933935594
2023-01-18 10:00:00+01:00,0.24648717874884296
2023-01-18 10:15:00+01:00,0.25266838193265273
2023-01-18 10:30:00+01:00,0.25921695136741585
2023-01-18 10:45:00+01:00,0.2661231175789834
2023-01-18 11:00:00+01:00,0.2733769491212788
2023-01-18 11:15:00+01:00,0.2410343664146221
2023-01-18 11:30:00+01:00,0.20882494630359738
2023-01-18 11:45:00+01:00,0.17691656811027953
2023-01-18 12:00:00+01:00,0.15274409340276937
2023-01-18 12:15:00+01:00,0.15286204663872902
2023-01-18 12:30:00+01:00,0.15317592588295695
2023-01-18 12:45:00+01:00,0.15368533789936314
2023-01-18 13:00:00+01:00,0.15438964671911298
2023-01-18 13:15:00+01:00,0.15811197927123205
2023-01-18 13:30:00+01:00,0.16183573118200303
2023-01-18 13:45:00+01:00,0.16556086948927137
2023-01-18 14:00:00+01:00,0.16928736223198004
2023-01-18 14:15:00+01:00,0.18697942057283784
2023-01-18 14:30:00+01:00,0.20731806787228932
2023-01-18 14:45:00+01:00,0.22771698691808562
2023-01-18 15:00:00+01:00,0.24817106051690055
2023-01-18 15:15:00+01:00,0.2797799896115725
2023-01-18 15:30:00+01:00,0.31910675558087304
2023-01-18 15:45:00+01:00,0.36028267353018206
2023-01-18 16:00:00+01:00,0.40153708051842424
2023-01-18 16:15:00+01:00,0.43951628226810724
2023-01-18 16:30:00+01:00,0.4804306632750689
2023-01-18 16:45:00+01:00,0.5213543185713981
2023-01-18 17:00:00+01:00,0.5622864309151981
2023-01-18 17:15:00+01:00,0.5791698839039888
2023-01-18 17:30:00+01:00,0.5962868558251528
2023-01-18 17:45:00+01:00,0.613506267698989
2023-01-18 18:00:00+01:00,0.630763666133091
2023-01-18 18:15:00+01:00,0.6445239867352778
2023-01-18 18:30:00+01:00,0.6584033470531918
2023-01-18 18:45:00+01:00,0.6723984964002887
2023-01-18 19:00:00+01:00,0.6865062757086459
2023-01-18 19:15:00+01:00,0.6875663824679833
2023-01-18 19:30:00+01:00,0.688761946961219
2023-01-18 19:45:00+01:00,0.6900926542103072
2023-01-18 20:00:00+01:00,0.691558154780306
2023-01-18 20:15:00+01:00,0.6906791160805422
2023-01-18 20:30:00+01:00,0.6899057747201446
2023-01-18 20:45:00+01:00,0.6892382897658791
2023-01-18 21:00:00+01:00,0.6886767987678689
2023-01-18 21:15:00+01:00,0.6929685726111432
2023-01-18 21:30:00+01:00,0.6972639102102821
2023-01-18 21:45:00+01:00,0.7015627820129909
2023-01-18 22:00:00+01:00,0.7058651587689073
2023-01-18 22:15:00+01:00,0.7059923296195315
2023-01-18 22:30:00+01:00,0.7061317187998057
2023-01-18 22:45:00+01:00,0.7062833230317245
2023-01-18 23:00:00+01:00,0.7064471387513543
2023-01-18 23:15:00+01:00,0.7088676834645549
2023-01-18 23:30:00+01:00,0.7113050240928865
2023-01-18 23:45:00+01:00,0.7137590822192902
2023-01-19 00:00:00+01:00,0.7162297793812568
2023-01-19 00:15:00+01:00,0.7242980142668201
2023-01-19 00:30:00+01:00,0.7323961102209411
2023-01-19 00:45:00+01:00,0.7405236118156506
2023-01-19 01:00:00+01:00,0.7475502493097244
2023-01-19 01:15:00+01:00,0.7583586063283263
2023-01-19 01:30:00+01:00,0.769363350414446
2023-01-19 01:45:00+01:00,0.7805595824640181
2023-01-19 02:00:00+01:00,0.7919424839115577
2023-01-19 02:15:00+01:00,0.8008885085971549
2023-01-19 02:30:00+01:00,0.8099140478152702
2023-01-19 02:45:00+01:00,0.8190175206690692
2023-01-19 03:00:00+01:00,0.8281973747775343
2023-01-19 03:15:00+01:00,0.8373357718472334
2023-01-19 03:30:00+01:00,0.846545885408054
2023-01-19 03:45:00+01:00,0.8558262987347958
2023-01-19 04:00:00+01:00,0.8651756217804827
2023-01-19 04:15:00+01:00,0.8647611083724221
2023-01-19 04:30:00+01:00,0.8648683738224235
2023-01-19 04:45:00+01:00,0.8654972989087061
2023-01-19 05:00:00+01:00,0.8666471853331291
2023-01-19 05:15:00+01:00,0.8528749370193032
2023-01-19 05:30:00+01:00,0.840178028490768
2023-01-19 05:45:00+01:00,0.8285863267596154
2023-01-19 06:00:00+01:00,0.8181280717221903
2023-01-19 06:15:00+01:00,0.8063566063238737
2023-01-19 06:30:00+01:00,0.7947297027767943
2023-01-19 06:45:00+01:00,0.7832511635059182
2023-01-19 07:00:00+01:00,0.7719248743440265
2023-01-19 07:15:00+01:00,0.7556264670707059
2023-01-19 07:30:00+01:00,0.7385929333111987
2023-01-19 07:45:00+01:00,0.718604165912839
2023-01-19 08:00:00+01:00,0.6987388566940764
2023-01-19 08:15:00+01:00,0.6772511858745178
2023-01-19 08:30:00+01:00,0.6558122055501499
2023-01-19 08:45:00+01:00,0.6344240219998565
2023-01-19 09:00:00+01:00,0.6130888593258542
2023-01-19 09:15:00+01:00,0.5917263762112291
2023-01-19 09:30:00+01:00,0.5705614021542227
2023-01-19 09:45:00+01:00,0.5495258126500195
2023-01-19 10:00:00+01:00,0.5284945294358996
2023-01-19 10:15:00+01:00,0.467082194164249
2023-01-19 10:30:00+01:00,0.4092836077758126
2023-01-19 10:45:00+01:00,0.3574778504495515
2023-01-19 11:00:00+01:00,0.30758396674318333
2023-01-19 11:15:00+01:00,0.31894455860476617
2023-01-19 11:30:00+01:00,0.3307689032151561
2023-01-19 11:45:00+01:00,0.34304119273297956
2023-01-19 12:00:00+01:00,0.3557457708481643
2023-01-19 12:15:00+01:00,0.34852351642282814
2023-01-19 12:30:00+01:00,0.3413136201801638
2023-01-19 12:45:00+01:00,0.3341163412017932
2023-01-19 13:00:00+01:00,0.3269319453895117
2023-01-19 13:15:00+01:00,0.3092764348371784
2023-01-19 13:30:00+01:00,0.29164087719197396
2023-01-19 13:45:00+01:00,0.2767007150371839
2023-01-19 14:00:00+01:00,0.26313376133211797
2023-01-19 14:15:00+01:00,0.2506517453790937
2023-01-19 14:30:00+01:00,0.2382114150960074
2023-01-19 14:45:00+01:00,0.2258149979701885
2023-01-19 15:00:00+01:00,0.21346487432308917
2023-01-19 15:15:00+01:00,0.20278534261028336
2023-01-19 15:30:00+01:00,0.19230140365129378
2023-01-19 15:45:00+01:00,0.18202245463772482
2023-01-19 16:00:00+01:00,0.17326927276142906
2023-01-19 16:15:00+01:00,0.18168257366097806
2023-01-19 16:30:00+01:00,0.19157476567629964
2023-01-19 16:45:00+01:00,0.20162748759625232
2023-01-19 17:00:00+01:00,0.21183366623322142
2023-01-19 17:15:00+01:00,0.22082325497717117
2023-01-19 17:30:00+01:00,0.22985419222658013
2023-01-19 17:45:00+01:00,0.2389249035937619
2023-01-19 18:00:00+01:00,0.24803388719418015
2023-01-19 18:15:00+01:00,0.24708504513653776
2023-01-19 18:30:00+01:00,0.24613721604027583
2023-01-19 18:45:00+01:00,0.24519040391807878
2023-01-19 19:00:00+01:00,0.24424461279951384
2023-01-19 19:15:00+01:00,0.24184022172640615
2023-01-19 19:30:00+01:00,0.23949227205360574
2023-01-19 19:45:00+01:00,0.23720132387332063
2023-01-19 20:00:00+01:00,0.2349679308454707
2023-01-19 20:15:00+01:00,0.2350821692070725
2023-01-19 20:30:00+01:00,0.235426542364132
2023-01-19 20:45:00+01:00,0.2360007147958319
2023-01-19 21:00:00+01:00,0.23680412853750082
2023-01-19 21:15:00+01:00,0.23170850192877038
2023-01-19 21:30:00+01:00,0.22673872337094678
2023-01-19 21:45:00+01:00,0.22189749447640425
2023-01-19 22:00:00+01:00,0.21718752182808704
2023-01-19 22:15:00+01:00,0.20361407112190189
2023-01-19 22:30:00+01:00,0.19011027888199603
2023-01-19 22:45:00+01:00,0.17684983352719713
2023-01-19 23:00:00+01:00,0.16672647615246475
2023-01-19 23:15:00+01:00,0.17666601363198073
2023-01-19 23:30:00+01:00,0.18960376430812464
2023-01-19 23:45:00+01:00,0.20282316798858538
2023-01-20 00:00:00+01:00,0.2160931808931584
2023-01-20 00:15:00+01:00,0.21992995900980128
2023-01-20 00:30:00+01:00,0.2238232813780613
2023-01-20 00:45:00+01:00,0.22777220504704934
2023-01-20 01:00:00+01:00,0.2317757948943024
2023-01-20 01:15:00+01:00,0.23455307126441297
2023-01-20 01:30:00+01:00,0.2373312020142632
2023-01-20 01:45:00+01:00,0.24011017715305236
2023-01-20 02:00:00+01:00,0.24288998684217983
2023-01-20 02:15:00+01:00,0.24869152426695912
2023-01-20 02:30:00+01:00,0.2547699183891554
2023-01-20 02:45:00+01:00,0.26111828866930875
2023-01-20 03:00:00+01:00,0.2677296901347671
2023-01-20 03:15:00+01:00,0.25752569889787985
2023-01-20 03:30:00+01:00,0.24733013482444782
2023-01-20 03:45:00+01:00,0.23714336107701312
2023-01-20 04:00:00+01:00,0.22696576164799048
2023-01-20 04:15:00+01:00,0.21761624878202132
2023-01-20 04:30:00+01:00,0.20905778546616358
2023-01-20 04:45:00+01:00,0.20132050935830625
2023-01-20 05:00:00+01:00,0.19443299643682604
2023-01-20 05:15:00+01:00,0.194346262650659
2023-01-20 05:30:00+01:00,0.19611679035181703
2023-01-20 05:45:00+01:00,0.19972990726182738
2023-01-20 06:00:00+01:00,0.20515614632920953
2023-01-20 06:15:00+01:00,0.21135908963774705
2023-01-20 06:30:00+01:00,0.21867989538280302
2023-01-20 06:45:00+01:00,0.2270834767312663
2023-01-20 07:00:00+01:00,0.2365313413715046
2023-01-20 07:15:00+01:00,0.23609195435657154
2023-01-20 07:30:00+01:00,0.2356806825908672
2023-01-20 07:45:00+01:00,0.23529757507596116
2023-01-20 08:00:00+01:00,0.23494267756024315
2023-01-20 08:15:00+01:00,0.25620590723136594
2023-01-20 08:30:00+01:00,0.27790816306985056
2023-01-20 08:45:00+01:00,0.3042547636055828
2023-01-20 09:00:00+01:00,0.33339530501561493
2023-01-20 09:15:00+01:00,0.33822790558257004
2023-01-20 09:30:00+01:00,0.34380710585378826
2023-01-20 09:45:00+01:00,0.3501209789997365
2023-01-20 10:00:00+01:00,0.357156331873091
2023-01-20 10:15:00+01:00,0.3168542098496609
2023-01-20 10:30:00+01:00,0.27895565256083793
2023-01-20 10:45:00+01:00,0.2485287809921828
2023-01-20 11:00:00+01:00,0.21849411793500656
2023-01-20 11:15:00+01:00,0.21315749412469254
2023-01-20 11:30:00+01:00,0.20782398106538683
2023-01-20 11:45:00+01:00,0.2024936524835887
2023-01-20 12:00:00+01:00,0.1971665844080079
2023-01-20 12:15:00+01:00,0.17302327801243683
2023-01-20 12:30:00+01:00,0.1539989681191759
2023-01-20 12:45:00+01:00,0.1353528097772265
2023-01-20 13:00:00+01:00,0.11713370250792116
2023-01-20 13:15:00+01:00,0.09898692858255884
2023-01-20 13:30:00+01:00,0.08645429590929835
2023-01-20 13:45:00+01:00,0.07554976144038902
2023-01-20 14:00:00+01:00,0.0648919708147832
2023-01-20 14:15:00+01:00,0.05399552087797847
2023-01-20 14:30:00+01:00,0.04531841123451901
2023-01-20 14:45:00+01:00,0.041154553336542825
2023-01-20 15:00:00+01:00,0.03913234068811794
2023-01-20 15:15:00+01:00,0.037611105703914606
2023-01-20 15:30:00+01:00,0.037469700109175934
2023-01-20 15:45:00+01:00,0.03871318678219532
2023-01-20 16:00:00+01:00,0.04129786677571383
2023-01-20 16:15:00+01:00,0.043173557384431495
2023-01-20 16:30:00+01:00,0.04823174718882002
2023-01-20 16:45:00+01:00,0.056189192956425084
2023-01-20 17:00:00+01:00,0.0661990757419316
2023-01-20 17:15:00+01:00,0.08005898065025187
2023-01-20 17:30:00+01:00,0.0962515251583412
2023-01-20 17:45:00+01:00,0.1242109042814785
2023-01-20 18:00:00+01:00,0.15429705117048667
2023-01-20 18:15:00+01:00,0.1816645966320707
2023-01-20 18:30:00+01:00,0.2191114963509616
2023-01-20 18:45:00+01:00,0.2588601591198655
2023-01-20 19:00:00+01:00,0.30495915467693896
2023-01-20 19:15:00+01:00,0.32137913436151566
2023-01-20 19:30:00+01:00,0.33798507837686365
2023-01-20 19:45:00+01:00,0.354768183593512
2023-01-20 20:00:00+01:00,0.3717201084947363
2023-01-20 20:15:00+01:00,0.3692821118087435
2023-01-20 20:30:00+01:00,0.3674698473834318
2023-01-20 20:45:00+01:00,0.36628651285417957
2023-01-20 21:00:00+01:00,0.36573420790477557
2023-01-20 21:15:00+01:00,0.3642797651158604
2023-01-20 21:30:00+01:00,0.36446484008230745
2023-01-20 21:45:00+01:00,0.3662885771840485
2023-01-20 22:00:00+01:00,0.36974257680157413
2023-01-20 22:15:00+01:00,0.37282813569445583
2023-01-20 22:30:00+01:00,0.37800456066615234
2023-01-20 22:45:00+01:00,0.38524186708597985
2023-01-20 23:00:00+01:00,0.3944990842466495
2023-01-20 23:15:00+01:00,0.394866438566585
2023-01-20 23:30:00+01:00,0.3959575232489167
2023-01-20 23:45:00+01:00,0.39777017563680206
2023-01-21 00:00:00+01:00,0.400300821837468
2023-01-21 00:15:00+01:00,0.40009805883434496
2023-01-21 00:30:00+01:00,0.4003508067956473
2023-01-21 00:45:00+01:00,0.401058751354093
2023-01-21 01:00:00+01:00,0.40222101350780726
2023-01-21 01:15:00+01:00,0.40925721305934165
2023-01-21 01:30:00+01:00,0.4162947098462205
2023-01-21 01:45:00+01:00,0.42333347943576927
2023-01-21 02:00:00+01:00,0.4308697887240552
2023-01-21 02:15:00+01:00,0.432084782086449
2023-01-21 02:30:00+01:00,0.4336221977023198
2023-01-21 02:45:00+01:00,0.4354808613365927
2023-01-21 03:00:00+01:00,0.43765936099301056
2023-01-21 03:15:00+01:00,0.42630957246351686
2023-01-21 03:30:00+01:00,0.4165259948988007
2023-01-21 03:45:00+01:00,0.4071400777455888
2023-01-21 04:00:00+01:00,0.3981490836445199
2023-01-21 04:15:00+01:00,0.38059667871274
2023-01-21 04:30:00+01:00,0.3630617879935619
2023-01-21 04:45:00+01:00,0.3455452946937487
2023-01-21 05:00:00+01:00,0.3280481413951377
2023-01-21 05:15:00+01:00,0.31341365386515935
2023-01-21 05:30:00+01:00,0.2988167672282832
2023-01-21 05:45:00+01:00,0.2845921112934715
2023-01-21 06:00:00+01:00,0.2733971388448767
2023-01-21 06:15:00+01:00,0.2669131546070709
2023-01-21 06:30:00+01:00,0.2604626551579774
2023-01-21 06:45:00+01:00,0.2540465322162207
2023-01-21 07:00:00+01:00,0.2476657044353082
2023-01-21 07:15:00+01:00,0.2433978436451647
2023-01-21 07:30:00+01:00,0.239137178558277
2023-01-21 07:45:00+01:00,0.23488383917475594
2023-01-21 08:00:00+01:00,0.2306379584134571
2023-01-21 08:15:00+01:00,0.2285872419607554
2023-01-21 08:30:00+01:00,0.22669224616164577
2023-01-21 08:45:00+01:00,0.2249542400881734
2023-01-21 09:00:00+01:00,0.22337439982609625
2023-01-21 09:15:00+01:00,0.2108360120993116
2023-01-21 09:30:00+01:00,0.19855368464448905
2023-01-21 09:45:00+01:00,0.18654173134538768
2023-01-21 10:00:00+01:00,0.17543549274315764
2023-01-21 10:15:00+01:00,0.15948606870951673
2023-01-21 10:30:00+01:00,0.1435717724728319
2023-01-21 10:45:00+01:00,0.1276963883594388
2023-01-21 11:00:00+01:00,0.11186425306188112
2023-01-21 11:15:00+01:00,0.12775098566859353
2023-01-21 11:30:00+01:00,0.1437467107249286
2023-01-21 11:45:00+01:00,0.15984042466175744
2023-01-21 12:00:00+01:00,0.17602250188132654
2023-01-21 12:15:00+01:00,0.20570872120731648
2023-01-21 12:30:00+01:00,0.23587118242976005
2023-01-21 12:45:00+01:00,0.2660714752393655
2023-01-21 13:00:00+01:00,0.29944748400718835
2023-01-21 13:15:00+01:00,0.29257718351966056
2023-01-21 13:30:00+01:00,0.2858211764436242
2023-01-21 13:45:00+01:00,0.2806765477594982
2023-01-21 14:00:00+01:00,0.2756481944626849
2023-01-21 14:15:00+01:00,0.2614042267933385
2023-01-21 14:30:00+01:00,0.24735917932432994
2023-01-21 14:45:00+01:00,0.23352492159186897
2023-01-21 15:00:00+01:00,0.21991408611560304
2023-01-21 15:15:00+01:00,0.20579899429996878
2023-01-21 15:30:00+01:00,0.19168418020512004
2023-01-21 15:45:00+01:00,0.1775696619180084
2023-01-21 16:00:00+01:00,0.16682206189441423
2023-01-21 16:15:00+01:00,0.1573542192013609
2023-01-21 16:30:00+01:00,0.14864735552220287
2023-01-21 16:45:00+01:00,0.14074504219781034
2023-01-21 17:00:00+01:00,0.133689745335094
2023-01-21 17:15:00+01:00,0.1353021716344487
2023-01-21 17:30:00+01:00,0.1391747253127624
2023-01-21 17:45:00+01:00,0.14525041862618812
2023-01-21 18:00:00+01:00,0.1534436225717098
2023-01-21 18:15:00+01:00,0.1691297829639977
2023-01-21 18:30:00+01:00,0.18773869835045437
2023-01-21 18:45:00+01:00,0.20947901897400173
2023-01-21 19:00:00+01:00,0.23167358092007737
2023-01-21 19:15:00+01:00,0.23613657126439058
2023-01-21 19:30:00+01:00,0.24089212814911534
2023-01-21 19:45:00+01:00,0.24593444277412602
2023-01-21 20:00:00+01:00,0.2512575227500206
2023-01-21 20:15:00+01:00,0.24282477163966237
2023-01-21 20:30:00+01:00,0.23458752316906248
2023-01-21 20:45:00+01:00,0.2265526872790743
2023-01-21 21:00:00+01:00,0.2187273213301241
2023-01-21 21:15:00+01:00,0.21707927723459775
2023-01-21 21:30:00+01:00,0.2157679020903154
2023-01-21 21:45:00+01:00,0.2147951226828992
2023-01-21 22:00:00+01:00,0.21416237780769135
2023-01-21 22:15:00+01:00,0.21239658576868842
2023-01-21 22:30:00+01:00,0.21087773481797195
2023-01-21 22:45:00+01:00,0.20960747426327797
2023-01-21 23:00:00+01:00,0.2085871947622829
2023-01-21 23:15:00+01:00,0.22826006048496664
2023-01-21 23:30:00+01:00,0.2481463837206277
2023-01-21 23:45:00+01:00,0.26822897537356366
2023-01-22 00:00:00+01:00,0.28931654529457335
2023-01-22 00:15:00+01:00,0.30043929617850124
2023-01-22 00:30:00+01:00,0.31158284145266407
2023-01-22 00:45:00+01:00,0.3227464998225426
2023-01-22 01:00:00+01:00,0.33392961828261514
2023-01-22 01:15:00+01:00,0.33939914371790464
2023-01-22 01:30:00+01:00,0.3453686418887006
2023-01-22 01:45:00+01:00,0.3518295809599515
2023-01-22 02:00:00+01:00,0.3587729439487875
2023-01-22 02:15:00+01:00,0.3567333896432124
2023-01-22 02:30:00+01:00,0.35483748925243663
2023-01-22 02:45:00+01:00,0.35308602040746895
2023-01-22 03:00:00+01:00,0.3514797064933261
2023-01-22 03:15:00+01:00,0.353339712828114
2023-01-22 03:30:00+01:00,0.3552213444106803
2023-01-22 03:45:00+01:00,0.3571244855046041
2023-01-22 04:00:00+01:00,0.35904901988900056
2023-01-22 04:15:00+01:00,0.36814735459322223
2023-01-22 04:30:00+01:00,0.37727043055218173
2023-01-22 04:45:00+01:00,0.3864176231109552
2023-01-22 05:00:00+01:00,0.39558832689733325
2023-01-22 05:15:00+01:00,0.3874902861702437
2023-01-22 05:30:00+01:00,0.37947130222220316
2023-01-22 05:45:00+01:00,0.3715331539081831
2023-01-22 06:00:00+01:00,0.36367765510115196
2023-01-22 06:15:00+01:00,0.34891858231891504
2023-01-22 06:30:00+01:00,0.33417335364312617
2023-01-22 06:45:00+01:00,0.3194425712041932
2023-01-22 07:00:00+01:00,0.3047268719212741
2023-01-22 07:15:00+01:00,0.2972401170481101
2023-01-22 07:30:00+01:00,0.2898674821854072
2023-01-22 07:45:00+01:00,0.28332149209383495
2023-01-22 08:00:00+01:00,0.2778178164159308
2023-01-22 08:15:00+01:00,0.27336405430907396
2023-01-22 08:30:00+01:00,0.26909251169786524
2023-01-22 08:45:00+01:00,0.26500635425423724
2023-01-22 09:00:00+01:00,0.2611086792357431
2023-01-22 09:15:00+01:00,0.2452224130336015
2023-01-22 09:30:00+01:00,0.22957119386207553
2023-01-22 09:45:00+01:00,0.2141710913270979
2023-01-22 10:00:00+01:00,0.19903937881433867
2023-01-22 10:15:00+01:00,0.17868728277787324
2023-01-22 10:30:00+01:00,0.16296361326956843
2023-01-22 10:45:00+01:00,0.14758210693686666
2023-01-22 11:00:00+01:00,0.13222966320625879
2023-01-22 11:15:00+01:00,0.1266831681981421
2023-01-22 11:30:00+01:00,0.1214633602284857
2023-01-22 11:45:00+01:00,0.11658207983193843
2023-01-22 12:00:00+01:00,0.11205092255670346
2023-01-22 12:15:00+01:00,0.10933020261541843
2023-01-22 12:30:00+01:00,0.10712229351394179
2023-01-22 12:45:00+01:00,0.10543526524342689
2023-01-22 13:00:00+01:00,0.10427539828465109
2023-01-22 13:15:00+01:00,0.1113238515722768
2023-01-22 13:30:00+01:00,0.1185635911981483
2023-01-22 13:45:00+01:00,0.12598520627017626
2023-01-22 14:00:00+01:00,0.13357967922891606
2023-01-22 14:15:00+01:00,0.14363519265865407
2023-01-22 14:30:00+01:00,0.15381938138412615
2023-01-22 14:45:00+01:00,0.16412404831414215
2023-01-22 15:00:00+01:00,0.17454159283796375
2023-01-22 15:15:00+01:00,0.16825562549080994
2023-01-22 15:30:00+01:00,0.16238557033641934
2023-01-22 15:45:00+01:00,0.15694693127877324
2023-01-22 16:00:00+01:00,0.15195476736043367
2023-01-22 16:15:00+01:00,0.1491889369463695
2023-01-22 16:30:00+01:00,0.14642360630291212
2023-01-22 16:45:00+01:00,0.1436587844602883
2023-01-22 17:00:00+01:00,0.1408944806658737
2023-01-22 17:15:00+01:00,0.14051038299543814
2023-01-22 17:30:00+01:00,0.14025199172341243
2023-01-22 17:45:00+01:00,0.14011952073313438
2023-01-22 18:00:00+01:00,0.1401130798655562
2023-01-22 18:15:00+01:00,0.13638251052838762
2023-01-22 18:30:00+01:00,0.13270109536673383
2023-01-22 18:45:00+01:00,0.1290700555618135
2023-01-22 19:00:00+01:00,0.1254906355282139
2023-01-22 19:15:00+01:00,0.12445751717238743
2023-01-22 19:30:00+01:00,0.12342476169886095
2023-01-22 19:45:00+01:00,0.12239237167531358
2023-01-22 20:00:00+01:00,0.1213603496927849
2023-01-22 20:15:00+01:00,0.11855406576926193
2023-01-22 20:30:00+01:00,0.11613576354480372
2023-01-22 20:45:00+01:00,0.11411199532363346
2023-01-22 21:00:00+01:00,0.1124883581857084
2023-01-22 21:15:00+01:00,0.10869323402198867
2023-01-22 21:30:00+01:00,0.10528219949110672
2023-01-22 21:45:00+01:00,0.10226466347234282
2023-01-22 22:00:00+01:00,0.09964920704659361
2023-01-22 22:15:00+01:00,0.08758644146743694
2023-01-22 22:30:00+01:00,0.07718997186684862
2023-01-22 22:45:00+01:00,0.06679820743320253
2023-01-22 23:00:00+01:00,0.056411823742494635
2023-01-22 23:15:00+01:00,0.05770467931998493
2023-01-22 23:30:00+01:00,0.05926177085132746
2023-01-22 23:45:00+01:00,0.06107753319341307
2023-01-23 00:00:00+01:00,0.06314567207925263
2023-01-23 00:15:00+01:00,0.06727206832124785
2023-01-23 00:30:00+01:00,0.07163472567702363
2023-01-23 00:45:00+01:00,0.07622059375185417
2023-01-23 01:00:00+01:00,0.08101696933098539
2023-01-23 01:15:00+01:00,0.08533403907813032
2023-01-23 01:30:00+01:00,0.0900865184615457
2023-01-23 01:45:00+01:00,0.0952574484594371
2023-01-23 02:00:00+01:00,0.10416397108626721
2023-01-23 02:15:00+01:00,0.10872359467921658
2023-01-23 02:30:00+01:00,0.11443073174471517
2023-01-23 02:45:00+01:00,0.12124039649852072
2023-01-23 03:00:00+01:00,0.12910192911817225
2023-01-23 03:15:00+01:00,0.13307571390337125
2023-01-23 03:30:00+01:00,0.1378149048618597
2023-01-23 03:45:00+01:00,0.14329578228672019
2023-01-23 04:00:00+01:00,0.14949211872621318
2023-01-23 04:15:00+01:00,0.14848512018797977
2023-01-23 04:30:00+01:00,0.14817702755008808
2023-01-23 04:45:00+01:00,0.14856923288371043
2023-01-23 05:00:00+01:00,0.14965996470705467
2023-01-23 05:15:00+01:00,0.14896688293639915
2023-01-23 05:30:00+01:00,0.14843420996055956
2023-01-23 05:45:00+01:00,0.1480624987785608
2023-01-23 06:00:00+01:00,0.14785213679164824
2023-01-23 06:15:00+01:00,0.14513528773987236
2023-01-23 06:30:00+01:00,0.1426750966790465
2023-01-23 06:45:00+01:00,0.14047571819582627
2023-01-23 07:00:00+01:00,0.13854094264033703
2023-01-23 07:15:00+01:00,0.13634554225525858
2023-01-23 07:30:00+01:00,0.13415036101448422
2023-01-23 07:45:00+01:00,0.1319554021435
2023-01-23 08:00:00+01:00,0.1297606689310669
2023-01-23 08:15:00+01:00,0.12542263429125183
2023-01-23 08:30:00+01:00,0.12132806472620317
2023-01-23 08:45:00+01:00,0.11748386775049602
2023-01-23 09:00:00+01:00,0.11389676821069021
2023-01-23 09:15:00+01:00,0.12241420517722716
2023-01-23 09:30:00+01:00,0.13246783339573387
2023-01-23 09:45:00+01:00,0.14395681595969811
2023-01-23 10:00:00+01:00,0.15677640638903687
2023-01-23 10:15:00+01:00,0.15457777644876267
2023-01-23 10:30:00+01:00,0.15241446626597777
2023-01-23 10:45:00+01:00,0.15028696798543445
2023-01-23 11:00:00+01:00,0.14819577456210967
2023-01-23 11:15:00+01:00,0.13440953364153557
2023-01-23 11:30:00+01:00,0.12067060036717167
2023-01-23 11:45:00+01:00,0.10698359028000977
2023-01-23 12:00:00+01:00,0.09406377340542535
2023-01-23 12:15:00+01:00,0.08983459250768655
2023-01-23 12:30:00+01:00,0.08593345186826748
2023-01-23 12:45:00+01:00,0.08237614527327287
2023-01-23 13:00:00+01:00,0.07917796911621844
2023-01-23 13:15:00+01:00,0.08236374389716898
2023-01-23 13:30:00+01:00,0.08582967940652309
2023-01-23 13:45:00+01:00,0.08956413664923649
2023-01-23 14:00:00+01:00,0.09355528456425999
2023-01-23 14:15:00+01:00,0.1052956391043603
2023-01-23 14:30:00+01:00,0.11812758158278905
2023-01-23 14:45:00+01:00,0.13102721219183436
2023-01-23 15:00:00+01:00,0.14398882986769923
2023-01-23 15:15:00+01:00,0.14232623584243922
2023-01-23 15:30:00+01:00,0.14079376315883316
2023-01-23 15:45:00+01:00,0.1393927269717461
2023-01-23 16:00:00+01:00,0.13812434518671807
2023-01-23 16:15:00+01:00,0.14472450473514395
2023-01-23 16:30:00+01:00,0.1520383921882312
2023-01-23 16:45:00+01:00,0.16003307478197076
2023-01-23 17:00:00+01:00,0.16867482821570404
2023-01-23 17:15:00+01:00,0.17285643637073972
2023-01-23 17:30:00+01:00,0.17742529350490507
2023-01-23 17:45:00+01:00,0.18391969146868303
2023-01-23 18:00:00+01:00,0.19088284992078236
2023-01-23 18:15:00+01:00,0.1913443652219231
2023-01-23 18:30:00+01:00,0.19184116859177955
2023-01-23 18:45:00+01:00,0.1923731809411699
2023-01-23 19:00:00+01:00,0.19294031783760773
2023-01-23 19:15:00+01:00,0.19093812868620244
2023-01-23 19:30:00+01:00,0.1908210955645743
2023-01-23 19:45:00+01:00,0.19259021346425226
2023-01-23 20:00:00+01:00,0.19623051585292745
2023-01-23 20:15:00+01:00,0.2098831990670966
2023-01-23 20:30:00+01:00,0.22387771874771023
2023-01-23 20:45:00+01:00,0.23819388490244137
2023-01-23 21:00:00+01:00,0.2528126550056587
2023-01-23 21:15:00+01:00,0.2557426570311003
2023-01-23 21:30:00+01:00,0.25959205187460355
2023-01-23 21:45:00+01:00,0.26434643287205184
2023-01-23 22:00:00+01:00,0.2699884183023475
2023-01-23 22:15:00+01:00,0.2389951203560435
2023-01-23 22:30:00+01:00,0.20804789338777413
2023-01-23 22:45:00+01:00,0.17720835216233063
2023-01-23 23:00:00+01:00,0.1538286995305484
2023-01-23 23:15:00+01:00,0.15061124191339212
2023-01-23 23:30:00+01:00,0.14772543847462616
2023-01-23 23:45:00+01:00,0.1451775222818489
2023-01-24 00:00:00+01:00,0.14297312698075876
2023-01-24 00:15:00+01:00,0.1510693194379509
2023-01-24 00:30:00+01:00,0.15993174358522
2023-01-24 00:45:00+01:00,0.1695183966268196
2023-01-24 01:00:00+01:00,0.18055444150992273
2023-01-24 01:15:00+01:00,0.1860629986307071
2023-01-24 01:30:00+01:00,0.19163107786795602
2023-01-24 01:45:00+01:00,0.1972571949617154
2023-01-24 02:00:00+01:00,0.2029398998797087
2023-01-24 02:15:00+01:00,0.19968810262169664
2023-01-24 02:30:00+01:00,0.19846267865183648
2023-01-24 02:45:00+01:00,0.19927471537869315
2023-01-24 03:00:00+01:00,0.20211685666239307
2023-01-24 03:15:00+01:00,0.2006919973728845
2023-01-24 03:30:00+01:00,0.19987908814278832
2023-01-24 03:45:00+01:00,0.19968034878968371
2023-01-24 04:00:00+01:00,0.2000963236438121
2023-01-24 04:15:00+01:00,0.19795432012376574
2023-01-24 04:30:00+01:00,0.19584873423722748
2023-01-24 04:45:00+01:00,0.19377991118495427
2023-01-24 05:00:00+01:00,0.19174819440268703
2023-01-24 05:15:00+01:00,0.18868544185947575
2023-01-24 05:30:00+01:00,0.18568087500348013
2023-01-24 05:45:00+01:00,0.18273529411730885
2023-01-24 06:00:00+01:00,0.17984949808108885
2023-01-24 06:15:00+01:00,0.17785389269848018
2023-01-24 06:30:00+01:00,0.1764109268038447
2023-01-24 06:45:00+01:00,0.17526831950543686
2023-01-24 07:00:00+01:00,0.17431303546812163
2023-01-24 07:15:00+01:00,0.17684660824045384
2023-01-24 07:30:00+01:00,0.18002627781721256
2023-01-24 07:45:00+01:00,0.1833848468805904
2023-01-24 08:00:00+01:00,0.1867518145068913
2023-01-24 08:15:00+01:00,0.1880700043338056
2023-01-24 08:30:00+01:00,0.18955070398987298
2023-01-24 08:45:00+01:00,0.19119282599205562
2023-01-24 09:00:00+01:00,0.19299517561701762
2023-01-24 09:15:00+01:00,0.18759458458932252
2023-01-24 09:30:00+01:00,0.18221610447339157
2023-01-24 09:45:00+01:00,0.17698616031612974
2023-01-24 10:00:00+01:00,0.17294276454101398
2023-01-24 10:15:00+01:00,0.14130937191022921
2023-01-24 10:30:00+01:00,0.10989927582499771
2023-01-24 10:45:00+01:00,0.08497278387354879
2023-01-24 11:00:00+01:00,0.06578752544150845
2023-01-24 11:15:00+01:00,0.059857153891973124
2023-01-24 11:30:00+01:00,0.053926788427019104
2023-01-24 11:45:00+01:00,0.04799642956531352
2023-01-24 12:00:00+01:00,0.042877127291802236
2023-01-24 12:15:00+01:00,0.039459155543635105
2023-01-24 12:30:00+01:00,0.03604284862046658
2023-01-24 12:45:00+01:00,0.032628362298658994
2023-01-24 13:00:00+01:00,0.02921587231473064
2023-01-24 13:15:00+01:00,0.027474308141694024
2023-01-24 13:30:00+01:00,0.025741977656834412
2023-01-24 13:45:00+01:00,0.02401935634126009
2023-01-24 14:00:00+01:00,0.02230694993963414
2023-01-24 14:15:00+01:00,0.023332014206424827
2023-01-24 14:30:00+01:00,0.024361493625385047
2023-01-24 14:45:00+01:00,0.02539525490312529
2023-01-24 15:00:00+01:00,0.026433169536481546
2023-01-24 15:15:00+01:00,0.02849601808693378
2023-01-24 15:30:00+01:00,0.030559276221199725
2023-01-24 15:45:00+01:00,0.032622920792335405
2023-01-24 16:00:00+01:00,0.03468693036142575
2023-01-24 16:15:00+01:00,0.03621418098290806
2023-01-24 16:30:00+01:00,0.03774199273063723
2023-01-24 16:45:00+01:00,0.039270343466603984
2023-01-24 17:00:00+01:00,0.04079921219500914
2023-01-24 17:15:00+01:00,0.04101668190935562
2023-01-24 17:30:00+01:00,0.04137536457069164
2023-01-24 17:45:00+01:00,0.041873980900544776
2023-01-24 18:00:00+01:00,0.04251077804413174
2023-01-24 18:15:00+01:00,0.04126136424909779
2023-01-24 18:30:00+01:00,0.04002682756694907
2023-01-24 18:45:00+01:00,0.03880764417081153
2023-01-24 19:00:00+01:00,0.03760430446320236
2023-01-24 19:15:00+01:00,0.03713927463327681
2023-01-24 19:30:00+01:00,0.03684952262568942
2023-01-24 19:45:00+01:00,0.03673638917132918
2023-01-24 20:00:00+01:00,0.03680040146296621
2023-01-24 20:15:00+01:00,0.03858382886679178
2023-01-24 20:30:00+01:00,0.04060972111377072
2023-01-24 20:45:00+01:00,0.042865775117589947
2023-01-24 21:00:00+01:00,0.046234235678436576
2023-01-24 21:15:00+01:00,0.04481880222939808
2023-01-24 21:30:00+01:00,0.043703490564358
2023-01-24 21:45:00+01:00,0.04294098382756708
2023-01-24 22:00:00+01:00,0.04221634850547374
2023-01-24 22:15:00+01:00,0.03450306026796827
2023-01-24 22:30:00+01:00,0.026796196365214787
2023-01-24 22:45:00+01:00,0.019097304009935367
2023-01-24 23:00:00+01:00,0.012712978653204681
2023-01-24 23:15:00+01:00,0.012735056739388911
2023-01-24 23:30:00+01:00,0.012788593541544966
2023-01-24 23:45:00+01:00,0.012873464281309184
2023-01-25 00:00:00+01:00,0.01298947249783857
2023-01-25 00:15:00+01:00,0.013755756751685137
2023-01-25 00:30:00+01:00,0.015390907371974462
2023-01-25 00:45:00+01:00,0.017110088524276094
2023-01-25 01:00:00+01:00,0.018848255126806917
2023-01-25 01:15:00+01:00,0.018545846561411426
2023-01-25 01:30:00+01:00,0.018244008367136702
2023-01-25 01:45:00+01:00,0.017942745989348568
2023-01-25 02:00:00+01:00,0.017642064932362363
2023-01-25 02:15:00+01:00,0.013835116556211802
2023-01-25 02:30:00+01:00,0.01208608664352103
2023-01-25 02:45:00+01:00,0.01035491979509351
2023-01-25 03:00:00+01:00,0.0086282784444153
2023-01-25 03:15:00+01:00,0.008053050783129297
2023-01-25 03:30:00+01:00,0.007477920843006838
2023-01-25 03:45:00+01:00,0.006902893508104471
2023-01-25 04:00:00+01:00,0.006327973992500604
2023-01-25 04:15:00+01:00,0.004785462670064167
2023-01-25 04:30:00+01:00,0.0035400122716986895
2023-01-25 04:45:00+01:00,0.002628339952258644
2023-01-25 05:00:00+01:00,0.0020811983718232842
2023-01-25 05:15:00+01:00,0.0
2023-01-25 05:30:00+01:00,0.0
2023-01-25 05:45:00+01:00,0.0
2023-01-25 06:00:00+01:00,0.0
2023-01-25 06:15:00+01:00,0.0
2023-01-25 06:30:00+01:00,0.0
2023-01-25 06:45:00+01:00,0.0
2023-01-25 07:00:00+01:00,0.0
2023-01-25 07:15:00+01:00,0.0
2023-01-25 07:30:00+01:00,0.0
2023-01-25 07:45:00+01:00,0.0
2023-01-25 08:00:00+01:00,0.0
2023-01-25 08:15:00+01:00,0.0
2023-01-25 08:30:00+01:00,0.0
2023-01-25 08:45:00+01:00,0.0
2023-01-25 09:00:00+01:00,0.0
2023-01-25 09:15:00+01:00,0.0
2023-01-25 09:30:00+01:00,0.0
2023-01-25 09:45:00+01:00,0.0
2023-01-25 10:00:00+01:00,0.0
2023-01-25 10:15:00+01:00,0.0
2023-01-25 10:30:00+01:00,0.0
2023-01-25 10:45:00+01:00,0.0
2023-01-25 11:00:00+01:00,0.0
2023-01-25 11:15:00+01:00,0.0
2023-01-25 11:30:00+01:00,0.0
2023-01-25 11:45:00+01:00,0.0
2023-01-25 12:00:00+01:00,0.0
2023-01-25 12:15:00+01:00,0.0
2023-01-25 12:30:00+01:00,0.0
2023-01-25 12:45:00+01:00,0.0
2023-01-25 13:00:00+01:00,0.0
2023-01-25 13:15:00+01:00,0.0
2023-01-25 13:30:00+01:00,0.0
2023-01-25 13:45:00+01:00,0.0
2023-01-25 14:00:00+01:00,0.0
2023-01-25 14:15:00+01:00,0.0
2023-01-25 14:30:00+01:00,0.0
2023-01-25 14:45:00+01:00,0.0
2023-01-25 15:00:00+01:00,0.0
2023-01-25 15:15:00+01:00,0.0
2023-01-25 15:30:00+01:00,0.0
2023-01-25 15:45:00+01:00,0.0
2023-01-25 16:00:00+01:00,0.0
2023-01-25 16:15:00+01:00,0.0
2023-01-25 16:30:00+01:00,0.00039899245995978253
2023-01-25 16:45:00+01:00,0.0029067942528431074
2023-01-25 17:00:00+01:00,0.005859252762519272
2023-01-25 17:15:00+01:00,0.006442378495644791
2023-01-25 17:30:00+01:00,0.007032996903513906
2023-01-25 17:45:00+01:00,0.0076307313635109834
2023-01-25 18:00:00+01:00,0.008235225977604448
2023-01-25 18:15:00+01:00,0.010000505801312155
2023-01-25 18:30:00+01:00,0.011771492076562792
2023-01-25 18:45:00+01:00,0.013547448333802834
2023-01-25 19:00:00+01:00,0.01713393318926727
2023-01-25 19:15:00+01:00,0.012501993389531564
2023-01-25 19:30:00+01:00,0.009960153576590473
2023-01-25 19:45:00+01:00,0.007763482064279838
2023-01-25 20:00:00+01:00,0.005979747961746558
2023-01-25 20:15:00+01:00,0.005010285375486333
2023-01-25 20:30:00+01:00,0.0044582829534106005
2023-01-25 20:45:00+01:00,0.004345375720655174
2023-01-25 21:00:00+01:00,0.004676169364634412
2023-01-25 21:15:00+01:00,0.0046352204786962265
2023-01-25 21:30:00+01:00,0.005108620016089345
2023-01-25 21:45:00+01:00,0.00607469504880792
2023-01-25 22:00:00+01:00,0.007492802359501903
2023-01-25 22:15:00+01:00,0.005603938751542329
2023-01-25 22:30:00+01:00,0.004044526598215503
2023-01-25 22:45:00+01:00,0.002865166909316746
2023-01-25 23:00:00+01:00,0.002111122797181745
2023-01-25 23:15:00+01:00,0.0
2023-01-25 23:30:00+01:00,0.0
2023-01-25 23:45:00+01:00,0.0
2023-01-26 00:00:00+01:00,0.0
2023-01-26 00:15:00+01:00,0.0
2023-01-26 00:30:00+01:00,0.0
2023-01-26 00:45:00+01:00,0.0
2023-01-26 01:00:00+01:00,0.0
2023-01-26 01:15:00+01:00,0.0
2023-01-26 01:30:00+01:00,0.0
2023-01-26 01:45:00+01:00,0.0
2023-01-26 02:00:00+01:00,0.0
2023-01-26 02:15:00+01:00,0.0
2023-01-26 02:30:00+01:00,0.00018521546719282668
2023-01-26 02:45:00+01:00,0.0007379636764156401
2023-01-26 03:00:00+01:00,0.0013025222405480866
2023-01-26 03:15:00+01:00,0.0005875510999975889
2023-01-26 03:30:00+01:00,0.0
2023-01-26 03:45:00+01:00,0.0
2023-01-26 04:00:00+01:00,0.0
2023-01-26 04:15:00+01:00,0.0
2023-01-26 04:30:00+01:00,0.0
2023-01-26 04:45:00+01:00,0.0
2023-01-26 05:00:00+01:00,0.0
2023-01-26 05:15:00+01:00,0.0
2023-01-26 05:30:00+01:00,0.0
2023-01-26 05:45:00+01:00,0.0
2023-01-26 06:00:00+01:00,0.0
2023-01-26 06:15:00+01:00,0.0
2023-01-26 06:30:00+01:00,0.0
2023-01-26 06:45:00+01:00,0.0
2023-01-26 07:00:00+01:00,0.0
2023-01-26 07:15:00+01:00,0.0
2023-01-26 07:30:00+01:00,0.0
2023-01-26 07:45:00+01:00,0.0
2023-01-26 08:00:00+01:00,0.0
2023-01-26 08:15:00+01:00,0.0
2023-01-26 08:30:00+01:00,0.0
2023-01-26 08:45:00+01:00,0.0
2023-01-26 09:00:00+01:00,0.0
2023-01-26 09:15:00+01:00,0.0
2023-01-26 09:30:00+01:00,0.0
2023-01-26 09:45:00+01:00,0.0
2023-01-26 10:00:00+01:00,0.0015574245889066279
2023-01-26 10:15:00+01:00,0.0
2023-01-26 10:30:00+01:00,0.0
2023-01-26 10:45:00+01:00,0.0
2023-01-26 11:00:00+01:00,0.0
2023-01-26 11:15:00+01:00,0.0
2023-01-26 11:30:00+01:00,0.0
2023-01-26 11:45:00+01:00,0.0
2023-01-26 12:00:00+01:00,0.0
2023-01-26 12:15:00+01:00,0.0
2023-01-26 12:30:00+01:00,0.0
2023-01-26 12:45:00+01:00,0.001749107038441018
2023-01-26 13:00:00+01:00,0.0043807853631170355
2023-01-26 13:15:00+01:00,0.008321327018309167
2023-01-26 13:30:00+01:00,0.012308593859773473
2023-01-26 13:45:00+01:00,0.019328213528565747
2023-01-26 14:00:00+01:00,0.028189175183509125
2023-01-26 14:15:00+01:00,0.03453861798208969
2023-01-26 14:30:00+01:00,0.04120103631124717
2023-01-26 14:45:00+01:00,0.05095265627455999
2023-01-26 15:00:00+01:00,0.06305190939994786
2023-01-26 15:15:00+01:00,0.07658377283517014
2023-01-26 15:30:00+01:00,0.09029927884402496
2023-01-26 15:45:00+01:00,0.10957052988243988
2023-01-26 16:00:00+01:00,0.13203981394489703
2023-01-26 16:15:00+01:00,0.15201685506128823
2023-01-26 16:30:00+01:00,0.17206273294829394
2023-01-26 16:45:00+01:00,0.19688441610012936
2023-01-26 17:00:00+01:00,0.22347264743553324
2023-01-26 17:15:00+01:00,0.24187872550388376
2023-01-26 17:30:00+01:00,0.26035314112097063
2023-01-26 17:45:00+01:00,0.2788908544648002
2023-01-26 18:00:00+01:00,0.30098038503304414
2023-01-26 18:15:00+01:00,0.2975998383793645
2023-01-26 18:30:00+01:00,0.29451872192365536
2023-01-26 18:45:00+01:00,0.29173983317640334
2023-01-26 19:00:00+01:00,0.2892657251963476
2023-01-26 19:15:00+01:00,0.2854809561308826
2023-01-26 19:30:00+01:00,0.2828333270031593
2023-01-26 19:45:00+01:00,0.2805136428767111
2023-01-26 20:00:00+01:00,0.27852494203858863
2023-01-26 20:15:00+01:00,0.27618397832351793
2023-01-26 20:30:00+01:00,0.274061607588857
2023-01-26 20:45:00+01:00,0.27215969858795924
2023-01-26 21:00:00+01:00,0.2704799440911204
2023-01-26 21:15:00+01:00,0.26240785707071773
2023-01-26 21:30:00+01:00,0.2547177147092243
2023-01-26 21:45:00+01:00,0.24742175478713238
2023-01-26 22:00:00+01:00,0.2405320755690915
2023-01-26 22:15:00+01:00,0.23651810883312188
2023-01-26 22:30:00+01:00,0.23328969411521047
2023-01-26 22:45:00+01:00,0.23085764672969067
2023-01-26 23:00:00+01:00,0.2292302454389589
2023-01-26 23:15:00+01:00,0.22387337720872497
2023-01-26 23:30:00+01:00,0.21853033643129655
2023-01-26 23:45:00+01:00,0.21320144628451207
2023-01-27 00:00:00+01:00,0.20788703919967264
2023-01-27 00:15:00+01:00,0.21451555129478692
2023-01-27 00:30:00+01:00,0.22114522351596663
2023-01-27 00:45:00+01:00,0.22777602291928178
2023-01-27 01:00:00+01:00,0.23440791779115364
2023-01-27 01:15:00+01:00,0.23773576095415944
2023-01-27 01:30:00+01:00,0.24137269932429617
2023-01-27 01:45:00+01:00,0.2453140354308624
2023-01-27 02:00:00+01:00,0.2495547854475488
2023-01-27 02:15:00+01:00,0.246531492243224
2023-01-27 02:30:00+01:00,0.2444918317169349
2023-01-27 02:45:00+01:00,0.2434442093628957
2023-01-27 03:00:00+01:00,0.24339297965206205
2023-01-27 03:15:00+01:00,0.24791359269443483
2023-01-27 03:30:00+01:00,0.252875173429242
2023-01-27 03:45:00+01:00,0.25826874147646267
2023-01-27 04:00:00+01:00,0.2640848088799487
2023-01-27 04:15:00+01:00,0.265756728475802
2023-01-27 04:30:00+01:00,0.267516414196637
2023-01-27 04:45:00+01:00,0.2693632416041048
2023-01-27 05:00:00+01:00,0.2712965616907787
2023-01-27 05:15:00+01:00,0.2657958916652241
2023-01-27 05:30:00+01:00,0.2603689095766348
2023-01-27 05:45:00+01:00,0.25501726420295323
2023-01-27 06:00:00+01:00,0.2497426299513153
2023-01-27 06:15:00+01:00,0.25032002317381524
2023-01-27 06:30:00+01:00,0.2510714578001721
2023-01-27 06:45:00+01:00,0.25199639238171706
2023-01-27 07:00:00+01:00,0.2530941635322832
2023-01-27 07:15:00+01:00,0.26466279588254027
2023-01-27 07:30:00+01:00,0.276592573645528
2023-01-27 07:45:00+01:00,0.28980180272335065
2023-01-27 08:00:00+01:00,0.30614253392384444
2023-01-27 08:15:00+01:00,0.31174253533792556
2023-01-27 08:30:00+01:00,0.3173478257210005
2023-01-27 08:45:00+01:00,0.32295831792767454
2023-01-27 09:00:00+01:00,0.3285739266383533
2023-01-27 09:15:00+01:00,0.3294501278378404
2023-01-27 09:30:00+01:00,0.3303782568417779
2023-01-27 09:45:00+01:00,0.33135817313481575
2023-01-27 10:00:00+01:00,0.3323897289108209
2023-01-27 10:15:00+01:00,0.3216729398195884
2023-01-27 10:30:00+01:00,0.3109581561877647
2023-01-27 10:45:00+01:00,0.3002454426175014
2023-01-27 11:00:00+01:00,0.2895348665024758
2023-01-27 11:15:00+01:00,0.34515587786130286
2023-01-27 11:30:00+01:00,0.4011832003011236
2023-01-27 11:45:00+01:00,0.46127925265137987
2023-01-27 12:00:00+01:00,0.5246764540772517
2023-01-27 12:15:00+01:00,0.524675508641853
2023-01-27 12:30:00+01:00,0.5256554861617327
2023-01-27 12:45:00+01:00,0.5276142639253629
2023-01-27 13:00:00+01:00,0.5305476173660575
2023-01-27 13:15:00+01:00,0.4640164269172946
2023-01-27 13:30:00+01:00,0.4005797336650117
2023-01-27 13:45:00+01:00,0.34121346666169955
2023-01-27 14:00:00+01:00,0.2827854341576703
2023-01-27 14:15:00+01:00,0.30417642552791796
2023-01-27 14:30:00+01:00,0.3267642602479352
2023-01-27 14:45:00+01:00,0.34965872569966633
2023-01-27 15:00:00+01:00,0.372840147852904
2023-01-27 15:15:00+01:00,0.34281852149693953
2023-01-27 15:30:00+01:00,0.31296280378056607
2023-01-27 15:45:00+01:00,0.2838432781412509
2023-01-27 16:00:00+01:00,0.26111127739382944
2023-01-27 16:15:00+01:00,0.26570233528227055
2023-01-27 16:30:00+01:00,0.270365904933073
2023-01-27 16:45:00+01:00,0.2751006295676559
2023-01-27 17:00:00+01:00,0.2799051661104834
2023-01-27 17:15:00+01:00,0.28016912140137995
2023-01-27 17:30:00+01:00,0.2804429567763881
2023-01-27 17:45:00+01:00,0.28072666146150416
2023-01-27 18:00:00+01:00,0.28102022431093343
2023-01-27 18:15:00+01:00,0.2790517852574385
2023-01-27 18:30:00+01:00,0.2771435869206049
2023-01-27 18:45:00+01:00,0.2752960903872522
2023-01-27 19:00:00+01:00,0.27350974657043836
2023-01-27 19:15:00+01:00,0.2728421856119694
2023-01-27 19:30:00+01:00,0.2722112616719772
2023-01-27 19:45:00+01:00,0.27161706792723594
2023-01-27 20:00:00+01:00,0.2710596924192036
2023-01-27 20:15:00+01:00,0.2695321647736795
2023-01-27 20:30:00+01:00,0.26800583437206466
2023-01-27 20:45:00+01:00,0.26648070863171913
2023-01-27 21:00:00+01:00,0.26495679502547465
2023-01-27 21:15:00+01:00,0.2622714490521915
2023-01-27 21:30:00+01:00,0.25962858951903217
2023-01-27 21:45:00+01:00,0.25702867809698426
2023-01-27 22:00:00+01:00,0.25447217550397344
2023-01-27 22:15:00+01:00,0.23476803529379708
2023-01-27 22:30:00+01:00,0.21516547873910477
2023-01-27 22:45:00+01:00,0.1956734449467624
2023-01-27 23:00:00+01:00,0.17656276488684433
2023-01-27 23:15:00+01:00,0.17166946020730797
2023-01-27 23:30:00+01:00,0.16677894352250605
2023-01-27 23:45:00+01:00,0.16189130051948036
2023-01-28 00:00:00+01:00,0.15700662037945573
2023-01-28 00:15:00+01:00,0.15091214357096894
2023-01-28 00:30:00+01:00,0.1450777647948158
2023-01-28 00:45:00+01:00,0.13951348995129195
2023-01-28 01:00:00+01:00,0.13422934526301766
2023-01-28 01:15:00+01:00,0.137658399171245
2023-01-28 01:30:00+01:00,0.1413514786898939
2023-01-28 01:45:00+01:00,0.1453022354692864
2023-01-28 02:00:00+01:00,0.1495041014052734
2023-01-28 02:15:00+01:00,0.1474196733905293
2023-01-28 02:30:00+01:00,0.14534385661615412
2023-01-28 02:45:00+01:00,0.1432767679774782
2023-01-28 03:00:00+01:00,0.1412185259902086
2023-01-28 03:15:00+01:00,0.13831697842713325
2023-01-28 03:30:00+01:00,0.13546663472908055
2023-01-28 03:45:00+01:00,0.13266847191609815
2023-01-28 04:00:00+01:00,0.12992347344721253
2023-01-28 04:15:00+01:00,0.12234009070146053
2023-01-28 04:30:00+01:00,0.11483035354267447
2023-01-28 04:45:00+01:00,0.10739818555855425
2023-01-28 05:00:00+01:00,0.10004774903653342
2023-01-28 05:15:00+01:00,0.09599408205594208
2023-01-28 05:30:00+01:00,0.0932179226563757
2023-01-28 05:45:00+01:00,0.09076256864852095
2023-01-28 06:00:00+01:00,0.08834421840821213
2023-01-28 06:15:00+01:00,0.08314547654326936
2023-01-28 06:30:00+01:00,0.07812402793073084
2023-01-28 06:45:00+01:00,0.07329128628174252
2023-01-28 07:00:00+01:00,0.06865917968546462
2023-01-28 07:15:00+01:00,0.06322532002979946
2023-01-28 07:30:00+01:00,0.05787186737864291
2023-01-28 07:45:00+01:00,0.05260487549477492
2023-01-28 08:00:00+01:00,0.04743090799849799
2023-01-28 08:15:00+01:00,0.04534514867456158
2023-01-28 08:30:00+01:00,0.04365018154243545
2023-01-28 08:45:00+01:00,0.04255645670180244
2023-01-28 09:00:00+01:00,0.041534835953372415
2023-01-28 09:15:00+01:00,0.0394571371770919
2023-01-28 09:30:00+01:00,0.0374369263710825
2023-01-28 09:45:00+01:00,0.035477303836623626
2023-01-28 10:00:00+01:00,0.033581493464527025
2023-01-28 10:15:00+01:00,0.03324790641778747
2023-01-28 10:30:00+01:00,0.03295464322257479
2023-01-28 10:45:00+01:00,0.032702027550051964
2023-01-28 11:00:00+01:00,0.03249034099091794
2023-01-28 11:15:00+01:00,0.03126408483734777
2023-01-28 11:30:00+01:00,0.030119002655556726
2023-01-28 11:45:00+01:00,0.02905772609448199
2023-01-28 12:00:00+01:00,0.028082796655765505
2023-01-28 12:15:00+01:00,0.02487333811461162
2023-01-28 12:30:00+01:00,0.021684036727423753
2023-01-28 12:45:00+01:00,0.018516913667679914
2023-01-28 13:00:00+01:00,0.015374252521583413
2023-01-28 13:15:00+01:00,0.012561462856152669
2023-01-28 13:30:00+01:00,0.010603994366332055
2023-01-28 13:45:00+01:00,0.008652559611686365
2023-01-28 14:00:00+01:00,0.0067081876250160745
2023-01-28 14:15:00+01:00,0.0029119943872642634
2023-01-28 14:30:00+01:00,0.0
2023-01-28 14:45:00+01:00,0.0
2023-01-28 15:00:00+01:00,0.0
2023-01-28 15:15:00+01:00,0.0
2023-01-28 15:30:00+01:00,0.0
2023-01-28 15:45:00+01:00,0.0
2023-01-28 16:00:00+01:00,0.0
2023-01-28 16:15:00+01:00,0.0
2023-01-28 16:30:00+01:00,0.0
2023-01-28 16:45:00+01:00,0.0
2023-01-28 17:00:00+01:00,0.004063021943243302
2023-01-28 17:15:00+01:00,0.0020082783553064983
2023-01-28 17:30:00+01:00,0.0
2023-01-28 17:45:00+01:00,0.0
2023-01-28 18:00:00+01:00,0.0
2023-01-28 18:15:00+01:00,0.0
2023-01-28 18:30:00+01:00,0.0
2023-01-28 18:45:00+01:00,0.0
2023-01-28 19:00:00+01:00,0.0
2023-01-28 19:15:00+01:00,0.0
2023-01-28 19:30:00+01:00,0.0
2023-01-28 19:45:00+01:00,0.0
2023-01-28 20:00:00+01:00,0.0
2023-01-28 20:15:00+01:00,0.0
2023-01-28 20:30:00+01:00,0.0
2023-01-28 20:45:00+01:00,0.0
2023-01-28 21:00:00+01:00,0.0
2023-01-28 21:15:00+01:00,0.0
2023-01-28 21:30:00+01:00,0.0
2023-01-28 21:45:00+01:00,0.0
2023-01-28 22:00:00+01:00,0.0012368652758338878
2023-01-28 22:15:00+01:00,0.0025151599117891783
2023-01-28 22:30:00+01:00,0.004481974924650158
2023-01-28 22:45:00+01:00,0.007020225807445362
2023-01-28 23:00:00+01:00,0.010014465491006196
2023-01-28 23:15:00+01:00,0.011014411377993333
2023-01-28 23:30:00+01:00,0.012100551070707443
2023-01-28 23:45:00+01:00,0.013266015753803281
2023-01-29 00:00:00+01:00,0.015330672553719619
2023-01-29 00:15:00+01:00,0.019933093436085167
2023-01-29 00:30:00+01:00,0.024723090404903284
2023-01-29 00:45:00+01:00,0.02967537594430321
2023-01-29 01:00:00+01:00,0.03476836146682932
2023-01-29 01:15:00+01:00,0.040429336715984664
2023-01-29 01:30:00+01:00,0.04770939334577178
2023-01-29 01:45:00+01:00,0.057672896835613614
2023-01-29 02:00:00+01:00,0.06778963158158939
2023-01-29 02:15:00+01:00,0.06773776246698054
2023-01-29 02:30:00+01:00,0.0682930340980534
2023-01-29 02:45:00+01:00,0.06945105235338747
2023-01-29 03:00:00+01:00,0.07120278842804971
2023-01-29 03:15:00+01:00,0.07086557169532051
2023-01-29 03:30:00+01:00,0.0705525601674454
2023-01-29 03:45:00+01:00,0.07026385224996835
2023-01-29 04:00:00+01:00,0.06999953918119477
2023-01-29 04:15:00+01:00,0.07629944217874648
2023-01-29 04:30:00+01:00,0.08282139258005357
2023-01-29 04:45:00+01:00,0.08954803101657431
2023-01-29 05:00:00+01:00,0.09720411629134419
2023-01-29 05:15:00+01:00,0.10539810703125417
2023-01-29 05:30:00+01:00,0.11361065072758304
2023-01-29 05:45:00+01:00,0.1218407021420673
2023-01-29 06:00:00+01:00,0.13008729111487763
2023-01-29 06:15:00+01:00,0.1285643935913903
2023-01-29 06:30:00+01:00,0.1270995433535126
2023-01-29 06:45:00+01:00,0.12569331861869237
2023-01-29 07:00:00+01:00,0.124346281709392
2023-01-29 07:15:00+01:00,0.13017929496769992
2023-01-29 07:30:00+01:00,0.13602111113383403
2023-01-29 07:45:00+01:00,0.14187139288262526
2023-01-29 08:00:00+01:00,0.14772981945381466
2023-01-29 08:15:00+01:00,0.15289978564444978
2023-01-29 08:30:00+01:00,0.15820939674991835
2023-01-29 08:45:00+01:00,0.16365401025386034
2023-01-29 09:00:00+01:00,0.1692290767992831
2023-01-29 09:15:00+01:00,0.17010224875938457
2023-01-29 09:30:00+01:00,0.1709759949728799
2023-01-29 09:45:00+01:00,0.1718503123509671
2023-01-29 10:00:00+01:00,0.17272519782495868
2023-01-29 10:15:00+01:00,0.17096316569771128
2023-01-29 10:30:00+01:00,0.16984996811546527
2023-01-29 10:45:00+01:00,0.16939007404891362
2023-01-29 11:00:00+01:00,0.16958534172200987
2023-01-29 11:15:00+01:00,0.17637363973348397
2023-01-29 11:30:00+01:00,0.1850737610593247
2023-01-29 11:45:00+01:00,0.19416088029899098
2023-01-29 12:00:00+01:00,0.20331117044976416
2023-01-29 12:15:00+01:00,0.21245236225740544
2023-01-29 12:30:00+01:00,0.22160699580912002
2023-01-29 12:45:00+01:00,0.23077454627415983
2023-01-29 13:00:00+01:00,0.23995451510857266
2023-01-29 13:15:00+01:00,0.23971125100158922
2023-01-29 13:30:00+01:00,0.23991564446065441
2023-01-29 13:45:00+01:00,0.24056731060072675
2023-01-29 14:00:00+01:00,0.24166502523570305
2023-01-29 14:15:00+01:00,0.24058428180675936
2023-01-29 14:30:00+01:00,0.23950531910642597
2023-01-29 14:45:00+01:00,0.23842814524108388
2023-01-29 15:00:00+01:00,0.2373527683528294
2023-01-29 15:15:00+01:00,0.24952752586430452
2023-01-29 15:30:00+01:00,0.2619535377913455
2023-01-29 15:45:00+01:00,0.27461826970570496
2023-01-29 16:00:00+01:00,0.28804252145416886
2023-01-29 16:15:00+01:00,0.3177377917773683
2023-01-29 16:30:00+01:00,0.34765541581227655
2023-01-29 16:45:00+01:00,0.3777768360096589
2023-01-29 17:00:00+01:00,0.4080853971494674
2023-01-29 17:15:00+01:00,0.44220428663475486
2023-01-29 17:30:00+01:00,0.478843162854123
2023-01-29 17:45:00+01:00,0.5158236112788239
2023-01-29 18:00:00+01:00,0.5531182531723723
2023-01-29 18:15:00+01:00,0.5768465553825157
2023-01-29 18:30:00+01:00,0.6009148332094469
2023-01-29 18:45:00+01:00,0.6251562723284259
2023-01-29 19:00:00+01:00,0.649468962459308
2023-01-29 19:15:00+01:00,0.6707138656154696
2023-01-29 19:30:00+01:00,0.6922375670494585
2023-01-29 19:45:00+01:00,0.7140285740792323
2023-01-29 20:00:00+01:00,0.7360758857676415
2023-01-29 20:15:00+01:00,0.7533714767608085
2023-01-29 20:30:00+01:00,0.7694262405634567
2023-01-29 20:45:00+01:00,0.785553226405405
2023-01-29 21:00:00+01:00,0.8017498356328503
2023-01-29 21:15:00+01:00,0.8133630760602002
2023-01-29 21:30:00+01:00,0.8256054786351982
2023-01-29 21:45:00+01:00,0.8384603149592859
2023-01-29 22:00:00+01:00,0.8519106517023889
2023-01-29 22:15:00+01:00,0.8553336262281113
2023-01-29 22:30:00+01:00,0.8605562128266041
2023-01-29 22:45:00+01:00,0.8675584204465809
2023-01-29 23:00:00+01:00,0.8745045236538146
2023-01-29 23:15:00+01:00,0.8758496451757621
2023-01-29 23:30:00+01:00,0.8771947766549283
2023-01-29 23:45:00+01:00,0.8785399180465471
2023-01-30 00:00:00+01:00,0.8798850693061213
2023-01-30 00:15:00+01:00,0.8878582877082228
2023-01-30 00:30:00+01:00,0.8958322146800726
2023-01-30 00:45:00+01:00,0.9038068318544732
2023-01-30 01:00:00+01:00,0.9117821214920869
2023-01-30 01:15:00+01:00,0.915710504870903
2023-01-30 01:30:00+01:00,0.9196604482725369
2023-01-30 01:45:00+01:00,0.923631680679504
2023-01-30 02:00:00+01:00,0.9276239341734042
2023-01-30 02:15:00+01:00,0.9321713752947751
2023-01-30 02:30:00+01:00,0.9370124553107353
2023-01-30 02:45:00+01:00,0.9421427374536016
2023-01-30 03:00:00+01:00,0.9475576168911695
2023-01-30 03:15:00+01:00,0.9532164468963283
2023-01-30 03:30:00+01:00,0.9562521448509299
2023-01-30 03:45:00+01:00,0.9593585931748608
2023-01-30 04:00:00+01:00,0.9625342889988475
2023-01-30 04:15:00+01:00,0.9613743855991852
2023-01-30 04:30:00+01:00,0.960377747308813
2023-01-30 04:45:00+01:00,0.9595454944148742
2023-01-30 05:00:00+01:00,0.9588785702874248
2023-01-30 05:15:00+01:00,0.957840142022184
2023-01-30 05:30:00+01:00,0.9570640631221946
2023-01-30 05:45:00+01:00,0.9565517450799955
2023-01-30 06:00:00+01:00,0.9563041252223803
2023-01-30 06:15:00+01:00,0.9484580874062882
2023-01-30 06:30:00+01:00,0.936674258544626
2023-01-30 06:45:00+01:00,0.9259605810098647
2023-01-30 07:00:00+01:00,0.9163538266553424
2023-01-30 07:15:00+01:00,0.905027389908713
2023-01-30 07:30:00+01:00,0.8954705420219918
2023-01-30 07:45:00+01:00,0.8877392351075801
2023-01-30 08:00:00+01:00,0.8818804679855603
2023-01-30 08:15:00+01:00,0.8786326477486639
2023-01-30 08:30:00+01:00,0.8759117753682424
2023-01-30 08:45:00+01:00,0.8737226687524084
2023-01-30 09:00:00+01:00,0.8720692468972814
2023-01-30 09:15:00+01:00,0.8804858741258035
2023-01-30 09:30:00+01:00,0.8890028901340198
2023-01-30 09:45:00+01:00,0.8976174966976143
2023-01-30 10:00:00+01:00,0.906326968315977
2023-01-30 10:15:00+01:00,0.8937235546080485
2023-01-30 10:30:00+01:00,0.8811735632881388
2023-01-30 10:45:00+01:00,0.8670620181285171
2023-01-30 11:00:00+01:00,0.8473103582147057
2023-01-30 11:15:00+01:00,0.8798090164797416
2023-01-30 11:30:00+01:00,0.9034478996121171
2023-01-30 11:45:00+01:00,0.9271542156917795
2023-01-30 12:00:00+01:00,0.9509230204989041
2023-01-30 12:15:00+01:00,0.9565821368676921
2023-01-30 12:30:00+01:00,0.9620368492116996
2023-01-30 12:45:00+01:00,0.9680794042534507
2023-01-30 13:00:00+01:00,0.9746861681755242
2023-01-30 13:15:00+01:00,0.9812449000549627
2023-01-30 13:30:00+01:00,0.9881406660677374
2023-01-30 13:45:00+01:00,0.9906058340579317
2023-01-30 14:00:00+01:00,0.9932009911938172
2023-01-30 14:15:00+01:00,0.9922836114273303
2023-01-30 14:30:00+01:00,0.9914082978762251
2023-01-30 14:45:00+01:00,0.9905757530457927
2023-01-30 15:00:00+01:00,0.9897866597010945
2023-01-30 15:15:00+01:00,0.977650933978591
2023-01-30 15:30:00+01:00,0.9621358984597491
2023-01-30 15:45:00+01:00,0.9393336403947529
2023-01-30 16:00:00+01:00,0.9041850237730992
2023-01-30 16:15:00+01:00,0.8782817245953513
2023-01-30 16:30:00+01:00,0.8412728282063846
2023-01-30 16:45:00+01:00,0.8003422365311714
2023-01-30 17:00:00+01:00,0.7595315467760503
2023-01-30 17:15:00+01:00,0.733149851040307
2023-01-30 17:30:00+01:00,0.7028028306178303
2023-01-30 17:45:00+01:00,0.6725076123841528
2023-01-30 18:00:00+01:00,0.6422673462982385
2023-01-30 18:15:00+01:00,0.6141041368285002
2023-01-30 18:30:00+01:00,0.5859545282153066
2023-01-30 18:45:00+01:00,0.558200140882589
2023-01-30 19:00:00+01:00,0.5304999432666556
2023-01-30 19:15:00+01:00,0.5137559021717695
2023-01-30 19:30:00+01:00,0.49794562161920014
2023-01-30 19:45:00+01:00,0.4831028061419549
2023-01-30 20:00:00+01:00,0.46926058897795975
2023-01-30 20:15:00+01:00,0.47605324232413243
2023-01-30 20:30:00+01:00,0.4847238424610763
2023-01-30 20:45:00+01:00,0.4952355559224368
2023-01-30 21:00:00+01:00,0.5075450065858963
2023-01-30 21:15:00+01:00,0.5180343031152903
2023-01-30 21:30:00+01:00,0.5292478432029866
2023-01-30 21:45:00+01:00,0.5411678705008421
2023-01-30 22:00:00+01:00,0.5537761403683584
2023-01-30 22:15:00+01:00,0.5216858650132706
2023-01-30 22:30:00+01:00,0.4904022303467139
2023-01-30 22:45:00+01:00,0.4599838803774193
2023-01-30 23:00:00+01:00,0.43049341276741915
2023-01-30 23:15:00+01:00,0.4227209212860433
2023-01-30 23:30:00+01:00,0.41651458665137586
2023-01-30 23:45:00+01:00,0.4114366682023655
2023-01-31 00:00:00+01:00,0.4075027209100298
2023-01-31 00:15:00+01:00,0.4008550981919627
2023-01-31 00:30:00+01:00,0.39531416002989767
2023-01-31 00:45:00+01:00,0.39089680682524414
2023-01-31 01:00:00+01:00,0.38761675901449283
2023-01-31 01:15:00+01:00,0.39170336659818933
2023-01-31 01:30:00+01:00,0.397511981178582
2023-01-31 01:45:00+01:00,0.405015388791047
2023-01-31 02:00:00+01:00,0.414179276036023
2023-01-31 02:15:00+01:00,0.42635603104933
2023-01-31 02:30:00+01:00,0.4406041845201688
2023-01-31 02:45:00+01:00,0.45547720288323607
2023-01-31 03:00:00+01:00,0.47095367088225865
2023-01-31 03:15:00+01:00,0.4828825443400382
2023-01-31 03:30:00+01:00,0.49549273142123373
2023-01-31 03:45:00+01:00,0.5087649935221027
2023-01-31 04:00:00+01:00,0.5226798559956738
2023-01-31 04:15:00+01:00,0.5368128485620334
2023-01-31 04:30:00+01:00,0.5510065765041361
2023-01-31 04:45:00+01:00,0.5652591875364541
2023-01-31 05:00:00+01:00,0.5795688967077128
2023-01-31 05:15:00+01:00,0.5977192494093508
2023-01-31 05:30:00+01:00,0.616052772980095
2023-01-31 05:45:00+01:00,0.6345077647666104
2023-01-31 06:00:00+01:00,0.6530797576481325
2023-01-31 06:15:00+01:00,0.670199329632128
2023-01-31 06:30:00+01:00,0.687762942637309
2023-01-31 06:45:00+01:00,0.7057555807900805
2023-01-31 07:00:00+01:00,0.724162555136587
2023-01-31 07:15:00+01:00,0.731377066994324
2023-01-31 07:30:00+01:00,0.7385928879677334
2023-01-31 07:45:00+01:00,0.7452370578311329
2023-01-31 08:00:00+01:00,0.7510548617345685
2023-01-31 08:15:00+01:00,0.7565893434665024
2023-01-31 08:30:00+01:00,0.7621668617047977
2023-01-31 08:45:00+01:00,0.7677868670168544
2023-01-31 09:00:00+01:00,0.773448815203515
2023-01-31 09:15:00+01:00,0.7890467934171125
2023-01-31 09:30:00+01:00,0.8048981237258728
2023-01-31 09:45:00+01:00,0.8209939724205423
2023-01-31 10:00:00+01:00,0.8373257847247937
2023-01-31 10:15:00+01:00,0.8392053791135522
2023-01-31 10:30:00+01:00,0.8415372989190903
2023-01-31 10:45:00+01:00,0.8443192629915999
2023-01-31 11:00:00+01:00,0.8475485699488435
2023-01-31 11:15:00+01:00,0.8304871330326131
2023-01-31 11:30:00+01:00,0.8134825845575346
2023-01-31 11:45:00+01:00,0.7965370912412474
2023-01-31 12:00:00+01:00,0.7796529231299687
2023-01-31 12:15:00+01:00,0.8143866296404815
2023-01-31 12:30:00+01:00,0.8519696803655632
2023-01-31 12:45:00+01:00,0.8844931668120599
2023-01-31 13:00:00+01:00,0.9113278070795668
2023-01-31 13:15:00+01:00,0.9337482225865622
2023-01-31 13:30:00+01:00,0.9545499266918497
2023-01-31 13:45:00+01:00,0.9654020161800343
2023-01-31 14:00:00+01:00,0.9766836307652482
2023-01-31 14:15:00+01:00,0.9611693008458981
2023-01-31 14:30:00+01:00,0.9372756603018018
2023-01-31 14:45:00+01:00,0.9024063727381548
2023-01-31 15:00:00+01:00,0.8655254320414759
2023-01-31 15:15:00+01:00,0.8568189845633735
2023-01-31 15:30:00+01:00,0.8493034117435005
2023-01-31 15:45:00+01:00,0.8429980882630828
2023-01-31 16:00:00+01:00,0.8379195940496105
2023-01-31 16:15:00+01:00,0.8417661014210401
2023-01-31 16:30:00+01:00,0.8486975187913256
2023-01-31 16:45:00+01:00,0.8586680764890122
2023-01-31 17:00:00+01:00,0.8715450127025308
2023-01-31 17:15:00+01:00,0.8556493583238649
2023-01-31 17:30:00+01:00,0.8397903036614973
2023-01-31 17:45:00+01:00,0.8240400015818493
2023-01-31 18:00:00+01:00,0.8084022549560271
2023-01-31 18:15:00+01:00,0.7909212544516465
2023-01-31 18:30:00+01:00,0.7734831761135051
2023-01-31 18:45:00+01:00,0.7560897486048769
2023-01-31 19:00:00+01:00,0.737752297500992
2023-01-31 19:15:00+01:00,0.7155552932708114
2023-01-31 19:30:00+01:00,0.6959500412370266
2023-01-31 19:45:00+01:00,0.6790360837292592
2023-01-31 20:00:00+01:00,0.6649034271933535
2023-01-31 20:15:00+01:00,0.6740376590647922
2023-01-31 20:30:00+01:00,0.6832859921546369
2023-01-31 20:45:00+01:00,0.6926463774789894
2023-01-31 21:00:00+01:00,0.7021167908765154
2023-01-31 21:15:00+01:00,0.6823551734006726
2023-01-31 21:30:00+01:00,0.6629721111586863
2023-01-31 21:45:00+01:00,0.6439823150083154
2023-01-31 22:00:00+01:00,0.6254009456736779
2023-01-31 22:15:00+01:00,0.6002007543721605
2023-01-31 22:30:00+01:00,0.5751344064601763
2023-01-31 22:45:00+01:00,0.5503297953665729
2023-01-31 23:00:00+01:00,0.5255357162526052
2023-01-31 23:15:00+01:00,0.5358117580906964
2023-01-31 23:30:00+01:00,0.5461460527240688
2023-01-31 23:45:00+01:00,0.5565372985186798
2023-02-01 00:00:00+01:00,0.5669842254743519
2023-02-01 00:15:00+01:00,0.5767635120011783
2023-02-01 00:30:00+01:00,0.5879838650612513
2023-02-01 00:45:00+01:00,0.6006636562734479
2023-02-01 01:00:00+01:00,0.6146680823458237
2023-02-01 01:15:00+01:00,0.6088142319122402
2023-02-01 01:30:00+01:00,0.6030057189807231
2023-02-01 01:45:00+01:00,0.5972430885412335
2023-02-01 02:00:00+01:00,0.5915268899444036
2023-02-01 02:15:00+01:00,0.6228424648432329
2023-02-01 02:30:00+01:00,0.6541616760690282
2023-02-01 02:45:00+01:00,0.685484301456257
2023-02-01 03:00:00+01:00,0.7168101365546904
2023-02-01 03:15:00+01:00,0.7320063815400671
2023-02-01 03:30:00+01:00,0.7470554055791826
2023-02-01 03:45:00+01:00,0.7606742596171386
2023-02-01 04:00:00+01:00,0.774947381801418
2023-02-01 04:15:00+01:00,0.7954133997722207
2023-02-01 04:30:00+01:00,0.8158818694494175
2023-02-01 04:45:00+01:00,0.8363526816777341
2023-02-01 05:00:00+01:00,0.8568257336754828
2023-02-01 05:15:00+01:00,0.8733521561188421
2023-02-01 05:30:00+01:00,0.8844901695033656
2023-02-01 05:45:00+01:00,0.8956474998480093
2023-02-01 06:00:00+01:00,0.9068234488083771
2023-02-01 06:15:00+01:00,0.9149560959323332
2023-02-01 06:30:00+01:00,0.9230927345508779
2023-02-01 06:45:00+01:00,0.9312332621342816
2023-02-01 07:00:00+01:00,0.9393775795880374
2023-02-01 07:15:00+01:00,0.9437517839483892
2023-02-01 07:30:00+01:00,0.948200290310534
2023-02-01 07:45:00+01:00,0.952531449096655
2023-02-01 08:00:00+01:00,0.9545582364790651
2023-02-01 08:15:00+01:00,0.9496706439273446
2023-02-01 08:30:00+01:00,0.9420450606871316
2023-02-01 08:45:00+01:00,0.9344398574644831
2023-02-01 09:00:00+01:00,0.9268555258347247
2023-02-01 09:15:00+01:00,0.9238568428493913
2023-02-01 09:30:00+01:00,0.9210979064229282
2023-02-01 09:45:00+01:00,0.9185808328933999
2023-02-01 10:00:00+01:00,0.9163075748473792
2023-02-01 10:15:00+01:00,0.877377716971185
2023-02-01 10:30:00+01:00,0.8227231390547165
2023-02-01 10:45:00+01:00,0.768733779691117
2023-02-01 11:00:00+01:00,0.7138070455508171
2023-02-01 11:15:00+01:00,0.7810351622367296
2023-02-01 11:30:00+01:00,0.8427495430451124
2023-02-01 11:45:00+01:00,0.8922960643084598
2023-02-01 12:00:00+01:00,0.9312798905586637
2023-02-01 12:15:00+01:00,0.968813934765947
2023-02-01 12:30:00+01:00,0.9910028162146375
2023-02-01 12:45:00+01:00,1.0
2023-02-01 13:00:00+01:00,1.0
2023-02-01 13:15:00+01:00,1.0
2023-02-01 13:30:00+01:00,1.0
2023-02-01 13:45:00+01:00,1.0
2023-02-01 14:00:00+01:00,1.0
2023-02-01 14:15:00+01:00,1.0
2023-02-01 14:30:00+01:00,1.0
2023-02-01 14:45:00+01:00,1.0
2023-02-01 15:00:00+01:00,1.0
2023-02-01 15:15:00+01:00,1.0
2023-02-01 15:30:00+01:00,1.0
2023-02-01 15:45:00+01:00,1.0
2023-02-01 16:00:00+01:00,0.9964706578613446
2023-02-01 16:15:00+01:00,0.9943588131247058
2023-02-01 16:30:00+01:00,0.9922555344407181
2023-02-01 16:45:00+01:00,0.9901611664576896
2023-02-01 17:00:00+01:00,0.9880377367558353
2023-02-01 17:15:00+01:00,0.983146828405638
2023-02-01 17:30:00+01:00,0.9782936762109251
2023-02-01 17:45:00+01:00,0.9734795026456877
2023-02-01 18:00:00+01:00,0.9687055730627302
2023-02-01 18:15:00+01:00,0.968089595803433
2023-02-01 18:30:00+01:00,0.967473973652094
2023-02-01 18:45:00+01:00,0.9668587080889933
2023-02-01 19:00:00+01:00,0.9662438006017856
2023-02-01 19:15:00+01:00,0.9641884230357459
2023-02-01 19:30:00+01:00,0.9621368958275788
2023-02-01 19:45:00+01:00,0.9600892732941378
2023-02-01 20:00:00+01:00,0.9580456106724289
2023-02-01 20:15:00+01:00,0.9562519899739959
2023-02-01 20:30:00+01:00,0.9544752336278319
2023-02-01 20:45:00+01:00,0.9527155512172746
2023-02-01 21:00:00+01:00,0.9491899421472374
2023-02-01 21:15:00+01:00,0.9371186529687031
2023-02-01 21:30:00+01:00,0.9250486170543293
2023-02-01 21:45:00+01:00,0.9129798830945582
2023-02-01 22:00:00+01:00,0.900912502329473
2023-02-01 22:15:00+01:00,0.8860181440897595
2023-02-01 22:30:00+01:00,0.8714023497096518
2023-02-01 22:45:00+01:00,0.8486852013733868
2023-02-01 23:00:00+01:00,0.826472727627889
2023-02-01 23:15:00+01:00,0.8180209619872673
2023-02-01 23:30:00+01:00,0.8095718080499517
2023-02-01 23:45:00+01:00,0.8011253150725757
2023-02-02 00:00:00+01:00,0.7926815335421391
2023-02-02 00:15:00+01:00,0.786820354363153
2023-02-02 00:30:00+01:00,0.7810279509669187
2023-02-02 00:45:00+01:00,0.7753052300184036
2023-02-02 01:00:00+01:00,0.7696531029924155
2023-02-02 01:15:00+01:00,0.7628011163487212
2023-02-02 01:30:00+01:00,0.7559514461541083
2023-02-02 01:45:00+01:00,0.7491041292523565
2023-02-02 02:00:00+01:00,0.7421152548380837
2023-02-02 02:15:00+01:00,0.7352195047799602
2023-02-02 02:30:00+01:00,0.7289011487328189
2023-02-02 02:45:00+01:00,0.7231671332107333
2023-02-02 03:00:00+01:00,0.7180238590304445
2023-02-02 03:15:00+01:00,0.7236315139620947
2023-02-02 03:30:00+01:00,0.7301476637316331
2023-02-02 03:45:00+01:00,0.7375611383706655
2023-02-02 04:00:00+01:00,0.7452769137137758
2023-02-02 04:15:00+01:00,0.7656624692496331
2023-02-02 04:30:00+01:00,0.7860887466275129
2023-02-02 04:45:00+01:00,0.8065538966071624
2023-02-02 05:00:00+01:00,0.8270561770350267
2023-02-02 05:15:00+01:00,0.8397103035795491
2023-02-02 05:30:00+01:00,0.8523660431323791
2023-02-02 05:45:00+01:00,0.8650233521944846
2023-02-02 06:00:00+01:00,0.8753660342254678
2023-02-02 06:15:00+01:00,0.8735511925754554
2023-02-02 06:30:00+01:00,0.8717419374686755
2023-02-02 06:45:00+01:00,0.869061674535088
2023-02-02 07:00:00+01:00,0.8662060599997433
2023-02-02 07:15:00+01:00,0.8522685553019547
2023-02-02 07:30:00+01:00,0.8384537681796893
2023-02-02 07:45:00+01:00,0.8247654174648891
2023-02-02 08:00:00+01:00,0.8112073376315337
2023-02-02 08:15:00+01:00,0.8146380811024722
2023-02-02 08:30:00+01:00,0.8180920376740637
2023-02-02 08:45:00+01:00,0.8215690310589338
2023-02-02 09:00:00+01:00,0.8250688855922276
2023-02-02 09:15:00+01:00,0.825300409168561
2023-02-02 09:30:00+01:00,0.8255395217151144
2023-02-02 09:45:00+01:00,0.8257862192543323
2023-02-02 10:00:00+01:00,0.8260404976853992
2023-02-02 10:15:00+01:00,0.7732596444093063
2023-02-02 10:30:00+01:00,0.7152847499456005
2023-02-02 10:45:00+01:00,0.6502092790702875
2023-02-02 11:00:00+01:00,0.5853820278403197
2023-02-02 11:15:00+01:00,0.5812097809769501
2023-02-02 11:30:00+01:00,0.5780690662748129
2023-02-02 11:45:00+01:00,0.5759360097643141
2023-02-02 12:00:00+01:00,0.5748151983958236
2023-02-02 12:15:00+01:00,0.6095126909741299
2023-02-02 12:30:00+01:00,0.6446525993470796
2023-02-02 12:45:00+01:00,0.6800843051584685
2023-02-02 13:00:00+01:00,0.7157880296422688
2023-02-02 13:15:00+01:00,0.7184969751599241
2023-02-02 13:30:00+01:00,0.7213107987522791
2023-02-02 13:45:00+01:00,0.7242289388821715
2023-02-02 14:00:00+01:00,0.7272508174207787
2023-02-02 14:15:00+01:00,0.7063531637932291
2023-02-02 14:30:00+01:00,0.6854612553660988
2023-02-02 14:45:00+01:00,0.6645753295124983
2023-02-02 15:00:00+01:00,0.6436956367909863
2023-02-02 15:15:00+01:00,0.641926934651393
2023-02-02 15:30:00+01:00,0.640191022865109
2023-02-02 15:45:00+01:00,0.6384880159717027
2023-02-02 16:00:00+01:00,0.6368180268585625
2023-02-02 16:15:00+01:00,0.6448293571849463
2023-02-02 16:30:00+01:00,0.6528572898427443
2023-02-02 16:45:00+01:00,0.6609015606068975
2023-02-02 17:00:00+01:00,0.6689619103087273
2023-02-02 17:15:00+01:00,0.6680648453334054
2023-02-02 17:30:00+01:00,0.6675366970320405
2023-02-02 17:45:00+01:00,0.6673778500237022
2023-02-02 18:00:00+01:00,0.6675884200917926
2023-02-02 18:15:00+01:00,0.6604386074067358
2023-02-02 18:30:00+01:00,0.6532938410804582
2023-02-02 18:45:00+01:00,0.646154193293559
2023-02-02 19:00:00+01:00,0.6390197375566045
2023-02-02 19:15:00+01:00,0.6485394198493841
2023-02-02 19:30:00+01:00,0.6584361068468413
2023-02-02 19:45:00+01:00,0.6687024398034535
2023-02-02 20:00:00+01:00,0.6793309860567401
2023-02-02 20:15:00+01:00,0.6772685105643704
2023-02-02 20:30:00+01:00,0.6758577255246597
2023-02-02 20:45:00+01:00,0.6751004366467134
2023-02-02 21:00:00+01:00,0.6749976159597506
2023-02-02 21:15:00+01:00,0.6784360142358294
2023-02-02 21:30:00+01:00,0.6820419039300084
2023-02-02 21:45:00+01:00,0.6858141071253325
2023-02-02 22:00:00+01:00,0.6897514033661052
2023-02-02 22:15:00+01:00,0.7054483828872067
2023-02-02 22:30:00+01:00,0.721173713589365
2023-02-02 22:45:00+01:00,0.7369265539143959
2023-02-02 23:00:00+01:00,0.7507951033972554
2023-02-02 23:15:00+01:00,0.7546472834080645
2023-02-02 23:30:00+01:00,0.7585002550459332
2023-02-02 23:45:00+01:00,0.7623540113002323
2023-02-03 00:00:00+01:00,0.7662085452414691
2023-02-03 00:15:00+01:00,0.7728491243439158
2023-02-03 00:30:00+01:00,0.7796872665365794
2023-02-03 00:45:00+01:00,0.7867199235652707
2023-02-03 01:00:00+01:00,0.7939440255166981
2023-02-03 01:15:00+01:00,0.8038425539869454
2023-02-03 01:30:00+01:00,0.8137539902085195
2023-02-03 01:45:00+01:00,0.8236780533229215
2023-02-03 02:00:00+01:00,0.8336144702186674
2023-02-03 02:15:00+01:00,0.84234724410358
2023-02-03 02:30:00+01:00,0.854397588004153
2023-02-03 02:45:00+01:00,0.8696805980123322
2023-02-03 03:00:00+01:00,0.8819208005910221
2023-02-03 03:15:00+01:00,0.8770532214112658
2023-02-03 03:30:00+01:00,0.8721865699599715
2023-02-03 03:45:00+01:00,0.8649045615711773
2023-02-03 04:00:00+01:00,0.8571781942158719
2023-02-03 04:15:00+01:00,0.8596927988924686
2023-02-03 04:30:00+01:00,0.8636730246551142
2023-02-03 04:45:00+01:00,0.8691064771110941
2023-02-03 05:00:00+01:00,0.8742920573757796
2023-02-03 05:15:00+01:00,0.881356672692697
2023-02-03 05:30:00+01:00,0.8885741449233352
2023-02-03 05:45:00+01:00,0.8959408568472211
2023-02-03 06:00:00+01:00,0.9034532331710808
2023-02-03 06:15:00+01:00,0.911616509864783
2023-02-03 06:30:00+01:00,0.9198674706166653
2023-02-03 06:45:00+01:00,0.9282038241337898
2023-02-03 07:00:00+01:00,0.9366233357659038
2023-02-03 07:15:00+01:00,0.9385606060529017
2023-02-03 07:30:00+01:00,0.9405224399171894
2023-02-03 07:45:00+01:00,0.9425086870098365
2023-02-03 08:00:00+01:00,0.9445191963583337
2023-02-03 08:15:00+01:00,0.9449455807600652
2023-02-03 08:30:00+01:00,0.9454236122442434
2023-02-03 08:45:00+01:00,0.9459532140577824
2023-02-03 09:00:00+01:00,0.9465343013448928
2023-02-03 09:15:00+01:00,0.9480072686465669
2023-02-03 09:30:00+01:00,0.9495658560275153
2023-02-03 09:45:00+01:00,0.9512096508765141
2023-02-03 10:00:00+01:00,0.9526268061359625
2023-02-03 10:15:00+01:00,0.9334541340587498
2023-02-03 10:30:00+01:00,0.914193306635597
2023-02-03 10:45:00+01:00,0.8951698496882426
2023-02-03 11:00:00+01:00,0.8763988919098629
2023-02-03 11:15:00+01:00,0.8888110050581577
2023-02-03 11:30:00+01:00,0.9015309474397945
2023-02-03 11:45:00+01:00,0.9145461368892379
2023-02-03 12:00:00+01:00,0.9278443988234977
2023-02-03 12:15:00+01:00,0.9298983133954695
2023-02-03 12:30:00+01:00,0.9324780181393978
2023-02-03 12:45:00+01:00,0.9355792505090995
2023-02-03 13:00:00+01:00,0.9391969469514737
2023-02-03 13:15:00+01:00,0.9288621100494335
2023-02-03 13:30:00+01:00,0.9191046388589892
2023-02-03 13:45:00+01:00,0.9099427263069753
2023-02-03 14:00:00+01:00,0.9013941568172051
2023-02-03 14:15:00+01:00,0.8955398044488967
2023-02-03 14:30:00+01:00,0.8898062069979021
2023-02-03 14:45:00+01:00,0.8841956640472258
2023-02-03 15:00:00+01:00,0.87871048268865
2023-02-03 15:15:00+01:00,0.8597619903825139
2023-02-03 15:30:00+01:00,0.8377385551852631
2023-02-03 15:45:00+01:00,0.8169823744406769
2023-02-03 16:00:00+01:00,0.7975523195776295
2023-02-03 16:15:00+01:00,0.7658718184663904
2023-02-03 16:30:00+01:00,0.7328883808503438
2023-02-03 16:45:00+01:00,0.6952061495356822
2023-02-03 17:00:00+01:00,0.6584286820075718
2023-02-03 17:15:00+01:00,0.6429703780201059
2023-02-03 17:30:00+01:00,0.6276068848091821
2023-02-03 17:45:00+01:00,0.6123411857929525
2023-02-03 18:00:00+01:00,0.5971763706698561
2023-02-03 18:15:00+01:00,0.5872538088204208
2023-02-03 18:30:00+01:00,0.577421025030339
2023-02-03 18:45:00+01:00,0.5676469545622234
2023-02-03 19:00:00+01:00,0.5578730870530282
2023-02-03 19:15:00+01:00,0.5577117265517221
2023-02-03 19:30:00+01:00,0.5575507083928113
2023-02-03 19:45:00+01:00,0.5573900326954099
2023-02-03 20:00:00+01:00,0.5572296995784316
2023-02-03 20:15:00+01:00,0.5498477087324637
2023-02-03 20:30:00+01:00,0.5425042406404926
2023-02-03 20:45:00+01:00,0.5351999165158622
2023-02-03 21:00:00+01:00,0.5279353675813321
2023-02-03 21:15:00+01:00,0.5132891041577663
2023-02-03 21:30:00+01:00,0.4986485718082642
2023-02-03 21:45:00+01:00,0.48401396195821556
2023-02-03 22:00:00+01:00,0.46938547457136354
2023-02-03 22:15:00+01:00,0.4192132782161074
2023-02-03 22:30:00+01:00,0.3743783052627325
2023-02-03 22:45:00+01:00,0.3303981787600986
2023-02-03 23:00:00+01:00,0.2873874109742696
2023-02-03 23:15:00+01:00,0.27856632797783815
2023-02-03 23:30:00+01:00,0.2705039393941404
2023-02-03 23:45:00+01:00,0.2628297727461709
2023-02-04 00:00:00+01:00,0.25555610243635013
2023-02-04 00:15:00+01:00,0.2450335178816534
2023-02-04 00:30:00+01:00,0.2346546442424682
2023-02-04 00:45:00+01:00,0.22442590103723706
2023-02-04 01:00:00+01:00,0.2143539944380699
2023-02-04 01:15:00+01:00,0.20531368900769606
2023-02-04 01:30:00+01:00,0.196276088117005
2023-02-04 01:45:00+01:00,0.1872413028920199
2023-02-04 02:00:00+01:00,0.17820945059375784
2023-02-04 02:15:00+01:00,0.17173191239066363
2023-02-04 02:30:00+01:00,0.16559731114868545
2023-02-04 02:45:00+01:00,0.1596108762080263
2023-02-04 03:00:00+01:00,0.15377827822293755
2023-02-04 03:15:00+01:00,0.1433434812045474
2023-02-04 03:30:00+01:00,0.13300003114730752
2023-02-04 03:45:00+01:00,0.12275439621933812
2023-02-04 04:00:00+01:00,0.11261359961775108
2023-02-04 04:15:00+01:00,0.10529063518809538
2023-02-04 04:30:00+01:00,0.09797625159612786
2023-02-04 04:45:00+01:00,0.0923918798737387
2023-02-04 05:00:00+01:00,0.08784522331157348
2023-02-04 05:15:00+01:00,0.08366980426576272
2023-02-04 05:30:00+01:00,0.0795185385651807
2023-02-04 05:45:00+01:00,0.07539270021563958
2023-02-04 06:00:00+01:00,0.07129364575843625
2023-02-04 06:15:00+01:00,0.06617203322277805
2023-02-04 06:30:00+01:00,0.06106328315811739
2023-02-04 06:45:00+01:00,0.05596830534618384
2023-02-04 07:00:00+01:00,0.0508880946172847
2023-02-04 07:15:00+01:00,0.04664363084199247
2023-02-04 07:30:00+01:00,0.043075063153728346
2023-02-04 07:45:00+01:00,0.04057030555903799
2023-02-04 08:00:00+01:00,0.03806688651047384
2023-02-04 08:15:00+01:00,0.035200039152968494
2023-02-04 08:30:00+01:00,0.03233324330322636
2023-02-04 08:45:00+01:00,0.029466503125781217
2023-02-04 09:00:00+01:00,0.02659982324645756
2023-02-04 09:15:00+01:00,0.021883217800077286
2023-02-04 09:30:00+01:00,0.01717757489404889
2023-02-04 09:45:00+01:00,0.013204452285731643
2023-02-04 10:00:00+01:00,0.011067976374434725
2023-02-04 10:15:00+01:00,0.008206898767579303
2023-02-04 10:30:00+01:00,0.005465173639824801
2023-02-04 10:45:00+01:00,0.002875010997311666
2023-02-04 11:00:00+01:00,0.00047835756850050747
2023-02-04 11:15:00+01:00,2.9095491310708773e-05
2023-02-04 11:30:00+01:00,0.0
2023-02-04 11:45:00+01:00,0.0
2023-02-04 12:00:00+01:00,0.0
2023-02-04 12:15:00+01:00,0.0
2023-02-04 12:30:00+01:00,0.0
2023-02-04 12:45:00+01:00,0.0
2023-02-04 13:00:00+01:00,0.0
2023-02-04 13:15:00+01:00,0.0
2023-02-04 13:30:00+01:00,0.0
2023-02-04 13:45:00+01:00,0.0
2023-02-04 14:00:00+01:00,0.0
2023-02-04 14:15:00+01:00,0.0
2023-02-04 14:30:00+01:00,0.0
2023-02-04 14:45:00+01:00,0.0
2023-02-04 15:00:00+01:00,0.0
2023-02-04 15:15:00+01:00,0.0
2023-02-04 15:30:00+01:00,0.0
2023-02-04 15:45:00+01:00,0.0
2023-02-04 16:00:00+01:00,0.0
2023-02-04 16:15:00+01:00,0.0
2023-02-04 16:30:00+01:00,0.0
2023-02-04 16:45:00+01:00,0.0
2023-02-04 17:00:00+01:00,0.0
2023-02-04 17:15:00+01:00,0.0
2023-02-04 17:30:00+01:00,0.0
2023-02-04 17:45:00+01:00,0.0
2023-02-04 18:00:00+01:00,0.0
2023-02-04 18:15:00+01:00,0.0
2023-02-04 18:30:00+01:00,0.0
2023-02-04 18:45:00+01:00,0.0
2023-02-04 19:00:00+01:00,0.0
2023-02-04 19:15:00+01:00,0.0
2023-02-04 19:30:00+01:00,0.0
2023-02-04 19:45:00+01:00,0.0
2023-02-04 20:00:00+01:00,0.0002682095278992555
2023-02-04 20:15:00+01:00,0.0010068032214675504
2023-02-04 20:30:00+01:00,0.0017831854418804952
2023-02-04 20:45:00+01:00,0.002594443226220035
2023-02-04 21:00:00+01:00,0.0034378436710869684
2023-02-04 21:15:00+01:00,0.005686364712660183
2023-02-04 21:30:00+01:00,0.007940344529240546
2023-02-04 21:45:00+01:00,0.010198807089003056
2023-02-04 22:00:00+01:00,0.01246099460742156
2023-02-04 22:15:00+01:00,0.012877571824028659
2023-02-04 22:30:00+01:00,0.013372728247667585
2023-02-04 22:45:00+01:00,0.014103225998410428
2023-02-04 23:00:00+01:00,0.015512539216906526
2023-02-04 23:15:00+01:00,0.02314361940878865
2023-02-04 23:30:00+01:00,0.030778802946958405
2023-02-04 23:45:00+01:00,0.03841727481742001
2023-02-05 00:00:00+01:00,0.047451734634403844
2023-02-05 00:15:00+01:00,0.055597400161120344
2023-02-05 00:30:00+01:00,0.06390333254087815
2023-02-05 00:45:00+01:00,0.07235239783550358
2023-02-05 01:00:00+01:00,0.08092958260660837
2023-02-05 01:15:00+01:00,0.08018815744741847
2023-02-05 01:30:00+01:00,0.07974596915190793
2023-02-05 01:45:00+01:00,0.07960466951853729
2023-02-05 02:00:00+01:00,0.07976478893238816
2023-02-05 02:15:00+01:00,0.09202137978041741
2023-02-05 02:30:00+01:00,0.10987838123972549
2023-02-05 02:45:00+01:00,0.1297968770477404
2023-02-05 03:00:00+01:00,0.14981691467226865
2023-02-05 03:15:00+01:00,0.16067968881401617
2023-02-05 03:30:00+01:00,0.17169936863820345
2023-02-05 03:45:00+01:00,0.1846142562573346
2023-02-05 04:00:00+01:00,0.19952117031609073
2023-02-05 04:15:00+01:00,0.21507965168681056
2023-02-05 04:30:00+01:00,0.23063836727174164
2023-02-05 04:45:00+01:00,0.24619730186224742
2023-02-05 05:00:00+01:00,0.2617564415383638
2023-02-05 05:15:00+01:00,0.2677156686955535
2023-02-05 05:30:00+01:00,0.2737710020107572
2023-02-05 05:45:00+01:00,0.27992012152264684
2023-02-05 06:00:00+01:00,0.28629321368636146
2023-02-05 06:15:00+01:00,0.289542960018679
2023-02-05 06:30:00+01:00,0.2942847460027152
2023-02-05 06:45:00+01:00,0.3004973070114217
2023-02-05 07:00:00+01:00,0.3081533889002993
2023-02-05 07:15:00+01:00,0.3365192894085041
2023-02-05 07:30:00+01:00,0.3668995066543825
2023-02-05 07:45:00+01:00,0.39912666169962324
2023-02-05 08:00:00+01:00,0.4338558281340185
2023-02-05 08:15:00+01:00,0.4677412956463209
2023-02-05 08:30:00+01:00,0.5469219938167195
2023-02-05 08:45:00+01:00,0.6654445160896891
2023-02-05 09:00:00+01:00,0.8009561309412431
2023-02-05 09:15:00+01:00,0.8355696662363362
2023-02-05 09:30:00+01:00,0.8737897559926623
2023-02-05 09:45:00+01:00,0.9016185112998363
2023-02-05 10:00:00+01:00,0.9320833926509781
2023-02-05 10:15:00+01:00,0.8792131462884005
2023-02-05 10:30:00+01:00,0.801255336511698
2023-02-05 10:45:00+01:00,0.7150343139887478
2023-02-05 11:00:00+01:00,0.6173170814795095
2023-02-05 11:15:00+01:00,0.6322922671436392
2023-02-05 11:30:00+01:00,0.6478472803797082
2023-02-05 11:45:00+01:00,0.6639642772845368
2023-02-05 12:00:00+01:00,0.6806255330080843
2023-02-05 12:15:00+01:00,0.6515410956343629
2023-02-05 12:30:00+01:00,0.6230984353761923
2023-02-05 12:45:00+01:00,0.5953353788848459
2023-02-05 13:00:00+01:00,0.56851627050906
2023-02-05 13:15:00+01:00,0.5788715977120428
2023-02-05 13:30:00+01:00,0.5925057124944111
2023-02-05 13:45:00+01:00,0.6093072289321333
2023-02-05 14:00:00+01:00,0.6291030842046644
2023-02-05 14:15:00+01:00,0.668608875591465
2023-02-05 14:30:00+01:00,0.7119124643281649
2023-02-05 14:45:00+01:00,0.7556321725186673
2023-02-05 15:00:00+01:00,0.7959239934660618
2023-02-05 15:15:00+01:00,0.7949049847227595
2023-02-05 15:30:00+01:00,0.794497579148664
2023-02-05 15:45:00+01:00,0.7947023356062328
2023-02-05 16:00:00+01:00,0.7955189731338261
2023-02-05 16:15:00+01:00,0.7762758131539559
2023-02-05 16:30:00+01:00,0.757047904432665
2023-02-05 16:45:00+01:00,0.7366271243392495
2023-02-05 17:00:00+01:00,0.7128107284527703
2023-02-05 17:15:00+01:00,0.6954356022673552
2023-02-05 17:30:00+01:00,0.6780620049497103
2023-02-05 17:45:00+01:00,0.6606899891647814
2023-02-05 18:00:00+01:00,0.6433196100193443
2023-02-05 18:15:00+01:00,0.6532631465738703
2023-02-05 18:30:00+01:00,0.6632959314217824
2023-02-05 18:45:00+01:00,0.6734162040241942
2023-02-05 19:00:00+01:00,0.6836222350889396
2023-02-05 19:15:00+01:00,0.6399693188121206
2023-02-05 19:30:00+01:00,0.5997328265908493
2023-02-05 19:45:00+01:00,0.5635045491373407
2023-02-05 20:00:00+01:00,0.5314629094211972
2023-02-05 20:15:00+01:00,0.5137190107381827
2023-02-05 20:30:00+01:00,0.49622831028819503
2023-02-05 20:45:00+01:00,0.479000950336963
2023-02-05 21:00:00+01:00,0.46204745682554693
2023-02-05 21:15:00+01:00,0.442157150755227
2023-02-05 21:30:00+01:00,0.42284673139001555
2023-02-05 21:45:00+01:00,0.40540133695583414
2023-02-05 22:00:00+01:00,0.3881358033714463
2023-02-05 22:15:00+01:00,0.36631911571486825
2023-02-05 22:30:00+01:00,0.34468269234665155
2023-02-05 22:45:00+01:00,0.3232379950960049
2023-02-05 23:00:00+01:00,0.30199736329793153
2023-02-05 23:15:00+01:00,0.28554388504941813
2023-02-05 23:30:00+01:00,0.27284818738266037
2023-02-05 23:45:00+01:00,0.26018614410662083
2023-02-06 00:00:00+01:00,0.24755953033884673
2023-02-06 00:15:00+01:00,0.23073902490273093
2023-02-06 00:30:00+01:00,0.2141913798707046
2023-02-06 00:45:00+01:00,0.19793679608881898
2023-02-06 01:00:00+01:00,0.18199710467776922
2023-02-06 01:15:00+01:00,0.16951205459581395
2023-02-06 01:30:00+01:00,0.15815929336715873
2023-02-06 01:45:00+01:00,0.14682402867808927
2023-02-06 02:00:00+01:00,0.13550757983238407
2023-02-06 02:15:00+01:00,0.12815984859239715
2023-02-06 02:30:00+01:00,0.12115655889047251
2023-02-06 02:45:00+01:00,0.11451454088765449
2023-02-06 03:00:00+01:00,0.10825078397603247
2023-02-06 03:15:00+01:00,0.09787160325433289
2023-02-06 03:30:00+01:00,0.0904122089929483
2023-02-06 03:45:00+01:00,0.08394636764897746
2023-02-06 04:00:00+01:00,0.07748184193945651
2023-02-06 04:15:00+01:00,0.07960856948407694
2023-02-06 04:30:00+01:00,0.08178867253115964
2023-02-06 04:45:00+01:00,0.08402072467559475
2023-02-06 05:00:00+01:00,0.08630331768458399
2023-02-06 05:15:00+01:00,0.07987205841641837
2023-02-06 05:30:00+01:00,0.0739977402667792
2023-02-06 05:45:00+01:00,0.06872314554486365
2023-02-06 06:00:00+01:00,0.06409049214899712
2023-02-06 06:15:00+01:00,0.05676693766904256
2023-02-06 06:30:00+01:00,0.04944880593178794
2023-02-06 06:45:00+01:00,0.042918834062805465
2023-02-06 07:00:00+01:00,0.03860352865598821
2023-02-06 07:15:00+01:00,0.035988376070408654
2023-02-06 07:30:00+01:00,0.034382434457317784
2023-02-06 07:45:00+01:00,0.03382962121547878
2023-02-06 08:00:00+01:00,0.03434563672169411
2023-02-06 08:15:00+01:00,0.03190046546501237
2023-02-06 08:30:00+01:00,0.029475685474873736
2023-02-06 08:45:00+01:00,0.027072723348800686
2023-02-06 09:00:00+01:00,0.02469312718688442
2023-02-06 09:15:00+01:00,0.015443833649081744
2023-02-06 09:30:00+01:00,0.010343456289416741
2023-02-06 09:45:00+01:00,0.00614700989062165
2023-02-06 10:00:00+01:00,0.001973369417955066
2023-02-06 10:15:00+01:00,0.0
2023-02-06 10:30:00+01:00,0.0
2023-02-06 10:45:00+01:00,0.0
2023-02-06 11:00:00+01:00,0.0
2023-02-06 11:15:00+01:00,0.0
2023-02-06 11:30:00+01:00,0.0
2023-02-06 11:45:00+01:00,0.0
2023-02-06 12:00:00+01:00,0.0
2023-02-06 12:15:00+01:00,0.0
2023-02-06 12:30:00+01:00,0.0
2023-02-06 12:45:00+01:00,0.0
2023-02-06 13:00:00+01:00,0.00012381123720818073
2023-02-06 13:15:00+01:00,0.0037658812961197936
2023-02-06 13:30:00+01:00,0.007462240769444885
2023-02-06 13:45:00+01:00,0.01119738335389905
2023-02-06 14:00:00+01:00,0.01633108749851251
2023-02-06 14:15:00+01:00,0.0258808375531646
2023-02-06 14:30:00+01:00,0.03563508638298976
2023-02-06 14:45:00+01:00,0.04658250977539857
2023-02-06 15:00:00+01:00,0.06356345154852676
2023-02-06 15:15:00+01:00,0.06714085581781423
2023-02-06 15:30:00+01:00,0.07112286301205653
2023-02-06 15:45:00+01:00,0.07548901115637101
2023-02-06 16:00:00+01:00,0.08021841711294735
2023-02-06 16:15:00+01:00,0.0663933681960458
2023-02-06 16:30:00+01:00,0.05257377651657969
2023-02-06 16:45:00+01:00,0.04092469333552279
2023-02-06 17:00:00+01:00,0.032770148793919415
2023-02-06 17:15:00+01:00,0.02960530533959465
2023-02-06 17:30:00+01:00,0.02666641794399681
2023-02-06 17:45:00+01:00,0.023973236932266186
2023-02-06 18:00:00+01:00,0.021545928731189972
2023-02-06 18:15:00+01:00,0.02534328773605295
2023-02-06 18:30:00+01:00,0.029241193596217595
2023-02-06 18:45:00+01:00,0.03322897102158555
2023-02-06 19:00:00+01:00,0.03729720582162575
2023-02-06 19:15:00+01:00,0.04404828205732097
2023-02-06 19:30:00+01:00,0.05553010944745528
2023-02-06 19:45:00+01:00,0.0670571760642644
2023-02-06 20:00:00+01:00,0.07862294550148811
2023-02-06 20:15:00+01:00,0.08384020646580209
2023-02-06 20:30:00+01:00,0.09074086026054691
2023-02-06 20:45:00+01:00,0.10158089718038965
2023-02-06 21:00:00+01:00,0.1173927779766154
2023-02-06 21:15:00+01:00,0.12648525400639385
2023-02-06 21:30:00+01:00,0.14101874812760798
2023-02-06 21:45:00+01:00,0.16049510648892729
2023-02-06 22:00:00+01:00,0.18655464956571952
2023-02-06 22:15:00+01:00,0.17633065757470537
2023-02-06 22:30:00+01:00,0.16963424330048435
2023-02-06 22:45:00+01:00,0.16430243515041415
2023-02-06 23:00:00+01:00,0.1603811050833474
2023-02-06 23:15:00+01:00,0.1596574956323784
2023-02-06 23:30:00+01:00,0.16119443613225418
2023-02-06 23:45:00+01:00,0.16497023268226235
2023-02-07 00:00:00+01:00,0.1709327500651071
2023-02-07 00:15:00+01:00,0.1682304446040978
2023-02-07 00:30:00+01:00,0.1660821133833121
2023-02-07 00:45:00+01:00,0.16449519515481242
2023-02-07 01:00:00+01:00,0.16347527036948534
2023-02-07 01:15:00+01:00,0.15330501346996592
2023-02-07 01:30:00+01:00,0.14324799072953223
2023-02-07 01:45:00+01:00,0.13331181470572792
2023-02-07 02:00:00+01:00,0.12350469144251293
2023-02-07 02:15:00+01:00,0.11866925867554676
2023-02-07 02:30:00+01:00,0.113834723105435
2023-02-07 02:45:00+01:00,0.10900111538774035
2023-02-07 03:00:00+01:00,0.10416846758440887
2023-02-07 03:15:00+01:00,0.10769868663175107
2023-02-07 03:30:00+01:00,0.11122890652509398
2023-02-07 03:45:00+01:00,0.11475912724361234
2023-02-07 04:00:00+01:00,0.11828934876715916
2023-02-07 04:15:00+01:00,0.12713687326485207
2023-02-07 04:30:00+01:00,0.1360003272151216
2023-02-07 04:45:00+01:00,0.14487879052477393
2023-02-07 05:00:00+01:00,0.1537714112346825
2023-02-07 05:15:00+01:00,0.15119040436227002
2023-02-07 05:30:00+01:00,0.1491226441714245
2023-02-07 05:45:00+01:00,0.14757500643922586
2023-02-07 06:00:00+01:00,0.14655271788859744
2023-02-07 06:15:00+01:00,0.1348413527867134
2023-02-07 06:30:00+01:00,0.1233116484369221
2023-02-07 06:45:00+01:00,0.11197830486555337
2023-02-07 07:00:00+01:00,0.1008573582558483
2023-02-07 07:15:00+01:00,0.09804077876115914
2023-02-07 07:30:00+01:00,0.09527845830127583
2023-02-07 07:45:00+01:00,0.09357630326359719
2023-02-07 08:00:00+01:00,0.09192454892032796
2023-02-07 08:15:00+01:00,0.09393494018582618
2023-02-07 08:30:00+01:00,0.09646567398597426
2023-02-07 08:45:00+01:00,0.09987485103271956
2023-02-07 09:00:00+01:00,0.10337230753400724
2023-02-07 09:15:00+01:00,0.09129432744929647
2023-02-07 09:30:00+01:00,0.08234906217974282
2023-02-07 09:45:00+01:00,0.07347919815973633
2023-02-07 10:00:00+01:00,0.06469363674503452
2023-02-07 10:15:00+01:00,0.04312694739364871
2023-02-07 10:30:00+01:00,0.03002283442918945
2023-02-07 10:45:00+01:00,0.016935909525342067
2023-02-07 11:00:00+01:00,0.009272281147306898
2023-02-07 11:15:00+01:00,0.007828666194167283
2023-02-07 11:30:00+01:00,0.0064455523578167955
2023-02-07 11:45:00+01:00,0.005130605953896768
2023-02-07 12:00:00+01:00,0.0038923618587244036
2023-02-07 12:15:00+01:00,0.004268552711796651
2023-02-07 12:30:00+01:00,0.004895490196737116
2023-02-07 12:45:00+01:00,0.0057590480548989
2023-02-07 13:00:00+01:00,0.0068414422090839104
2023-02-07 13:15:00+01:00,0.009021311773123082
2023-02-07 13:30:00+01:00,0.011229535589694622
2023-02-07 13:45:00+01:00,0.013461541495668954
2023-02-07 14:00:00+01:00,0.0179789138671798
2023-02-07 14:15:00+01:00,0.020618724145640588
2023-02-07 14:30:00+01:00,0.02342859849164621
2023-02-07 14:45:00+01:00,0.026394659966961827
2023-02-07 15:00:00+01:00,0.029503848570206576
2023-02-07 15:15:00+01:00,0.027680631708993507
2023-02-07 15:30:00+01:00,0.025867466151402917
2023-02-07 15:45:00+01:00,0.024064893388629
2023-02-07 16:00:00+01:00,0.022273490997059404
2023-02-07 16:15:00+01:00,0.027479533537041974
2023-02-07 16:30:00+01:00,0.032807106485466954
2023-02-07 16:45:00+01:00,0.038239341900152574
2023-02-07 17:00:00+01:00,0.04376210538269141
2023-02-07 17:15:00+01:00,0.05830163137346515
2023-02-07 17:30:00+01:00,0.07307966588456531
2023-02-07 17:45:00+01:00,0.08789111964448518
2023-02-07 18:00:00+01:00,0.10726056017552257
2023-02-07 18:15:00+01:00,0.11328650373482428
2023-02-07 18:30:00+01:00,0.11979407322853873
2023-02-07 18:45:00+01:00,0.12676200767844395
2023-02-07 19:00:00+01:00,0.134168905428911
2023-02-07 19:15:00+01:00,0.13066203250374503
2023-02-07 19:30:00+01:00,0.12803433310344395
2023-02-07 19:45:00+01:00,0.12630149551311823
2023-02-07 20:00:00+01:00,0.1254740696895738
2023-02-07 20:15:00+01:00,0.12113135509333413
2023-02-07 20:30:00+01:00,0.1177276904974874
2023-02-07 20:45:00+01:00,0.115285336203585
2023-02-07 21:00:00+01:00,0.11382069977430748
2023-02-07 21:15:00+01:00,0.1190982761785096
2023-02-07 21:30:00+01:00,0.12480271688745861
2023-02-07 21:45:00+01:00,0.1309176575796299
2023-02-07 22:00:00+01:00,0.13742647125862384
2023-02-07 22:15:00+01:00,0.13951142839702566
2023-02-07 22:30:00+01:00,0.14159639726534165
2023-02-07 22:45:00+01:00,0.14368137770378045
2023-02-07 23:00:00+01:00,0.14576636955543892
2023-02-07 23:15:00+01:00,0.14497611737354452
2023-02-07 23:30:00+01:00,0.1442034651133855
2023-02-07 23:45:00+01:00,0.14344850166941975
2023-02-08 00:00:00+01:00,0.14271131448015711
2023-02-08 00:15:00+01:00,0.14348128092720297
2023-02-08 00:30:00+01:00,0.14437136990997243
2023-02-08 00:45:00+01:00,0.1453808854231062
2023-02-08 01:00:00+01:00,0.14650904456604524
2023-02-08 01:15:00+01:00,0.14323644670845195
2023-02-08 01:30:00+01:00,0.1400489688258699
2023-02-08 01:45:00+01:00,0.13694841001527666
2023-02-08 02:00:00+01:00,0.13393656927922412
2023-02-08 02:15:00+01:00,0.12044743935760764
2023-02-08 02:30:00+01:00,0.10696601543637028
2023-02-08 02:45:00+01:00,0.09415060925271992
2023-02-08 03:00:00+01:00,0.08576023588671329
2023-02-08 03:15:00+01:00,0.08069179360960858
2023-02-08 03:30:00+01:00,0.07565149362301044
2023-02-08 03:45:00+01:00,0.07064117525437247
2023-02-08 04:00:00+01:00,0.06566282922760329
2023-02-08 04:15:00+01:00,0.06746192988430764
2023-02-08 04:30:00+01:00,0.06931556955658275
2023-02-08 04:45:00+01:00,0.07122244061972129
2023-02-08 05:00:00+01:00,0.07318124114480973
2023-02-08 05:15:00+01:00,0.08038351784472315
2023-02-08 05:30:00+01:00,0.08765345523615274
2023-02-08 05:45:00+01:00,0.0949852822873652
2023-02-08 06:00:00+01:00,0.10668845191969896
2023-02-08 06:15:00+01:00,0.11064030023800507
2023-02-08 06:30:00+01:00,0.11459478601510809
2023-02-08 06:45:00+01:00,0.1185518371603241
2023-02-08 07:00:00+01:00,0.12251138414228335
2023-02-08 07:15:00+01:00,0.1301714304407664
2023-02-08 07:30:00+01:00,0.1378586123201499
2023-02-08 07:45:00+01:00,0.14557157246441038
2023-02-08 08:00:00+01:00,0.15330903847983207
2023-02-08 08:15:00+01:00,0.15210895931002408
2023-02-08 08:30:00+01:00,0.15094295608027877
2023-02-08 08:45:00+01:00,0.14981128497200574
2023-02-08 09:00:00+01:00,0.14871419708484973
2023-02-08 09:15:00+01:00,0.14020198902491787
2023-02-08 09:30:00+01:00,0.13169361878742758
2023-02-08 09:45:00+01:00,0.12318930968802078
2023-02-08 10:00:00+01:00,0.1146893025910887
2023-02-08 10:15:00+01:00,0.0918186021910929
2023-02-08 10:30:00+01:00,0.07631291850157805
2023-02-08 10:45:00+01:00,0.06085028036311461
2023-02-08 11:00:00+01:00,0.045440373902867384
2023-02-08 11:15:00+01:00,0.039226584432333775
2023-02-08 11:30:00+01:00,0.03358305502210628
2023-02-08 11:45:00+01:00,0.02793976053233828
2023-02-08 12:00:00+01:00,0.022296741054930427
2023-02-08 12:15:00+01:00,0.019868113842673094
2023-02-08 12:30:00+01:00,0.01747082560944956
2023-02-08 12:45:00+01:00,0.015107325910557936
2023-02-08 13:00:00+01:00,0.013339478244594437
2023-02-08 13:15:00+01:00,0.014239368568491171
2023-02-08 13:30:00+01:00,0.015881138404629788
2023-02-08 13:45:00+01:00,0.017696084636746878
2023-02-08 14:00:00+01:00,0.019674444605555553
2023-02-08 14:15:00+01:00,0.024695141297355696
2023-02-08 14:30:00+01:00,0.02972040838916597
2023-02-08 14:45:00+01:00,0.03474962877805411
2023-02-08 15:00:00+01:00,0.0397822913029742
2023-02-08 15:15:00+01:00,0.04844385693024667
2023-02-08 15:30:00+01:00,0.06007742186488774
2023-02-08 15:45:00+01:00,0.071725006468282
2023-02-08 16:00:00+01:00,0.08338460383322542
2023-02-08 16:15:00+01:00,0.10335747758531255
2023-02-08 16:30:00+01:00,0.1305931887901472
2023-02-08 16:45:00+01:00,0.1579080078662499
2023-02-08 17:00:00+01:00,0.18781039315170975
2023-02-08 17:15:00+01:00,0.22159654267978865
2023-02-08 17:30:00+01:00,0.25617730464330063
2023-02-08 17:45:00+01:00,0.29314505804172997
2023-02-08 18:00:00+01:00,0.3396492426897406
2023-02-08 18:15:00+01:00,0.3465718778812131
2023-02-08 18:30:00+01:00,0.3556384829407987
2023-02-08 18:45:00+01:00,0.36679427268088216
2023-02-08 19:00:00+01:00,0.3799743641786377
2023-02-08 19:15:00+01:00,0.3750380684062377
2023-02-08 19:30:00+01:00,0.3725962152251061
2023-02-08 19:45:00+01:00,0.3726658779706158
2023-02-08 20:00:00+01:00,0.37524656741358664
2023-02-08 20:15:00+01:00,0.3711745488390066
2023-02-08 20:30:00+01:00,0.36836038065955057
2023-02-08 20:45:00+01:00,0.3668140395074413
2023-02-08 21:00:00+01:00,0.3665410522715298
2023-02-08 21:15:00+01:00,0.33731899954837324
2023-02-08 21:30:00+01:00,0.3087641277900269
2023-02-08 21:45:00+01:00,0.2820284459416667
2023-02-08 22:00:00+01:00,0.2611755439929246
2023-02-08 22:15:00+01:00,0.23105062380523508
2023-02-08 22:30:00+01:00,0.2023952623129673
2023-02-08 22:45:00+01:00,0.17588227731846046
2023-02-08 23:00:00+01:00,0.1568429218227402
2023-02-08 23:15:00+01:00,0.154879541010871
2023-02-08 23:30:00+01:00,0.15299266783994278
2023-02-08 23:45:00+01:00,0.15118323035524145
2023-02-09 00:00:00+01:00,0.1494521326649658
2023-02-09 00:15:00+01:00,0.151689362593583
2023-02-09 00:30:00+01:00,0.1542493995050629
2023-02-09 00:45:00+01:00,0.15712699760403734
2023-02-09 01:00:00+01:00,0.16031639508611467
2023-02-09 01:15:00+01:00,0.15935144078906588
2023-02-09 01:30:00+01:00,0.15908065094893065
2023-02-09 01:45:00+01:00,0.1595052128095633
2023-02-09 02:00:00+01:00,0.16062326613421468
2023-02-09 02:15:00+01:00,0.15908233585594134
2023-02-09 02:30:00+01:00,0.15773834697791655
2023-02-09 02:45:00+01:00,0.1565929815895804
2023-02-09 03:00:00+01:00,0.15564768833425427
2023-02-09 03:15:00+01:00,0.15807227608419683
2023-02-09 03:30:00+01:00,0.1605149309971312
2023-02-09 03:45:00+01:00,0.1629753763564485
2023-02-09 04:00:00+01:00,0.16545333911335805
2023-02-09 04:15:00+01:00,0.17516781212346497
2023-02-09 04:30:00+01:00,0.1874672544561381
2023-02-09 04:45:00+01:00,0.20065437785648602
2023-02-09 05:00:00+01:00,0.21401305484229655
2023-02-09 05:15:00+01:00,0.22482399214381746
2023-02-09 05:30:00+01:00,0.23564583662537356
2023-02-09 05:45:00+01:00,0.2464780958537792
2023-02-09 06:00:00+01:00,0.2573203061663974
2023-02-09 06:15:00+01:00,0.24928559512315668
2023-02-09 06:30:00+01:00,0.24226184302076498
2023-02-09 06:45:00+01:00,0.2362791001937245
2023-02-09 07:00:00+01:00,0.23136390794448858
2023-02-09 07:15:00+01:00,0.2166171347186085
2023-02-09 07:30:00+01:00,0.20359024395916195
2023-02-09 07:45:00+01:00,0.19238431676636916
2023-02-09 08:00:00+01:00,0.1830927190323103
2023-02-09 08:15:00+01:00,0.1764590619785895
2023-02-09 08:30:00+01:00,0.17147309991261944
2023-02-09 08:45:00+01:00,0.16676224262078468
2023-02-09 09:00:00+01:00,0.16233462715431154
2023-02-09 09:15:00+01:00,0.15875150148132447
2023-02-09 09:30:00+01:00,0.15527692957284558
2023-02-09 09:45:00+01:00,0.15191333239994326
2023-02-09 10:00:00+01:00,0.14866312265596116
2023-02-09 10:15:00+01:00,0.12277253304642129
2023-02-09 10:30:00+01:00,0.09724218359802686
2023-02-09 10:45:00+01:00,0.08084566288579861
2023-02-09 11:00:00+01:00,0.06552893675245106
2023-02-09 11:15:00+01:00,0.07007698826296403
2023-02-09 11:30:00+01:00,0.07470610262451245
2023-02-09 11:45:00+01:00,0.07941159172664965
2023-02-09 12:00:00+01:00,0.08418905329440902
2023-02-09 12:15:00+01:00,0.0821123666013025
2023-02-09 12:30:00+01:00,0.08156623269857297
2023-02-09 12:45:00+01:00,0.08256095971860158
2023-02-09 13:00:00+01:00,0.08507784066261763
2023-02-09 13:15:00+01:00,0.08125311061953314
2023-02-09 13:30:00+01:00,0.07770012665039439
2023-02-09 13:45:00+01:00,0.07443120710402186
2023-02-09 14:00:00+01:00,0.0714583509104344
2023-02-09 14:15:00+01:00,0.06925534967190856
2023-02-09 14:30:00+01:00,0.06708028388432495
2023-02-09 14:45:00+01:00,0.06493396137428728
2023-02-09 15:00:00+01:00,0.06281721011180016
2023-02-09 15:15:00+01:00,0.06588716952950369
2023-02-09 15:30:00+01:00,0.06895803208669979
2023-02-09 15:45:00+01:00,0.07202976203488604
2023-02-09 16:00:00+01:00,0.07510232547834995
2023-02-09 16:15:00+01:00,0.08461954305011034
2023-02-09 16:30:00+01:00,0.09459409532418078
2023-02-09 16:45:00+01:00,0.11086159505239912
2023-02-09 17:00:00+01:00,0.12809635125604954
2023-02-09 17:15:00+01:00,0.14202086003628608
2023-02-09 17:30:00+01:00,0.15595495057123787
2023-02-09 17:45:00+01:00,0.16989779764409849
2023-02-09 18:00:00+01:00,0.18591083782613685
2023-02-09 18:15:00+01:00,0.19703320198506827
2023-02-09 18:30:00+01:00,0.20815735137842378
2023-02-09 18:45:00+01:00,0.21928319989918527
2023-02-09 19:00:00+01:00,0.2304106668783594
2023-02-09 19:15:00+01:00,0.230915653162356
2023-02-09 19:30:00+01:00,0.2317151341481278
2023-02-09 19:45:00+01:00,0.23280810855831252
2023-02-09 20:00:00+01:00,0.23419321486944553
2023-02-09 20:15:00+01:00,0.22795750982636853
2023-02-09 20:30:00+01:00,0.22175121799254596
2023-02-09 20:45:00+01:00,0.21557513513349183
2023-02-09 21:00:00+01:00,0.20943008189350645
2023-02-09 21:15:00+01:00,0.20240404812754983
2023-02-09 21:30:00+01:00,0.19546061205447712
2023-02-09 21:45:00+01:00,0.1886023757357546
2023-02-09 22:00:00+01:00,0.1818320176966822
2023-02-09 22:15:00+01:00,0.18727433948897682
2023-02-09 22:30:00+01:00,0.19272749138582304
2023-02-09 22:45:00+01:00,0.19819120926695927
2023-02-09 23:00:00+01:00,0.20366523704386913
2023-02-09 23:15:00+01:00,0.20025190693246414
2023-02-09 23:30:00+01:00,0.19733313698459232
2023-02-09 23:45:00+01:00,0.1949154145702948
2023-02-10 00:00:00+01:00,0.1930041995296209
2023-02-10 00:15:00+01:00,0.19032433355120362
2023-02-10 00:30:00+01:00,0.18765611538720314
2023-02-10 00:45:00+01:00,0.18499968681694443
2023-02-10 01:00:00+01:00,0.18235519128828473
2023-02-10 01:15:00+01:00,0.18380988458458739
2023-02-10 01:30:00+01:00,0.18539651336195248
2023-02-10 01:45:00+01:00,0.18711412572427222
2023-02-10 02:00:00+01:00,0.18896170148382962
2023-02-10 02:15:00+01:00,0.18166157059625448
2023-02-10 02:30:00+01:00,0.17524121148203867
2023-02-10 02:45:00+01:00,0.17001049132618154
2023-02-10 03:00:00+01:00,0.1649395905952601
2023-02-10 03:15:00+01:00,0.1633873343263187
2023-02-10 03:30:00+01:00,0.16251233105501475
2023-02-10 03:45:00+01:00,0.16231830163354963
2023-02-10 04:00:00+01:00,0.1628060748345091
2023-02-10 04:15:00+01:00,0.16673096850294292
2023-02-10 04:30:00+01:00,0.17104925020601017
2023-02-10 04:45:00+01:00,0.17575054545293345
2023-02-10 05:00:00+01:00,0.18192174355257745
2023-02-10 05:15:00+01:00,0.18893526800601754
2023-02-10 05:30:00+01:00,0.19614764959057263
2023-02-10 05:45:00+01:00,0.20355252500961873
2023-02-10 06:00:00+01:00,0.21114364039889924
2023-02-10 06:15:00+01:00,0.21298304874881135
2023-02-10 06:30:00+01:00,0.21510279724670978
2023-02-10 06:45:00+01:00,0.21750030264596382
2023-02-10 07:00:00+01:00,0.22017268129948192
2023-02-10 07:15:00+01:00,0.2233324189023728
2023-02-10 07:30:00+01:00,0.22671189483938664
2023-02-10 07:45:00+01:00,0.2303079397967037
2023-02-10 08:00:00+01:00,0.23411724791561736
2023-02-10 08:15:00+01:00,0.23134452243683346
2023-02-10 08:30:00+01:00,0.2286984036848103
2023-02-10 08:45:00+01:00,0.22618032991259832
2023-02-10 09:00:00+01:00,0.22379169007218788
2023-02-10 09:15:00+01:00,0.21283792686138361
2023-02-10 09:30:00+01:00,0.20204155269457455
2023-02-10 09:45:00+01:00,0.19141024452600683
2023-02-10 10:00:00+01:00,0.18095205753879362
2023-02-10 10:15:00+01:00,0.15776122782267507
2023-02-10 10:30:00+01:00,0.13544743389135525
2023-02-10 10:45:00+01:00,0.1131494699688817
2023-02-10 11:00:00+01:00,0.09251591281408682
2023-02-10 11:15:00+01:00,0.09482463428768909
2023-02-10 11:30:00+01:00,0.09901227395706977
2023-02-10 11:45:00+01:00,0.10415960794562418
2023-02-10 12:00:00+01:00,0.10999087956302586
2023-02-10 12:15:00+01:00,0.12362997497907632
2023-02-10 12:30:00+01:00,0.13769784646653033
2023-02-10 12:45:00+01:00,0.15215579874413454
2023-02-10 13:00:00+01:00,0.16696876316144013
2023-02-10 13:15:00+01:00,0.18521961237650786
2023-02-10 13:30:00+01:00,0.20694499791360585
2023-02-10 13:45:00+01:00,0.22881071617120943
2023-02-10 14:00:00+01:00,0.2508040424431901
2023-02-10 14:15:00+01:00,0.2662530725263845
2023-02-10 14:30:00+01:00,0.2819251838625451
2023-02-10 14:45:00+01:00,0.30139464051327647
2023-02-10 15:00:00+01:00,0.32224349954416515
2023-02-10 15:15:00+01:00,0.32533848641625474
2023-02-10 15:30:00+01:00,0.32847234208587645
2023-02-10 15:45:00+01:00,0.3316447115152298
2023-02-10 16:00:00+01:00,0.334855239693479
2023-02-10 16:15:00+01:00,0.3147744528837014
2023-02-10 16:30:00+01:00,0.2947053930551847
2023-02-10 16:45:00+01:00,0.27718072268023786
2023-02-10 17:00:00+01:00,0.26172355013953236
2023-02-10 17:15:00+01:00,0.2686089473572344
2023-02-10 17:30:00+01:00,0.275659688743888
2023-02-10 17:45:00+01:00,0.2828711450055002
2023-02-10 18:00:00+01:00,0.2915811842845747
2023-02-10 18:15:00+01:00,0.31955645220821494
2023-02-10 18:30:00+01:00,0.34947223118208887
2023-02-10 18:45:00+01:00,0.38116709656146397
2023-02-10 19:00:00+01:00,0.4144889478796852
2023-02-10 19:15:00+01:00,0.44468700496480107
2023-02-10 19:30:00+01:00,0.476553665596566
2023-02-10 19:45:00+01:00,0.5086806109631526
2023-02-10 20:00:00+01:00,0.5410495566201159
2023-02-10 20:15:00+01:00,0.5477067406639915
2023-02-10 20:30:00+01:00,0.5546488051806314
2023-02-10 20:45:00+01:00,0.5618714905023827
2023-02-10 21:00:00+01:00,0.5693704544177709
2023-02-10 21:15:00+01:00,0.5538823646800177
2023-02-10 21:30:00+01:00,0.5395023258567813
2023-02-10 21:45:00+01:00,0.5262655585742857
2023-02-10 22:00:00+01:00,0.5142058136788766
2023-02-10 22:15:00+01:00,0.5123217272132042
2023-02-10 22:30:00+01:00,0.5121352361241889
2023-02-10 22:45:00+01:00,0.5136470467630758
2023-02-10 23:00:00+01:00,0.516851444265887
2023-02-10 23:15:00+01:00,0.5207357127579131
2023-02-10 23:30:00+01:00,0.5246381775791422
2023-02-10 23:45:00+01:00,0.5285586820323631
2023-02-11 00:00:00+01:00,0.5324970705024487
2023-02-11 00:15:00+01:00,0.5363975324071634
2023-02-11 00:30:00+01:00,0.5403027203210347
2023-02-11 00:45:00+01:00,0.5442125939813582
2023-02-11 01:00:00+01:00,0.5481271135339932
2023-02-11 01:15:00+01:00,0.5448949441038234
2023-02-11 01:30:00+01:00,0.5416982042097896
2023-02-11 01:45:00+01:00,0.538537141956796
2023-02-11 02:00:00+01:00,0.5354120049638277
2023-02-11 02:15:00+01:00,0.5229038073965306
2023-02-11 02:30:00+01:00,0.5104020560480631
2023-02-11 02:45:00+01:00,0.497906932854231
2023-02-11 03:00:00+01:00,0.485418626560337
2023-02-11 03:15:00+01:00,0.471032547043937
2023-02-11 03:30:00+01:00,0.45666802256257366
2023-02-11 03:45:00+01:00,0.44232578263771255
2023-02-11 04:00:00+01:00,0.4280065888761102
2023-02-11 04:15:00+01:00,0.4221793324271488
2023-02-11 04:30:00+01:00,0.41673924603191415
2023-02-11 04:45:00+01:00,0.41149657444911597
2023-02-11 05:00:00+01:00,0.40645412994437125
2023-02-11 05:15:00+01:00,0.3974113779880734
2023-02-11 05:30:00+01:00,0.3884484747821596
2023-02-11 05:45:00+01:00,0.37956741351158546
2023-02-11 06:00:00+01:00,0.370770235128881
2023-02-11 06:15:00+01:00,0.36581941759136505
2023-02-11 06:30:00+01:00,0.3609800364461296
2023-02-11 06:45:00+01:00,0.35625362684134104
2023-02-11 07:00:00+01:00,0.3516417154237058
2023-02-11 07:15:00+01:00,0.34987574384700215
2023-02-11 07:30:00+01:00,0.34811004493695064
2023-02-11 07:45:00+01:00,0.34634462007706845
2023-02-11 08:00:00+01:00,0.34457947066003164
2023-02-11 08:15:00+01:00,0.34285940724785163
2023-02-11 08:30:00+01:00,0.34113998581265415
2023-02-11 08:45:00+01:00,0.33942120954764865
2023-02-11 09:00:00+01:00,0.33770308166604746
2023-02-11 09:15:00+01:00,0.3282616087665531
2023-02-11 09:30:00+01:00,0.31890212334478674
2023-02-11 09:45:00+01:00,0.3096269109243591
2023-02-11 10:00:00+01:00,0.30043832102224144
2023-02-11 10:15:00+01:00,0.2602538399966366
2023-02-11 10:30:00+01:00,0.22348194307993133
2023-02-11 10:45:00+01:00,0.18676085324358413
2023-02-11 11:00:00+01:00,0.1566950604536532
2023-02-11 11:15:00+01:00,0.1512433397921116
2023-02-11 11:30:00+01:00,0.14583236014044862
2023-02-11 11:45:00+01:00,0.14046357201347529
2023-02-11 12:00:00+01:00,0.13513848346951013
2023-02-11 12:15:00+01:00,0.13651871062956866
2023-02-11 12:30:00+01:00,0.13826473725399885
2023-02-11 12:45:00+01:00,0.14037236002137704
2023-02-11 13:00:00+01:00,0.14283659039015925
2023-02-11 13:15:00+01:00,0.13776173548156048
2023-02-11 13:30:00+01:00,0.13289933249400335
2023-02-11 13:45:00+01:00,0.12825636560053022
2023-02-11 14:00:00+01:00,0.12383979227112464
2023-02-11 14:15:00+01:00,0.11964691810824613
2023-02-11 14:30:00+01:00,0.1155196439001675
2023-02-11 14:45:00+01:00,0.11145987215381066
2023-02-11 15:00:00+01:00,0.10746954670162899
2023-02-11 15:15:00+01:00,0.10916457780631553
2023-02-11 15:30:00+01:00,0.1108813469796294
2023-02-11 15:45:00+01:00,0.11261959269667693
2023-02-11 16:00:00+01:00,0.1143790544174325
2023-02-11 16:15:00+01:00,0.11626684874823098
2023-02-11 16:30:00+01:00,0.11824141590039966
2023-02-11 16:45:00+01:00,0.1203015763378728
2023-02-11 17:00:00+01:00,0.12244612206791847
2023-02-11 17:15:00+01:00,0.1319971394110762
2023-02-11 17:30:00+01:00,0.14162350186704065
2023-02-11 17:45:00+01:00,0.15132054811954376
2023-02-11 18:00:00+01:00,0.16108396336633504
2023-02-11 18:15:00+01:00,0.16218158005759042
2023-02-11 18:30:00+01:00,0.16329887777932678
2023-02-11 18:45:00+01:00,0.16443571907152102
2023-02-11 19:00:00+01:00,0.16559196538040838
2023-02-11 19:15:00+01:00,0.16049883252245856
2023-02-11 19:30:00+01:00,0.1555539780043636
2023-02-11 19:45:00+01:00,0.15076211970437955
2023-02-11 20:00:00+01:00,0.14612802235359607
2023-02-11 20:15:00+01:00,0.14360311488084201
2023-02-11 20:30:00+01:00,0.14140338937760252
2023-02-11 20:45:00+01:00,0.13953356210396622
2023-02-11 21:00:00+01:00,0.13799771392639656
2023-02-11 21:15:00+01:00,0.13303996207430466
2023-02-11 21:30:00+01:00,0.128704212137404
2023-02-11 21:45:00+01:00,0.12500883182985126
2023-02-11 22:00:00+01:00,0.12197005025361249
2023-02-11 22:15:00+01:00,0.10175976245694283
2023-02-11 22:30:00+01:00,0.08711478005924611
2023-02-11 22:45:00+01:00,0.07539758802906488
2023-02-11 23:00:00+01:00,0.06422426113549248
2023-02-11 23:15:00+01:00,0.06060895273474285
2023-02-11 23:30:00+01:00,0.05704104983308251
2023-02-11 23:45:00+01:00,0.0535229209148008
2023-02-12 00:00:00+01:00,0.05005705842961476
2023-02-12 00:15:00+01:00,0.04403825200490651
2023-02-12 00:30:00+01:00,0.040552446193651434
2023-02-12 00:45:00+01:00,0.03714668670025293
2023-02-12 01:00:00+01:00,0.03382835959661787
2023-02-12 01:15:00+01:00,0.02972602704619146
2023-02-12 01:30:00+01:00,0.02567054064389233
2023-02-12 01:45:00+01:00,0.021667682618922823
2023-02-12 02:00:00+01:00,0.017724131841195114
2023-02-12 02:15:00+01:00,0.013511513787752241
2023-02-12 02:30:00+01:00,0.011444729333299028
2023-02-12 02:45:00+01:00,0.009400126530908486
2023-02-12 03:00:00+01:00,0.007381592896874422
2023-02-12 03:15:00+01:00,0.0070310554852845856
2023-02-12 03:30:00+01:00,0.0068105271643127884
2023-02-12 03:45:00+01:00,0.006722512630761462
2023-02-12 04:00:00+01:00,0.006768029416164789
2023-02-12 04:15:00+01:00,0.007240926028908943
2023-02-12 04:30:00+01:00,0.0077276320358943915
2023-02-12 04:45:00+01:00,0.008227584952286489
2023-02-12 05:00:00+01:00,0.008740238333259568
2023-02-12 05:15:00+01:00,0.008245961219428097
2023-02-12 05:30:00+01:00,0.007761172653201502
2023-02-12 05:45:00+01:00,0.007286267986865805
2023-02-12 06:00:00+01:00,0.006821656091686982
2023-02-12 06:15:00+01:00,0.006276158919289283
2023-02-12 06:30:00+01:00,0.005731833222169606
2023-02-12 06:45:00+01:00,0.005188737309476119
2023-02-12 07:00:00+01:00,0.0046469332798823575
2023-02-12 07:15:00+01:00,0.004485153834514827
2023-02-12 07:30:00+01:00,0.004323436410764269
2023-02-12 07:45:00+01:00,0.0041617819554256195
2023-02-12 08:00:00+01:00,0.004000191434283477
2023-02-12 08:15:00+01:00,0.0036279496628414576
2023-02-12 08:30:00+01:00,0.003255709243777145
2023-02-12 08:45:00+01:00,0.0028834702266021567
2023-02-12 09:00:00+01:00,0.0025112326632746682
2023-02-12 09:15:00+01:00,0.0013743677292470937
2023-02-12 09:30:00+01:00,0.00023751366434698017
2023-02-12 09:45:00+01:00,0.0
2023-02-12 10:00:00+01:00,0.0
2023-02-12 10:15:00+01:00,0.0
2023-02-12 10:30:00+01:00,0.0
2023-02-12 10:45:00+01:00,0.0
2023-02-12 11:00:00+01:00,0.0
2023-02-12 11:15:00+01:00,0.0
2023-02-12 11:30:00+01:00,0.0
2023-02-12 11:45:00+01:00,0.0
2023-02-12 12:00:00+01:00,0.0
2023-02-12 12:15:00+01:00,0.0
2023-02-12 12:30:00+01:00,0.0
2023-02-12 12:45:00+01:00,0.0
2023-02-12 13:00:00+01:00,0.0
2023-02-12 13:15:00+01:00,0.0
2023-02-12 13:30:00+01:00,0.0
2023-02-12 13:45:00+01:00,0.0
2023-02-12 14:00:00+01:00,0.0
2023-02-12 14:15:00+01:00,0.0
2023-02-12 14:30:00+01:00,0.0
2023-02-12 14:45:00+01:00,0.0
2023-02-12 15:00:00+01:00,0.0
2023-02-12 15:15:00+01:00,0.0
2023-02-12 15:30:00+01:00,0.0
2023-02-12 15:45:00+01:00,0.0
2023-02-12 16:00:00+01:00,3.4793276807713945e-06
2023-02-12 16:15:00+01:00,0.0030201901231101482
2023-02-12 16:30:00+01:00,0.006045136868232153
2023-02-12 16:45:00+01:00,0.009076282850130143
2023-02-12 17:00:00+01:00,0.01211220925216321
2023-02-12 17:15:00+01:00,0.01756879502236468
2023-02-12 17:30:00+01:00,0.02504712783371478
2023-02-12 17:45:00+01:00,0.03252747037318608
2023-02-12 18:00:00+01:00,0.04000943688532422
2023-02-12 18:15:00+01:00,0.04564286944515274
2023-02-12 18:30:00+01:00,0.05407927314658466
2023-02-12 18:45:00+01:00,0.06251998643696956
2023-02-12 19:00:00+01:00,0.07096453828532814
2023-02-12 19:15:00+01:00,0.07988462088151102
2023-02-12 19:30:00+01:00,0.0888560728977462
2023-02-12 19:45:00+01:00,0.09946707718209113
2023-02-12 20:00:00+01:00,0.11400336490415414
2023-02-12 20:15:00+01:00,0.12266351246127662
2023-02-12 20:30:00+01:00,0.13152913061050386
2023-02-12 20:45:00+01:00,0.14058823683508212
2023-02-12 21:00:00+01:00,0.14982953012796565
2023-02-12 21:15:00+01:00,0.14782852575935068
2023-02-12 21:30:00+01:00,0.1461203033286232
2023-02-12 21:45:00+01:00,0.1447081233018424
2023-02-12 22:00:00+01:00,0.14359471771717378
2023-02-12 22:15:00+01:00,0.14556240659926442
2023-02-12 22:30:00+01:00,0.14777752105872008
2023-02-12 22:45:00+01:00,0.15023653054630834
2023-02-12 23:00:00+01:00,0.15293559396911222
2023-02-12 23:15:00+01:00,0.14592402944435579
2023-02-12 23:30:00+01:00,0.14121987456789792
2023-02-12 23:45:00+01:00,0.1388948016209174
2023-02-13 00:00:00+01:00,0.1389853269709921
2023-02-13 00:15:00+01:00,0.13724443219940086
2023-02-13 00:30:00+01:00,0.13689398798382807
2023-02-13 00:45:00+01:00,0.13793721838256554
2023-02-13 01:00:00+01:00,0.14036455486661073
2023-02-13 01:15:00+01:00,0.13701490660458537
2023-02-13 01:30:00+01:00,0.13389763960238907
2023-02-13 01:45:00+01:00,0.13101762110585635
2023-02-13 02:00:00+01:00,0.12837946939769354
2023-02-13 02:15:00+01:00,0.12903382598386032
2023-02-13 02:30:00+01:00,0.12978301835638772
2023-02-13 02:45:00+01:00,0.13062656870915387
2023-02-13 03:00:00+01:00,0.1315639428910571
2023-02-13 03:15:00+01:00,0.12855734612194183
2023-02-13 03:30:00+01:00,0.12569003156822336
2023-02-13 03:45:00+01:00,0.12296473187058904
2023-02-13 04:00:00+01:00,0.12038411096213268
2023-02-13 04:15:00+01:00,0.12065317911897291
2023-02-13 04:30:00+01:00,0.12113913394554911
2023-02-13 04:45:00+01:00,0.12184125241762418
2023-02-13 05:00:00+01:00,0.12275849555553642
2023-02-13 05:15:00+01:00,0.11847407536334875
2023-02-13 05:30:00+01:00,0.11430524258455628
2023-02-13 05:45:00+01:00,0.11025539278485125
2023-02-13 06:00:00+01:00,0.10632795313648111
2023-02-13 06:15:00+01:00,0.10137205481206771
2023-02-13 06:30:00+01:00,0.0965972070112542
2023-02-13 06:45:00+01:00,0.09322624308227885
2023-02-13 07:00:00+01:00,0.09048819078198402
2023-02-13 07:15:00+01:00,0.08685037426210712
2023-02-13 07:30:00+01:00,0.0832445287975382
2023-02-13 07:45:00+01:00,0.07967209310993446
2023-02-13 08:00:00+01:00,0.07613457898184915
2023-02-13 08:15:00+01:00,0.06875478107665366
2023-02-13 08:30:00+01:00,0.06145217641549799
2023-02-13 08:45:00+01:00,0.05423463275688968
2023-02-13 09:00:00+01:00,0.04711101251452669
2023-02-13 09:15:00+01:00,0.037646467006212124
2023-02-13 09:30:00+01:00,0.029499617895900183
2023-02-13 09:45:00+01:00,0.02143247964211765
2023-02-13 10:00:00+01:00,0.013652822213464134
2023-02-13 10:15:00+01:00,0.005468692969178686
2023-02-13 10:30:00+01:00,0.0
2023-02-13 10:45:00+01:00,0.0
2023-02-13 11:00:00+01:00,0.0
2023-02-13 11:15:00+01:00,0.0
2023-02-13 11:30:00+01:00,0.0
2023-02-13 11:45:00+01:00,0.0
2023-02-13 12:00:00+01:00,0.0
2023-02-13 12:15:00+01:00,0.0
2023-02-13 12:30:00+01:00,0.0
2023-02-13 12:45:00+01:00,0.0
2023-02-13 13:00:00+01:00,0.0
2023-02-13 13:15:00+01:00,0.0
2023-02-13 13:30:00+01:00,0.0
2023-02-13 13:45:00+01:00,0.0
2023-02-13 14:00:00+01:00,0.0
2023-02-13 14:15:00+01:00,0.0
2023-02-13 14:30:00+01:00,0.0
2023-02-13 14:45:00+01:00,0.00014927616211491597
2023-02-13 15:00:00+01:00,0.0012798560082379392
2023-02-13 15:15:00+01:00,0.0023265399546831024
2023-02-13 15:30:00+01:00,0.0033752640457618945
2023-02-13 15:45:00+01:00,0.004425827980293597
2023-02-13 16:00:00+01:00,0.005478056558534074
2023-02-13 16:15:00+01:00,0.007631783506965963
2023-02-13 16:30:00+01:00,0.009818010759388233
2023-02-13 16:45:00+01:00,0.012031362716896622
2023-02-13 17:00:00+01:00,0.014812420599275134
2023-02-13 17:15:00+01:00,0.023387858000583635
2023-02-13 17:30:00+01:00,0.032044681914837836
2023-02-13 17:45:00+01:00,0.04076493117652756
2023-02-13 18:00:00+01:00,0.05333809846088833
2023-02-13 18:15:00+01:00,0.06531351043036315
2023-02-13 18:30:00+01:00,0.07825438628256809
2023-02-13 18:45:00+01:00,0.09201245974189898
2023-02-13 19:00:00+01:00,0.11324777229747288
2023-02-13 19:15:00+01:00,0.11793847284862168
2023-02-13 19:30:00+01:00,0.1258662138348897
2023-02-13 19:45:00+01:00,0.1368608283833403
2023-02-13 20:00:00+01:00,0.15070537581304838
2023-02-13 20:15:00+01:00,0.14998520614090258
2023-02-13 20:30:00+01:00,0.15220218198863328
2023-02-13 20:45:00+01:00,0.15731498725423557
2023-02-13 21:00:00+01:00,0.16523123067087794
2023-02-13 21:15:00+01:00,0.16223551424158683
2023-02-13 21:30:00+01:00,0.1618174928416604
2023-02-13 21:45:00+01:00,0.1639839086750665
2023-02-13 22:00:00+01:00,0.16870007128537273
2023-02-13 22:15:00+01:00,0.16055566961204562
2023-02-13 22:30:00+01:00,0.15357998939420966
2023-02-13 22:45:00+01:00,0.14782582400253305
2023-02-13 23:00:00+01:00,0.1433391340884502
2023-02-13 23:15:00+01:00,0.13420283212649092
2023-02-13 23:30:00+01:00,0.1274258011908453
2023-02-13 23:45:00+01:00,0.12311741939122309
2023-02-14 00:00:00+01:00,0.12135073697976302
2023-02-14 00:15:00+01:00,0.11431198323345289
2023-02-14 00:30:00+01:00,0.10837700356423156
2023-02-14 00:45:00+01:00,0.10359269653810481
2023-02-14 01:00:00+01:00,0.09999881497668633
2023-02-14 01:15:00+01:00,0.09307751464857884
2023-02-14 01:30:00+01:00,0.08795132907363351
2023-02-14 01:45:00+01:00,0.08282644091806386
2023-02-14 02:00:00+01:00,0.07770293384776919
2023-02-14 02:15:00+01:00,0.07014459678009662
2023-02-14 02:30:00+01:00,0.06296117599019974
2023-02-14 02:45:00+01:00,0.056189924042418286
2023-02-14 03:00:00+01:00,0.049870603940579
2023-02-14 03:15:00+01:00,0.047316064938382925
2023-02-14 03:30:00+01:00,0.045153473571632616
2023-02-14 03:45:00+01:00,0.0436622889495646
2023-02-14 04:00:00+01:00,0.04286882924328076
2023-02-14 04:15:00+01:00,0.04274390802150497
2023-02-14 04:30:00+01:00,0.042766279301606244
2023-02-14 04:45:00+01:00,0.04293586059601196
2023-02-14 05:00:00+01:00,0.04325202861909876
2023-02-14 05:15:00+01:00,0.0447377283729779
2023-02-14 05:30:00+01:00,0.04684353296743462
2023-02-14 05:45:00+01:00,0.0490160938982599
2023-02-14 06:00:00+01:00,0.05125335851954281
2023-02-14 06:15:00+01:00,0.05225119102441909
2023-02-14 06:30:00+01:00,0.053272846211815314
2023-02-14 06:45:00+01:00,0.054317984525050995
2023-02-14 07:00:00+01:00,0.05538626524641301
2023-02-14 07:15:00+01:00,0.056812619374155916
2023-02-14 07:30:00+01:00,0.058252346643293686
2023-02-14 07:45:00+01:00,0.059705185003497994
2023-02-14 08:00:00+01:00,0.061170876912289236
2023-02-14 08:15:00+01:00,0.05901460085695713
2023-02-14 08:30:00+01:00,0.056887251630292866
2023-02-14 08:45:00+01:00,0.05478968588827987
2023-02-14 09:00:00+01:00,0.052722781729736753
2023-02-14 09:15:00+01:00,0.04313029621587148
2023-02-14 09:30:00+01:00,0.037157353500705335
2023-02-14 09:45:00+01:00,0.031264583454894856
2023-02-14 10:00:00+01:00,0.025465831980022887
2023-02-14 10:15:00+01:00,0.013092789608712987
2023-02-14 10:30:00+01:00,0.0070539250167930044
2023-02-14 10:45:00+01:00,0.0010170570774733325
2023-02-14 11:00:00+01:00,0.0
2023-02-14 11:15:00+01:00,0.0
2023-02-14 11:30:00+01:00,0.0
2023-02-14 11:45:00+01:00,0.0
2023-02-14 12:00:00+01:00,0.0
2023-02-14 12:15:00+01:00,0.0
2023-02-14 12:30:00+01:00,0.0
2023-02-14 12:45:00+01:00,0.0
2023-02-14 13:00:00+01:00,0.0
2023-02-14 13:15:00+01:00,0.0
2023-02-14 13:30:00+01:00,0.0
2023-02-14 13:45:00+01:00,0.0
2023-02-14 14:00:00+01:00,0.0
2023-02-14 14:15:00+01:00,0.0
2023-02-14 14:30:00+01:00,0.0
2023-02-14 14:45:00+01:00,0.0
2023-02-14 15:00:00+01:00,0.0
2023-02-14 15:15:00+01:00,0.0
2023-02-14 15:30:00+01:00,0.0
2023-02-14 15:45:00+01:00,0.0
2023-02-14 16:00:00+01:00,0.0
2023-02-14 16:15:00+01:00,0.0
2023-02-14 16:30:00+01:00,0.0012486605394079267
2023-02-14 16:45:00+01:00,0.003113682896644505
2023-02-14 17:00:00+01:00,0.005011088640670139
2023-02-14 17:15:00+01:00,0.008479826006674948
2023-02-14 17:30:00+01:00,0.011949378885928428
2023-02-14 17:45:00+01:00,0.017334926097528236
2023-02-14 18:00:00+01:00,0.02493445513408291
2023-02-14 18:15:00+01:00,0.034111317591826805
2023-02-14 18:30:00+01:00,0.04351496780022921
2023-02-14 18:45:00+01:00,0.0593660842789449
2023-02-14 19:00:00+01:00,0.07582507664037656
2023-02-14 19:15:00+01:00,0.08390544740563524
2023-02-14 19:30:00+01:00,0.0925929334953738
2023-02-14 19:45:00+01:00,0.10581142793446657
2023-02-14 20:00:00+01:00,0.12141755540473488
2023-02-14 20:15:00+01:00,0.1186183200366805
2023-02-14 20:30:00+01:00,0.11778921456538664
2023-02-14 20:45:00+01:00,0.11894151937823653
2023-02-14 21:00:00+01:00,0.12205957988479235
2023-02-14 21:15:00+01:00,0.11312986500492711
2023-02-14 21:30:00+01:00,0.10615624037492169
2023-02-14 21:45:00+01:00,0.10123692210413579
2023-02-14 22:00:00+01:00,0.09844516092764843
2023-02-14 22:15:00+01:00,0.08878338734908024
2023-02-14 22:30:00+01:00,0.08043687134027143
2023-02-14 22:45:00+01:00,0.07220863459089605
2023-02-14 23:00:00+01:00,0.06411166391844954
2023-02-14 23:15:00+01:00,0.07175529175700479
2023-02-14 23:30:00+01:00,0.07999597980298542
2023-02-14 23:45:00+01:00,0.08877457186337386
2023-02-15 00:00:00+01:00,0.09972827879307532
2023-02-15 00:15:00+01:00,0.09971446391702553
2023-02-15 00:30:00+01:00,0.10008154128395494
2023-02-15 00:45:00+01:00,0.10082850333794716
2023-02-15 01:00:00+01:00,0.101953310749591
2023-02-15 01:15:00+01:00,0.09538387356724433
2023-02-15 01:30:00+01:00,0.09124710840116518
2023-02-15 01:45:00+01:00,0.08717803791147313
2023-02-15 02:00:00+01:00,0.0831223701249894
2023-02-15 02:15:00+01:00,0.07877098978463483
2023-02-15 02:30:00+01:00,0.0744962060216674
2023-02-15 02:45:00+01:00,0.07030227095753853
2023-02-15 03:00:00+01:00,0.06619366761107878
2023-02-15 03:15:00+01:00,0.06390635813877217
2023-02-15 03:30:00+01:00,0.06182373386923268
2023-02-15 03:45:00+01:00,0.059951590278995874
2023-02-15 04:00:00+01:00,0.058295325143653376
2023-02-15 04:15:00+01:00,0.058904477427788184
2023-02-15 04:30:00+01:00,0.059843296907947256
2023-02-15 04:45:00+01:00,0.06110759786006379
2023-02-15 05:00:00+01:00,0.06269185445420151
2023-02-15 05:15:00+01:00,0.06754322208023837
2023-02-15 05:30:00+01:00,0.07253249958194669
2023-02-15 05:45:00+01:00,0.07765102724957709
2023-02-15 06:00:00+01:00,0.08289065796413751
2023-02-15 06:15:00+01:00,0.08784362679964208
2023-02-15 06:30:00+01:00,0.0928274743437441
2023-02-15 06:45:00+01:00,0.09941391061798176
2023-02-15 07:00:00+01:00,0.10750195240750399
2023-02-15 07:15:00+01:00,0.11619002439502567
2023-02-15 07:30:00+01:00,0.12494406463856768
2023-02-15 07:45:00+01:00,0.13376021668562435
2023-02-15 08:00:00+01:00,0.1426348946048898
2023-02-15 08:15:00+01:00,0.1433618129465623
2023-02-15 08:30:00+01:00,0.14434125348578045
2023-02-15 08:45:00+01:00,0.14557160686633142
2023-02-15 09:00:00+01:00,0.1470508707569776
2023-02-15 09:15:00+01:00,0.1293324039016467
2023-02-15 09:30:00+01:00,0.11272341258476058
2023-02-15 09:45:00+01:00,0.09735782660633763
2023-02-15 10:00:00+01:00,0.08784787852645624
2023-02-15 10:15:00+01:00,0.06969627444590183
2023-02-15 10:30:00+01:00,0.05199369278933836
2023-02-15 10:45:00+01:00,0.038621755063356765
2023-02-15 11:00:00+01:00,0.028936234636841005
2023-02-15 11:15:00+01:00,0.029821504133950714
2023-02-15 11:30:00+01:00,0.030868893994881245
2023-02-15 11:45:00+01:00,0.03207372991424555
2023-02-15 12:00:00+01:00,0.033430854203901905
2023-02-15 12:15:00+01:00,0.033389022512186624
2023-02-15 12:30:00+01:00,0.03351674604408996
2023-02-15 12:45:00+01:00,0.03381343800896745
2023-02-15 13:00:00+01:00,0.03427774573167734
2023-02-15 13:15:00+01:00,0.033939125212713084
2023-02-15 13:30:00+01:00,0.03360159345963563
2023-02-15 13:45:00+01:00,0.03326516047952501
2023-02-15 14:00:00+01:00,0.03292983636929475
2023-02-15 14:15:00+01:00,0.0348965374944652
2023-02-15 14:30:00+01:00,0.03692936300047438
2023-02-15 14:45:00+01:00,0.03902483446639501
2023-02-15 15:00:00+01:00,0.04117961687952471
2023-02-15 15:15:00+01:00,0.04622623541584322
2023-02-15 15:30:00+01:00,0.05326745344145716
2023-02-15 15:45:00+01:00,0.06031529406792635
2023-02-15 16:00:00+01:00,0.06736914337551884
2023-02-15 16:15:00+01:00,0.07836271662870128
2023-02-15 16:30:00+01:00,0.08966360361644649
2023-02-15 16:45:00+01:00,0.10485627439641526
2023-02-15 17:00:00+01:00,0.1237944561991619
2023-02-15 17:15:00+01:00,0.1419855276902597
2023-02-15 17:30:00+01:00,0.16071478802043224
2023-02-15 17:45:00+01:00,0.1807311337323198
2023-02-15 18:00:00+01:00,0.206620217177578
2023-02-15 18:15:00+01:00,0.22935551507428326
2023-02-15 18:30:00+01:00,0.2521014294749181
2023-02-15 18:45:00+01:00,0.2748569911901554
2023-02-15 19:00:00+01:00,0.3011542089716591
2023-02-15 19:15:00+01:00,0.3208735850541114
2023-02-15 19:30:00+01:00,0.3406454869752445
2023-02-15 19:45:00+01:00,0.3604669701702461
2023-02-15 20:00:00+01:00,0.3803352995330999
2023-02-15 20:15:00+01:00,0.38881610781128073
2023-02-15 20:30:00+01:00,0.39730131719349476
2023-02-15 20:45:00+01:00,0.405790826146426
2023-02-15 21:00:00+01:00,0.4142845361869609
2023-02-15 21:15:00+01:00,0.41351588219969626
2023-02-15 21:30:00+01:00,0.412768494034066
2023-02-15 21:45:00+01:00,0.4120424146594556
2023-02-15 22:00:00+01:00,0.4113376859310797
2023-02-15 22:15:00+01:00,0.41435576124047385
2023-02-15 22:30:00+01:00,0.41744840658364085
2023-02-15 22:45:00+01:00,0.42061500325664164
2023-02-15 23:00:00+01:00,0.42385492483217957
2023-02-15 23:15:00+01:00,0.4240448435539336
2023-02-15 23:30:00+01:00,0.42423931381905927
2023-02-15 23:45:00+01:00,0.4244383332609934
2023-02-16 00:00:00+01:00,0.42464189945951103
2023-02-16 00:15:00+01:00,0.43364464933403185
2023-02-16 00:30:00+01:00,0.4429250518261366
2023-02-16 00:45:00+01:00,0.452297339750645
2023-02-16 01:00:00+01:00,0.46175951457393316
2023-02-16 01:15:00+01:00,0.4700776543313536
2023-02-16 01:30:00+01:00,0.4784052419556373
2023-02-16 01:45:00+01:00,0.48674209832043436
2023-02-16 02:00:00+01:00,0.4950880486071998
2023-02-16 02:15:00+01:00,0.48690913981091694
2023-02-16 02:30:00+01:00,0.4787353641535294
2023-02-16 02:45:00+01:00,0.4705668183461592
2023-02-16 03:00:00+01:00,0.4624036014804839
2023-02-16 03:15:00+01:00,0.4560888772266076
2023-02-16 03:30:00+01:00,0.44979276110473587
2023-02-16 03:45:00+01:00,0.4435155288981308
2023-02-16 04:00:00+01:00,0.4372574610148058
2023-02-16 04:15:00+01:00,0.43357500894289697
2023-02-16 04:30:00+01:00,0.4298965803113402
2023-02-16 04:45:00+01:00,0.42622221043727837
2023-02-16 05:00:00+01:00,0.4229378408952399
2023-02-16 05:15:00+01:00,0.4195660779999355
2023-02-16 05:30:00+01:00,0.4162946065755735
2023-02-16 05:45:00+01:00,0.41312431278764605
2023-02-16 06:00:00+01:00,0.4100560653826501
2023-02-16 06:15:00+01:00,0.4095693747322083
2023-02-16 06:30:00+01:00,0.40937716668565366
2023-02-16 06:45:00+01:00,0.4094795946220834
2023-02-16 07:00:00+01:00,0.409876576792313
2023-02-16 07:15:00+01:00,0.4145337233705893
2023-02-16 07:30:00+01:00,0.41920184069851285
2023-02-16 07:45:00+01:00,0.42388079178254673
2023-02-16 08:00:00+01:00,0.42885281036677253
2023-02-16 08:15:00+01:00,0.41795811960478924
2023-02-16 08:30:00+01:00,0.4077954116560382
2023-02-16 08:45:00+01:00,0.398094828279158
2023-02-16 09:00:00+01:00,0.3888687476255536
2023-02-16 09:15:00+01:00,0.3797137610247855
2023-02-16 09:30:00+01:00,0.3706860342358683
2023-02-16 09:45:00+01:00,0.3617888205910018
2023-02-16 10:00:00+01:00,0.35302543578405754
2023-02-16 10:15:00+01:00,0.3259183752963214
2023-02-16 10:30:00+01:00,0.2990534592034215
2023-02-16 10:45:00+01:00,0.2754856695443325
2023-02-16 11:00:00+01:00,0.25518942042758735
2023-02-16 11:15:00+01:00,0.25608173169846266
2023-02-16 11:30:00+01:00,0.2570620075484761
2023-02-16 11:45:00+01:00,0.2581298939728788
2023-02-16 12:00:00+01:00,0.2592850074864949
2023-02-16 12:15:00+01:00,0.25533418328292035
2023-02-16 12:30:00+01:00,0.251385076016395
2023-02-16 12:45:00+01:00,0.24743771393622793
2023-02-16 13:00:00+01:00,0.24349212590197178
2023-02-16 13:15:00+01:00,0.23283572148371
2023-02-16 13:30:00+01:00,0.2221838034608116
2023-02-16 13:45:00+01:00,0.2115365813852596
2023-02-16 14:00:00+01:00,0.2008942779644629
2023-02-16 14:15:00+01:00,0.21313158256431047
2023-02-16 14:30:00+01:00,0.2259977775361419
2023-02-16 14:45:00+01:00,0.2394587743342074
2023-02-16 15:00:00+01:00,0.2534814930639883
2023-02-16 15:15:00+01:00,0.27440206884057955
2023-02-16 15:30:00+01:00,0.29818087036413177
2023-02-16 15:45:00+01:00,0.32532284949999246
2023-02-16 16:00:00+01:00,0.3524711064921061
2023-02-16 16:15:00+01:00,0.3749823511715145
2023-02-16 16:30:00+01:00,0.3982900294125363
2023-02-16 16:45:00+01:00,0.4223444183294758
2023-02-16 17:00:00+01:00,0.4495790527378826
2023-02-16 17:15:00+01:00,0.4625868177167632
2023-02-16 17:30:00+01:00,0.4759534797522912
2023-02-16 17:45:00+01:00,0.4896681411585949
2023-02-16 18:00:00+01:00,0.503720074192683
2023-02-16 18:15:00+01:00,0.5266899387652384
2023-02-16 18:30:00+01:00,0.5496598044457828
2023-02-16 18:45:00+01:00,0.572629671179919
2023-02-16 19:00:00+01:00,0.5957853905165023
2023-02-16 19:15:00+01:00,0.623009486547686
2023-02-16 19:30:00+01:00,0.6502337074301048
2023-02-16 19:45:00+01:00,0.6774580464983957
2023-02-16 20:00:00+01:00,0.7046824975533272
2023-02-16 20:15:00+01:00,0.7202041847290384
2023-02-16 20:30:00+01:00,0.736060212977954
2023-02-16 20:45:00+01:00,0.7504199864204155
2023-02-16 21:00:00+01:00,0.7637146037337614
2023-02-16 21:15:00+01:00,0.7681666586446869
2023-02-16 21:30:00+01:00,0.7730801305118256
2023-02-16 21:45:00+01:00,0.7784498718074812
2023-02-16 22:00:00+01:00,0.7842703441556412
2023-02-16 22:15:00+01:00,0.7871619494992537
2023-02-16 22:30:00+01:00,0.7902848167064295
2023-02-16 22:45:00+01:00,0.7936373246713506
2023-02-16 23:00:00+01:00,0.7972177498963724
2023-02-16 23:15:00+01:00,0.8024939067679879
2023-02-16 23:30:00+01:00,0.8080355689903292
2023-02-16 23:45:00+01:00,0.8138394830595993
2023-02-17 00:00:00+01:00,0.8199022982333262
2023-02-17 00:15:00+01:00,0.8182300777016145
2023-02-17 00:30:00+01:00,0.8167288230480402
2023-02-17 00:45:00+01:00,0.8153991011686704
2023-02-17 01:00:00+01:00,0.814241416280955
2023-02-17 01:15:00+01:00,0.8044184374919335
2023-02-17 01:30:00+01:00,0.7945962100209519
2023-02-17 01:45:00+01:00,0.784774750543454
2023-02-17 02:00:00+01:00,0.7749540762306779
2023-02-17 02:15:00+01:00,0.766410099225987
2023-02-17 02:30:00+01:00,0.7578666196176297
2023-02-17 02:45:00+01:00,0.7493236472714754
2023-02-17 03:00:00+01:00,0.7402814264442888
2023-02-17 03:15:00+01:00,0.7488206006622463
2023-02-17 03:30:00+01:00,0.7569125053922166
2023-02-17 03:45:00+01:00,0.7650559321388245
2023-02-17 04:00:00+01:00,0.7732499245233084
2023-02-17 04:15:00+01:00,0.7823787790855684
2023-02-17 04:30:00+01:00,0.7918056027670598
2023-02-17 04:45:00+01:00,0.8015241274892333
2023-02-17 05:00:00+01:00,0.8115280738778706
2023-02-17 05:15:00+01:00,0.8250593948938607
2023-02-17 05:30:00+01:00,0.8386430657183475
2023-02-17 05:45:00+01:00,0.852277557246988
2023-02-17 06:00:00+01:00,0.8659613939581026
2023-02-17 06:15:00+01:00,0.8748413410551141
2023-02-17 06:30:00+01:00,0.8817728655444486
2023-02-17 06:45:00+01:00,0.8887790966357768
2023-02-17 07:00:00+01:00,0.8958583180502816
2023-02-17 07:15:00+01:00,0.9040305358431412
2023-02-17 07:30:00+01:00,0.9122598718829545
2023-02-17 07:45:00+01:00,0.9205448253758117
2023-02-17 08:00:00+01:00,0.9288839380276387
2023-02-17 08:15:00+01:00,0.9397392239781961
2023-02-17 08:30:00+01:00,0.9505968061172008
2023-02-17 08:45:00+01:00,0.9563849181677445
2023-02-17 09:00:00+01:00,0.9611769544922177
2023-02-17 09:15:00+01:00,0.9633637821066253
2023-02-17 09:30:00+01:00,0.9655692835079112
2023-02-17 09:45:00+01:00,0.9677931804084652
2023-02-17 10:00:00+01:00,0.9700351977702277
2023-02-17 10:15:00+01:00,0.953916268277754
2023-02-17 10:30:00+01:00,0.91935463951942
2023-02-17 10:45:00+01:00,0.8828817832616401
2023-02-17 11:00:00+01:00,0.8317514321445756
2023-02-17 11:15:00+01:00,0.8898899997948369
2023-02-17 11:30:00+01:00,0.933904281473317
2023-02-17 11:45:00+01:00,0.9638660917658943
2023-02-17 12:00:00+01:00,0.9836932556701548
2023-02-17 12:15:00+01:00,0.9886672093531643
2023-02-17 12:30:00+01:00,0.9909152364072484
2023-02-17 12:45:00+01:00,0.9933631956613376
2023-02-17 13:00:00+01:00,0.9960020611832611
2023-02-17 13:15:00+01:00,0.9952494346181554
2023-02-17 13:30:00+01:00,0.994505913278738
2023-02-17 13:45:00+01:00,0.9937716237544704
2023-02-17 14:00:00+01:00,0.9930466933764888
2023-02-17 14:15:00+01:00,0.9916380782150606
2023-02-17 14:30:00+01:00,0.9903769668528156
2023-02-17 14:45:00+01:00,0.989266938137021
2023-02-17 15:00:00+01:00,0.9883112384884953
2023-02-17 15:15:00+01:00,0.9815881192122937
2023-02-17 15:30:00+01:00,0.9744726008462771
2023-02-17 15:45:00+01:00,0.9673985899083699
2023-02-17 16:00:00+01:00,0.960368104166809
2023-02-17 16:15:00+01:00,0.9576259216889067
2023-02-17 16:30:00+01:00,0.9548844036042807
2023-02-17 16:45:00+01:00,0.9518428690364011
2023-02-17 17:00:00+01:00,0.9456318607806449
2023-02-17 17:15:00+01:00,0.9348753295705398
2023-02-17 17:30:00+01:00,0.9241366077239933
2023-02-17 17:45:00+01:00,0.9134163105458727
2023-02-17 18:00:00+01:00,0.9027150808848948
2023-02-17 18:15:00+01:00,0.895772722027158
2023-02-17 18:30:00+01:00,0.8888311086835725
2023-02-17 18:45:00+01:00,0.8818902580864184
2023-02-17 19:00:00+01:00,0.8749501880012049
2023-02-17 19:15:00+01:00,0.861391486991197
2023-02-17 19:30:00+01:00,0.8457636475275796
2023-02-17 19:45:00+01:00,0.8301382907473869
2023-02-17 20:00:00+01:00,0.8145155023886421
2023-02-17 20:15:00+01:00,0.8010870501291776
2023-02-17 20:30:00+01:00,0.7876636985971109
2023-02-17 20:45:00+01:00,0.7742456037457894
2023-02-17 21:00:00+01:00,0.7608329278867481
2023-02-17 21:15:00+01:00,0.7436777185773532
2023-02-17 21:30:00+01:00,0.7226379919601552
2023-02-17 21:45:00+01:00,0.7014505776390826
2023-02-17 22:00:00+01:00,0.680315089289595
2023-02-17 22:15:00+01:00,0.6492067155040318
2023-02-17 22:30:00+01:00,0.6196422506420424
2023-02-17 22:45:00+01:00,0.5917165214185135
2023-02-17 23:00:00+01:00,0.5657921317713377
2023-02-17 23:15:00+01:00,0.570285272734165
2023-02-17 23:30:00+01:00,0.5747785236109139
2023-02-17 23:45:00+01:00,0.5792718833509629
2023-02-18 00:00:00+01:00,0.5837718966379771
2023-02-18 00:15:00+01:00,0.5973711985265242
2023-02-18 00:30:00+01:00,0.6110073103925122
2023-02-18 00:45:00+01:00,0.6246792127552003
2023-02-18 01:00:00+01:00,0.6383859209052622
2023-02-18 01:15:00+01:00,0.6463075663280693
2023-02-18 01:30:00+01:00,0.6544053739542758
2023-02-18 01:45:00+01:00,0.6626765190864728
2023-02-18 02:00:00+01:00,0.6711181785559862
2023-02-18 02:15:00+01:00,0.6671860103525871
2023-02-18 02:30:00+01:00,0.6636052196269796
2023-02-18 02:45:00+01:00,0.6603783015751068
2023-02-18 03:00:00+01:00,0.6575075250777385
2023-02-18 03:15:00+01:00,0.6756024215195903
2023-02-18 03:30:00+01:00,0.693775883772934
2023-02-18 03:45:00+01:00,0.7120251737797884
2023-02-18 04:00:00+01:00,0.7303476685986716
2023-02-18 04:15:00+01:00,0.7495958576256045
2023-02-18 04:30:00+01:00,0.7664721456661839
2023-02-18 04:45:00+01:00,0.7834016327138461
2023-02-18 05:00:00+01:00,0.8003823072927658
2023-02-18 05:15:00+01:00,0.8273632970412729
2023-02-18 05:30:00+01:00,0.8543955847114726
2023-02-18 05:45:00+01:00,0.8777548872961923
2023-02-18 06:00:00+01:00,0.8948344310858501
2023-02-18 06:15:00+01:00,0.9151331384504813
2023-02-18 06:30:00+01:00,0.9355678734377801
2023-02-18 06:45:00+01:00,0.9540349813701031
2023-02-18 07:00:00+01:00,0.9631593011057479
2023-02-18 07:15:00+01:00,0.9688215105353116
2023-02-18 07:30:00+01:00,0.9747712547287457
2023-02-18 07:45:00+01:00,0.9809973080758202
2023-02-18 08:00:00+01:00,0.9874885402806458
2023-02-18 08:15:00+01:00,0.9890934546773354
2023-02-18 08:30:00+01:00,0.9903449708577944
2023-02-18 08:45:00+01:00,0.9916463429324669
2023-02-18 09:00:00+01:00,0.9929963518184104
2023-02-18 09:15:00+01:00,0.9930962281104013
2023-02-18 09:30:00+01:00,0.9931979107903355
2023-02-18 09:45:00+01:00,0.9933013964135561
2023-02-18 10:00:00+01:00,0.9934066814833155
2023-02-18 10:15:00+01:00,0.9881681609309917
2023-02-18 10:30:00+01:00,0.972678046976705
2023-02-18 10:45:00+01:00,0.9571303065537392
2023-02-18 11:00:00+01:00,0.928126894146534
2023-02-18 11:15:00+01:00,0.9412895632410482
2023-02-18 11:30:00+01:00,0.9533387323520185
2023-02-18 11:45:00+01:00,0.959231979273713
2023-02-18 12:00:00+01:00,0.9651657425153624
2023-02-18 12:15:00+01:00,0.9619753641156268
2023-02-18 12:30:00+01:00,0.9588705517983281
2023-02-18 12:45:00+01:00,0.9558531502882415
2023-02-18 13:00:00+01:00,0.9529250035230534
2023-02-18 13:15:00+01:00,0.941590692861341
2023-02-18 13:30:00+01:00,0.9296926345598362
2023-02-18 13:45:00+01:00,0.9179247366020028
2023-02-18 14:00:00+01:00,0.9062919648980188
2023-02-18 14:15:00+01:00,0.8945801707590255
2023-02-18 14:30:00+01:00,0.8828748380767377
2023-02-18 14:45:00+01:00,0.8710277807331769
2023-02-18 15:00:00+01:00,0.8524587186180678
2023-02-18 15:15:00+01:00,0.8381047027003674
2023-02-18 15:30:00+01:00,0.8237506897414447
2023-02-18 15:45:00+01:00,0.8093966798355213
2023-02-18 16:00:00+01:00,0.7950426730808615
2023-02-18 16:15:00+01:00,0.7854829057172292
2023-02-18 16:30:00+01:00,0.7759240784541915
2023-02-18 16:45:00+01:00,0.7663662118831763
2023-02-18 17:00:00+01:00,0.7568093271992358
2023-02-18 17:15:00+01:00,0.750286651335764
2023-02-18 17:30:00+01:00,0.7437964991898404
2023-02-18 17:45:00+01:00,0.7360110115844165
2023-02-18 18:00:00+01:00,0.7280409729013666
2023-02-18 18:15:00+01:00,0.7225951291438593
2023-02-18 18:30:00+01:00,0.7172747664378503
2023-02-18 18:45:00+01:00,0.7120811649772915
2023-02-18 19:00:00+01:00,0.7070155913053069
2023-02-18 19:15:00+01:00,0.68954984094992
2023-02-18 19:30:00+01:00,0.672108620338748
2023-02-18 19:45:00+01:00,0.654692781113205
2023-02-18 20:00:00+01:00,0.6373032134719118
2023-02-18 20:15:00+01:00,0.6237566357226072
2023-02-18 20:30:00+01:00,0.6106042246232786
2023-02-18 20:45:00+01:00,0.5978567044734225
2023-02-18 21:00:00+01:00,0.5855248437980924
2023-02-18 21:15:00+01:00,0.604992652572064
2023-02-18 21:30:00+01:00,0.6247672199493536
2023-02-18 21:45:00+01:00,0.6448363913939349
2023-02-18 22:00:00+01:00,0.6651884789329657
2023-02-18 22:15:00+01:00,0.6569388786478044
2023-02-18 22:30:00+01:00,0.6490316065002122
2023-02-18 22:45:00+01:00,0.6414720985402824
2023-02-18 23:00:00+01:00,0.6342656598569585
2023-02-18 23:15:00+01:00,0.6739275521204375
2023-02-18 23:30:00+01:00,0.7144667401715791
2023-02-18 23:45:00+01:00,0.7533023050975498
2023-02-19 00:00:00+01:00,0.7872337587974885
2023-02-19 00:15:00+01:00,0.7959785493716145
2023-02-19 00:30:00+01:00,0.8064666081124616
2023-02-19 00:45:00+01:00,0.8186576492400676
2023-02-19 01:00:00+01:00,0.8325063884654438
2023-02-19 01:15:00+01:00,0.8243513014226852
2023-02-19 01:30:00+01:00,0.8177191321134779
2023-02-19 01:45:00+01:00,0.8126322348219012
2023-02-19 02:00:00+01:00,0.8091080523581202
2023-02-19 02:15:00+01:00,0.8244436940191587
2023-02-19 02:30:00+01:00,0.8408241080468327
2023-02-19 02:45:00+01:00,0.858212650484757
2023-02-19 03:00:00+01:00,0.8746671976913772
2023-02-19 03:15:00+01:00,0.8847821658751426
2023-02-19 03:30:00+01:00,0.8968223128828686
2023-02-19 03:45:00+01:00,0.9107128500847848
2023-02-19 04:00:00+01:00,0.9263722206820019
2023-02-19 04:15:00+01:00,0.9197849810970437
2023-02-19 04:30:00+01:00,0.913846825210062
2023-02-19 04:45:00+01:00,0.9085702184543124
2023-02-19 05:00:00+01:00,0.9039665065588774
2023-02-19 05:15:00+01:00,0.8793137123899556
2023-02-19 05:30:00+01:00,0.8449350400137413
2023-02-19 05:45:00+01:00,0.8060674234686793
2023-02-19 06:00:00+01:00,0.7673624745612531
2023-02-19 06:15:00+01:00,0.7535029617406206
2023-02-19 06:30:00+01:00,0.739185423189607
2023-02-19 06:45:00+01:00,0.7226307924736544
2023-02-19 07:00:00+01:00,0.7064123317798499
2023-02-19 07:15:00+01:00,0.7006787210021446
2023-02-19 07:30:00+01:00,0.6949631736613575
2023-02-19 07:45:00+01:00,0.6892658906642705
2023-02-19 08:00:00+01:00,0.6835870752517188
2023-02-19 08:15:00+01:00,0.6671127793415673
2023-02-19 08:30:00+01:00,0.6506550612823863
2023-02-19 08:45:00+01:00,0.6342144716617338
2023-02-19 09:00:00+01:00,0.617791585109478
2023-02-19 09:15:00+01:00,0.5870001706427439
2023-02-19 09:30:00+01:00,0.5568414380329845
2023-02-19 09:45:00+01:00,0.5269804246236717
2023-02-19 10:00:00+01:00,0.4973787889363045
2023-02-19 10:15:00+01:00,0.46100668053263866
2023-02-19 10:30:00+01:00,0.4248056552084568
2023-02-19 10:45:00+01:00,0.3923038630761708
2023-02-19 11:00:00+01:00,0.35980928549147356
2023-02-19 11:15:00+01:00,0.3451287294202177
2023-02-19 11:30:00+01:00,0.3304898982053506
2023-02-19 11:45:00+01:00,0.3158945998255104
2023-02-19 12:00:00+01:00,0.30134474238386333
2023-02-19 12:15:00+01:00,0.319160248910268
2023-02-19 12:30:00+01:00,0.3375610791400035
2023-02-19 12:45:00+01:00,0.35651658155572125
2023-02-19 13:00:00+01:00,0.3759973771002524
2023-02-19 13:15:00+01:00,0.3673066932547699
2023-02-19 13:30:00+01:00,0.35884432546071177
2023-02-19 13:45:00+01:00,0.3506158032980994
2023-02-19 14:00:00+01:00,0.3426266760589404
2023-02-19 14:15:00+01:00,0.32972219773399986
2023-02-19 14:30:00+01:00,0.3169394708479025
2023-02-19 14:45:00+01:00,0.3042831554932361
2023-02-19 15:00:00+01:00,0.29175810292857596
2023-02-19 15:15:00+01:00,0.2986412871022254
2023-02-19 15:30:00+01:00,0.3079240021927135
2023-02-19 15:45:00+01:00,0.3195405551391035
2023-02-19 16:00:00+01:00,0.3334120634120835
2023-02-19 16:15:00+01:00,0.3420226560188256
2023-02-19 16:30:00+01:00,0.350786620567021
2023-02-19 16:45:00+01:00,0.3597001432305948
2023-02-19 17:00:00+01:00,0.3687594736883987
2023-02-19 17:15:00+01:00,0.36689475235651964
2023-02-19 17:30:00+01:00,0.36503641829403516
2023-02-19 17:45:00+01:00,0.36318450506893374
2023-02-19 18:00:00+01:00,0.3613390463676304
2023-02-19 18:15:00+01:00,0.3661004856605063
2023-02-19 18:30:00+01:00,0.37106462655887384
2023-02-19 18:45:00+01:00,0.3762286579434063
2023-02-19 19:00:00+01:00,0.38158971038027856
2023-02-19 19:15:00+01:00,0.35227337415769966
2023-02-19 19:30:00+01:00,0.32333069024409705
2023-02-19 19:45:00+01:00,0.29479435069749504
2023-02-19 20:00:00+01:00,0.2710510580563486
2023-02-19 20:15:00+01:00,0.2499557465909768
2023-02-19 20:30:00+01:00,0.2305152849185819
2023-02-19 20:45:00+01:00,0.21287048196670078
2023-02-19 21:00:00+01:00,0.19716326773670878
2023-02-19 21:15:00+01:00,0.1920296287768924
2023-02-19 21:30:00+01:00,0.18961222915272125
2023-02-19 21:45:00+01:00,0.18994080074409808
2023-02-19 22:00:00+01:00,0.19301127712551908
2023-02-19 22:15:00+01:00,0.19393849567891264
2023-02-19 22:30:00+01:00,0.19843673741318177
2023-02-19 22:45:00+01:00,0.20643503970609753
2023-02-19 23:00:00+01:00,0.21781177381833905
2023-02-19 23:15:00+01:00,0.2460627720623912
2023-02-19 23:30:00+01:00,0.27513406659744316
2023-02-19 23:45:00+01:00,0.3106361047940585
2023-02-20 00:00:00+01:00,0.350117226524451
2023-02-20 00:15:00+01:00,0.3782764623963155
2023-02-20 00:30:00+01:00,0.40661064600318136
2023-02-20 00:45:00+01:00,0.4361644999088211
2023-02-20 01:00:00+01:00,0.4682090781181128
2023-02-20 01:15:00+01:00,0.5014559920329064
2023-02-20 01:30:00+01:00,0.5348543694615386
2023-02-20 01:45:00+01:00,0.5683933654444716
2023-02-20 02:00:00+01:00,0.6023468911442094
2023-02-20 02:15:00+01:00,0.6313617989391591
2023-02-20 02:30:00+01:00,0.6603855453517703
2023-02-20 02:45:00+01:00,0.6894176312317152
2023-02-20 03:00:00+01:00,0.7184575941913788
2023-02-20 03:15:00+01:00,0.731832652427666
2023-02-20 03:30:00+01:00,0.7452137691035491
2023-02-20 03:45:00+01:00,0.7569059528369435
2023-02-20 04:00:00+01:00,0.7690362481705327
2023-02-20 04:15:00+01:00,0.766217232430955
2023-02-20 04:30:00+01:00,0.7637034156007741
2023-02-20 04:45:00+01:00,0.7614965622657865
2023-02-20 05:00:00+01:00,0.7595982327646379
2023-02-20 05:15:00+01:00,0.7688681089611685
2023-02-20 05:30:00+01:00,0.7781388415812012
2023-02-20 05:45:00+01:00,0.7874104127193009
2023-02-20 06:00:00+01:00,0.7966828049641612
2023-02-20 06:15:00+01:00,0.804993489381035
2023-02-20 06:30:00+01:00,0.8136451322444188
2023-02-20 06:45:00+01:00,0.8226312527001659
2023-02-20 07:00:00+01:00,0.8319452920267705
2023-02-20 07:15:00+01:00,0.8265124078365735
2023-02-20 07:30:00+01:00,0.8213464672020769
2023-02-20 07:45:00+01:00,0.8164505136199423
2023-02-20 08:00:00+01:00,0.8118274743667205
2023-02-20 08:15:00+01:00,0.811729050772542
2023-02-20 08:30:00+01:00,0.8116313101818668
2023-02-20 08:45:00+01:00,0.8115342527425634
2023-02-20 09:00:00+01:00,0.8114378786015094
2023-02-20 09:15:00+01:00,0.7778110529670692
2023-02-20 09:30:00+01:00,0.7446295881955385
2023-02-20 09:45:00+01:00,0.7044831077458591
2023-02-20 10:00:00+01:00,0.6645541997683329
2023-02-20 10:15:00+01:00,0.6707184808485775
2023-02-20 10:30:00+01:00,0.6782854883575502
2023-02-20 10:45:00+01:00,0.6872345397868338
2023-02-20 11:00:00+01:00,0.6975416960967243
2023-02-20 11:15:00+01:00,0.7164238898645711
2023-02-20 11:30:00+01:00,0.7361854255058679
2023-02-20 11:45:00+01:00,0.7540897587081065
2023-02-20 12:00:00+01:00,0.7713563110692331
2023-02-20 12:15:00+01:00,0.7754335205417929
2023-02-20 12:30:00+01:00,0.779671296596855
2023-02-20 12:45:00+01:00,0.7840681008399375
2023-02-20 13:00:00+01:00,0.7886223578459641
2023-02-20 13:15:00+01:00,0.7873986325656814
2023-02-20 13:30:00+01:00,0.786246577080331
2023-02-20 13:45:00+01:00,0.7851663779097703
2023-02-20 14:00:00+01:00,0.7841582105285412
2023-02-20 14:15:00+01:00,0.7729461300662199
2023-02-20 14:30:00+01:00,0.76258275290111
2023-02-20 14:45:00+01:00,0.7530884398452273
2023-02-20 15:00:00+01:00,0.7444824194578029
2023-02-20 15:15:00+01:00,0.7193573476111083
2023-02-20 15:30:00+01:00,0.694895460220264
2023-02-20 15:45:00+01:00,0.6715388065962458
2023-02-20 16:00:00+01:00,0.6493389576185867
2023-02-20 16:15:00+01:00,0.618198452902611
2023-02-20 16:30:00+01:00,0.5873185469705408
2023-02-20 16:45:00+01:00,0.5571136408058823
2023-02-20 17:00:00+01:00,0.5272600187075334
2023-02-20 17:15:00+01:00,0.5169588540682434
2023-02-20 17:30:00+01:00,0.5067368969822108
2023-02-20 17:45:00+01:00,0.49659597711559406
2023-02-20 18:00:00+01:00,0.48653796573644564
2023-02-20 18:15:00+01:00,0.4906497848124358
2023-02-20 18:30:00+01:00,0.494764750473128
2023-02-20 18:45:00+01:00,0.4988828335086893
2023-02-20 19:00:00+01:00,0.5030040050479923
2023-02-20 19:15:00+01:00,0.504024558462234
2023-02-20 19:30:00+01:00,0.5050451128330953
2023-02-20 19:45:00+01:00,0.5060656681583847
2023-02-20 20:00:00+01:00,0.5070862244359192
2023-02-20 20:15:00+01:00,0.508093966769051
2023-02-20 20:30:00+01:00,0.5091862656206666
2023-02-20 20:45:00+01:00,0.510362914415217
2023-02-20 21:00:00+01:00,0.5116236913770007
2023-02-20 21:15:00+01:00,0.5108214248616652
2023-02-20 21:30:00+01:00,0.5101629791292815
2023-02-20 21:45:00+01:00,0.5096485660956817
2023-02-20 22:00:00+01:00,0.5092783516105958
2023-02-20 22:15:00+01:00,0.48380631202298946
2023-02-20 22:30:00+01:00,0.45971036869644266
2023-02-20 22:45:00+01:00,0.43706897306204057
2023-02-20 23:00:00+01:00,0.4170462684474296
2023-02-20 23:15:00+01:00,0.42026563638008113
2023-02-20 23:30:00+01:00,0.42353243183095307
2023-02-20 23:45:00+01:00,0.42692404409782314
2023-02-21 00:00:00+01:00,0.43068314608730957
2023-02-21 00:15:00+01:00,0.4260182053309639
2023-02-21 00:30:00+01:00,0.42202502829384164
2023-02-21 00:45:00+01:00,0.41822921604988433
2023-02-21 01:00:00+01:00,0.41463278925759983
2023-02-21 01:15:00+01:00,0.40647417424090704
2023-02-21 01:30:00+01:00,0.39841669457715706
2023-02-21 01:45:00+01:00,0.3904625970560869
2023-02-21 02:00:00+01:00,0.38261416538598547
2023-02-21 02:15:00+01:00,0.3653387171146415
2023-02-21 02:30:00+01:00,0.3481093793377282
2023-02-21 02:45:00+01:00,0.3309284692671353
2023-02-21 03:00:00+01:00,0.31379845482460683
2023-02-21 03:15:00+01:00,0.30552018613771204
2023-02-21 03:30:00+01:00,0.29727595556606434
2023-02-21 03:45:00+01:00,0.28906661632422465
2023-02-21 04:00:00+01:00,0.2819962114720606
2023-02-21 04:15:00+01:00,0.27237452977952614
2023-02-21 04:30:00+01:00,0.2627790113178872
2023-02-21 04:45:00+01:00,0.25321069372695215
2023-02-21 05:00:00+01:00,0.24367066706886603
2023-02-21 05:15:00+01:00,0.23347372443632947
2023-02-21 05:30:00+01:00,0.2232817934655174
2023-02-21 05:45:00+01:00,0.2130950976249952
2023-02-21 06:00:00+01:00,0.20291387374417943
2023-02-21 06:15:00+01:00,0.19871145319441436
2023-02-21 06:30:00+01:00,0.1945366102932265
2023-02-21 06:45:00+01:00,0.1903898659946781
2023-02-21 07:00:00+01:00,0.18627175081657638
2023-02-21 07:15:00+01:00,0.18055493701824737
2023-02-21 07:30:00+01:00,0.17547120078455378
2023-02-21 07:45:00+01:00,0.17117361683207935
2023-02-21 08:00:00+01:00,0.1668953511091912
2023-02-21 08:15:00+01:00,0.15300666298487361
2023-02-21 08:30:00+01:00,0.13916838012646052
2023-02-21 08:45:00+01:00,0.1253852491006928
2023-02-21 09:00:00+01:00,0.11166260894270966
2023-02-21 09:15:00+01:00,0.10732361829384886
2023-02-21 09:30:00+01:00,0.10298681987598765
2023-02-21 09:45:00+01:00,0.09865228256097644
2023-02-21 10:00:00+01:00,0.09466599760000151
2023-02-21 10:15:00+01:00,0.08422313030472095
2023-02-21 10:30:00+01:00,0.07390845083258911
2023-02-21 10:45:00+01:00,0.06373963232172127
2023-02-21 11:00:00+01:00,0.05373742497364247
2023-02-21 11:15:00+01:00,0.05043771666262414
2023-02-21 11:30:00+01:00,0.04713802975562024
2023-02-21 11:45:00+01:00,0.043924013338714755
2023-02-21 12:00:00+01:00,0.041974923118732514
2023-02-21 12:15:00+01:00,0.036508224383567975
2023-02-21 12:30:00+01:00,0.0310446168925157
2023-02-21 12:45:00+01:00,0.025584595020378947
2023-02-21 13:00:00+01:00,0.02012876405131819
2023-02-21 13:15:00+01:00,0.015470392886586486
2023-02-21 13:30:00+01:00,0.012458977698016049
2023-02-21 13:45:00+01:00,0.01037137951419111
2023-02-21 14:00:00+01:00,0.008308976530587976
2023-02-21 14:15:00+01:00,0.007029247853244799
2023-02-21 14:30:00+01:00,0.005814024988310831
2023-02-21 14:45:00+01:00,0.004670591799776266
2023-02-21 15:00:00+01:00,0.003606835693063372
2023-02-21 15:15:00+01:00,0.0025306634123482903
2023-02-21 15:30:00+01:00,0.001487386162633099
2023-02-21 15:45:00+01:00,0.00048066813135876394
2023-02-21 16:00:00+01:00,0.0
2023-02-21 16:15:00+01:00,0.0
2023-02-21 16:30:00+01:00,0.0
2023-02-21 16:45:00+01:00,0.0
2023-02-21 17:00:00+01:00,0.0
2023-02-21 17:15:00+01:00,0.0
2023-02-21 17:30:00+01:00,0.0
2023-02-21 17:45:00+01:00,0.0
2023-02-21 18:00:00+01:00,0.0
2023-02-21 18:15:00+01:00,0.0
2023-02-21 18:30:00+01:00,0.0
2023-02-21 18:45:00+01:00,0.0
2023-02-21 19:00:00+01:00,0.0
2023-02-21 19:15:00+01:00,0.0
2023-02-21 19:30:00+01:00,0.0
2023-02-21 19:45:00+01:00,0.0
2023-02-21 20:00:00+01:00,0.0
2023-02-21 20:15:00+01:00,0.0
2023-02-21 20:30:00+01:00,0.0
2023-02-21 20:45:00+01:00,0.0
2023-02-21 21:00:00+01:00,0.0
2023-02-21 21:15:00+01:00,0.0
2023-02-21 21:30:00+01:00,0.0037573279389916826
2023-02-21 21:45:00+01:00,0.009088061888055705
2023-02-21 22:00:00+01:00,0.015224621088818528
2023-02-21 22:15:00+01:00,0.014143784638444023
2023-02-21 22:30:00+01:00,0.013659882686712022
2023-02-21 22:45:00+01:00,0.013553115932103822
2023-02-21 23:00:00+01:00,0.013643395921233845
2023-02-21 23:15:00+01:00,0.01990762671010734
2023-02-21 23:30:00+01:00,0.02651435724789343
2023-02-21 23:45:00+01:00,0.0332398877324229
2023-02-22 00:00:00+01:00,0.04006372744804497
2023-02-22 00:15:00+01:00,0.043572883383013856
2023-02-22 00:30:00+01:00,0.04918755839608948
2023-02-22 00:45:00+01:00,0.055133870829031116
2023-02-22 01:00:00+01:00,0.061082653894376594
2023-02-22 01:15:00+01:00,0.05535434861972957
2023-02-22 01:30:00+01:00,0.049750056514256354
2023-02-22 01:45:00+01:00,0.04427994893622343
2023-02-22 02:00:00+01:00,0.04103945300086319
2023-02-22 02:15:00+01:00,0.0331099126714068
2023-02-22 02:30:00+01:00,0.025800455254803376
2023-02-22 02:45:00+01:00,0.019252592773826092
2023-02-22 03:00:00+01:00,0.01372832143259594
2023-02-22 03:15:00+01:00,0.012394819433459926
2023-02-22 03:30:00+01:00,0.011655663636669656
2023-02-22 03:45:00+01:00,0.011544520791727507
2023-02-22 04:00:00+01:00,0.01206666764264626
2023-02-22 04:15:00+01:00,0.01290199837447489
2023-02-22 04:30:00+01:00,0.013779739107000777
2023-02-22 04:45:00+01:00,0.015753339958077133
2023-02-22 05:00:00+01:00,0.017843919743003415
2023-02-22 05:15:00+01:00,0.020342592705052
2023-02-22 05:30:00+01:00,0.022850532405989363
2023-02-22 05:45:00+01:00,0.02536705712297768
2023-02-22 06:00:00+01:00,0.02789154838935684
2023-02-22 06:15:00+01:00,0.029654744985901472
2023-02-22 06:30:00+01:00,0.03146432507630951
2023-02-22 06:45:00+01:00,0.03331800418396541
2023-02-22 07:00:00+01:00,0.03521359503200005
2023-02-22 07:15:00+01:00,0.03812876061207189
2023-02-22 07:30:00+01:00,0.041052103927413285
2023-02-22 07:45:00+01:00,0.043983031710457025
2023-02-22 08:00:00+01:00,0.048912013256891415
2023-02-22 08:15:00+01:00,0.055681371357844
2023-02-22 08:30:00+01:00,0.06252631769200948
2023-02-22 08:45:00+01:00,0.06944010822364753
2023-02-22 09:00:00+01:00,0.0764167213659157
2023-02-22 09:15:00+01:00,0.07144886094364804
2023-02-22 09:30:00+01:00,0.06676649815981313
2023-02-22 09:45:00+01:00,0.06238760942883965
2023-02-22 10:00:00+01:00,0.05833039561706322
2023-02-22 10:15:00+01:00,0.043060636660254795
2023-02-22 10:30:00+01:00,0.03369866209141066
2023-02-22 10:45:00+01:00,0.0244156335712376
2023-02-22 11:00:00+01:00,0.015235415390871523
2023-02-22 11:15:00+01:00,0.01049878479567851
2023-02-22 11:30:00+01:00,0.006817089059381681
2023-02-22 11:45:00+01:00,0.003515206690147294
2023-02-22 12:00:00+01:00,0.0007261811533511118
2023-02-22 12:15:00+01:00,0.0023816326841555303
2023-02-22 12:30:00+01:00,0.004837313171810954
2023-02-22 12:45:00+01:00,0.007927761035932377
2023-02-22 13:00:00+01:00,0.011502833316780864
2023-02-22 13:15:00+01:00,0.012327971495231968
2023-02-22 13:30:00+01:00,0.01318318010600458
2023-02-22 13:45:00+01:00,0.01437245051392333
2023-02-22 14:00:00+01:00,0.016364800852965742
2023-02-22 14:15:00+01:00,0.016642761070284763
2023-02-22 14:30:00+01:00,0.01701228048600747
2023-02-22 14:45:00+01:00,0.017472283646610198
2023-02-22 15:00:00+01:00,0.018021455135081514
2023-02-22 15:15:00+01:00,0.021043229870020684
2023-02-22 15:30:00+01:00,0.02411506064084093
2023-02-22 15:45:00+01:00,0.02723251789835227
2023-02-22 16:00:00+01:00,0.030391624733623494
2023-02-22 16:15:00+01:00,0.04046426618541572
2023-02-22 16:30:00+01:00,0.05551170736028345
2023-02-22 16:45:00+01:00,0.07341297570209468
2023-02-22 17:00:00+01:00,0.09160619369344451
2023-02-22 17:15:00+01:00,0.09741366709385274
2023-02-22 17:30:00+01:00,0.10636435526839165
2023-02-22 17:45:00+01:00,0.11620331055969275
2023-02-22 18:00:00+01:00,0.12687126484113945
2023-02-22 18:15:00+01:00,0.12841368012690307
2023-02-22 18:30:00+01:00,0.1301617337303139
2023-02-22 18:45:00+01:00,0.13211301630483785
2023-02-22 19:00:00+01:00,0.1342648826218702
2023-02-22 19:15:00+01:00,0.13230953855173924
2023-02-22 19:30:00+01:00,0.13037427894380485
2023-02-22 19:45:00+01:00,0.12845936646227063
2023-02-22 20:00:00+01:00,0.126565065537057
2023-02-22 20:15:00+01:00,0.12356213057763057
2023-02-22 20:30:00+01:00,0.12058528970659516
2023-02-22 20:45:00+01:00,0.1176350809704218
2023-02-22 21:00:00+01:00,0.11471205229487293
2023-02-22 21:15:00+01:00,0.10758358706404424
2023-02-22 21:30:00+01:00,0.10052630028613178
2023-02-22 21:45:00+01:00,0.09418227766721375
2023-02-22 22:00:00+01:00,0.08987999599482366
2023-02-22 22:15:00+01:00,0.07193527421099447
2023-02-22 22:30:00+01:00,0.054256503557242604
2023-02-22 22:45:00+01:00,0.039834437873943994
2023-02-22 23:00:00+01:00,0.029847532605226074
2023-02-22 23:15:00+01:00,0.024078996492482508
2023-02-22 23:30:00+01:00,0.01922587334350755
2023-02-22 23:45:00+01:00,0.015432614616100897
2023-02-23 00:00:00+01:00,0.013363882483716909
2023-02-23 00:15:00+01:00,0.011787264812928385
2023-02-23 00:30:00+01:00,0.010458294317449863
2023-02-23 00:45:00+01:00,0.009403649313988145
2023-02-23 01:00:00+01:00,0.008647270325098601
2023-02-23 01:15:00+01:00,0.008106244588898113
2023-02-23 01:30:00+01:00,0.007698261557332651
2023-02-23 01:45:00+01:00,0.007427967797057106
2023-02-23 02:00:00+01:00,0.007298560971648431
2023-02-23 02:15:00+01:00,0.006689805420296505
2023-02-23 02:30:00+01:00,0.006276731625259322
2023-02-23 02:45:00+01:00,0.006066539073237847
2023-02-23 03:00:00+01:00,0.006063026211840309
2023-02-23 03:15:00+01:00,0.007773331355111056
2023-02-23 03:30:00+01:00,0.009484095398229773
2023-02-23 03:45:00+01:00,0.011195257662376624
2023-02-23 04:00:00+01:00,0.012906767704121922
2023-02-23 04:15:00+01:00,0.013403652629667164
2023-02-23 04:30:00+01:00,0.014055152352803274
2023-02-23 04:45:00+01:00,0.015234127158697796
2023-02-23 05:00:00+01:00,0.01645603959344861
2023-02-23 05:15:00+01:00,0.014896926672788692
2023-02-23 05:30:00+01:00,0.013598620205174378
2023-02-23 05:45:00+01:00,0.012895867413516204
2023-02-23 06:00:00+01:00,0.012198126651403097
2023-02-23 06:15:00+01:00,0.011132611481494109
2023-02-23 06:30:00+01:00,0.01007463261940125
2023-02-23 06:45:00+01:00,0.009024842833590462
2023-02-23 07:00:00+01:00,0.007983966520265437
2023-02-23 07:15:00+01:00,0.007627970326466881
2023-02-23 07:30:00+01:00,0.0072948273391549604
2023-02-23 07:45:00+01:00,0.006985197603769719
2023-02-23 08:00:00+01:00,0.006699717547884539
2023-02-23 08:15:00+01:00,0.006676565662344325
2023-02-23 08:30:00+01:00,0.006686981723234974
2023-02-23 08:45:00+01:00,0.006730935193805973
2023-02-23 09:00:00+01:00,0.006808297622433533
2023-02-23 09:15:00+01:00,0.008949296672428093
2023-02-23 09:30:00+01:00,0.011090355470242955
2023-02-23 09:45:00+01:00,0.013231464621363265
2023-02-23 10:00:00+01:00,0.01723215802877833
2023-02-23 10:15:00+01:00,0.017026189428955407
2023-02-23 10:30:00+01:00,0.01771416913318098
2023-02-23 10:45:00+01:00,0.019276916035952055
2023-02-23 11:00:00+01:00,0.02167283595926536
2023-02-23 11:15:00+01:00,0.02444790888136909
2023-02-23 11:30:00+01:00,0.0273993416984793
2023-02-23 11:45:00+01:00,0.030512598236061405
2023-02-23 12:00:00+01:00,0.03377402363666355
2023-02-23 12:15:00+01:00,0.036142772207908985
2023-02-23 12:30:00+01:00,0.0385465751532964
2023-02-23 12:45:00+01:00,0.0409832881577382
2023-02-23 13:00:00+01:00,0.04345091235320954
2023-02-23 13:15:00+01:00,0.05033039913565009
2023-02-23 13:30:00+01:00,0.057829752494869796
2023-02-23 13:45:00+01:00,0.06551498117610835
2023-02-23 14:00:00+01:00,0.07336777828552128
2023-02-23 14:15:00+01:00,0.07882056716674293
2023-02-23 14:30:00+01:00,0.08467045073644326
2023-02-23 14:45:00+01:00,0.09088973273769113
2023-02-23 15:00:00+01:00,0.09879018734543053
2023-02-23 15:15:00+01:00,0.0878235724692807
2023-02-23 15:30:00+01:00,0.07820325799813879
2023-02-23 15:45:00+01:00,0.06859176005994644
2023-02-23 16:00:00+01:00,0.0589902357584924
2023-02-23 16:15:00+01:00,0.052564249840231586
2023-02-23 16:30:00+01:00,0.04624583780936863
2023-02-23 16:45:00+01:00,0.04168337390434845
2023-02-23 17:00:00+01:00,0.038096834424753014
2023-02-23 17:15:00+01:00,0.04008583412132597
2023-02-23 17:30:00+01:00,0.04208445439912229
2023-02-23 17:45:00+01:00,0.044123122095934546
2023-02-23 18:00:00+01:00,0.04753681463875384
2023-02-23 18:15:00+01:00,0.05313451456033439
2023-02-23 18:30:00+01:00,0.05873247062024932
2023-02-23 18:45:00+01:00,0.06433066370430268
2023-02-23 19:00:00+01:00,0.06992907655329192
2023-02-23 19:15:00+01:00,0.07379671617599579
2023-02-23 19:30:00+01:00,0.07778462792138585
2023-02-23 19:45:00+01:00,0.08188688071227686
2023-02-23 20:00:00+01:00,0.08609777324147769
2023-02-23 20:15:00+01:00,0.08829031807864088
2023-02-23 20:30:00+01:00,0.09089717379960556
2023-02-23 20:45:00+01:00,0.09390561529876888
2023-02-23 21:00:00+01:00,0.09854929349090125
2023-02-23 21:15:00+01:00,0.09786760838319179
2023-02-23 21:30:00+01:00,0.09777454363299523
2023-02-23 21:45:00+01:00,0.09827049643865476
2023-02-23 22:00:00+01:00,0.09935335419149052
2023-02-23 22:15:00+01:00,0.09073630491430539
2023-02-23 22:30:00+01:00,0.08368154872626093
2023-02-23 22:45:00+01:00,0.07663944409634815
2023-02-23 23:00:00+01:00,0.06961115147590452
2023-02-23 23:15:00+01:00,0.06652541975338852
2023-02-23 23:30:00+01:00,0.06348743445761439
2023-02-23 23:45:00+01:00,0.060499162741867535
2023-02-24 00:00:00+01:00,0.0575626463937771
2023-02-24 00:15:00+01:00,0.05687397724632231
2023-02-24 00:30:00+01:00,0.05618678975094494
2023-02-24 00:45:00+01:00,0.055501098034847096
2023-02-24 01:00:00+01:00,0.05481691637406167
2023-02-24 01:15:00+01:00,0.05328072907678686
2023-02-24 01:30:00+01:00,0.05178054761702192
2023-02-24 01:45:00+01:00,0.05031713987170279
2023-02-24 02:00:00+01:00,0.04889127607378921
2023-02-24 02:15:00+01:00,0.044625886518656045
2023-02-24 02:30:00+01:00,0.04188385806216051
2023-02-24 02:45:00+01:00,0.0393936478590078
2023-02-24 03:00:00+01:00,0.03691956285335304
2023-02-24 03:15:00+01:00,0.03309845205265505
2023-02-24 03:30:00+01:00,0.029621605070877566
2023-02-24 03:45:00+01:00,0.026523745997280797
2023-02-24 04:00:00+01:00,0.023839842111553256
2023-02-24 04:15:00+01:00,0.022182047977673893
2023-02-24 04:30:00+01:00,0.021301445540177096
2023-02-24 04:45:00+01:00,0.02121896153929318
2023-02-24 05:00:00+01:00,0.02193659410626724
2023-02-24 05:15:00+01:00,0.02648014150207601
2023-02-24 05:30:00+01:00,0.03113665520348958
2023-02-24 05:45:00+01:00,0.03589214555751262
2023-02-24 06:00:00+01:00,0.040734609987995274
2023-02-24 06:15:00+01:00,0.04157855938424804
2023-02-24 06:30:00+01:00,0.04306034371455832
2023-02-24 06:45:00+01:00,0.04592525781845545
2023-02-24 07:00:00+01:00,0.05046229412982717
2023-02-24 07:15:00+01:00,0.05508138755123311
2023-02-24 07:30:00+01:00,0.06246539832474419
2023-02-24 07:45:00+01:00,0.07235167957791443
2023-02-24 08:00:00+01:00,0.08443768965933829
2023-02-24 08:15:00+01:00,0.09890934060520672
2023-02-24 08:30:00+01:00,0.12090238148689163
2023-02-24 08:45:00+01:00,0.14374398584046966
2023-02-24 09:00:00+01:00,0.16731372778319953
2023-02-24 09:15:00+01:00,0.17746187881155046
2023-02-24 09:30:00+01:00,0.1908315886999364
2023-02-24 09:45:00+01:00,0.20421232324428268
2023-02-24 10:00:00+01:00,0.21760344126904654
2023-02-24 10:15:00+01:00,0.22987929182418698
2023-02-24 10:30:00+01:00,0.24240952526900186
2023-02-24 10:45:00+01:00,0.25518100290604767
2023-02-24 11:00:00+01:00,0.2681812476120852
2023-02-24 11:15:00+01:00,0.31203294441867696
2023-02-24 11:30:00+01:00,0.3610986004990834
2023-02-24 11:45:00+01:00,0.410174531215213
2023-02-24 12:00:00+01:00,0.46318286406470527
2023-02-24 12:15:00+01:00,0.5016596063808981
2023-02-24 12:30:00+01:00,0.5408810776002508
2023-02-24 12:45:00+01:00,0.5807852079981313
2023-02-24 13:00:00+01:00,0.6218912169613003
2023-02-24 13:15:00+01:00,0.6320509595190072
2023-02-24 13:30:00+01:00,0.6444686784724891
2023-02-24 13:45:00+01:00,0.6590887225561454
2023-02-24 14:00:00+01:00,0.6758478863968286
2023-02-24 14:15:00+01:00,0.6591044059617512
2023-02-24 14:30:00+01:00,0.6424744732437333
2023-02-24 14:45:00+01:00,0.625961920154933
2023-02-24 15:00:00+01:00,0.6095707240634678
2023-02-24 15:15:00+01:00,0.6116547338115836
2023-02-24 15:30:00+01:00,0.6140601323980648
2023-02-24 15:45:00+01:00,0.6167853412381465
2023-02-24 16:00:00+01:00,0.6198285843294675
2023-02-24 16:15:00+01:00,0.612168904719126
2023-02-24 16:30:00+01:00,0.6073864998798967
2023-02-24 16:45:00+01:00,0.6055096855703037
2023-02-24 17:00:00+01:00,0.606549675362955
2023-02-24 17:15:00+01:00,0.5809431761152186
2023-02-24 17:30:00+01:00,0.5667332014485758
2023-02-24 17:45:00+01:00,0.5639109910226874
2023-02-24 18:00:00+01:00,0.5725452434651651
2023-02-24 18:15:00+01:00,0.5542481748158514
2023-02-24 18:30:00+01:00,0.538899007884012
2023-02-24 18:45:00+01:00,0.5265977378774243
2023-02-24 19:00:00+01:00,0.5174277852522728
2023-02-24 19:15:00+01:00,0.506629206173884
2023-02-24 19:30:00+01:00,0.49595077789232056
2023-02-24 19:45:00+01:00,0.48539542445946443
2023-02-24 20:00:00+01:00,0.4749661302116262
2023-02-24 20:15:00+01:00,0.4741359383601288
2023-02-24 20:30:00+01:00,0.47332602930497736
2023-02-24 20:45:00+01:00,0.47253644085367824
2023-02-24 21:00:00+01:00,0.47176720995565863
2023-02-24 21:15:00+01:00,0.47426408290440464
2023-02-24 21:30:00+01:00,0.4768603293101737
2023-02-24 21:45:00+01:00,0.47955535856694126
2023-02-24 22:00:00+01:00,0.48234856253699115
2023-02-24 22:15:00+01:00,0.45025673960108925
2023-02-24 22:30:00+01:00,0.4191713100466489
2023-02-24 22:45:00+01:00,0.3908057661921044
2023-02-24 23:00:00+01:00,0.36262106169979197
2023-02-24 23:15:00+01:00,0.3862859536546383
2023-02-24 23:30:00+01:00,0.4104303191972997
2023-02-24 23:45:00+01:00,0.43607148156932435
2023-02-25 00:00:00+01:00,0.46405255647651095
2023-02-25 00:15:00+01:00,0.4720638676655464
2023-02-25 00:30:00+01:00,0.4803999680848422
2023-02-25 00:45:00+01:00,0.48905470442804605
2023-02-25 01:00:00+01:00,0.49802185151023365
2023-02-25 01:15:00+01:00,0.4936067188494663
2023-02-25 01:30:00+01:00,0.4891916755118198
2023-02-25 01:45:00+01:00,0.48477672239648817
2023-02-25 02:00:00+01:00,0.48036186041475754
2023-02-25 02:15:00+01:00,0.4782300720715848
2023-02-25 02:30:00+01:00,0.47611862939448235
2023-02-25 02:45:00+01:00,0.47402763114061697
2023-02-25 03:00:00+01:00,0.4719571757418121
2023-02-25 03:15:00+01:00,0.47209852905650485
2023-02-25 03:30:00+01:00,0.4722450575301679
2023-02-25 03:45:00+01:00,0.4723967594173563
2023-02-25 04:00:00+01:00,0.47255363291182656
2023-02-25 04:15:00+01:00,0.47995227223901443
2023-02-25 04:30:00+01:00,0.4873805994026819
2023-02-25 04:45:00+01:00,0.4948381153852498
2023-02-25 05:00:00+01:00,0.5023243303948215
2023-02-25 05:15:00+01:00,0.499294279524105
2023-02-25 05:30:00+01:00,0.4964735705499268
2023-02-25 05:45:00+01:00,0.49386354062302895
2023-02-25 06:00:00+01:00,0.4914654371832229
2023-02-25 06:15:00+01:00,0.4823444668637619
2023-02-25 06:30:00+01:00,0.47340211344941996
2023-02-25 06:45:00+01:00,0.46464207545348557
2023-02-25 07:00:00+01:00,0.4560680756426655
2023-02-25 07:15:00+01:00,0.4495831995405297
2023-02-25 07:30:00+01:00,0.44334076163041963
2023-02-25 07:45:00+01:00,0.4373443416917433
2023-02-25 08:00:00+01:00,0.43159744508108866
2023-02-25 08:15:00+01:00,0.4129886351351321
2023-02-25 08:30:00+01:00,0.3952797721256188
2023-02-25 08:45:00+01:00,0.37791351648193117
2023-02-25 09:00:00+01:00,0.3609067308670658
2023-02-25 09:15:00+01:00,0.3208873909229438
2023-02-25 09:30:00+01:00,0.2819814077534097
2023-02-25 09:45:00+01:00,0.25112855261403666
2023-02-25 10:00:00+01:00,0.2202814159789975
2023-02-25 10:15:00+01:00,0.21333984295219519
2023-02-25 10:30:00+01:00,0.21345042034638528
2023-02-25 10:45:00+01:00,0.2206097734900514
2023-02-25 11:00:00+01:00,0.23460386644662917
2023-02-25 11:15:00+01:00,0.22460282668342793
2023-02-25 11:30:00+01:00,0.21709302097232652
2023-02-25 11:45:00+01:00,0.21215641692663384
2023-02-25 12:00:00+01:00,0.2098488562821847
2023-02-25 12:15:00+01:00,0.2037743174035738
2023-02-25 12:30:00+01:00,0.19849943838100115
2023-02-25 12:45:00+01:00,0.19404320110099135
2023-02-25 13:00:00+01:00,0.19042211181150331
2023-02-25 13:15:00+01:00,0.2125846704602403
2023-02-25 13:30:00+01:00,0.23486293624560253
2023-02-25 13:45:00+01:00,0.2572463137793074
2023-02-25 14:00:00+01:00,0.27972542142286144
2023-02-25 14:15:00+01:00,0.31676700490528936
2023-02-25 14:30:00+01:00,0.3556202624172596
2023-02-25 14:45:00+01:00,0.3945045685203381
2023-02-25 15:00:00+01:00,0.4342740719955531
2023-02-25 15:15:00+01:00,0.44293498151388655
2023-02-25 15:30:00+01:00,0.4518214822321819
2023-02-25 15:45:00+01:00,0.4609289188169758
2023-02-25 16:00:00+01:00,0.4702526521320322
2023-02-25 16:15:00+01:00,0.4818740195464396
2023-02-25 16:30:00+01:00,0.4940853795290054
2023-02-25 16:45:00+01:00,0.5068705762017869
2023-02-25 17:00:00+01:00,0.5202133201399293
2023-02-25 17:15:00+01:00,0.5244712457282515
2023-02-25 17:30:00+01:00,0.5293784237563369
2023-02-25 17:45:00+01:00,0.5349278565627702
2023-02-25 18:00:00+01:00,0.5411117512036232
2023-02-25 18:15:00+01:00,0.5131699436351388
2023-02-25 18:30:00+01:00,0.4855204652696974
2023-02-25 18:45:00+01:00,0.4581821259573972
2023-02-25 19:00:00+01:00,0.43117514416183206
2023-02-25 19:15:00+01:00,0.40489030342828297
2023-02-25 19:30:00+01:00,0.3791876871731115
2023-02-25 19:45:00+01:00,0.3535425464741692
2023-02-25 20:00:00+01:00,0.3279591929629818
2023-02-25 20:15:00+01:00,0.3198783758776728
2023-02-25 20:30:00+01:00,0.3123951214860223
2023-02-25 20:45:00+01:00,0.3055228030017664
2023-02-25 21:00:00+01:00,0.29927405539867524
2023-02-25 21:15:00+01:00,0.29466498339826686
2023-02-25 21:30:00+01:00,0.29021029888283545
2023-02-25 21:45:00+01:00,0.2859120996454426
2023-02-25 22:00:00+01:00,0.28267439234609903
2023-02-25 22:15:00+01:00,0.27572962102147175
2023-02-25 22:30:00+01:00,0.2693675832229771
2023-02-25 22:45:00+01:00,0.26360338611356326
2023-02-25 23:00:00+01:00,0.25845117103621035
2023-02-25 23:15:00+01:00,0.25766795708769324
2023-02-25 23:30:00+01:00,0.25835549659137685
2023-02-25 23:45:00+01:00,0.26050965167250917
2023-02-26 00:00:00+01:00,0.26411755766632794
2023-02-26 00:15:00+01:00,0.2776017237261404
2023-02-26 00:30:00+01:00,0.2930378366760572
2023-02-26 00:45:00+01:00,0.3112201430760435
2023-02-26 01:00:00+01:00,0.3297236109362957
2023-02-26 01:15:00+01:00,0.3361355851686855
2023-02-26 01:30:00+01:00,0.34335264843666646
2023-02-26 01:45:00+01:00,0.35135818360410337
2023-02-26 02:00:00+01:00,0.3601342883324561
2023-02-26 02:15:00+01:00,0.3667017854149095
2023-02-26 02:30:00+01:00,0.37482179179638975
2023-02-26 02:45:00+01:00,0.3844593575644713
2023-02-26 03:00:00+01:00,0.3955743471585448
2023-02-26 03:15:00+01:00,0.38999260487558574
2023-02-26 03:30:00+01:00,0.3849184518983103
2023-02-26 03:45:00+01:00,0.3803590560745833
2023-02-26 04:00:00+01:00,0.37632097360512445
2023-02-26 04:15:00+01:00,0.3813332682713194
2023-02-26 04:30:00+01:00,0.38653278141139674
2023-02-26 04:45:00+01:00,0.3919168326811785
2023-02-26 05:00:00+01:00,0.39748270024723137
2023-02-26 05:15:00+01:00,0.3898442076373538
2023-02-26 05:30:00+01:00,0.3824258838943915
2023-02-26 05:45:00+01:00,0.3752322961582902
2023-02-26 06:00:00+01:00,0.36826799461561593
2023-02-26 06:15:00+01:00,0.36437680985585846
2023-02-26 06:30:00+01:00,0.3605219889450232
2023-02-26 06:45:00+01:00,0.35670393074424084
2023-02-26 07:00:00+01:00,0.3529230360814141
2023-02-26 07:15:00+01:00,0.3550270403014263
2023-02-26 07:30:00+01:00,0.35717214800115166
2023-02-26 07:45:00+01:00,0.35935810892528464
2023-02-26 08:00:00+01:00,0.3615846701379458
2023-02-26 08:15:00+01:00,0.34564458836458484
2023-02-26 08:30:00+01:00,0.3297393526667096
2023-02-26 08:45:00+01:00,0.3138706068638831
2023-02-26 09:00:00+01:00,0.29804009567782125
2023-02-26 09:15:00+01:00,0.31026840836685343
2023-02-26 09:30:00+01:00,0.32347972213054793
2023-02-26 09:45:00+01:00,0.3376364042293705
2023-02-26 10:00:00+01:00,0.3527002290425469
2023-02-26 10:15:00+01:00,0.3928911921285887
2023-02-26 10:30:00+01:00,0.43441502018869493
2023-02-26 10:45:00+01:00,0.4803512194175125
2023-02-26 11:00:00+01:00,0.5267021725648682
2023-02-26 11:15:00+01:00,0.5511087557014894
2023-02-26 11:30:00+01:00,0.575543222436671
2023-02-26 11:45:00+01:00,0.6002567324283025
2023-02-26 12:00:00+01:00,0.6251137763807
2023-02-26 12:15:00+01:00,0.6294994064767573
2023-02-26 12:30:00+01:00,0.6340140908447096
2023-02-26 12:45:00+01:00,0.6386566572021053
2023-02-26 13:00:00+01:00,0.6434259148195821
2023-02-26 13:15:00+01:00,0.6422932191134154
2023-02-26 13:30:00+01:00,0.6412112903715521
2023-02-26 13:45:00+01:00,0.6401802389939674
2023-02-26 14:00:00+01:00,0.639200170487183
2023-02-26 14:15:00+01:00,0.6322143309724306
2023-02-26 14:30:00+01:00,0.6253013299591044
2023-02-26 14:45:00+01:00,0.6184621944761115
2023-02-26 15:00:00+01:00,0.6116979596655004
2023-02-26 15:15:00+01:00,0.5958177857285724
2023-02-26 15:30:00+01:00,0.57998830415096
2023-02-26 15:45:00+01:00,0.5643451679665695
2023-02-26 16:00:00+01:00,0.5487020424147984
2023-02-26 16:15:00+01:00,0.4984687549385672
2023-02-26 16:30:00+01:00,0.44827976637269223
2023-02-26 16:45:00+01:00,0.4011155005650487
2023-02-26 17:00:00+01:00,0.3563441611344101
2023-02-26 17:15:00+01:00,0.32983370109045473
2023-02-26 17:30:00+01:00,0.3034048410386718
2023-02-26 17:45:00+01:00,0.2790434714254234
2023-02-26 18:00:00+01:00,0.2588036581970382
2023-02-26 18:15:00+01:00,0.2556849692915704
2023-02-26 18:30:00+01:00,0.25271353755190556
2023-02-26 18:45:00+01:00,0.24989117983190853
2023-02-26 19:00:00+01:00,0.24721964961075896
2023-02-26 19:15:00+01:00,0.25877709376465236
2023-02-26 19:30:00+01:00,0.2704291598766365
2023-02-26 19:45:00+01:00,0.28217146578467633
2023-02-26 20:00:00+01:00,0.2964582235461365
2023-02-26 20:15:00+01:00,0.30338860632699527
2023-02-26 20:30:00+01:00,0.3103354749066712
2023-02-26 20:45:00+01:00,0.31729849076113364
2023-02-26 21:00:00+01:00,0.32427732381666247
2023-02-26 21:15:00+01:00,0.3207535878919505
2023-02-26 21:30:00+01:00,0.317377423087777
2023-02-26 21:45:00+01:00,0.3141503066917814
2023-02-26 22:00:00+01:00,0.3110736692592602
2023-02-26 22:15:00+01:00,0.30807960348814023
2023-02-26 22:30:00+01:00,0.30533107693198547
2023-02-26 22:45:00+01:00,0.3028301132970329
2023-02-26 23:00:00+01:00,0.300578573376458
2023-02-26 23:15:00+01:00,0.30195607827135
2023-02-26 23:30:00+01:00,0.30338537860808346
2023-02-26 23:45:00+01:00,0.30486625284355695
2023-02-27 00:00:00+01:00,0.30639847277124704
2023-02-27 00:15:00+01:00,0.31375707542001907
2023-02-27 00:30:00+01:00,0.32114404780177697
2023-02-27 00:45:00+01:00,0.3285587772555381
2023-02-27 01:00:00+01:00,0.33600066643069915
2023-02-27 01:15:00+01:00,0.3339092418102176
2023-02-27 01:30:00+01:00,0.3319752412444316
2023-02-27 01:45:00+01:00,0.33019955338725987
2023-02-27 02:00:00+01:00,0.32858300004782104
2023-02-27 02:15:00+01:00,0.31598515639430125
2023-02-27 02:30:00+01:00,0.30357195957739347
2023-02-27 02:45:00+01:00,0.29135036248833424
2023-02-27 03:00:00+01:00,0.28078892627234925
2023-02-27 03:15:00+01:00,0.2753990771287813
2023-02-27 03:30:00+01:00,0.2700595273099689
2023-02-27 03:45:00+01:00,0.264771369490606
2023-02-27 04:00:00+01:00,0.2595357172434917
2023-02-27 04:15:00+01:00,0.2510587521311157
2023-02-27 04:30:00+01:00,0.24264903327071347
2023-02-27 04:45:00+01:00,0.23430896058007128
2023-02-27 05:00:00+01:00,0.2260410282126779
2023-02-27 05:15:00+01:00,0.21661044371456112
2023-02-27 05:30:00+01:00,0.20734602240145267
2023-02-27 05:45:00+01:00,0.1982546481935017
2023-02-27 06:00:00+01:00,0.18934345100122946
2023-02-27 06:15:00+01:00,0.18216660413017413
2023-02-27 06:30:00+01:00,0.17557099639240215
2023-02-27 06:45:00+01:00,0.17013561318090906
2023-02-27 07:00:00+01:00,0.16470359423618214
2023-02-27 07:15:00+01:00,0.16500417564870196
2023-02-27 07:30:00+01:00,0.165667492526148
2023-02-27 07:45:00+01:00,0.1666920478297486
2023-02-27 08:00:00+01:00,0.16807554537583283
2023-02-27 08:15:00+01:00,0.16216221762308786
2023-02-27 08:30:00+01:00,0.15631620242032698
2023-02-27 08:45:00+01:00,0.15054003301364896
2023-02-27 09:00:00+01:00,0.14483633876209076
2023-02-27 09:15:00+01:00,0.1269363788548979
2023-02-27 09:30:00+01:00,0.10904046989730123
2023-02-27 09:45:00+01:00,0.09268990994612321
2023-02-27 10:00:00+01:00,0.08154349720078873
2023-02-27 10:15:00+01:00,0.07809645460769545
2023-02-27 10:30:00+01:00,0.07475416833087498
2023-02-27 10:45:00+01:00,0.07152116131045895
2023-02-27 11:00:00+01:00,0.06840205963503222
2023-02-27 11:15:00+01:00,0.09421847659114102
2023-02-27 11:30:00+01:00,0.13570722757708262
2023-02-27 11:45:00+01:00,0.17861646710908008
2023-02-27 12:00:00+01:00,0.23532068848095297
2023-02-27 12:15:00+01:00,0.23980155078602688
2023-02-27 12:30:00+01:00,0.24431574877922524
2023-02-27 12:45:00+01:00,0.24886265673228555
2023-02-27 13:00:00+01:00,0.25344166011348
2023-02-27 13:15:00+01:00,0.2471867502534281
2023-02-27 13:30:00+01:00,0.24099871564106193
2023-02-27 13:45:00+01:00,0.2348793110233239
2023-02-27 14:00:00+01:00,0.2288303325750585
2023-02-27 14:15:00+01:00,0.2325261551424281
2023-02-27 14:30:00+01:00,0.23625406875372537
2023-02-27 14:45:00+01:00,0.24001356978649047
2023-02-27 15:00:00+01:00,0.2438041609666227
2023-02-27 15:15:00+01:00,0.2595270771941849
2023-02-27 15:30:00+01:00,0.27525970520525894
2023-02-27 15:45:00+01:00,0.29257016224508575
2023-02-27 16:00:00+01:00,0.31299362680805065
2023-02-27 16:15:00+01:00,0.30884802005709905
2023-02-27 16:30:00+01:00,0.30476647996193035
2023-02-27 16:45:00+01:00,0.30074979227641724
2023-02-27 17:00:00+01:00,0.29679874286334457
2023-02-27 17:15:00+01:00,0.3027355112371068
2023-02-27 17:30:00+01:00,0.3094013644042792
2023-02-27 17:45:00+01:00,0.31678192953441575
2023-02-27 18:00:00+01:00,0.3248617297450562
2023-02-27 18:15:00+01:00,0.3300639369313892
2023-02-27 18:30:00+01:00,0.3357947442897107
2023-02-27 18:45:00+01:00,0.34204541065455213
2023-02-27 19:00:00+01:00,0.34880662016858405
2023-02-27 19:15:00+01:00,0.35043637443725834
2023-02-27 19:30:00+01:00,0.35220177837184935
2023-02-27 19:45:00+01:00,0.3541021488738979
2023-02-27 20:00:00+01:00,0.35613675573704934
2023-02-27 20:15:00+01:00,0.34682195262700616
2023-02-27 20:30:00+01:00,0.3375181975356634
2023-02-27 20:45:00+01:00,0.328225791058408
2023-02-27 21:00:00+01:00,0.3189450444081336
2023-02-27 21:15:00+01:00,0.311664082516828
2023-02-27 21:30:00+01:00,0.30439188141858925
2023-02-27 21:45:00+01:00,0.2971286332533639
2023-02-27 22:00:00+01:00,0.2898745355739715
2023-02-27 22:15:00+01:00,0.3107135131713797
2023-02-27 22:30:00+01:00,0.3316853334545411
2023-02-27 22:45:00+01:00,0.35278203962748483
2023-02-27 23:00:00+01:00,0.3739962558944952
2023-02-27 23:15:00+01:00,0.3563805741377241
2023-02-27 23:30:00+01:00,0.33879774205114693
2023-02-27 23:45:00+01:00,0.32124946031756796
2023-02-28 00:00:00+01:00,0.3037375453724588
2023-02-28 00:15:00+01:00,0.3034335299515709
2023-02-28 00:30:00+01:00,0.30361854451984666
2023-02-28 00:45:00+01:00,0.3042923181621232
2023-02-28 01:00:00+01:00,0.3054538659664909
2023-02-28 01:15:00+01:00,0.2986805389450213
2023-02-28 01:30:00+01:00,0.2919399503953894
2023-02-28 01:45:00+01:00,0.28534295033069995
2023-02-28 02:00:00+01:00,0.2801967648046977
2023-02-28 02:15:00+01:00,0.281127032656908
2023-02-28 02:30:00+01:00,0.28205761491041065
2023-02-28 02:45:00+01:00,0.28298851040358497
2023-02-28 03:00:00+01:00,0.2839197179801387
2023-02-28 03:15:00+01:00,0.2790892936986
2023-02-28 03:30:00+01:00,0.2744220669707877
2023-02-28 03:45:00+01:00,0.26992111513150974
2023-02-28 04:00:00+01:00,0.26558947958483864
2023-02-28 04:15:00+01:00,0.2611324269807425
2023-02-28 04:30:00+01:00,0.25693522186981893
2023-02-28 04:45:00+01:00,0.2530023733662568
2023-02-28 05:00:00+01:00,0.24933820171588553
2023-02-28 05:15:00+01:00,0.2471676938203051
2023-02-28 05:30:00+01:00,0.24505741052791716
2023-02-28 05:45:00+01:00,0.24300788462060305
2023-02-28 06:00:00+01:00,0.241019639572844
2023-02-28 06:15:00+01:00,0.23751655458826826
2023-02-28 06:30:00+01:00,0.23404204780484178
2023-02-28 06:45:00+01:00,0.23059654282743805
2023-02-28 07:00:00+01:00,0.22718046803259345
2023-02-28 07:15:00+01:00,0.22609158437920795
2023-02-28 07:30:00+01:00,0.22529624436413095
2023-02-28 07:45:00+01:00,0.22479545227033781
2023-02-28 08:00:00+01:00,0.22458984280289115
2023-02-28 08:15:00+01:00,0.22091330323063557
2023-02-28 08:30:00+01:00,0.21723872604853708
2023-02-28 08:45:00+01:00,0.21356614278287073
2023-02-28 09:00:00+01:00,0.20989558562118465
2023-02-28 09:15:00+01:00,0.18240696244548893
2023-02-28 09:30:00+01:00,0.16038066747380786
2023-02-28 09:45:00+01:00,0.1396056218138431
2023-02-28 10:00:00+01:00,0.11887193621090879
2023-02-28 10:15:00+01:00,0.1380645912056571
2023-02-28 10:30:00+01:00,0.16045403192214475
2023-02-28 10:45:00+01:00,0.18823629770808648
2023-02-28 11:00:00+01:00,0.2245456056735374
2023-02-28 11:15:00+01:00,0.24929012833002168
2023-02-28 11:30:00+01:00,0.2740389635834994
2023-02-28 11:45:00+01:00,0.3026718072064695
2023-02-28 12:00:00+01:00,0.3347733399444931
2023-02-28 12:15:00+01:00,0.32456787503281975
2023-02-28 12:30:00+01:00,0.3150403331547321
2023-02-28 12:45:00+01:00,0.30621001740401166
2023-02-28 13:00:00+01:00,0.2980954776281726
2023-02-28 13:15:00+01:00,0.30006165905264814
2023-02-28 13:30:00+01:00,0.30207261572041894
2023-02-28 13:45:00+01:00,0.30412807797941466
2023-02-28 14:00:00+01:00,0.3062277724426548
2023-02-28 14:15:00+01:00,0.3040214914855097
2023-02-28 14:30:00+01:00,0.3018180931301744
2023-02-28 14:45:00+01:00,0.29961759648400893
2023-02-28 15:00:00+01:00,0.2974200207981217
2023-02-28 15:15:00+01:00,0.28438531557620017
2023-02-28 15:30:00+01:00,0.27403935843244276
2023-02-28 15:45:00+01:00,0.2637041533525456
2023-02-28 16:00:00+01:00,0.2533801595304819
2023-02-28 16:15:00+01:00,0.2549270274992237
2023-02-28 16:30:00+01:00,0.2567800262592133
2023-02-28 16:45:00+01:00,0.2589368295667868
2023-02-28 17:00:00+01:00,0.2613947593573706
2023-02-28 17:15:00+01:00,0.2537780101983101
2023-02-28 17:30:00+01:00,0.24739536632778988
2023-02-28 17:45:00+01:00,0.24227988292183555
2023-02-28 18:00:00+01:00,0.23845890830251262
2023-02-28 18:15:00+01:00,0.24367523302283117
2023-02-28 18:30:00+01:00,0.24889157450117172
2023-02-28 18:45:00+01:00,0.254107932376674
2023-02-28 19:00:00+01:00,0.259324306298764
2023-02-28 19:15:00+01:00,0.2589398805741776
2023-02-28 19:30:00+01:00,0.25869798323296483
2023-02-28 19:45:00+01:00,0.25859875572644186
2023-02-28 20:00:00+01:00,0.25864225613277786
2023-02-28 20:15:00+01:00,0.25987209665753347
2023-02-28 20:30:00+01:00,0.26111665888985996
2023-02-28 20:45:00+01:00,0.26237586804523844
2023-02-28 21:00:00+01:00,0.26364964897363746
2023-02-28 21:15:00+01:00,0.2656520398427051
2023-02-28 21:30:00+01:00,0.26768976884412726
2023-02-28 21:45:00+01:00,0.26976254498393054
2023-02-28 22:00:00+01:00,0.27187007553174886
2023-02-28 22:15:00+01:00,0.26899412236676307
2023-02-28 22:30:00+01:00,0.2662655598859884
2023-02-28 22:45:00+01:00,0.26368602667030316
2023-02-28 23:00:00+01:00,0.26125709420975496
2023-02-28 23:15:00+01:00,0.2503651263906116
2023-02-28 23:30:00+01:00,0.239561557518084
2023-02-28 23:45:00+01:00,0.22885047199011785
2023-03-01 00:00:00+01:00,0.21823617143201918
2023-03-01 00:15:00+01:00,0.21037701454138089
2023-03-01 00:30:00+01:00,0.2026005618365716
2023-03-01 00:45:00+01:00,0.1949097037395276
2023-03-01 01:00:00+01:00,0.18730743284485318
2023-03-01 01:15:00+01:00,0.18718042884555292
2023-03-01 01:30:00+01:00,0.18710077291998503
2023-03-01 01:45:00+01:00,0.18706848221970046
2023-03-01 02:00:00+01:00,0.187083563699907
2023-03-01 02:15:00+01:00,0.18840574170284832
2023-03-01 02:30:00+01:00,0.1897583393290123
2023-03-01 02:45:00+01:00,0.19114117061288025
2023-03-01 03:00:00+01:00,0.19255404699582598
2023-03-01 03:15:00+01:00,0.19402754090604257
2023-03-01 03:30:00+01:00,0.1955014010568932
2023-03-01 03:45:00+01:00,0.196975625029956
2023-03-01 04:00:00+01:00,0.19845021042746594
2023-03-01 04:15:00+01:00,0.19776391739218402
2023-03-01 04:30:00+01:00,0.1971149118585901
2023-03-01 04:45:00+01:00,0.19650330232611007
2023-03-01 05:00:00+01:00,0.19592919142796228
2023-03-01 05:15:00+01:00,0.19658684582841657
2023-03-01 05:30:00+01:00,0.19725524741788342
2023-03-01 05:45:00+01:00,0.19793436405826018
2023-03-01 06:00:00+01:00,0.1986241632273445
2023-03-01 06:15:00+01:00,0.20574331036946192
2023-03-01 06:30:00+01:00,0.21292492498320167
2023-03-01 06:45:00+01:00,0.2201670644054369
2023-03-01 07:00:00+01:00,0.2274678503185695
2023-03-01 07:15:00+01:00,0.22985051218552294
2023-03-01 07:30:00+01:00,0.23259729004411686
2023-03-01 07:45:00+01:00,0.23570394793380994
2023-03-01 08:00:00+01:00,0.2391657736702297
2023-03-01 08:15:00+01:00,0.2271863866975145
2023-03-01 08:30:00+01:00,0.2152110424062827
2023-03-01 08:45:00+01:00,0.20323995568977388
2023-03-01 09:00:00+01:00,0.19127335686153624
2023-03-01 09:15:00+01:00,0.1702086349406085
2023-03-01 09:30:00+01:00,0.15250486625088452
2023-03-01 09:45:00+01:00,0.134803724692177
2023-03-01 10:00:00+01:00,0.11710553276934091
2023-03-01 10:15:00+01:00,0.10814072358885858
2023-03-01 10:30:00+01:00,0.09920331143275857
2023-03-01 10:45:00+01:00,0.09215768204386472
2023-03-01 11:00:00+01:00,0.08662561937213856
2023-03-01 11:15:00+01:00,0.08640767692673289
2023-03-01 11:30:00+01:00,0.08620638030840597
2023-03-01 11:45:00+01:00,0.08602177025804969
2023-03-01 12:00:00+01:00,0.08585388425627283
2023-03-01 12:15:00+01:00,0.0919169020162685
2023-03-01 12:30:00+01:00,0.09981967671228788
2023-03-01 12:45:00+01:00,0.10989980941979009
2023-03-01 13:00:00+01:00,0.12013739141972327
2023-03-01 13:15:00+01:00,0.13194298639072505
2023-03-01 13:30:00+01:00,0.14379834007832296
2023-03-01 13:45:00+01:00,0.15569969652948956
2023-03-01 14:00:00+01:00,0.16764365600791975
2023-03-01 14:15:00+01:00,0.1774285035487024
2023-03-01 14:30:00+01:00,0.19032045273568757
2023-03-01 14:45:00+01:00,0.20321471777495453
2023-03-01 15:00:00+01:00,0.21611116859578955
2023-03-01 15:15:00+01:00,0.22960554631528882
2023-03-01 15:30:00+01:00,0.24314420779813425
2023-03-01 15:45:00+01:00,0.2567246869566396
2023-03-01 16:00:00+01:00,0.27034469066463845
2023-03-01 16:15:00+01:00,0.2710576836099738
2023-03-01 16:30:00+01:00,0.27190068906682546
2023-03-01 16:45:00+01:00,0.272873265979442
2023-03-01 17:00:00+01:00,0.2739749079755332
2023-03-01 17:15:00+01:00,0.29616129826513704
2023-03-01 17:30:00+01:00,0.3223920790417951
2023-03-01 17:45:00+01:00,0.3491419438571863
2023-03-01 18:00:00+01:00,0.3763721069808631
2023-03-01 18:15:00+01:00,0.3991411271361965
2023-03-01 18:30:00+01:00,0.4220079906118869
2023-03-01 18:45:00+01:00,0.4471945250886622
2023-03-01 19:00:00+01:00,0.47297408793987833
2023-03-01 19:15:00+01:00,0.4752214758415816
2023-03-01 19:30:00+01:00,0.4777548248561408
2023-03-01 19:45:00+01:00,0.4805724778921766
2023-03-01 20:00:00+01:00,0.4836726068933079
2023-03-01 20:15:00+01:00,0.46774796198766266
2023-03-01 20:30:00+01:00,0.4520111611259059
2023-03-01 20:45:00+01:00,0.4364692013621647
2023-03-01 21:00:00+01:00,0.4216661256914729
2023-03-01 21:15:00+01:00,0.4133482416438164
2023-03-01 21:30:00+01:00,0.4050331201934047
2023-03-01 21:45:00+01:00,0.3967208243133588
2023-03-01 22:00:00+01:00,0.38841141888301134
2023-03-01 22:15:00+01:00,0.3968595415905616
2023-03-01 22:30:00+01:00,0.4055764309514513
2023-03-01 22:45:00+01:00,0.41455576744874895
2023-03-01 23:00:00+01:00,0.4237912467140931
2023-03-01 23:15:00+01:00,0.4046859415388639
2023-03-01 23:30:00+01:00,0.38563825066133844
2023-03-01 23:45:00+01:00,0.36665126752754823
2023-03-02 00:00:00+01:00,0.34772830010608236
2023-03-02 00:15:00+01:00,0.34119539430168233
2023-03-02 00:30:00+01:00,0.3348048685004228
2023-03-02 00:45:00+01:00,0.32855938272000385
2023-03-02 01:00:00+01:00,0.3224616010044068
2023-03-02 01:15:00+01:00,0.32258649572963305
2023-03-02 01:30:00+01:00,0.32274143658243626
2023-03-02 01:45:00+01:00,0.3229264098778623
2023-03-02 02:00:00+01:00,0.32314139928926017
2023-03-02 02:15:00+01:00,0.3175328143128059
2023-03-02 02:30:00+01:00,0.3119564954317852
2023-03-02 02:45:00+01:00,0.306412980256794
2023-03-02 03:00:00+01:00,0.30090281513908934
2023-03-02 03:15:00+01:00,0.2969628459263983
2023-03-02 03:30:00+01:00,0.293043643952574
2023-03-02 03:45:00+01:00,0.28914545666575614
2023-03-02 04:00:00+01:00,0.2853705281151809
2023-03-02 04:15:00+01:00,0.293247055824847
2023-03-02 04:30:00+01:00,0.3014278478321654
2023-03-02 04:45:00+01:00,0.30980598253050157
2023-03-02 05:00:00+01:00,0.3183765779312924
2023-03-02 05:15:00+01:00,0.3316496673096148
2023-03-02 05:30:00+01:00,0.3450462062143348
2023-03-02 05:45:00+01:00,0.3585614971738497
2023-03-02 06:00:00+01:00,0.37219103948691584
2023-03-02 06:15:00+01:00,0.3727261766643768
2023-03-02 06:30:00+01:00,0.37328114494717807
2023-03-02 06:45:00+01:00,0.3738559135208776
2023-03-02 07:00:00+01:00,0.3744504505388886
2023-03-02 07:15:00+01:00,0.36431956068305843
2023-03-02 07:30:00+01:00,0.35467700808797475
2023-03-02 07:45:00+01:00,0.34553633488273394
2023-03-02 08:00:00+01:00,0.33691084434167246
2023-03-02 08:15:00+01:00,0.3168567495745636
2023-03-02 08:30:00+01:00,0.2969366620218615
2023-03-02 08:45:00+01:00,0.2791164090077072
2023-03-02 09:00:00+01:00,0.26398048145648917
2023-03-02 09:15:00+01:00,0.2284777575354831
2023-03-02 09:30:00+01:00,0.1929962002839709
2023-03-02 09:45:00+01:00,0.16233624754164855
2023-03-02 10:00:00+01:00,0.13547352558385864
2023-03-02 10:15:00+01:00,0.12073192008215199
2023-03-02 10:30:00+01:00,0.10648714215855967
2023-03-02 10:45:00+01:00,0.09371321803944803
2023-03-02 11:00:00+01:00,0.08555565710652491
2023-03-02 11:15:00+01:00,0.0918869892849019
2023-03-02 11:30:00+01:00,0.10068237619099034
2023-03-02 11:45:00+01:00,0.11211580694162268
2023-03-02 12:00:00+01:00,0.12411329697066939
2023-03-02 12:15:00+01:00,0.13209070002610013
2023-03-02 12:30:00+01:00,0.14009129913799637
2023-03-02 12:45:00+01:00,0.1481138933610733
2023-03-02 13:00:00+01:00,0.1561573602710998
2023-03-02 13:15:00+01:00,0.15606957580103245
2023-03-02 13:30:00+01:00,0.15598360114647483
2023-03-02 13:45:00+01:00,0.15589943729770922
2023-03-02 14:00:00+01:00,0.15581708522485968
2023-03-02 14:15:00+01:00,0.15543789310163056
2023-03-02 14:30:00+01:00,0.15511926907373427
2023-03-02 14:45:00+01:00,0.1548613362343877
2023-03-02 15:00:00+01:00,0.15466419447451338
2023-03-02 15:15:00+01:00,0.1569145789105241
2023-03-02 15:30:00+01:00,0.1592041953740719
2023-03-02 15:45:00+01:00,0.16153247893050002
2023-03-02 16:00:00+01:00,0.16389886617187333
2023-03-02 16:15:00+01:00,0.1689195896142403
2023-03-02 16:30:00+01:00,0.17421927064095008
2023-03-02 16:45:00+01:00,0.18055672291342667
2023-03-02 17:00:00+01:00,0.1882464642063212
2023-03-02 17:15:00+01:00,0.2126260577772816
2023-03-02 17:30:00+01:00,0.23704243016900978
2023-03-02 17:45:00+01:00,0.2614919116237059
2023-03-02 18:00:00+01:00,0.28604755804635545
2023-03-02 18:15:00+01:00,0.31652602446244665
2023-03-02 18:30:00+01:00,0.34705453477700104
2023-03-02 18:45:00+01:00,0.3776288264492253
2023-03-02 19:00:00+01:00,0.40824510227623584
2023-03-02 19:15:00+01:00,0.4225774322595414
2023-03-02 19:30:00+01:00,0.4387142046782629
2023-03-02 19:45:00+01:00,0.4557917338551991
2023-03-02 20:00:00+01:00,0.4733612391346665
2023-03-02 20:15:00+01:00,0.46481749903841757
2023-03-02 20:30:00+01:00,0.45690441763903544
2023-03-02 20:45:00+01:00,0.44963368601261233
2023-03-02 21:00:00+01:00,0.44301630216804067
2023-03-02 21:15:00+01:00,0.42463248731939374
2023-03-02 21:30:00+01:00,0.4082508992225519
2023-03-02 21:45:00+01:00,0.39209679722962326
2023-03-02 22:00:00+01:00,0.3761804482050642
2023-03-02 22:15:00+01:00,0.3626315032507651
2023-03-02 22:30:00+01:00,0.34954828380171205
2023-03-02 22:45:00+01:00,0.33694845880937185
2023-03-02 23:00:00+01:00,0.32484989895471966
2023-03-02 23:15:00+01:00,0.31754452864954075
2023-03-02 23:30:00+01:00,0.3103934830963991
2023-03-02 23:45:00+01:00,0.3034000696801467
2023-03-03 00:00:00+01:00,0.29656761490450834
2023-03-03 00:15:00+01:00,0.3007195219983601
2023-03-03 00:30:00+01:00,0.3050548918455551
2023-03-03 00:45:00+01:00,0.3095713553470096
2023-03-03 01:00:00+01:00,0.31426648761807596
2023-03-03 01:15:00+01:00,0.3065412452702121
2023-03-03 01:30:00+01:00,0.2988218800611475
2023-03-03 01:45:00+01:00,0.29110852964593914
2023-03-03 02:00:00+01:00,0.2839305701795216
2023-03-03 02:15:00+01:00,0.2725653211595693
2023-03-03 02:30:00+01:00,0.2612020160216124
2023-03-03 02:45:00+01:00,0.24984074648947782
2023-03-03 03:00:00+01:00,0.23848161013191782
2023-03-03 03:15:00+01:00,0.22838158123132082
2023-03-03 03:30:00+01:00,0.21840033847551343
2023-03-03 03:45:00+01:00,0.2085431036955508
2023-03-03 04:00:00+01:00,0.19881533854515152
2023-03-03 04:15:00+01:00,0.18955074563447147
2023-03-03 04:30:00+01:00,0.18030784797184132
2023-03-03 04:45:00+01:00,0.1726090547290986
2023-03-03 05:00:00+01:00,0.16563576950574518
2023-03-03 05:15:00+01:00,0.16247366983748207
2023-03-03 05:30:00+01:00,0.15931287878543537
2023-03-03 05:45:00+01:00,0.15615342266005552
2023-03-03 06:00:00+01:00,0.15299532847029937
2023-03-03 06:15:00+01:00,0.14383691126158457
2023-03-03 06:30:00+01:00,0.13467858284826884
2023-03-03 06:45:00+01:00,0.12552034876248772
2023-03-03 07:00:00+01:00,0.11636221500560809
2023-03-03 07:15:00+01:00,0.10802869713120132
2023-03-03 07:30:00+01:00,0.09969584035311795
2023-03-03 07:45:00+01:00,0.09282360788094564
2023-03-03 08:00:00+01:00,0.08763157018437494
2023-03-03 08:15:00+01:00,0.08248189056888611
2023-03-03 08:30:00+01:00,0.07733978830764392
2023-03-03 08:45:00+01:00,0.07220576524974479
2023-03-03 09:00:00+01:00,0.06708036766173248
2023-03-03 09:15:00+01:00,0.06241117397513056
2023-03-03 09:30:00+01:00,0.057742459086909684
2023-03-03 09:45:00+01:00,0.05307425436507431
2023-03-03 10:00:00+01:00,0.04840659397495496
2023-03-03 10:15:00+01:00,0.04077522560272952
2023-03-03 10:30:00+01:00,0.03499953485091108
2023-03-03 10:45:00+01:00,0.029307054447865404
2023-03-03 11:00:00+01:00,0.023711908490311594
2023-03-03 11:15:00+01:00,0.023256475130815343
2023-03-03 11:30:00+01:00,0.022816453266693768
2023-03-03 11:45:00+01:00,0.022392047780720327
2023-03-03 12:00:00+01:00,0.021983459738801087
2023-03-03 12:15:00+01:00,0.021402540449083705
2023-03-03 12:30:00+01:00,0.020866235653009088
2023-03-03 12:45:00+01:00,0.02037528323235835
2023-03-03 13:00:00+01:00,0.01993037299681138
2023-03-03 13:15:00+01:00,0.02294142735268151
2023-03-03 13:30:00+01:00,0.025994691646535794
2023-03-03 13:45:00+01:00,0.029086518147765545
2023-03-03 14:00:00+01:00,0.032213628970865
2023-03-03 14:15:00+01:00,0.03386359268347501
2023-03-03 14:30:00+01:00,0.03553111566761768
2023-03-03 14:45:00+01:00,0.037215428198231405
2023-03-03 15:00:00+01:00,0.038915797795154944
2023-03-03 15:15:00+01:00,0.039738378289657435
2023-03-03 15:30:00+01:00,0.04059554999038893
2023-03-03 15:45:00+01:00,0.041486561562501925
2023-03-03 16:00:00+01:00,0.04241065489052353
2023-03-03 16:15:00+01:00,0.04138470905602616
2023-03-03 16:30:00+01:00,0.04043680512217226
2023-03-03 16:45:00+01:00,0.03956884850331631
2023-03-03 17:00:00+01:00,0.038782638652308306
2023-03-03 17:15:00+01:00,0.03603410279954419
2023-03-03 17:30:00+01:00,0.03332454772902887
2023-03-03 17:45:00+01:00,0.030656919341794014
2023-03-03 18:00:00+01:00,0.028034415104724368
2023-03-03 18:15:00+01:00,0.026512055806713026
2023-03-03 18:30:00+01:00,0.025083950698502337
2023-03-03 18:45:00+01:00,0.023754111574612366
2023-03-03 19:00:00+01:00,0.022526481276467503
2023-03-03 19:15:00+01:00,0.023501953166105986
2023-03-03 19:30:00+01:00,0.024523139260313114
2023-03-03 19:45:00+01:00,0.025588673157461085
2023-03-03 20:00:00+01:00,0.026697186530719372
2023-03-03 20:15:00+01:00,0.027210492599358236
2023-03-03 20:30:00+01:00,0.02781350336402053
2023-03-03 20:45:00+01:00,0.02850467932781575
2023-03-03 21:00:00+01:00,0.029282298891933924
2023-03-03 21:15:00+01:00,0.03314021719679629
2023-03-03 21:30:00+01:00,0.037006262667804275
2023-03-03 21:45:00+01:00,0.04087963503205385
2023-03-03 22:00:00+01:00,0.045252999542880444
2023-03-03 22:15:00+01:00,0.04380459143301293
2023-03-03 22:30:00+01:00,0.042948679307908876
2023-03-03 22:45:00+01:00,0.042194035381949865
2023-03-03 23:00:00+01:00,0.0415425952506013
2023-03-03 23:15:00+01:00,0.04652143253786792
2023-03-03 23:30:00+01:00,0.053248567724101366
2023-03-03 23:45:00+01:00,0.059987090212616986
2023-03-04 00:00:00+01:00,0.06673598791289627
2023-03-04 00:15:00+01:00,0.07177663281466118
2023-03-04 00:30:00+01:00,0.07682080852236718
2023-03-04 00:45:00+01:00,0.0818682947811538
2023-03-04 01:00:00+01:00,0.08691888915504783
2023-03-04 01:15:00+01:00,0.08652014797589093
2023-03-04 01:30:00+01:00,0.08615632191168002
2023-03-04 01:45:00+01:00,0.08582756553697621
2023-03-04 02:00:00+01:00,0.0855340193122869
2023-03-04 02:15:00+01:00,0.08540515361090692
2023-03-04 02:30:00+01:00,0.0854486031406959
2023-03-04 02:45:00+01:00,0.08566427673689134
2023-03-04 03:00:00+01:00,0.08605172282818495
2023-03-04 03:15:00+01:00,0.0896125281047796
2023-03-04 03:30:00+01:00,0.0932626438982409
2023-03-04 03:45:00+01:00,0.09806257035578352
2023-03-04 04:00:00+01:00,0.10418829848555157
2023-03-04 04:15:00+01:00,0.10589938025281889
2023-03-04 04:30:00+01:00,0.10761119076864799
2023-03-04 04:45:00+01:00,0.10932372122315401
2023-03-04 05:00:00+01:00,0.11103696294426987
2023-03-04 05:15:00+01:00,0.1190911296090727
2023-03-04 05:30:00+01:00,0.1271809792832164
2023-03-04 05:45:00+01:00,0.1353045908362204
2023-03-04 06:00:00+01:00,0.1434601714191655
2023-03-04 06:15:00+01:00,0.14494672113356674
2023-03-04 06:30:00+01:00,0.1465159949287118
2023-03-04 06:45:00+01:00,0.14816715282738677
2023-03-04 07:00:00+01:00,0.14989932325306662
2023-03-04 07:15:00+01:00,0.1407219719679884
2023-03-04 07:30:00+01:00,0.1317076228773399
2023-03-04 07:45:00+01:00,0.12286633233291254
2023-03-04 08:00:00+01:00,0.11420878313724331
2023-03-04 08:15:00+01:00,0.1092348192981115
2023-03-04 08:30:00+01:00,0.10469333724075415
2023-03-04 08:45:00+01:00,0.10059849890577208
2023-03-04 09:00:00+01:00,0.09696360778624205
2023-03-04 09:15:00+01:00,0.0863691002589814
2023-03-04 09:30:00+01:00,0.07685866810493255
2023-03-04 09:45:00+01:00,0.06783628865117938
2023-03-04 10:00:00+01:00,0.059361995591086215
2023-03-04 10:15:00+01:00,0.06065472062667783
2023-03-04 10:30:00+01:00,0.0620642560490849
2023-03-04 10:45:00+01:00,0.0635883997326035
2023-03-04 11:00:00+01:00,0.06522483231046504
2023-03-04 11:15:00+01:00,0.06814832282195396
2023-03-04 11:30:00+01:00,0.07130114079638117
2023-03-04 11:45:00+01:00,0.07467407150107447
2023-03-04 12:00:00+01:00,0.07825779488692204
2023-03-04 12:15:00+01:00,0.08119959970684769
2023-03-04 12:30:00+01:00,0.08427135500501115
2023-03-04 12:45:00+01:00,0.08746823563674648
2023-03-04 13:00:00+01:00,0.09078547014261906
2023-03-04 13:15:00+01:00,0.09844437521026121
2023-03-04 13:30:00+01:00,0.10881623554791607
2023-03-04 13:45:00+01:00,0.11920728658994131
2023-03-04 14:00:00+01:00,0.12961618426958477
2023-03-04 14:15:00+01:00,0.1331189577156033
2023-03-04 14:30:00+01:00,0.13716496640570364
2023-03-04 14:45:00+01:00,0.1417397889288603
2023-03-04 15:00:00+01:00,0.14682772659680873
2023-03-04 15:15:00+01:00,0.1455391443682913
2023-03-04 15:30:00+01:00,0.14564551777023843
2023-03-04 15:45:00+01:00,0.14714588455270772
2023-03-04 16:00:00+01:00,0.1500267659328813
2023-03-04 16:15:00+01:00,0.14650925076890434
2023-03-04 16:30:00+01:00,0.14366918231218465
2023-03-04 16:45:00+01:00,0.1415191910291804
2023-03-04 17:00:00+01:00,0.14006904768925824
2023-03-04 17:15:00+01:00,0.14111328191625752
2023-03-04 17:30:00+01:00,0.14286972172065635
2023-03-04 17:45:00+01:00,0.14533022310662005
2023-03-04 18:00:00+01:00,0.14848358473507922
2023-03-04 18:15:00+01:00,0.1502509493953647
2023-03-04 18:30:00+01:00,0.15227855618388533
2023-03-04 18:45:00+01:00,0.15456303729567275
2023-03-04 19:00:00+01:00,0.1571006674812773
2023-03-04 19:15:00+01:00,0.1527750990966019
2023-03-04 19:30:00+01:00,0.1484501915290901
2023-03-04 19:45:00+01:00,0.1441259634338319
2023-03-04 20:00:00+01:00,0.13980243417167323
2023-03-04 20:15:00+01:00,0.13938124868789173
2023-03-04 20:30:00+01:00,0.13903288943102024
2023-03-04 20:45:00+01:00,0.13875752395595956
2023-03-04 21:00:00+01:00,0.1385552850726893
2023-03-04 21:15:00+01:00,0.13294507680441736
2023-03-04 21:30:00+01:00,0.12747322443620782
2023-03-04 21:45:00+01:00,0.12214491785173454
2023-03-04 22:00:00+01:00,0.11696546315852037
2023-03-04 22:15:00+01:00,0.100119987880329
2023-03-04 22:30:00+01:00,0.0878115087889905
2023-03-04 22:45:00+01:00,0.07737538575504327
2023-03-04 23:00:00+01:00,0.06697657551744073
2023-03-04 23:15:00+01:00,0.07243768315701377
2023-03-04 23:30:00+01:00,0.07849853934671591
2023-03-04 23:45:00+01:00,0.08511478812310899
2023-03-05 00:00:00+01:00,0.09224285334057662
2023-03-05 00:15:00+01:00,0.09294092191081284
2023-03-05 00:30:00+01:00,0.09378600838248353
2023-03-05 00:45:00+01:00,0.09477665388798567
2023-03-05 01:00:00+01:00,0.09631814983101068
2023-03-05 01:15:00+01:00,0.09403014964491797
2023-03-05 01:30:00+01:00,0.09219275823727935
2023-03-05 01:45:00+01:00,0.09039995627007148
2023-03-05 02:00:00+01:00,0.08865270546068488
2023-03-05 02:15:00+01:00,0.08648862366897442
2023-03-05 02:30:00+01:00,0.08441491339635324
2023-03-05 02:45:00+01:00,0.08243388687782484
2023-03-05 03:00:00+01:00,0.0805478272299699
2023-03-05 03:15:00+01:00,0.07948276571814149
2023-03-05 03:30:00+01:00,0.07869162878577132
2023-03-05 03:45:00+01:00,0.07817713791715497
2023-03-05 04:00:00+01:00,0.07794108229149699
2023-03-05 04:15:00+01:00,0.07654268510924332
2023-03-05 04:30:00+01:00,0.07564526865841734
2023-03-05 04:45:00+01:00,0.07525454886920992
2023-03-05 05:00:00+01:00,0.07537304147344784
2023-03-05 05:15:00+01:00,0.07865561134299015
2023-03-05 05:30:00+01:00,0.082523884024917
2023-03-05 05:45:00+01:00,0.08695041677932144
2023-03-05 06:00:00+01:00,0.09190586499962726
2023-03-05 06:15:00+01:00,0.09513700626286704
2023-03-05 06:30:00+01:00,0.1004116240792789
2023-03-05 06:45:00+01:00,0.10589252031452902
2023-03-05 07:00:00+01:00,0.11151298175125463
2023-03-05 07:15:00+01:00,0.11442205451438713
2023-03-05 07:30:00+01:00,0.11744795215184399
2023-03-05 07:45:00+01:00,0.12058824268959596
2023-03-05 08:00:00+01:00,0.12384047305015322
2023-03-05 08:15:00+01:00,0.12298675517868086
2023-03-05 08:30:00+01:00,0.12214035424578265
2023-03-05 08:45:00+01:00,0.12130131278842893
2023-03-05 09:00:00+01:00,0.12046967329977724
2023-03-05 09:15:00+01:00,0.11671002229893813
2023-03-05 09:30:00+01:00,0.11345904970308897
2023-03-05 09:45:00+01:00,0.11072839585250782
2023-03-05 10:00:00+01:00,0.10852811366799008
2023-03-05 10:15:00+01:00,0.0931085695943319
2023-03-05 10:30:00+01:00,0.08331960480177575
2023-03-05 10:45:00+01:00,0.07423123900306378
2023-03-05 11:00:00+01:00,0.06592777011370081
2023-03-05 11:15:00+01:00,0.06285700767853823
2023-03-05 11:30:00+01:00,0.0597863364232208
2023-03-05 11:45:00+01:00,0.05671576021083021
2023-03-05 12:00:00+01:00,0.05364528312567038
2023-03-05 12:15:00+01:00,0.0537390227041824
2023-03-05 12:30:00+01:00,0.05383406798395899
2023-03-05 12:45:00+01:00,0.05393041723049555
2023-03-05 13:00:00+01:00,0.05402806868862536
2023-03-05 13:15:00+01:00,0.049961142455311455
2023-03-05 13:30:00+01:00,0.04596934724981728
2023-03-05 13:45:00+01:00,0.04287183603717014
2023-03-05 14:00:00+01:00,0.040610666246314035
2023-03-05 14:15:00+01:00,0.03981686530000243
2023-03-05 14:30:00+01:00,0.0391388567328288
2023-03-05 14:45:00+01:00,0.038578680029857024
2023-03-05 15:00:00+01:00,0.03813805647608152
2023-03-05 15:15:00+01:00,0.038867768819004604
2023-03-05 15:30:00+01:00,0.03963195600568986
2023-03-05 15:45:00+01:00,0.04042994444622352
2023-03-05 16:00:00+01:00,0.04126104935035856
2023-03-05 16:15:00+01:00,0.0455080832306908
2023-03-05 16:30:00+01:00,0.051775726667474826
2023-03-05 16:45:00+01:00,0.058125416244271186
2023-03-05 17:00:00+01:00,0.06455021399040767
2023-03-05 17:15:00+01:00,0.06330561114033835
2023-03-05 17:30:00+01:00,0.06217341361582925
2023-03-05 17:45:00+01:00,0.06115534223183901
2023-03-05 18:00:00+01:00,0.060252974447930784
2023-03-05 18:15:00+01:00,0.0647351099904703
2023-03-05 18:30:00+01:00,0.06922202541918134
2023-03-05 18:45:00+01:00,0.07371344627507902
2023-03-05 19:00:00+01:00,0.07820911847139082
2023-03-05 19:15:00+01:00,0.08314281201175835
2023-03-05 19:30:00+01:00,0.088088803929831
2023-03-05 19:45:00+01:00,0.09304637511189329
2023-03-05 20:00:00+01:00,0.09969383394522857
2023-03-05 20:15:00+01:00,0.0945881510830353
2023-03-05 20:30:00+01:00,0.09120162027545833
2023-03-05 20:45:00+01:00,0.08785690967802404
2023-03-05 21:00:00+01:00,0.08455573018459034
2023-03-05 21:15:00+01:00,0.08326930948438002
2023-03-05 21:30:00+01:00,0.08204725523438952
2023-03-05 21:45:00+01:00,0.08089054414671236
2023-03-05 22:00:00+01:00,0.07980011899201407
2023-03-05 22:15:00+01:00,0.07715930251649838
2023-03-05 22:30:00+01:00,0.07577457398651151
2023-03-05 22:45:00+01:00,0.07566800893912103
2023-03-05 23:00:00+01:00,0.07684132749421861
2023-03-05 23:15:00+01:00,0.08172141987358586
2023-03-05 23:30:00+01:00,0.08680932426810843
2023-03-05 23:45:00+01:00,0.0920924939245328
2023-03-06 00:00:00+01:00,0.09896225148975307
2023-03-06 00:15:00+01:00,0.10359587814872305
2023-03-06 00:30:00+01:00,0.10823885944058065
2023-03-06 00:45:00+01:00,0.11289089118670001
2023-03-06 01:00:00+01:00,0.11755168169925402
2023-03-06 01:15:00+01:00,0.13142304917113104
2023-03-06 01:30:00+01:00,0.14529661434487096
2023-03-06 01:45:00+01:00,0.15917218450968748
2023-03-06 02:00:00+01:00,0.17304958882266505
2023-03-06 02:15:00+01:00,0.1786864428661508
2023-03-06 02:30:00+01:00,0.1857795710354551
2023-03-06 02:45:00+01:00,0.19294555267058558
2023-03-06 03:00:00+01:00,0.2001820598962348
2023-03-06 03:15:00+01:00,0.20075139909390197
2023-03-06 03:30:00+01:00,0.20141279327608622
2023-03-06 03:45:00+01:00,0.20216597175827097
2023-03-06 04:00:00+01:00,0.20301062758260646
2023-03-06 04:15:00+01:00,0.2000588437565618
2023-03-06 04:30:00+01:00,0.197111534988722
2023-03-06 04:45:00+01:00,0.19416876062050892
2023-03-06 05:00:00+01:00,0.19123058095345058
2023-03-06 05:15:00+01:00,0.19212956534686462
2023-03-06 05:30:00+01:00,0.19312486229199774
2023-03-06 05:45:00+01:00,0.1942160405297912
2023-03-06 06:00:00+01:00,0.19540263020928061
2023-03-06 06:15:00+01:00,0.20127710613099684
2023-03-06 06:30:00+01:00,0.20724343884423232
2023-03-06 06:45:00+01:00,0.2132992313554704
2023-03-06 07:00:00+01:00,0.21944213524927147
2023-03-06 07:15:00+01:00,0.21939617931244002
2023-03-06 07:30:00+01:00,0.2194281037277551
2023-03-06 07:45:00+01:00,0.21953789771896987
2023-03-06 08:00:00+01:00,0.21972552423974184
2023-03-06 08:15:00+01:00,0.207823599051076
2023-03-06 08:30:00+01:00,0.19605685644382168
2023-03-06 08:45:00+01:00,0.18443255916910156
2023-03-06 09:00:00+01:00,0.17402758993171175
2023-03-06 09:15:00+01:00,0.18603527980424128
2023-03-06 09:30:00+01:00,0.1995297609316312
2023-03-06 09:45:00+01:00,0.21341720269228892
2023-03-06 10:00:00+01:00,0.22767422719433372
2023-03-06 10:15:00+01:00,0.1756619144706718
2023-03-06 10:30:00+01:00,0.13581272664004596
2023-03-06 10:45:00+01:00,0.09596910265528046
2023-03-06 11:00:00+01:00,0.07086814869095205
2023-03-06 11:15:00+01:00,0.07727278791786182
2023-03-06 11:30:00+01:00,0.08385214546841924
2023-03-06 11:45:00+01:00,0.09059249903576982
2023-03-06 12:00:00+01:00,0.09883756045220964
2023-03-06 12:15:00+01:00,0.10180191201096205
2023-03-06 12:30:00+01:00,0.1047876860712908
2023-03-06 12:45:00+01:00,0.10779442928695139
2023-03-06 13:00:00+01:00,0.11082169796234224
2023-03-06 13:15:00+01:00,0.11171538247375622
2023-03-06 13:30:00+01:00,0.11263592133291764
2023-03-06 13:45:00+01:00,0.11358314169334256
2023-03-06 14:00:00+01:00,0.11455686724354315
2023-03-06 14:15:00+01:00,0.11301006001790509
2023-03-06 14:30:00+01:00,0.11174842690568357
2023-03-06 14:45:00+01:00,0.11077450012217498
2023-03-06 15:00:00+01:00,0.11009025495621577
2023-03-06 15:15:00+01:00,0.1223332921062631
2023-03-06 15:30:00+01:00,0.13572415680681818
2023-03-06 15:45:00+01:00,0.15016383199347347
2023-03-06 16:00:00+01:00,0.16555787739306144
2023-03-06 16:15:00+01:00,0.1927438913247769
2023-03-06 16:30:00+01:00,0.2241926733063896
2023-03-06 16:45:00+01:00,0.2560707074832165
2023-03-06 17:00:00+01:00,0.2890983731295478
2023-03-06 17:15:00+01:00,0.3027565043433247
2023-03-06 17:30:00+01:00,0.31674553584576387
2023-03-06 17:45:00+01:00,0.3310519678567066
2023-03-06 18:00:00+01:00,0.3456627430015678
2023-03-06 18:15:00+01:00,0.35917915138753853
2023-03-06 18:30:00+01:00,0.3736021019674005
2023-03-06 18:45:00+01:00,0.3888954936245567
2023-03-06 19:00:00+01:00,0.4050231085046104
2023-03-06 19:15:00+01:00,0.44523791419925624
2023-03-06 19:30:00+01:00,0.48838437905217624
2023-03-06 19:45:00+01:00,0.5319112048360298
2023-03-06 20:00:00+01:00,0.5757830849207839
2023-03-06 20:15:00+01:00,0.6339611723633003
2023-03-06 20:30:00+01:00,0.6922943322941206
2023-03-06 20:45:00+01:00,0.7491490163815115
2023-03-06 21:00:00+01:00,0.7962191318262782
2023-03-06 21:15:00+01:00,0.8221421786885844
2023-03-06 21:30:00+01:00,0.8494104657521557
2023-03-06 21:45:00+01:00,0.8755324781614401
2023-03-06 22:00:00+01:00,0.8942507640755061
2023-03-06 22:15:00+01:00,0.8813971936300367
2023-03-06 22:30:00+01:00,0.869302471291747
2023-03-06 22:45:00+01:00,0.8538944619231728
2023-03-06 23:00:00+01:00,0.8411222522503013
2023-03-06 23:15:00+01:00,0.8569341533336531
2023-03-06 23:30:00+01:00,0.8725322637991857
2023-03-06 23:45:00+01:00,0.883026909973145
2023-03-07 00:00:00+01:00,0.8937772604358392
2023-03-07 00:15:00+01:00,0.8926470820406482
2023-03-07 00:30:00+01:00,0.8915723963632747
2023-03-07 00:45:00+01:00,0.8905534000962273
2023-03-07 01:00:00+01:00,0.889590280598983
2023-03-07 01:15:00+01:00,0.8864801591537648
2023-03-07 01:30:00+01:00,0.8833724146579064
2023-03-07 01:45:00+01:00,0.8802670717533424
2023-03-07 02:00:00+01:00,0.8771641554043668
2023-03-07 02:15:00+01:00,0.8720751827012428
2023-03-07 02:30:00+01:00,0.8643791854904458
2023-03-07 02:45:00+01:00,0.8563090641218197
2023-03-07 03:00:00+01:00,0.8482452866869639
2023-03-07 03:15:00+01:00,0.8385414797139148
2023-03-07 03:30:00+01:00,0.8288935677776019
2023-03-07 03:45:00+01:00,0.8193027385593727
2023-03-07 04:00:00+01:00,0.8097702062979745
2023-03-07 04:15:00+01:00,0.7974296005636485
2023-03-07 04:30:00+01:00,0.7851719446430729
2023-03-07 04:45:00+01:00,0.7729995566560818
2023-03-07 05:00:00+01:00,0.7609148248623093
2023-03-07 05:15:00+01:00,0.7562523331109725
2023-03-07 05:30:00+01:00,0.751690262811494
2023-03-07 05:45:00+01:00,0.7472296793105712
2023-03-07 06:00:00+01:00,0.7428716388741874
2023-03-07 06:15:00+01:00,0.7506477388304149
2023-03-07 06:30:00+01:00,0.7585253510824423
2023-03-07 06:45:00+01:00,0.7665026434204663
2023-03-07 07:00:00+01:00,0.7745778051061853
2023-03-07 07:15:00+01:00,0.7804996250117459
2023-03-07 07:30:00+01:00,0.7864826834764411
2023-03-07 07:45:00+01:00,0.7925261573798241
2023-03-07 08:00:00+01:00,0.798629230196979
2023-03-07 08:15:00+01:00,0.7897125817890255
2023-03-07 08:30:00+01:00,0.7813989033926715
2023-03-07 08:45:00+01:00,0.7736996178056025
2023-03-07 09:00:00+01:00,0.7666255622964354
2023-03-07 09:15:00+01:00,0.7824399352651358
2023-03-07 09:30:00+01:00,0.802340462894588
2023-03-07 09:45:00+01:00,0.8261489618840137
2023-03-07 10:00:00+01:00,0.8536655723804374
2023-03-07 10:15:00+01:00,0.7303409334104939
2023-03-07 10:30:00+01:00,0.5898792031136509
2023-03-07 10:45:00+01:00,0.46382885094903725
2023-03-07 11:00:00+01:00,0.3618825188051206
2023-03-07 11:15:00+01:00,0.2965344130506055
2023-03-07 11:30:00+01:00,0.24458956098900947
2023-03-07 11:45:00+01:00,0.19625261705980296
2023-03-07 12:00:00+01:00,0.15609775825131825
2023-03-07 12:15:00+01:00,0.13763456100340765
2023-03-07 12:30:00+01:00,0.11918050779620577
2023-03-07 12:45:00+01:00,0.10073681491698468
2023-03-07 13:00:00+01:00,0.08717829255003297
2023-03-07 13:15:00+01:00,0.07905365802791607
2023-03-07 13:30:00+01:00,0.07095129721042491
2023-03-07 13:45:00+01:00,0.06287363156877848
2023-03-07 14:00:00+01:00,0.054823437609871135
2023-03-07 14:15:00+01:00,0.05653463632588253
2023-03-07 14:30:00+01:00,0.05835119428041386
2023-03-07 14:45:00+01:00,0.060270513239940836
2023-03-07 15:00:00+01:00,0.06228993993673302
2023-03-07 15:15:00+01:00,0.07196030739938072
2023-03-07 15:30:00+01:00,0.08170182286944945
2023-03-07 15:45:00+01:00,0.09150624263149268
2023-03-07 16:00:00+01:00,0.10507205837531435
2023-03-07 16:15:00+01:00,0.1047484552740834
2023-03-07 16:30:00+01:00,0.10511343372719822
2023-03-07 16:45:00+01:00,0.10616520560213712
2023-03-07 17:00:00+01:00,0.10789865241594847
2023-03-07 17:15:00+01:00,0.09779960989099866
2023-03-07 17:30:00+01:00,0.09071336885841358
2023-03-07 17:45:00+01:00,0.08477781889163744
2023-03-07 18:00:00+01:00,0.07904152775151553
2023-03-07 18:15:00+01:00,0.07992615367925321
2023-03-07 18:30:00+01:00,0.08103710213943985
2023-03-07 18:45:00+01:00,0.08237127013737115
2023-03-07 19:00:00+01:00,0.083925005641447
2023-03-07 19:15:00+01:00,0.08298945763892951
2023-03-07 19:30:00+01:00,0.08218289444596436
2023-03-07 19:45:00+01:00,0.08150660457251149
2023-03-07 20:00:00+01:00,0.08096168166549499
2023-03-07 20:15:00+01:00,0.08747781586501259
2023-03-07 20:30:00+01:00,0.0942949878243485
2023-03-07 20:45:00+01:00,0.10510928964934746
2023-03-07 21:00:00+01:00,0.11690403409574045
2023-03-07 21:15:00+01:00,0.12429331144438872
2023-03-07 21:30:00+01:00,0.13240604656885907
2023-03-07 21:45:00+01:00,0.14120368528349803
2023-03-07 22:00:00+01:00,0.15064744849709066
2023-03-07 22:15:00+01:00,0.15412580075569723
2023-03-07 22:30:00+01:00,0.15841677522961498
2023-03-07 22:45:00+01:00,0.16349853238417422
2023-03-07 23:00:00+01:00,0.169346206644768
2023-03-07 23:15:00+01:00,0.17064622595359244
2023-03-07 23:30:00+01:00,0.1723090021938948
2023-03-07 23:45:00+01:00,0.17433084096383988
2023-03-08 00:00:00+01:00,0.17670731730849698
2023-03-08 00:15:00+01:00,0.16929481804640217
2023-03-08 00:30:00+01:00,0.16248795820324316
2023-03-08 00:45:00+01:00,0.15631295256524474
2023-03-08 01:00:00+01:00,0.15079490546560154
2023-03-08 01:15:00+01:00,0.13740004412615184
2023-03-08 01:30:00+01:00,0.12470621000201101
2023-03-08 01:45:00+01:00,0.1127757451647683
2023-03-08 02:00:00+01:00,0.10167415165003145
2023-03-08 02:15:00+01:00,0.09341777022756828
2023-03-08 02:30:00+01:00,0.08812244049022001
2023-03-08 02:45:00+01:00,0.0833978569175866
2023-03-08 03:00:00+01:00,0.07927772972305305
2023-03-08 03:15:00+01:00,0.06873947084681474
2023-03-08 03:30:00+01:00,0.05878563739270621
2023-03-08 03:45:00+01:00,0.04949926524187815
2023-03-08 04:00:00+01:00,0.04223119606925527
2023-03-08 04:15:00+01:00,0.03340521735092312
2023-03-08 04:30:00+01:00,0.027470997537756923
2023-03-08 04:45:00+01:00,0.02493530579860072
2023-03-08 05:00:00+01:00,0.026049559108289457
2023-03-08 05:15:00+01:00,0.033034300288741554
2023-03-08 05:30:00+01:00,0.0424737745611071
2023-03-08 05:45:00+01:00,0.06062081869215323
2023-03-08 06:00:00+01:00,0.0823435526242301
2023-03-08 06:15:00+01:00,0.09625530376637544
2023-03-08 06:30:00+01:00,0.12100121963760743
2023-03-08 06:45:00+01:00,0.14829863912347815
2023-03-08 07:00:00+01:00,0.17783349055658615
2023-03-08 07:15:00+01:00,0.1948037166067711
2023-03-08 07:30:00+01:00,0.2134241748441031
2023-03-08 07:45:00+01:00,0.2335643386635086
2023-03-08 08:00:00+01:00,0.2550980417284915
2023-03-08 08:15:00+01:00,0.2652483223420849
2023-03-08 08:30:00+01:00,0.2756532130942409
2023-03-08 08:45:00+01:00,0.2864766903891118
2023-03-08 09:00:00+01:00,0.3005887578249384
2023-03-08 09:15:00+01:00,0.2925906079416267
2023-03-08 09:30:00+01:00,0.2854251001279585
2023-03-08 09:45:00+01:00,0.2804217720232228
2023-03-08 10:00:00+01:00,0.27601903291017976
2023-03-08 10:15:00+01:00,0.2612998953410231
2023-03-08 10:30:00+01:00,0.24786976333337693
2023-03-08 10:45:00+01:00,0.23580195096478782
2023-03-08 11:00:00+01:00,0.22516714342823024
2023-03-08 11:15:00+01:00,0.1982007261585414
2023-03-08 11:30:00+01:00,0.17302514996875482
2023-03-08 11:45:00+01:00,0.15322706751776377
2023-03-08 12:00:00+01:00,0.13381862282200324
2023-03-08 12:15:00+01:00,0.12859342711302163
2023-03-08 12:30:00+01:00,0.12346549981043006
2023-03-08 12:45:00+01:00,0.11843828943223342
2023-03-08 13:00:00+01:00,0.11351533679841273
2023-03-08 13:15:00+01:00,0.10633920121967927
2023-03-08 13:30:00+01:00,0.09922481055080543
2023-03-08 13:45:00+01:00,0.09332945754602726
2023-03-08 14:00:00+01:00,0.08897897575326852
2023-03-08 14:15:00+01:00,0.08479509762314215
2023-03-08 14:30:00+01:00,0.08067686356683511
2023-03-08 14:45:00+01:00,0.07662769067403297
2023-03-08 15:00:00+01:00,0.072651173856497
2023-03-08 15:15:00+01:00,0.07011844650647443
2023-03-08 15:30:00+01:00,0.06778866715450234
2023-03-08 15:45:00+01:00,0.06566810171116264
2023-03-08 16:00:00+01:00,0.06376267939476934
2023-03-08 16:15:00+01:00,0.06072698400875556
2023-03-08 16:30:00+01:00,0.057696576217876265
2023-03-08 16:45:00+01:00,0.054671679206280896
2023-03-08 17:00:00+01:00,0.05165252845636949
2023-03-08 17:15:00+01:00,0.05485037256796082
2023-03-08 17:30:00+01:00,0.05809975075277923
2023-03-08 17:45:00+01:00,0.06139840128264952
2023-03-08 18:00:00+01:00,0.0647441614778902
2023-03-08 18:15:00+01:00,0.07327367181537504
2023-03-08 18:30:00+01:00,0.08180635393263855
2023-03-08 18:45:00+01:00,0.09034188443068451
2023-03-08 19:00:00+01:00,0.10108205361581096
2023-03-08 19:15:00+01:00,0.09817712727031452
2023-03-08 19:30:00+01:00,0.09528433368838554
2023-03-08 19:45:00+01:00,0.0934718769550096
2023-03-08 20:00:00+01:00,0.09168473002852423
2023-03-08 20:15:00+01:00,0.09158524052716362
2023-03-08 20:30:00+01:00,0.09160532376483524
2023-03-08 20:45:00+01:00,0.09174495120535682
2023-03-08 21:00:00+01:00,0.09200392470339673
2023-03-08 21:15:00+01:00,0.09455696604296175
2023-03-08 21:30:00+01:00,0.09860881458268729
2023-03-08 21:45:00+01:00,0.1034277318112738
2023-03-08 22:00:00+01:00,0.10858976249769785
2023-03-08 22:15:00+01:00,0.09349495113297517
2023-03-08 22:30:00+01:00,0.0835055127574252
2023-03-08 22:45:00+01:00,0.07359988863447108
2023-03-08 23:00:00+01:00,0.06378917328801179
2023-03-08 23:15:00+01:00,0.057975831002529246
2023-03-08 23:30:00+01:00,0.05217343997215303
2023-03-08 23:45:00+01:00,0.04638292068644527
2023-03-09 00:00:00+01:00,0.04201424774002629
2023-03-09 00:15:00+01:00,0.03636047709759864
2023-03-09 00:30:00+01:00,0.03230943688141028
2023-03-09 00:45:00+01:00,0.030043409681424122
2023-03-09 01:00:00+01:00,0.02967631021233636
2023-03-09 01:15:00+01:00,0.03160930722471454
2023-03-09 01:30:00+01:00,0.03612262880236567
2023-03-09 01:45:00+01:00,0.04292506946750001
2023-03-09 02:00:00+01:00,0.056924169750082146
2023-03-09 02:15:00+01:00,0.04220711000006696
2023-03-09 02:30:00+01:00,0.03294876159585555
2023-03-09 02:45:00+01:00,0.02393060539982541
2023-03-09 03:00:00+01:00,0.015223203721986404
2023-03-09 03:15:00+01:00,0.011262260239292526
2023-03-09 03:30:00+01:00,0.008507313639950293
2023-03-09 03:45:00+01:00,0.0062971876282512575
2023-03-09 04:00:00+01:00,0.004743696507161798
2023-03-09 04:15:00+01:00,0.0016698723272744857
2023-03-09 04:30:00+01:00,0.0
2023-03-09 04:45:00+01:00,0.0
2023-03-09 05:00:00+01:00,0.0
2023-03-09 05:15:00+01:00,0.0
2023-03-09 05:30:00+01:00,0.0
2023-03-09 05:45:00+01:00,0.0
2023-03-09 06:00:00+01:00,0.0
2023-03-09 06:15:00+01:00,0.0
2023-03-09 06:30:00+01:00,0.0
2023-03-09 06:45:00+01:00,0.0
2023-03-09 07:00:00+01:00,0.0
2023-03-09 07:15:00+01:00,0.0
2023-03-09 07:30:00+01:00,0.0
2023-03-09 07:45:00+01:00,0.0
2023-03-09 08:00:00+01:00,0.0
2023-03-09 08:15:00+01:00,0.0
2023-03-09 08:30:00+01:00,0.0
2023-03-09 08:45:00+01:00,0.0
2023-03-09 09:00:00+01:00,0.0
2023-03-09 09:15:00+01:00,0.0
2023-03-09 09:30:00+01:00,0.0
2023-03-09 09:45:00+01:00,0.0
2023-03-09 10:00:00+01:00,0.0
2023-03-09 10:15:00+01:00,0.0
2023-03-09 10:30:00+01:00,0.0
2023-03-09 10:45:00+01:00,0.0
2023-03-09 11:00:00+01:00,0.0
2023-03-09 11:15:00+01:00,0.0
2023-03-09 11:30:00+01:00,0.0
2023-03-09 11:45:00+01:00,0.0
2023-03-09 12:00:00+01:00,0.0
2023-03-09 12:15:00+01:00,0.0
2023-03-09 12:30:00+01:00,0.0
2023-03-09 12:45:00+01:00,0.0
2023-03-09 13:00:00+01:00,0.0
2023-03-09 13:15:00+01:00,0.0
2023-03-09 13:30:00+01:00,0.0
2023-03-09 13:45:00+01:00,0.0
2023-03-09 14:00:00+01:00,0.0
2023-03-09 14:15:00+01:00,0.0
2023-03-09 14:30:00+01:00,0.0
2023-03-09 14:45:00+01:00,0.0
2023-03-09 15:00:00+01:00,0.0
2023-03-09 15:15:00+01:00,0.0
2023-03-09 15:30:00+01:00,0.0
2023-03-09 15:45:00+01:00,0.0
2023-03-09 16:00:00+01:00,0.00041884685491449456
2023-03-09 16:15:00+01:00,0.0010131731316523611
2023-03-09 16:30:00+01:00,0.0016078872126909127
2023-03-09 16:45:00+01:00,0.0022029658971230368
2023-03-09 17:00:00+01:00,0.0027983877859423497
2023-03-09 17:15:00+01:00,0.008502416014380962
2023-03-09 17:30:00+01:00,0.01833539284928814
2023-03-09 17:45:00+01:00,0.03658860612275561
2023-03-09 18:00:00+01:00,0.06442385972564106
2023-03-09 18:15:00+01:00,0.08792319009873406
2023-03-09 18:30:00+01:00,0.12350140194703126
2023-03-09 18:45:00+01:00,0.16522345003505423
2023-03-09 19:00:00+01:00,0.2180992427239216
2023-03-09 19:15:00+01:00,0.26500723426223255
2023-03-09 19:30:00+01:00,0.32494820436039423
2023-03-09 19:45:00+01:00,0.3953385569385816
2023-03-09 20:00:00+01:00,0.47436493520615314
2023-03-09 20:15:00+01:00,0.5430999928975555
2023-03-09 20:30:00+01:00,0.6143796361057073
2023-03-09 20:45:00+01:00,0.6880858580618096
2023-03-09 21:00:00+01:00,0.7593821744012017
2023-03-09 21:15:00+01:00,0.7564439715028028
2023-03-09 21:30:00+01:00,0.7540821427484481
2023-03-09 21:45:00+01:00,0.7522998413435799
2023-03-09 22:00:00+01:00,0.7510994620208213
2023-03-09 22:15:00+01:00,0.7232998959799525
2023-03-09 22:30:00+01:00,0.6938454266620816
2023-03-09 22:45:00+01:00,0.6647394994331052
2023-03-09 23:00:00+01:00,0.6360025620679323
2023-03-09 23:15:00+01:00,0.6350712657886618
2023-03-09 23:30:00+01:00,0.6367040804523432
2023-03-09 23:45:00+01:00,0.6408925949286175
2023-03-10 00:00:00+01:00,0.6476154001468846
2023-03-10 00:15:00+01:00,0.6585259224443147
2023-03-10 00:30:00+01:00,0.6745003087735613
2023-03-10 00:45:00+01:00,0.6953817753678592
2023-03-10 01:00:00+01:00,0.720974955106348
2023-03-10 01:15:00+01:00,0.7213257539460739
2023-03-10 01:30:00+01:00,0.7219251334770715
2023-03-10 01:45:00+01:00,0.722772809928636
2023-03-10 02:00:00+01:00,0.7238683827129523
2023-03-10 02:15:00+01:00,0.7247007178872842
2023-03-10 02:30:00+01:00,0.7256044685448556
2023-03-10 02:45:00+01:00,0.7265795120572871
2023-03-10 03:00:00+01:00,0.7276257164372255
2023-03-10 03:15:00+01:00,0.696199283959325
2023-03-10 03:30:00+01:00,0.6652600807277101
2023-03-10 03:45:00+01:00,0.6348385151100356
2023-03-10 04:00:00+01:00,0.6049670039118655
2023-03-10 04:15:00+01:00,0.5933740800363341
2023-03-10 04:30:00+01:00,0.5821408689225516
2023-03-10 04:45:00+01:00,0.5714020452188465
2023-03-10 05:00:00+01:00,0.5610157209440243
2023-03-10 05:15:00+01:00,0.6009645982262113
2023-03-10 05:30:00+01:00,0.6413591301862814
2023-03-10 05:45:00+01:00,0.6818526794534624
2023-03-10 06:00:00+01:00,0.7224376079050248
2023-03-10 06:15:00+01:00,0.752042439649369
2023-03-10 06:30:00+01:00,0.7776946577469139
2023-03-10 06:45:00+01:00,0.8033557249821198
2023-03-10 07:00:00+01:00,0.8290251447855419
2023-03-10 07:15:00+01:00,0.8166966782788886
2023-03-10 07:30:00+01:00,0.8043816174369516
2023-03-10 07:45:00+01:00,0.7920803332694656
2023-03-10 08:00:00+01:00,0.7797932101655742
2023-03-10 08:15:00+01:00,0.7449453627146587
2023-03-10 08:30:00+01:00,0.7022875212751044
2023-03-10 08:45:00+01:00,0.6592101033197932
2023-03-10 09:00:00+01:00,0.6162231447754936
2023-03-10 09:15:00+01:00,0.5978518268890762
2023-03-10 09:30:00+01:00,0.5798090857445225
2023-03-10 09:45:00+01:00,0.5622645154733925
2023-03-10 10:00:00+01:00,0.5450121893042944
2023-03-10 10:15:00+01:00,0.47630783110609065
2023-03-10 10:30:00+01:00,0.41105736817633126
2023-03-10 10:45:00+01:00,0.3528587193386614
2023-03-10 11:00:00+01:00,0.2967013433774237
2023-03-10 11:15:00+01:00,0.35671683498411694
2023-03-10 11:30:00+01:00,0.4187635188621953
2023-03-10 11:45:00+01:00,0.48920435459812167
2023-03-10 12:00:00+01:00,0.5621462836159146
2023-03-10 12:15:00+01:00,0.5388159371467475
2023-03-10 12:30:00+01:00,0.5155546239831061
2023-03-10 12:45:00+01:00,0.49236598453592145
2023-03-10 13:00:00+01:00,0.46925390712770754
2023-03-10 13:15:00+01:00,0.5116469175922271
2023-03-10 13:30:00+01:00,0.5568061000304982
2023-03-10 13:45:00+01:00,0.604790660972084
2023-03-10 14:00:00+01:00,0.6554754270057307
2023-03-10 14:15:00+01:00,0.7639649425767397
2023-03-10 14:30:00+01:00,0.8573519742036844
2023-03-10 14:45:00+01:00,0.9223124550444236
2023-03-10 15:00:00+01:00,0.9658176803796481
2023-03-10 15:15:00+01:00,0.9596002437704721
2023-03-10 15:30:00+01:00,0.9569696824986736
2023-03-10 15:45:00+01:00,0.9579911964871056
2023-03-10 16:00:00+01:00,0.9626392824227719
2023-03-10 16:15:00+01:00,0.9567044307724183
2023-03-10 16:30:00+01:00,0.9814299793762596
2023-03-10 16:45:00+01:00,1.0
2023-03-10 17:00:00+01:00,1.0
2023-03-10 17:15:00+01:00,1.0
2023-03-10 17:30:00+01:00,1.0
2023-03-10 17:45:00+01:00,1.0
2023-03-10 18:00:00+01:00,1.0
2023-03-10 18:15:00+01:00,1.0
2023-03-10 18:30:00+01:00,1.0
2023-03-10 18:45:00+01:00,0.9993950623718015
2023-03-10 19:00:00+01:00,0.9907881632685203
2023-03-10 19:15:00+01:00,0.9862760670633552
2023-03-10 19:30:00+01:00,0.976558464842392
2023-03-10 19:45:00+01:00,0.9670330691689446
2023-03-10 20:00:00+01:00,0.9577125386560689
2023-03-10 20:15:00+01:00,0.9449253936172044
2023-03-10 20:30:00+01:00,0.9254025985296126
2023-03-10 20:45:00+01:00,0.9058986163175304
2023-03-10 21:00:00+01:00,0.8864146626900259
2023-03-10 21:15:00+01:00,0.8699137031865528
2023-03-10 21:30:00+01:00,0.8454507413506055
2023-03-10 21:45:00+01:00,0.8218870142623332
2023-03-10 22:00:00+01:00,0.7992698863565911
2023-03-10 22:15:00+01:00,0.7264438835676444
2023-03-10 22:30:00+01:00,0.6416147015736474
2023-03-10 22:45:00+01:00,0.5590161978431762
2023-03-10 23:00:00+01:00,0.4794652860755876
2023-03-10 23:15:00+01:00,0.4796092874700306
2023-03-10 23:30:00+01:00,0.4804484903592364
2023-03-10 23:45:00+01:00,0.4819815616643937
2023-03-11 00:00:00+01:00,0.4842060748746009
2023-03-11 00:15:00+01:00,0.45965930851033354
2023-03-11 00:30:00+01:00,0.4351148818925496
2023-03-11 00:45:00+01:00,0.4122293398009476
2023-03-11 01:00:00+01:00,0.39029267527102796
2023-03-11 01:15:00+01:00,0.38427008237782795
2023-03-11 01:30:00+01:00,0.37861610401994233
2023-03-11 01:45:00+01:00,0.37333657837843687
2023-03-11 02:00:00+01:00,0.3684370687754831
2023-03-11 02:15:00+01:00,0.34057413263521213
2023-03-11 02:30:00+01:00,0.3129383424426957
2023-03-11 02:45:00+01:00,0.28558670614635834
2023-03-11 03:00:00+01:00,0.2646705719773964
2023-03-11 03:15:00+01:00,0.25756832791565004
2023-03-11 03:30:00+01:00,0.2504962448109089
2023-03-11 03:45:00+01:00,0.24345521628945585
2023-03-11 04:00:00+01:00,0.2364461674693672
2023-03-11 04:15:00+01:00,0.2134386082031866
2023-03-11 04:30:00+01:00,0.19074457944850853
2023-03-11 04:45:00+01:00,0.17056923419101258
2023-03-11 05:00:00+01:00,0.15391611890725204
2023-03-11 05:15:00+01:00,0.14063566346733777
2023-03-11 05:30:00+01:00,0.12752165606157873
2023-03-11 05:45:00+01:00,0.11458932348210947
2023-03-11 06:00:00+01:00,0.10185555536295562
2023-03-11 06:15:00+01:00,0.0956833897512135
2023-03-11 06:30:00+01:00,0.09169293319944606
2023-03-11 06:45:00+01:00,0.08789512232223891
2023-03-11 07:00:00+01:00,0.08412332153772042
2023-03-11 07:15:00+01:00,0.07212483322380488
2023-03-11 07:30:00+01:00,0.06012718718953869
2023-03-11 07:45:00+01:00,0.04813052859595889
2023-03-11 08:00:00+01:00,0.03937367581055508
2023-03-11 08:15:00+01:00,0.03141998310040102
2023-03-11 08:30:00+01:00,0.02408141319139971
2023-03-11 08:45:00+01:00,0.017501522938313946
2023-03-11 09:00:00+01:00,0.012914262445215244
2023-03-11 09:15:00+01:00,0.01024397056460907
2023-03-11 09:30:00+01:00,0.00758110493163755
2023-03-11 09:45:00+01:00,0.004927488381154355
2023-03-11 10:00:00+01:00,0.0022855831935660697
2023-03-11 10:15:00+01:00,0.0
2023-03-11 10:30:00+01:00,0.0
2023-03-11 10:45:00+01:00,0.0
2023-03-11 11:00:00+01:00,0.0
2023-03-11 11:15:00+01:00,0.0
2023-03-11 11:30:00+01:00,0.0
2023-03-11 11:45:00+01:00,0.0
2023-03-11 12:00:00+01:00,0.0
2023-03-11 12:15:00+01:00,0.0
2023-03-11 12:30:00+01:00,0.0
2023-03-11 12:45:00+01:00,0.0
2023-03-11 13:00:00+01:00,0.0
2023-03-11 13:15:00+01:00,0.0
2023-03-11 13:30:00+01:00,0.0
2023-03-11 13:45:00+01:00,0.0
2023-03-11 14:00:00+01:00,0.0
2023-03-11 14:15:00+01:00,0.0
2023-03-11 14:30:00+01:00,0.0
2023-03-11 14:45:00+01:00,0.0
2023-03-11 15:00:00+01:00,0.0
2023-03-11 15:15:00+01:00,0.0
2023-03-11 15:30:00+01:00,0.0
2023-03-11 15:45:00+01:00,0.0
2023-03-11 16:00:00+01:00,0.0
2023-03-11 16:15:00+01:00,0.0
2023-03-11 16:30:00+01:00,0.0
2023-03-11 16:45:00+01:00,0.0
2023-03-11 17:00:00+01:00,0.0
2023-03-11 17:15:00+01:00,0.0
2023-03-11 17:30:00+01:00,0.0
2023-03-11 17:45:00+01:00,0.0
2023-03-11 18:00:00+01:00,0.0
2023-03-11 18:15:00+01:00,0.0
2023-03-11 18:30:00+01:00,0.0
2023-03-11 18:45:00+01:00,0.0
2023-03-11 19:00:00+01:00,0.0
2023-03-11 19:15:00+01:00,0.0
2023-03-11 19:30:00+01:00,0.0002562912404729737
2023-03-11 19:45:00+01:00,0.004153162200069371
2023-03-11 20:00:00+01:00,0.008056854772385512
2023-03-11 20:15:00+01:00,0.012288981539832641
2023-03-11 20:30:00+01:00,0.019751559824379893
2023-03-11 20:45:00+01:00,0.029026451996730065
2023-03-11 21:00:00+01:00,0.0383039176431547
2023-03-11 21:15:00+01:00,0.048252250098693876
2023-03-11 21:30:00+01:00,0.06220463261614566
2023-03-11 21:45:00+01:00,0.0761769082930729
2023-03-11 22:00:00+01:00,0.09016575341905153
2023-03-11 22:15:00+01:00,0.10083421022384141
2023-03-11 22:30:00+01:00,0.11487456467243953
2023-03-11 22:45:00+01:00,0.12919093866707684
2023-03-11 23:00:00+01:00,0.14375751863233965
2023-03-11 23:15:00+01:00,0.1479146147834284
2023-03-11 23:30:00+01:00,0.15222146103456774
2023-03-11 23:45:00+01:00,0.15667395944450999
2023-03-12 00:00:00+01:00,0.16126802912541324
2023-03-12 00:15:00+01:00,0.16077369563141988
2023-03-12 00:30:00+01:00,0.16063953671108158
2023-03-12 00:45:00+01:00,0.1608658566876109
2023-03-12 01:00:00+01:00,0.16145214237993216
2023-03-12 01:15:00+01:00,0.167724206502975
2023-03-12 01:30:00+01:00,0.1740256835491003
2023-03-12 01:45:00+01:00,0.18130384331671423
2023-03-12 02:00:00+01:00,0.189687700050136
2023-03-12 02:15:00+01:00,0.19434839646462315
2023-03-12 02:30:00+01:00,0.19904633683259726
2023-03-12 02:45:00+01:00,0.20378074511994002
2023-03-12 03:00:00+01:00,0.20855086092639996
2023-03-12 03:15:00+01:00,0.20140742816310733
2023-03-12 03:30:00+01:00,0.19426404794692959
2023-03-12 03:45:00+01:00,0.18712072198473934
2023-03-12 04:00:00+01:00,0.1799774520581309
2023-03-12 04:15:00+01:00,0.1883491688145489
2023-03-12 04:30:00+01:00,0.1970242095922138
2023-03-12 04:45:00+01:00,0.20599094182275193
2023-03-12 05:00:00+01:00,0.21523795834984197
2023-03-12 05:15:00+01:00,0.22333791702458203
2023-03-12 05:30:00+01:00,0.2314559099495971
2023-03-12 05:45:00+01:00,0.2395913204453528
2023-03-12 06:00:00+01:00,0.24774355839641865
2023-03-12 06:15:00+01:00,0.24959420366538473
2023-03-12 06:30:00+01:00,0.2526686625682138
2023-03-12 06:45:00+01:00,0.2569514635715742
2023-03-12 07:00:00+01:00,0.26242148533245085
2023-03-12 07:15:00+01:00,0.2672691205124243
2023-03-12 07:30:00+01:00,0.27814850689590026
2023-03-12 07:45:00+01:00,0.297499858160413
2023-03-12 08:00:00+01:00,0.3261109758215582
2023-03-12 08:15:00+01:00,0.3438415631972339
2023-03-12 08:30:00+01:00,0.36653102521443753
2023-03-12 08:45:00+01:00,0.39387015607596515
2023-03-12 09:00:00+01:00,0.4255194641841963
2023-03-12 09:15:00+01:00,0.46605237357974144
2023-03-12 09:30:00+01:00,0.5168020933852553
2023-03-12 09:45:00+01:00,0.5765929341123787
2023-03-12 10:00:00+01:00,0.64525016728894
2023-03-12 10:15:00+01:00,0.6339315382802242
2023-03-12 10:30:00+01:00,0.6312120403472535
2023-03-12 10:45:00+01:00,0.6371387739517018
2023-03-12 11:00:00+01:00,0.6516095266717058
2023-03-12 11:15:00+01:00,0.6389302277506193
2023-03-12 11:30:00+01:00,0.6263313979171232
2023-03-12 11:45:00+01:00,0.6138151115535264
2023-03-12 12:00:00+01:00,0.6013835006526607
2023-03-12 12:15:00+01:00,0.6017822707157525
2023-03-12 12:30:00+01:00,0.602513621771753
2023-03-12 12:45:00+01:00,0.603577052638449
2023-03-12 13:00:00+01:00,0.6049718363597402
2023-03-12 13:15:00+01:00,0.6363974784887366
2023-03-12 13:30:00+01:00,0.6688290835212308
2023-03-12 13:45:00+01:00,0.702203693809276
2023-03-12 14:00:00+01:00,0.7364618852670772
2023-03-12 14:15:00+01:00,0.7092081336314534
2023-03-12 14:30:00+01:00,0.6819792730705145
2023-03-12 14:45:00+01:00,0.6547766526586429
2023-03-12 15:00:00+01:00,0.6276017193070308
2023-03-12 15:15:00+01:00,0.6779653986260009
2023-03-12 15:30:00+01:00,0.7284664059299761
2023-03-12 15:45:00+01:00,0.772061346903198
2023-03-12 16:00:00+01:00,0.812955394535042
2023-03-12 16:15:00+01:00,0.7935491381416545
2023-03-12 16:30:00+01:00,0.7741703118961493
2023-03-12 16:45:00+01:00,0.7548201446810696
2023-03-12 17:00:00+01:00,0.7337287589418927
2023-03-12 17:15:00+01:00,0.717524903689794
2023-03-12 17:30:00+01:00,0.701683889223595
2023-03-12 17:45:00+01:00,0.686216922734917
2023-03-12 18:00:00+01:00,0.6711353964398691
2023-03-12 18:15:00+01:00,0.6676424680134976
2023-03-12 18:30:00+01:00,0.664706107369524
2023-03-12 18:45:00+01:00,0.6623295513353301
2023-03-12 19:00:00+01:00,0.660515438045672
2023-03-12 19:15:00+01:00,0.6398460874690362
2023-03-12 19:30:00+01:00,0.6201434191384669
2023-03-12 19:45:00+01:00,0.6014467358075462
2023-03-12 20:00:00+01:00,0.5837953268877245
2023-03-12 20:15:00+01:00,0.5742234622977326
2023-03-12 20:30:00+01:00,0.5691643938194295
2023-03-12 20:45:00+01:00,0.5686600882478795
2023-03-12 21:00:00+01:00,0.5727154548563488
2023-03-12 21:15:00+01:00,0.6009656353174873
2023-03-12 21:30:00+01:00,0.6306482526927127
2023-03-12 21:45:00+01:00,0.6615276389365574
2023-03-12 22:00:00+01:00,0.6935320798641736
2023-03-12 22:15:00+01:00,0.7442072261363678
2023-03-12 22:30:00+01:00,0.7854914182385639
2023-03-12 22:45:00+01:00,0.8269389537892383
2023-03-12 23:00:00+01:00,0.8685354424289444
2023-03-12 23:15:00+01:00,0.8735160730080958
2023-03-12 23:30:00+01:00,0.8774522281456812
2023-03-12 23:45:00+01:00,0.8814150823232104
2023-03-13 00:00:00+01:00,0.885404284595384
2023-03-13 00:15:00+01:00,0.8704208197959292
2023-03-13 00:30:00+01:00,0.8473955980567849
2023-03-13 00:45:00+01:00,0.8245586820933946
2023-03-13 01:00:00+01:00,0.8019196653308288
2023-03-13 01:15:00+01:00,0.8347662025067345
2023-03-13 01:30:00+01:00,0.8678425058033964
2023-03-13 01:45:00+01:00,0.8901312251168612
2023-03-13 02:00:00+01:00,0.9112173914100901
2023-03-13 02:15:00+01:00,0.9331715186715406
2023-03-13 02:30:00+01:00,0.9536531559836078
2023-03-13 02:45:00+01:00,0.9634573414882236
2023-03-13 03:00:00+01:00,0.9733150138921768
2023-03-13 03:15:00+01:00,0.9765098707302493
2023-03-13 03:30:00+01:00,0.979838577561178
2023-03-13 03:45:00+01:00,0.9832982254169709
2023-03-13 04:00:00+01:00,0.9868858795220026
2023-03-13 04:15:00+01:00,0.9882221053945033
2023-03-13 04:30:00+01:00,0.988831526328681
2023-03-13 04:45:00+01:00,0.989519451546824
2023-03-13 05:00:00+01:00,0.9902848487894044
2023-03-13 05:15:00+01:00,0.9909246610133585
2023-03-13 05:30:00+01:00,0.9915692410083342
2023-03-13 05:45:00+01:00,0.9922185307473542
2023-03-13 06:00:00+01:00,0.9928724727275144
2023-03-13 06:15:00+01:00,0.9955331326780167
2023-03-13 06:30:00+01:00,0.9982009809493305
2023-03-13 06:45:00+01:00,1.0
2023-03-13 07:00:00+01:00,1.0
2023-03-13 07:15:00+01:00,1.0
2023-03-13 07:30:00+01:00,1.0
2023-03-13 07:45:00+01:00,1.0
2023-03-13 08:00:00+01:00,1.0
2023-03-13 08:15:00+01:00,1.0
2023-03-13 08:30:00+01:00,1.0
2023-03-13 08:45:00+01:00,1.0
2023-03-13 09:00:00+01:00,1.0
2023-03-13 09:15:00+01:00,1.0
2023-03-13 09:30:00+01:00,1.0
2023-03-13 09:45:00+01:00,1.0
2023-03-13 10:00:00+01:00,1.0
2023-03-13 10:15:00+01:00,1.0
2023-03-13 10:30:00+01:00,0.9978011402018905
2023-03-13 10:45:00+01:00,0.9924503931957459
2023-03-13 11:00:00+01:00,0.9851470483037215
2023-03-13 11:15:00+01:00,0.9809335822962233
2023-03-13 11:30:00+01:00,0.9768261847761942
2023-03-13 11:45:00+01:00,0.9728277665397651
2023-03-13 12:00:00+01:00,0.9689412643323037
2023-03-13 12:15:00+01:00,0.993014575336053
2023-03-13 12:30:00+01:00,1.0
2023-03-13 12:45:00+01:00,1.0
2023-03-13 13:00:00+01:00,1.0
2023-03-13 13:15:00+01:00,1.0
2023-03-13 13:30:00+01:00,1.0
2023-03-13 13:45:00+01:00,1.0
2023-03-13 14:00:00+01:00,1.0
2023-03-13 14:15:00+01:00,1.0
2023-03-13 14:30:00+01:00,1.0
2023-03-13 14:45:00+01:00,1.0
2023-03-13 15:00:00+01:00,0.9962276676984511
2023-03-13 15:15:00+01:00,0.9931398226809759
2023-03-13 15:30:00+01:00,0.9900524686043755
2023-03-13 15:45:00+01:00,0.984706429007844
2023-03-13 16:00:00+01:00,0.9754475860672838
2023-03-13 16:15:00+01:00,0.9737414520629459
2023-03-13 16:30:00+01:00,0.9722436946139486
2023-03-13 16:45:00+01:00,0.9709564076514807
2023-03-13 17:00:00+01:00,0.9698814133244361
2023-03-13 17:15:00+01:00,0.9588761576551936
2023-03-13 17:30:00+01:00,0.9421586531169631
2023-03-13 17:45:00+01:00,0.9172144086922546
2023-03-13 18:00:00+01:00,0.8922707271052835
2023-03-13 18:15:00+01:00,0.873727894476199
2023-03-13 18:30:00+01:00,0.8461484507011522
2023-03-13 18:45:00+01:00,0.8177679278762311
2023-03-13 19:00:00+01:00,0.7899740970791477
2023-03-13 19:15:00+01:00,0.7716091064668453
2023-03-13 19:30:00+01:00,0.7539229002192114
2023-03-13 19:45:00+01:00,0.7355199941599943
2023-03-13 20:00:00+01:00,0.7153655808960876
2023-03-13 20:15:00+01:00,0.7200061823623986
2023-03-13 20:30:00+01:00,0.7260268260391489
2023-03-13 20:45:00+01:00,0.7334117935395853
2023-03-13 21:00:00+01:00,0.7421421285488168
2023-03-13 21:15:00+01:00,0.7721653215065911
2023-03-13 21:30:00+01:00,0.802064981476258
2023-03-13 21:45:00+01:00,0.8319788508041457
2023-03-13 22:00:00+01:00,0.8619060217427594
2023-03-13 22:15:00+01:00,0.8741854709569344
2023-03-13 22:30:00+01:00,0.8829387034605851
2023-03-13 22:45:00+01:00,0.8916925706638626
2023-03-13 23:00:00+01:00,0.9004470544391706
2023-03-13 23:15:00+01:00,0.8865185024337402
2023-03-13 23:30:00+01:00,0.8734317099501492
2023-03-13 23:45:00+01:00,0.8552216611397909
2023-03-14 00:00:00+01:00,0.8372886929487927
2023-03-14 00:15:00+01:00,0.8528302675203947
2023-03-14 00:30:00+01:00,0.8683865700336957
2023-03-14 00:45:00+01:00,0.8793169160448947
2023-03-14 01:00:00+01:00,0.8891292742253913
2023-03-14 01:15:00+01:00,0.8879636386273402
2023-03-14 01:30:00+01:00,0.8870117986437034
2023-03-14 01:45:00+01:00,0.8862744286177949
2023-03-14 02:00:00+01:00,0.8857520528991548
2023-03-14 02:15:00+01:00,0.882210553930003
2023-03-14 02:30:00+01:00,0.8786936030502509
2023-03-14 02:45:00+01:00,0.875201489892075
2023-03-14 03:00:00+01:00,0.8717345065678089
2023-03-14 03:15:00+01:00,0.8657559200838706
2023-03-14 03:30:00+01:00,0.860038452337368
2023-03-14 03:45:00+01:00,0.8547674783642435
2023-03-14 04:00:00+01:00,0.8499480673471606
2023-03-14 04:15:00+01:00,0.8379683186278647
2023-03-14 04:30:00+01:00,0.8264518362254426
2023-03-14 04:45:00+01:00,0.8154104040219605
2023-03-14 05:00:00+01:00,0.8048556979259518
2023-03-14 05:15:00+01:00,0.8090300929685126
2023-03-14 05:30:00+01:00,0.8132115876508571
2023-03-14 05:45:00+01:00,0.8174001164991098
2023-03-14 06:00:00+01:00,0.8215956147338787
2023-03-14 06:15:00+01:00,0.8146308988173705
2023-03-14 06:30:00+01:00,0.8085590758089994
2023-03-14 06:45:00+01:00,0.8033922270782744
2023-03-14 07:00:00+01:00,0.7991408054356806
2023-03-14 07:15:00+01:00,0.8081616174139563
2023-03-14 07:30:00+01:00,0.8179322761636996
2023-03-14 07:45:00+01:00,0.8284367534925848
2023-03-14 08:00:00+01:00,0.8396583226423457
2023-03-14 08:15:00+01:00,0.8410274280518446
2023-03-14 08:30:00+01:00,0.855587875078172
2023-03-14 08:45:00+01:00,0.8786737275254023
2023-03-14 09:00:00+01:00,0.9034931831284138
2023-03-14 09:15:00+01:00,0.8919875131436239
2023-03-14 09:30:00+01:00,0.8971562613804642
2023-03-14 09:45:00+01:00,0.918723753384854
2023-03-14 10:00:00+01:00,0.95380198503552
2023-03-14 10:15:00+01:00,0.9023437898687899
2023-03-14 10:30:00+01:00,0.8420968432043321
2023-03-14 10:45:00+01:00,0.7709212753447043
2023-03-14 11:00:00+01:00,0.6999082912910011
2023-03-14 11:15:00+01:00,0.6822137571442674
2023-03-14 11:30:00+01:00,0.6701109211802626
2023-03-14 11:45:00+01:00,0.6637337014929146
2023-03-14 12:00:00+01:00,0.6631543782518263
2023-03-14 12:15:00+01:00,0.6635195848875447
2023-03-14 12:30:00+01:00,0.6766663409893391
2023-03-14 12:45:00+01:00,0.702270422626478
2023-03-14 13:00:00+01:00,0.7397309332098049
2023-03-14 13:15:00+01:00,0.686923938794755
2023-03-14 13:30:00+01:00,0.6341546505387539
2023-03-14 13:45:00+01:00,0.5814556808932722
2023-03-14 14:00:00+01:00,0.5295612065688587
2023-03-14 14:15:00+01:00,0.5015272936565728
2023-03-14 14:30:00+01:00,0.4747323555062972
2023-03-14 14:45:00+01:00,0.449254190330342
2023-03-14 15:00:00+01:00,0.42528084759231544
2023-03-14 15:15:00+01:00,0.44899715313959393
2023-03-14 15:30:00+01:00,0.47356088039241134
2023-03-14 15:45:00+01:00,0.49882312764121833
2023-03-14 16:00:00+01:00,0.524744846497422
2023-03-14 16:15:00+01:00,0.52905965982865
2023-03-14 16:30:00+01:00,0.5335516113266429
2023-03-14 16:45:00+01:00,0.5382189575378433
2023-03-14 17:00:00+01:00,0.5430599110823514
2023-03-14 17:15:00+01:00,0.5126735131312121
2023-03-14 17:30:00+01:00,0.4837316728109619
2023-03-14 17:45:00+01:00,0.45633182720274973
2023-03-14 18:00:00+01:00,0.4305744547866892
2023-03-14 18:15:00+01:00,0.3992025065658182
2023-03-14 18:30:00+01:00,0.3696350197279092
2023-03-14 18:45:00+01:00,0.34152137419021583
2023-03-14 19:00:00+01:00,0.31498266955925064
2023-03-14 19:15:00+01:00,0.300818514645274
2023-03-14 19:30:00+01:00,0.2881204699248101
2023-03-14 19:45:00+01:00,0.27895218306176023
2023-03-14 20:00:00+01:00,0.27155012061515593
2023-03-14 20:15:00+01:00,0.2726588816014534
2023-03-14 20:30:00+01:00,0.2754642554445053
2023-03-14 20:45:00+01:00,0.279947268773215
2023-03-14 21:00:00+01:00,0.2861861531835537
2023-03-14 21:15:00+01:00,0.28735799388582967
2023-03-14 21:30:00+01:00,0.29201286262719356
2023-03-14 21:45:00+01:00,0.30010201038464984
2023-03-14 22:00:00+01:00,0.3115428559974539
2023-03-14 22:15:00+01:00,0.33323200290168375
2023-03-14 22:30:00+01:00,0.3655997116903177
2023-03-14 22:45:00+01:00,0.4077082672853803
2023-03-14 23:00:00+01:00,0.4623263980832843
2023-03-14 23:15:00+01:00,0.4828474708060624
2023-03-14 23:30:00+01:00,0.5033856630012733
2023-03-14 23:45:00+01:00,0.5239401961505606
2023-03-15 00:00:00+01:00,0.544510337670071
2023-03-15 00:15:00+01:00,0.5342414064077233
2023-03-15 00:30:00+01:00,0.5255465579172763
2023-03-15 00:45:00+01:00,0.5184562201184403
2023-03-15 01:00:00+01:00,0.5129957882546154
2023-03-15 01:15:00+01:00,0.4671505744971627
2023-03-15 01:30:00+01:00,0.42201716372999726
2023-03-15 01:45:00+01:00,0.38144365488175336
2023-03-15 02:00:00+01:00,0.3411110656095239
2023-03-15 02:15:00+01:00,0.3263395320531378
2023-03-15 02:30:00+01:00,0.3116089527826709
2023-03-15 02:45:00+01:00,0.2969211475764791
2023-03-15 03:00:00+01:00,0.2830642995158298
2023-03-15 03:15:00+01:00,0.2644604670578064
2023-03-15 03:30:00+01:00,0.2458568410144753
2023-03-15 03:45:00+01:00,0.22725343784624258
2023-03-15 04:00:00+01:00,0.20865027581124182
2023-03-15 04:15:00+01:00,0.20150405055462217
2023-03-15 04:30:00+01:00,0.1945231040716531
2023-03-15 04:45:00+01:00,0.18771267830426125
2023-03-15 05:00:00+01:00,0.18107810289206
2023-03-15 05:15:00+01:00,0.17801783398929555
2023-03-15 05:30:00+01:00,0.1758288574243373
2023-03-15 05:45:00+01:00,0.17408283003019193
2023-03-15 06:00:00+01:00,0.17262888159375472
2023-03-15 06:15:00+01:00,0.16414321244354366
2023-03-15 06:30:00+01:00,0.15615390925866002
2023-03-15 06:45:00+01:00,0.14868660352702848
2023-03-15 07:00:00+01:00,0.14176687042248634
2023-03-15 07:15:00+01:00,0.12231659546584182
2023-03-15 07:30:00+01:00,0.10361409472009131
2023-03-15 07:45:00+01:00,0.08933391589131132
2023-03-15 08:00:00+01:00,0.07881510397275135
2023-03-15 08:15:00+01:00,0.07477310721422098
2023-03-15 08:30:00+01:00,0.07182671930242183
2023-03-15 08:45:00+01:00,0.07001791594294055
2023-03-15 09:00:00+01:00,0.06937352758858459
2023-03-15 09:15:00+01:00,0.04800292495541847
2023-03-15 09:30:00+01:00,0.034238046346990264
2023-03-15 09:45:00+01:00,0.02274448037999723
2023-03-15 10:00:00+01:00,0.013054485857063662
2023-03-15 10:15:00+01:00,0.00521337044023757
2023-03-15 10:30:00+01:00,0.0
2023-03-15 10:45:00+01:00,0.0
2023-03-15 11:00:00+01:00,0.0
2023-03-15 11:15:00+01:00,0.0
2023-03-15 11:30:00+01:00,0.0
2023-03-15 11:45:00+01:00,0.0
2023-03-15 12:00:00+01:00,0.0
2023-03-15 12:15:00+01:00,0.0
2023-03-15 12:30:00+01:00,0.0
2023-03-15 12:45:00+01:00,0.0
2023-03-15 13:00:00+01:00,0.0
2023-03-15 13:15:00+01:00,0.0
2023-03-15 13:30:00+01:00,0.0
2023-03-15 13:45:00+01:00,0.0
2023-03-15 14:00:00+01:00,0.0
2023-03-15 14:15:00+01:00,0.0003794114148505489
2023-03-15 14:30:00+01:00,0.001171942183902014
2023-03-15 14:45:00+01:00,0.0019810688987586355
2023-03-15 15:00:00+01:00,0.0028054675024024914
2023-03-15 15:15:00+01:00,0.0040677553727676615
2023-03-15 15:30:00+01:00,0.005366139165124183
2023-03-15 15:45:00+01:00,0.006696521885320381
2023-03-15 16:00:00+01:00,0.008055323763071224
2023-03-15 16:15:00+01:00,0.0067992445273780235
2023-03-15 16:30:00+01:00,0.005744046857655425
2023-03-15 16:45:00+01:00,0.004909286028150854
2023-03-15 17:00:00+01:00,0.004312254964512265
2023-03-15 17:15:00+01:00,0.00441472698766356
2023-03-15 17:30:00+01:00,0.0049913573089184135
2023-03-15 17:45:00+01:00,0.0060177695121832915
2023-03-15 18:00:00+01:00,0.007454497782229504
2023-03-15 18:15:00+01:00,0.01091363022337851
2023-03-15 18:30:00+01:00,0.015274601013106848
2023-03-15 18:45:00+01:00,0.023258289481788822
2023-03-15 19:00:00+01:00,0.031380304818376656
2023-03-15 19:15:00+01:00,0.04274790968171364
2023-03-15 19:30:00+01:00,0.06143093431542169
2023-03-15 19:45:00+01:00,0.08127143629583286
2023-03-15 20:00:00+01:00,0.10498215564194684
2023-03-15 20:15:00+01:00,0.12774803493778938
2023-03-15 20:30:00+01:00,0.15132458604168222
2023-03-15 20:45:00+01:00,0.17559506067989045
2023-03-15 21:00:00+01:00,0.20782056605492624
2023-03-15 21:15:00+01:00,0.22375935240192119
2023-03-15 21:30:00+01:00,0.23972968551513954
2023-03-15 21:45:00+01:00,0.255729490241184
2023-03-15 22:00:00+01:00,0.27175686617151307
2023-03-15 22:15:00+01:00,0.29031844885260233
2023-03-15 22:30:00+01:00,0.31318447644278935
2023-03-15 22:45:00+01:00,0.3362029054985113
2023-03-15 23:00:00+01:00,0.3593637793041704
2023-03-15 23:15:00+01:00,0.37820442783348707
2023-03-15 23:30:00+01:00,0.39729920609648484
2023-03-15 23:45:00+01:00,0.41663504923889
2023-03-16 00:00:00+01:00,0.43738715018813634
2023-03-16 00:15:00+01:00,0.4410995276340236
2023-03-16 00:30:00+01:00,0.4454875702275954
2023-03-16 00:45:00+01:00,0.4505443372423336
2023-03-16 01:00:00+01:00,0.4562619475356
2023-03-16 01:15:00+01:00,0.4563988388028214
2023-03-16 01:30:00+01:00,0.4565664876889229
2023-03-16 01:45:00+01:00,0.4567648821808307
2023-03-16 02:00:00+01:00,0.4569940080704415
2023-03-16 02:15:00+01:00,0.45245115463359026
2023-03-16 02:30:00+01:00,0.44791491947941786
2023-03-16 02:45:00+01:00,0.44338537328483896
2023-03-16 03:00:00+01:00,0.43886258763024905
2023-03-16 03:15:00+01:00,0.4324856066973304
2023-03-16 03:30:00+01:00,0.42612128760021833
2023-03-16 03:45:00+01:00,0.4204286754375085
2023-03-16 04:00:00+01:00,0.41474016690197657
2023-03-16 04:15:00+01:00,0.41213886952784934
2023-03-16 04:30:00+01:00,0.4095575470659087
2023-03-16 04:45:00+01:00,0.40699633955139225
2023-03-16 05:00:00+01:00,0.4044553872249851
2023-03-16 05:15:00+01:00,0.410925475452247
2023-03-16 05:30:00+01:00,0.41775789674844305
2023-03-16 05:45:00+01:00,0.4249460351812244
2023-03-16 06:00:00+01:00,0.4332296858838922
2023-03-16 06:15:00+01:00,0.43337368674714855
2023-03-16 06:30:00+01:00,0.433525252925732
2023-03-16 06:45:00+01:00,0.43368438169954343
2023-03-16 07:00:00+01:00,0.43385107021416325
2023-03-16 07:15:00+01:00,0.4281336830926184
2023-03-16 07:30:00+01:00,0.42282157756225053
2023-03-16 07:45:00+01:00,0.41772062801234394
2023-03-16 08:00:00+01:00,0.4126248064610439
2023-03-16 08:15:00+01:00,0.41340110244390416
2023-03-16 08:30:00+01:00,0.414496650327596
2023-03-16 08:45:00+01:00,0.41591050782299493
2023-03-16 09:00:00+01:00,0.4176414643317315
2023-03-16 09:15:00+01:00,0.4359846300404397
2023-03-16 09:30:00+01:00,0.4584026005049326
2023-03-16 09:45:00+01:00,0.48372453109117514
2023-03-16 10:00:00+01:00,0.5117861395266429
2023-03-16 10:15:00+01:00,0.4597774923775271
2023-03-16 10:30:00+01:00,0.4105627352507432
2023-03-16 10:45:00+01:00,0.3658585114416846
2023-03-16 11:00:00+01:00,0.32222726999535223
2023-03-16 11:15:00+01:00,0.33631449791035006
2023-03-16 11:30:00+01:00,0.35247790339951374
2023-03-16 11:45:00+01:00,0.3706232476745408
2023-03-16 12:00:00+01:00,0.39065139731543547
2023-03-16 12:15:00+01:00,0.4067441802666419
2023-03-16 12:30:00+01:00,0.4233384160217565
2023-03-16 12:45:00+01:00,0.44209948842505153
2023-03-16 13:00:00+01:00,0.4617115733463603
2023-03-16 13:15:00+01:00,0.47466903484470796
2023-03-16 13:30:00+01:00,0.487626555483326
2023-03-16 13:45:00+01:00,0.5005841335356874
2023-03-16 14:00:00+01:00,0.5135417673418154
2023-03-16 14:15:00+01:00,0.5143002266180494
2023-03-16 14:30:00+01:00,0.5152076338023033
2023-03-16 14:45:00+01:00,0.5162636879264038
2023-03-16 15:00:00+01:00,0.517468039739054
2023-03-16 15:15:00+01:00,0.5074753618445822
2023-03-16 15:30:00+01:00,0.497496419662704
2023-03-16 15:45:00+01:00,0.48753152506957714
2023-03-16 16:00:00+01:00,0.4775809989957038
2023-03-16 16:15:00+01:00,0.4671644143307644
2023-03-16 16:30:00+01:00,0.45688471996802166
2023-03-16 16:45:00+01:00,0.44674521995755584
2023-03-16 17:00:00+01:00,0.43674927826717225
2023-03-16 17:15:00+01:00,0.45844972027355396
2023-03-16 17:30:00+01:00,0.48032855491573323
2023-03-16 17:45:00+01:00,0.502377000394896
2023-03-16 18:00:00+01:00,0.5245867803499107
2023-03-16 18:15:00+01:00,0.5307479539971348
2023-03-16 18:30:00+01:00,0.5372056873979771
2023-03-16 18:45:00+01:00,0.5439558018714018
2023-03-16 19:00:00+01:00,0.55099401301971
2023-03-16 19:15:00+01:00,0.5609494017055233
2023-03-16 19:30:00+01:00,0.5709094022704299
2023-03-16 19:45:00+01:00,0.5808739171082636
2023-03-16 20:00:00+01:00,0.5909566318808239
2023-03-16 20:15:00+01:00,0.5992814972064665
2023-03-16 20:30:00+01:00,0.6076554161919165
2023-03-16 20:45:00+01:00,0.6160775496484845
2023-03-16 21:00:00+01:00,0.6245470727520949
2023-03-16 21:15:00+01:00,0.621914051644179
2023-03-16 21:30:00+01:00,0.6192854507108454
2023-03-16 21:45:00+01:00,0.6166612936795425
2023-03-16 22:00:00+01:00,0.6140416044073028
2023-03-16 22:15:00+01:00,0.5931814615683899
2023-03-16 22:30:00+01:00,0.5744863060577395
2023-03-16 22:45:00+01:00,0.5580189172783264
2023-03-16 23:00:00+01:00,0.5437070888147106
2023-03-16 23:15:00+01:00,0.523700834055433
2023-03-16 23:30:00+01:00,0.5050580524032955
2023-03-16 23:45:00+01:00,0.48783656847545975
2023-03-17 00:00:00+01:00,0.47209273654137096
2023-03-17 00:15:00+01:00,0.43079630464763313
2023-03-17 00:30:00+01:00,0.39625072226471714
2023-03-17 00:45:00+01:00,0.36532794401612345
2023-03-17 01:00:00+01:00,0.33782032366716375
2023-03-17 01:15:00+01:00,0.3296848903745237
2023-03-17 01:30:00+01:00,0.3220505146972238
2023-03-17 01:45:00+01:00,0.3149285302759643
2023-03-17 02:00:00+01:00,0.3083298201557989
2023-03-17 02:15:00+01:00,0.31833727680785
2023-03-17 02:30:00+01:00,0.32995183105814335
2023-03-17 02:45:00+01:00,0.34311967908650903
2023-03-17 03:00:00+01:00,0.35778268291813464
2023-03-17 03:15:00+01:00,0.3623752204824806
2023-03-17 03:30:00+01:00,0.36716537697656126
2023-03-17 03:45:00+01:00,0.37215049774144743
2023-03-17 04:00:00+01:00,0.37732787031052667
2023-03-17 04:15:00+01:00,0.37532142919574335
2023-03-17 04:30:00+01:00,0.37388127350237965
2023-03-17 04:45:00+01:00,0.37300968844850424
2023-03-17 05:00:00+01:00,0.3727080630244207
2023-03-17 05:15:00+01:00,0.3606498250369675
2023-03-17 05:30:00+01:00,0.34895748625762674
2023-03-17 05:45:00+01:00,0.33764344424687387
2023-03-17 06:00:00+01:00,0.3267202341826427
2023-03-17 06:15:00+01:00,0.3078463224177631
2023-03-17 06:30:00+01:00,0.28899228632445745
2023-03-17 06:45:00+01:00,0.2737184820400364
2023-03-17 07:00:00+01:00,0.2592119183483248
2023-03-17 07:15:00+01:00,0.2502547061738554
2023-03-17 07:30:00+01:00,0.24131999986135524
2023-03-17 07:45:00+01:00,0.23240865505119795
2023-03-17 08:00:00+01:00,0.22352156890064717
2023-03-17 08:15:00+01:00,0.2158527513377488
2023-03-17 08:30:00+01:00,0.20823677531501228
2023-03-17 08:45:00+01:00,0.2006754339873637
2023-03-17 09:00:00+01:00,0.19317058880832866
2023-03-17 09:15:00+01:00,0.17460226970320972
2023-03-17 09:30:00+01:00,0.15985124350981864
2023-03-17 09:45:00+01:00,0.14510023723338025
2023-03-17 10:00:00+01:00,0.13034925285086862
2023-03-17 10:15:00+01:00,0.10563904493379418
2023-03-17 10:30:00+01:00,0.0868939914689855
2023-03-17 10:45:00+01:00,0.072750634219124
2023-03-17 11:00:00+01:00,0.059421362192664896
2023-03-17 11:15:00+01:00,0.059857612487871845
2023-03-17 11:30:00+01:00,0.060675067342675436
2023-03-17 11:45:00+01:00,0.061869526794268985
2023-03-17 12:00:00+01:00,0.06343496391214928
2023-03-17 12:15:00+01:00,0.05937102843783021
2023-03-17 12:30:00+01:00,0.05530709384841
2023-03-17 12:45:00+01:00,0.05124316019478814
2023-03-17 13:00:00+01:00,0.047179227531843976
2023-03-17 13:15:00+01:00,0.0485483392581415
2023-03-17 13:30:00+01:00,0.04997806053680378
2023-03-17 13:45:00+01:00,0.05146716617332284
2023-03-17 14:00:00+01:00,0.053014414930677545
2023-03-17 14:15:00+01:00,0.0548223583933038
2023-03-17 14:30:00+01:00,0.05689801766104116
2023-03-17 14:45:00+01:00,0.059233813529252013
2023-03-17 15:00:00+01:00,0.06182155475810008
2023-03-17 15:15:00+01:00,0.07319629066141665
2023-03-17 15:30:00+01:00,0.08579934434809558
2023-03-17 15:45:00+01:00,0.10200037499422936
2023-03-17 16:00:00+01:00,0.12534212662199898
2023-03-17 16:15:00+01:00,0.14063704562919113
2023-03-17 16:30:00+01:00,0.15866793700925358
2023-03-17 16:45:00+01:00,0.17969515131669292
2023-03-17 17:00:00+01:00,0.20952122139472373
2023-03-17 17:15:00+01:00,0.22345766202437997
2023-03-17 17:30:00+01:00,0.24207276500650995
2023-03-17 17:45:00+01:00,0.265012398692817
2023-03-17 18:00:00+01:00,0.29371895615296656
2023-03-17 18:15:00+01:00,0.3295682846435118
2023-03-17 18:30:00+01:00,0.3666095370580334
2023-03-17 18:45:00+01:00,0.40472256566242965
2023-03-17 19:00:00+01:00,0.4458892797855162
2023-03-17 19:15:00+01:00,0.46173272425393724
2023-03-17 19:30:00+01:00,0.47799245346294417
2023-03-17 19:45:00+01:00,0.49465314919480097
2023-03-17 20:00:00+01:00,0.5116998849992147
2023-03-17 20:15:00+01:00,0.5138034692198492
2023-03-17 20:30:00+01:00,0.5166287781474703
2023-03-17 20:45:00+01:00,0.5201712842353529
2023-03-17 21:00:00+01:00,0.5244253639515075
2023-03-17 21:15:00+01:00,0.5180183951806441
2023-03-17 21:30:00+01:00,0.5117891241229816
2023-03-17 21:45:00+01:00,0.5057400351082816
2023-03-17 22:00:00+01:00,0.499873585117962
2023-03-17 22:15:00+01:00,0.4568357249198352
2023-03-17 22:30:00+01:00,0.4204357720749768
2023-03-17 22:45:00+01:00,0.3930951099024655
2023-03-17 23:00:00+01:00,0.3720090302816289
2023-03-17 23:15:00+01:00,0.3627176968901775
2023-03-17 23:30:00+01:00,0.3544540655816838
2023-03-17 23:45:00+01:00,0.3472425204003083
2023-03-18 00:00:00+01:00,0.3411049745198389
2023-03-18 00:15:00+01:00,0.32321271553810327
2023-03-18 00:30:00+01:00,0.3054367610599984
2023-03-18 00:45:00+01:00,0.28778340525546153
2023-03-18 01:00:00+01:00,0.27379565383449456
2023-03-18 01:15:00+01:00,0.28261762954647174
2023-03-18 01:30:00+01:00,0.29322676692948274
2023-03-18 01:45:00+01:00,0.30484008179549105
2023-03-18 02:00:00+01:00,0.31653585261593903
2023-03-18 02:15:00+01:00,0.32227077415373595
2023-03-18 02:30:00+01:00,0.3280706758653347
2023-03-18 02:45:00+01:00,0.3339344616997276
2023-03-18 03:00:00+01:00,0.33986104844783915
2023-03-18 03:15:00+01:00,0.3364273210005943
2023-03-18 03:30:00+01:00,0.33327783875088174
2023-03-18 03:45:00+01:00,0.33041521413986724
2023-03-18 04:00:00+01:00,0.3278418495020539
2023-03-18 04:15:00+01:00,0.3262140143494698
2023-03-18 04:30:00+01:00,0.32460926723950784
2023-03-18 04:45:00+01:00,0.3230277170750902
2023-03-18 05:00:00+01:00,0.32146947185606406
2023-03-18 05:15:00+01:00,0.32144891239399964
2023-03-18 05:30:00+01:00,0.32176451417734264
2023-03-18 05:45:00+01:00,0.3224159651783558
2023-03-18 06:00:00+01:00,0.3234026225431804
2023-03-18 06:15:00+01:00,0.31346021542812524
2023-03-18 06:30:00+01:00,0.30353240183254737
2023-03-18 06:45:00+01:00,0.29361962024349675
2023-03-18 07:00:00+01:00,0.2841781135369031
2023-03-18 07:15:00+01:00,0.2756242714251817
2023-03-18 07:30:00+01:00,0.2671259573810523
2023-03-18 07:45:00+01:00,0.2586851072430228
2023-03-18 08:00:00+01:00,0.25030373386049026
2023-03-18 08:15:00+01:00,0.2240159077028648
2023-03-18 08:30:00+01:00,0.19785935759124484
2023-03-18 08:45:00+01:00,0.17318720466343449
2023-03-18 09:00:00+01:00,0.15359161768326812
2023-03-18 09:15:00+01:00,0.14212783612586158
2023-03-18 09:30:00+01:00,0.13067177561799773
2023-03-18 09:45:00+01:00,0.11922404660015012
2023-03-18 10:00:00+01:00,0.10778532508499176
2023-03-18 10:15:00+01:00,0.07453169335939394
2023-03-18 10:30:00+01:00,0.04639607418610615
2023-03-18 10:45:00+01:00,0.029153989703994035
2023-03-18 11:00:00+01:00,0.013620376299608942
2023-03-18 11:15:00+01:00,0.019294994388520573
2023-03-18 11:30:00+01:00,0.025212304917478834
2023-03-18 11:45:00+01:00,0.03114438417041435
2023-03-18 12:00:00+01:00,0.0370889265366485
2023-03-18 12:15:00+01:00,0.042234608427137374
2023-03-18 12:30:00+01:00,0.04974201987600791
2023-03-18 12:45:00+01:00,0.05855187553305955
2023-03-18 13:00:00+01:00,0.06740256516360611
2023-03-18 13:15:00+01:00,0.07707648578390018
2023-03-18 13:30:00+01:00,0.086815661389972
2023-03-18 13:45:00+01:00,0.09744382889517617
2023-03-18 14:00:00+01:00,0.11324724232249327
2023-03-18 14:15:00+01:00,0.11513301160420272
2023-03-18 14:30:00+01:00,0.11741558334547418
2023-03-18 14:45:00+01:00,0.12008871927797064
2023-03-18 15:00:00+01:00,0.12314527869325483
2023-03-18 15:15:00+01:00,0.113568824907473
2023-03-18 15:30:00+01:00,0.104350994942476
2023-03-18 15:45:00+01:00,0.09551591941077178
2023-03-18 16:00:00+01:00,0.0901595489200835
2023-03-18 16:15:00+01:00,0.09085923614693302
2023-03-18 16:30:00+01:00,0.09159550113218246
2023-03-18 16:45:00+01:00,0.0923680246408874
2023-03-18 17:00:00+01:00,0.09317647569751314
2023-03-18 17:15:00+01:00,0.09651331338946045
2023-03-18 17:30:00+01:00,0.10162195756084492
2023-03-18 17:45:00+01:00,0.10723680461312249
2023-03-18 18:00:00+01:00,0.11333797050712374
2023-03-18 18:15:00+01:00,0.1199094480162581
2023-03-18 18:30:00+01:00,0.12834008817551956
2023-03-18 18:45:00+01:00,0.1385263311381166
2023-03-18 19:00:00+01:00,0.15035302234023257
2023-03-18 19:15:00+01:00,0.1679037460847966
2023-03-18 19:30:00+01:00,0.1880350685825913
2023-03-18 19:45:00+01:00,0.21119388928198576
2023-03-18 20:00:00+01:00,0.23435792219333018
2023-03-18 20:15:00+01:00,0.24298547344438826
2023-03-18 20:30:00+01:00,0.2520927247449675
2023-03-18 20:45:00+01:00,0.26166182722026027
2023-03-18 21:00:00+01:00,0.2716749675535797
2023-03-18 21:15:00+01:00,0.2717406523870195
2023-03-18 21:30:00+01:00,0.2723181888929706
2023-03-18 21:45:00+01:00,0.27340638832058095
2023-03-18 22:00:00+01:00,0.2750030207907694
2023-03-18 22:15:00+01:00,0.2755845306451884
2023-03-18 22:30:00+01:00,0.27787210874266655
2023-03-18 22:45:00+01:00,0.2818502366613538
2023-03-18 23:00:00+01:00,0.28801993583116
2023-03-18 23:15:00+01:00,0.2878279915896726
2023-03-18 23:30:00+01:00,0.2882505254545068
2023-03-18 23:45:00+01:00,0.28928674817797656
2023-03-19 00:00:00+01:00,0.29093472991751473
2023-03-19 00:15:00+01:00,0.30228971402647253
2023-03-19 00:30:00+01:00,0.3137400457000276
2023-03-19 00:45:00+01:00,0.3252825229892495
2023-03-19 01:00:00+01:00,0.3369140616416927
2023-03-19 01:15:00+01:00,0.33770580145563117
2023-03-19 01:30:00+01:00,0.3401889364709646
2023-03-19 01:45:00+01:00,0.3443513743916257
2023-03-19 02:00:00+01:00,0.3501731019143813
2023-03-19 02:15:00+01:00,0.35611030668791355
2023-03-19 02:30:00+01:00,0.36367623045580216
2023-03-19 02:45:00+01:00,0.372836338668166
2023-03-19 03:00:00+01:00,0.3835501123324231
2023-03-19 03:15:00+01:00,0.36947710348043383
2023-03-19 03:30:00+01:00,0.356142107991839
2023-03-19 03:45:00+01:00,0.34357348240571245
2023-03-19 04:00:00+01:00,0.331799297955887
2023-03-19 04:15:00+01:00,0.3121193182393429
2023-03-19 04:30:00+01:00,0.29257633992709686
2023-03-19 04:45:00+01:00,0.27604696333653694
2023-03-19 05:00:00+01:00,0.26120660372592275
2023-03-19 05:15:00+01:00,0.2531902476357098
2023-03-19 05:30:00+01:00,0.24529258074143354
2023-03-19 05:45:00+01:00,0.23751756300093724
2023-03-19 06:00:00+01:00,0.2298692668041426
2023-03-19 06:15:00+01:00,0.2218713464585661
2023-03-19 06:30:00+01:00,0.21409001515073933
2023-03-19 06:45:00+01:00,0.20653271758028904
2023-03-19 07:00:00+01:00,0.19920701418246256
2023-03-19 07:15:00+01:00,0.18695465646456202
2023-03-19 07:30:00+01:00,0.17536807700253723
2023-03-19 07:45:00+01:00,0.16611526180069258
2023-03-19 08:00:00+01:00,0.156882819784219
2023-03-19 08:15:00+01:00,0.13674573090732545
2023-03-19 08:30:00+01:00,0.1167250639355712
2023-03-19 08:45:00+01:00,0.09683777846022375
2023-03-19 09:00:00+01:00,0.08393722799382639
2023-03-19 09:15:00+01:00,0.0906278098995283
2023-03-19 09:30:00+01:00,0.10051012456539321
2023-03-19 09:45:00+01:00,0.11494318811696541
2023-03-19 10:00:00+01:00,0.13096841829839803
2023-03-19 10:15:00+01:00,0.11599589482435693
2023-03-19 10:30:00+01:00,0.10103296574519335
2023-03-19 10:45:00+01:00,0.08953131493546382
2023-03-19 11:00:00+01:00,0.08022065729382011
2023-03-19 11:15:00+01:00,0.07179827016198177
2023-03-19 11:30:00+01:00,0.06343577640800992
2023-03-19 11:45:00+01:00,0.05514013719676549
2023-03-19 12:00:00+01:00,0.04691936585167863
2023-03-19 12:15:00+01:00,0.03873451792811782
2023-03-19 12:30:00+01:00,0.03173193186933805
2023-03-19 12:45:00+01:00,0.02473761065754591
2023-03-19 13:00:00+01:00,0.017753386387127406
2023-03-19 13:15:00+01:00,0.016386059005201275
2023-03-19 13:30:00+01:00,0.015035833233039036
2023-03-19 13:45:00+01:00,0.013761091434094756
2023-03-19 14:00:00+01:00,0.013161136815317961
2023-03-19 14:15:00+01:00,0.01324431633892996
2023-03-19 14:30:00+01:00,0.013532878594635655
2023-03-19 14:45:00+01:00,0.014275986691572035
2023-03-19 15:00:00+01:00,0.015773292855476573
2023-03-19 15:15:00+01:00,0.016213589535646035
2023-03-19 15:30:00+01:00,0.01723071877713254
2023-03-19 15:45:00+01:00,0.01880629220518804
2023-03-19 16:00:00+01:00,0.020913328660627145
2023-03-19 16:15:00+01:00,0.026064819076961673
2023-03-19 16:30:00+01:00,0.0323225751220945
2023-03-19 16:45:00+01:00,0.039508332208996966
2023-03-19 17:00:00+01:00,0.049826748084099606
2023-03-19 17:15:00+01:00,0.057970714773522856
2023-03-19 17:30:00+01:00,0.06635609952213439
2023-03-19 17:45:00+01:00,0.0749571341738352
2023-03-19 18:00:00+01:00,0.08375105812887171
2023-03-19 18:15:00+01:00,0.09046751223088577
2023-03-19 18:30:00+01:00,0.09836073312133578
2023-03-19 18:45:00+01:00,0.10913867140289979
2023-03-19 19:00:00+01:00,0.11991677523263669
2023-03-19 19:15:00+01:00,0.15027801538859578
2023-03-19 19:30:00+01:00,0.18247696349039566
2023-03-19 19:45:00+01:00,0.22397576766301946
2023-03-19 20:00:00+01:00,0.2660219582651833
2023-03-19 20:15:00+01:00,0.24669598097401033
2023-03-19 20:30:00+01:00,0.22740765124516318
2023-03-19 20:45:00+01:00,0.20816016906015336
2023-03-19 21:00:00+01:00,0.18895709960717902
2023-03-19 21:15:00+01:00,0.17108090421614625
2023-03-19 21:30:00+01:00,0.156734164504921
2023-03-19 21:45:00+01:00,0.14318683623110795
2023-03-19 22:00:00+01:00,0.1305117740992962
2023-03-19 22:15:00+01:00,0.10940778661432288
2023-03-19 22:30:00+01:00,0.09259728531800854
2023-03-19 22:45:00+01:00,0.08304402707791499
2023-03-19 23:00:00+01:00,0.07564138592231626
2023-03-19 23:15:00+01:00,0.07358400506725522
2023-03-19 23:30:00+01:00,0.0715723334199554
2023-03-19 23:45:00+01:00,0.06960756868034734
2023-03-20 00:00:00+01:00,0.06769092134556064
2023-03-20 00:15:00+01:00,0.0661119511835631
2023-03-20 00:30:00+01:00,0.06483644452389481
2023-03-20 00:45:00+01:00,0.06386957191858975
2023-03-20 01:00:00+01:00,0.06321533121947426
2023-03-20 01:15:00+01:00,0.07256007207080553
2023-03-20 01:30:00+01:00,0.08191965624790294
2023-03-20 01:45:00+01:00,0.0912924299031605
2023-03-20 02:00:00+01:00,0.1039655987285397
2023-03-20 02:15:00+01:00,0.09380921861556567
2023-03-20 02:30:00+01:00,0.08761194256121509
2023-03-20 02:45:00+01:00,0.08213648112032085
2023-03-20 03:00:00+01:00,0.07743262727055415
2023-03-20 03:15:00+01:00,0.08411514767185549
2023-03-20 03:30:00+01:00,0.09256141574773913
2023-03-20 03:45:00+01:00,0.10705421068593453
2023-03-20 04:00:00+01:00,0.12544308822408407
2023-03-20 04:15:00+01:00,0.13903021264328688
2023-03-20 04:30:00+01:00,0.15284326821132668
2023-03-20 04:45:00+01:00,0.16686284490853032
2023-03-20 05:00:00+01:00,0.1822481306998943
2023-03-20 05:15:00+01:00,0.19112896028102436
2023-03-20 05:30:00+01:00,0.2007809400614686
2023-03-20 05:45:00+01:00,0.2111714155272505
2023-03-20 06:00:00+01:00,0.2222672597985347
2023-03-20 06:15:00+01:00,0.23875590697928203
2023-03-20 06:30:00+01:00,0.25586921555923325
2023-03-20 06:45:00+01:00,0.2735642079640835
2023-03-20 07:00:00+01:00,0.2936062873072317
2023-03-20 07:15:00+01:00,0.29417124640209547
2023-03-20 07:30:00+01:00,0.2954305736865924
2023-03-20 07:45:00+01:00,0.2973816326731337
2023-03-20 08:00:00+01:00,0.30002036496168605
2023-03-20 08:15:00+01:00,0.2693426056178554
2023-03-20 08:30:00+01:00,0.24214475157931464
2023-03-20 08:45:00+01:00,0.2151778732027664
2023-03-20 09:00:00+01:00,0.18847023668112517
2023-03-20 09:15:00+01:00,0.19361996326352326
2023-03-20 09:30:00+01:00,0.19876969488172636
2023-03-20 09:45:00+01:00,0.20391943142073857
2023-03-20 10:00:00+01:00,0.20906917276903855
2023-03-20 10:15:00+01:00,0.20380589975366364
2023-03-20 10:30:00+01:00,0.19905035263227194
2023-03-20 10:45:00+01:00,0.19481338434186013
2023-03-20 11:00:00+01:00,0.19110492620292405
2023-03-20 11:15:00+01:00,0.2022580647161676
2023-03-20 11:30:00+01:00,0.21354156517216705
2023-03-20 11:45:00+01:00,0.22494910159815898
2023-03-20 12:00:00+01:00,0.23647468773815464
2023-03-20 12:15:00+01:00,0.2314627378465214
2023-03-20 12:30:00+01:00,0.22663008633225487
2023-03-20 12:45:00+01:00,0.22198047559171488
2023-03-20 13:00:00+01:00,0.21751760519929103
2023-03-20 13:15:00+01:00,0.2183241243375462
2023-03-20 13:30:00+01:00,0.21913073829068241
2023-03-20 13:45:00+01:00,0.21993744672741014
2023-03-20 14:00:00+01:00,0.22074424931794184
2023-03-20 14:15:00+01:00,0.21976885370754617
2023-03-20 14:30:00+01:00,0.2188254859513625
2023-03-20 14:45:00+01:00,0.21791427731335727
2023-03-20 15:00:00+01:00,0.21703535526463305
2023-03-20 15:15:00+01:00,0.23585592543697495
2023-03-20 15:30:00+01:00,0.25492242245921426
2023-03-20 15:45:00+01:00,0.2742160112310076
2023-03-20 16:00:00+01:00,0.29609472525677066
2023-03-20 16:15:00+01:00,0.2840416045841623
2023-03-20 16:30:00+01:00,0.2746460318151683
2023-03-20 16:45:00+01:00,0.2655436037161627
2023-03-20 17:00:00+01:00,0.25674529565925774
2023-03-20 17:15:00+01:00,0.25003327573511885
2023-03-20 17:30:00+01:00,0.24364487674757448
2023-03-20 17:45:00+01:00,0.23758883176943996
2023-03-20 18:00:00+01:00,0.23187371191679715
2023-03-20 18:15:00+01:00,0.23875035220121477
2023-03-20 18:30:00+01:00,0.24565887237661924
2023-03-20 18:45:00+01:00,0.25259836136698355
2023-03-20 19:00:00+01:00,0.25956793862829985
2023-03-20 19:15:00+01:00,0.2598302836355526
2023-03-20 19:30:00+01:00,0.2600965396349109
2023-03-20 19:45:00+01:00,0.26036670236438864
2023-03-20 20:00:00+01:00,0.26064076750579057
2023-03-20 20:15:00+01:00,0.2556737020429825
2023-03-20 20:30:00+01:00,0.25090410199247576
2023-03-20 20:45:00+01:00,0.24633589736527234
2023-03-20 21:00:00+01:00,0.2419729505807392
2023-03-20 21:15:00+01:00,0.24736195491853305
2023-03-20 21:30:00+01:00,0.25275476720603174
2023-03-20 21:45:00+01:00,0.2581513031394999
2023-03-20 22:00:00+01:00,0.26355148082980695
2023-03-20 22:15:00+01:00,0.2602170694030532
2023-03-20 22:30:00+01:00,0.2606045029548293
2023-03-20 22:45:00+01:00,0.26470791450092196
2023-03-20 23:00:00+01:00,0.2724659114767129
2023-03-20 23:15:00+01:00,0.26037847301944106
2023-03-20 23:30:00+01:00,0.2483903027550043
2023-03-20 23:45:00+01:00,0.23650643525732842
2023-03-21 00:00:00+01:00,0.2247322029539289
2023-03-21 00:15:00+01:00,0.2163237729512776
2023-03-21 00:30:00+01:00,0.2081486062373798
2023-03-21 00:45:00+01:00,0.20021520555260983
2023-03-21 01:00:00+01:00,0.19253222173780135
2023-03-21 01:15:00+01:00,0.18534715236001276
2023-03-21 01:30:00+01:00,0.1791415676561721
2023-03-21 01:45:00+01:00,0.17477466207149306
2023-03-21 02:00:00+01:00,0.17161601845489155
2023-03-21 02:15:00+01:00,0.1665366530049673
2023-03-21 02:30:00+01:00,0.16184546589467586
2023-03-21 02:45:00+01:00,0.15755400631981714
2023-03-21 03:00:00+01:00,0.15367324371457772
2023-03-21 03:15:00+01:00,0.15284150701267615
2023-03-21 03:30:00+01:00,0.15214734779627478
2023-03-21 03:45:00+01:00,0.15159137947175252
2023-03-21 04:00:00+01:00,0.15117409596229864
2023-03-21 04:15:00+01:00,0.1678039327487793
2023-03-21 04:30:00+01:00,0.18740013344181092
2023-03-21 04:45:00+01:00,0.21069615748335044
2023-03-21 05:00:00+01:00,0.23457459687059856
2023-03-21 05:15:00+01:00,0.23477080556427135
2023-03-21 05:30:00+01:00,0.23501385247456738
2023-03-21 05:45:00+01:00,0.23530368935942805
2023-03-21 06:00:00+01:00,0.23564025877607858
2023-03-21 06:15:00+01:00,0.24717877128059565
2023-03-21 06:30:00+01:00,0.25871973615856286
2023-03-21 06:45:00+01:00,0.27026303911423577
2023-03-21 07:00:00+01:00,0.28180857282464566
2023-03-21 07:15:00+01:00,0.2879903574448792
2023-03-21 07:30:00+01:00,0.2957016052381912
2023-03-21 07:45:00+01:00,0.3037749163358113
2023-03-21 08:00:00+01:00,0.31220160690726445
2023-03-21 08:15:00+01:00,0.3183171582518336
2023-03-21 08:30:00+01:00,0.3249950827916689
2023-03-21 08:45:00+01:00,0.33222444061447126
2023-03-21 09:00:00+01:00,0.33999370578333327
2023-03-21 09:15:00+01:00,0.3340051594897996
2023-03-21 09:30:00+01:00,0.32887749292759283
2023-03-21 09:45:00+01:00,0.32462366094240724
2023-03-21 10:00:00+01:00,0.3212546084597981
2023-03-21 10:15:00+01:00,0.30472016288831844
2023-03-21 10:30:00+01:00,0.28837626316436676
2023-03-21 10:45:00+01:00,0.2753173481881322
2023-03-21 11:00:00+01:00,0.26302974296128817
2023-03-21 11:15:00+01:00,0.2954457025844394
2023-03-21 11:30:00+01:00,0.3363971750351774
2023-03-21 11:45:00+01:00,0.37894762795551523
2023-03-21 12:00:00+01:00,0.42291492010945253
2023-03-21 12:15:00+01:00,0.4550976664362413
2023-03-21 12:30:00+01:00,0.49485230687992016
2023-03-21 12:45:00+01:00,0.5411659915886939
2023-03-21 13:00:00+01:00,0.5935515606776178
2023-03-21 13:15:00+01:00,0.5651571157981825
2023-03-21 13:30:00+01:00,0.5376817394516843
2023-03-21 13:45:00+01:00,0.5110200048289208
2023-03-21 14:00:00+01:00,0.4852213586858027
2023-03-21 14:15:00+01:00,0.5207743362464512
2023-03-21 14:30:00+01:00,0.5571738499096764
2023-03-21 14:45:00+01:00,0.5945220402369746
2023-03-21 15:00:00+01:00,0.6329996202650141
2023-03-21 15:15:00+01:00,0.6019638429496612
2023-03-21 15:30:00+01:00,0.5714150637272187
2023-03-21 15:45:00+01:00,0.5414661696989004
2023-03-21 16:00:00+01:00,0.511860626340048
2023-03-21 16:15:00+01:00,0.4773227376104837
2023-03-21 16:30:00+01:00,0.4428141432110129
2023-03-21 16:45:00+01:00,0.41023081000366496
2023-03-21 17:00:00+01:00,0.3794414038116388
2023-03-21 17:15:00+01:00,0.3814251856947876
2023-03-21 17:30:00+01:00,0.38422048933947067
2023-03-21 17:45:00+01:00,0.3878210450956129
2023-03-21 18:00:00+01:00,0.3922188719291804
2023-03-21 18:15:00+01:00,0.39633353824579437
2023-03-21 18:30:00+01:00,0.4007955310964248
2023-03-21 18:45:00+01:00,0.40560063618293796
2023-03-21 19:00:00+01:00,0.41074439101503474
2023-03-21 19:15:00+01:00,0.40511888890603115
2023-03-21 19:30:00+01:00,0.4003475826480057
2023-03-21 19:45:00+01:00,0.39644164799430204
2023-03-21 20:00:00+01:00,0.393410379192862
2023-03-21 20:15:00+01:00,0.40392816558810074
2023-03-21 20:30:00+01:00,0.41584084512625125
2023-03-21 20:45:00+01:00,0.4294498677138769
2023-03-21 21:00:00+01:00,0.4457450343720485
2023-03-21 21:15:00+01:00,0.4565066099900122
2023-03-21 21:30:00+01:00,0.4678344190446442
2023-03-21 21:45:00+01:00,0.4797137801124428
2023-03-21 22:00:00+01:00,0.4921298368633052
2023-03-21 22:15:00+01:00,0.5310058540768225
2023-03-21 22:30:00+01:00,0.5700691399708042
2023-03-21 22:45:00+01:00,0.6096979589476198
2023-03-21 23:00:00+01:00,0.6496884959535432
2023-03-21 23:15:00+01:00,0.6220521389304132
2023-03-21 23:30:00+01:00,0.5944296266971396
2023-03-21 23:45:00+01:00,0.567068208932855
2023-03-22 00:00:00+01:00,0.5398877010615437
2023-03-22 00:15:00+01:00,0.5223398764556489
2023-03-22 00:30:00+01:00,0.5057297206458032
2023-03-22 00:45:00+01:00,0.49009260343429556
2023-03-22 01:00:00+01:00,0.47546346558397057
2023-03-22 01:15:00+01:00,0.4708435060702624
2023-03-22 01:30:00+01:00,0.46761304618860927
2023-03-22 01:45:00+01:00,0.46578247065440237
2023-03-22 02:00:00+01:00,0.46535770999286913
2023-03-22 02:15:00+01:00,0.47400816010972036
2023-03-22 02:30:00+01:00,0.4828626543870826
2023-03-22 02:45:00+01:00,0.49191709558387714
2023-03-22 03:00:00+01:00,0.5011674065783522
2023-03-22 03:15:00+01:00,0.5250830345861901
2023-03-22 03:30:00+01:00,0.5490243153430409
2023-03-22 03:45:00+01:00,0.5729899364886216
2023-03-22 04:00:00+01:00,0.5971854200385316
2023-03-22 04:15:00+01:00,0.617197132208697
2023-03-22 04:30:00+01:00,0.6374716069270444
2023-03-22 04:45:00+01:00,0.6579982627039869
2023-03-22 05:00:00+01:00,0.6787669573123635
2023-03-22 05:15:00+01:00,0.6894500090794198
2023-03-22 05:30:00+01:00,0.7002016400118166
2023-03-22 05:45:00+01:00,0.7110204352376969
2023-03-22 06:00:00+01:00,0.7219050100599291
2023-03-22 06:15:00+01:00,0.7324502168219094
2023-03-22 06:30:00+01:00,0.7441358347727085
2023-03-22 06:45:00+01:00,0.7549433586752963
2023-03-22 07:00:00+01:00,0.7668637933429103
2023-03-22 07:15:00+01:00,0.7779968170047348
2023-03-22 07:30:00+01:00,0.7892928746717099
2023-03-22 07:45:00+01:00,0.8007478543346297
2023-03-22 08:00:00+01:00,0.8123577261258328
2023-03-22 08:15:00+01:00,0.8065349839044206
2023-03-22 08:30:00+01:00,0.8009001518958054
2023-03-22 08:45:00+01:00,0.7954556036335816
2023-03-22 09:00:00+01:00,0.7902036706166634
2023-03-22 09:15:00+01:00,0.8135230426644968
2023-03-22 09:30:00+01:00,0.8368425946674496
2023-03-22 09:45:00+01:00,0.8601623176524327
2023-03-22 10:00:00+01:00,0.8790178951573553
2023-03-22 10:15:00+01:00,0.85747247393914
2023-03-22 10:30:00+01:00,0.8316831076075106
2023-03-22 10:45:00+01:00,0.8061267427460149
2023-03-22 11:00:00+01:00,0.780816875202254
2023-03-22 11:15:00+01:00,0.7877538779252515
2023-03-22 11:30:00+01:00,0.7947065142877945
2023-03-22 11:45:00+01:00,0.8016745417630561
2023-03-22 12:00:00+01:00,0.8086577222944153
2023-03-22 12:15:00+01:00,0.8182752233746952
2023-03-22 12:30:00+01:00,0.8279479027443937
2023-03-22 12:45:00+01:00,0.8376746005858978
2023-03-22 13:00:00+01:00,0.8474541831506807
2023-03-22 13:15:00+01:00,0.8125250304667184
2023-03-22 13:30:00+01:00,0.7783722974451326
2023-03-22 13:45:00+01:00,0.7450577525057787
2023-03-22 14:00:00+01:00,0.7053755784637715
2023-03-22 14:15:00+01:00,0.7460083500438961
2023-03-22 14:30:00+01:00,0.7800528059256533
2023-03-22 14:45:00+01:00,0.8147300140079914
2023-03-22 15:00:00+01:00,0.8499927149814597
2023-03-22 15:15:00+01:00,0.8248774043404151
2023-03-22 15:30:00+01:00,0.7999399665224488
2023-03-22 15:45:00+01:00,0.7751904976181354
2023-03-22 16:00:00+01:00,0.7506397873326792
2023-03-22 16:15:00+01:00,0.7431795551578405
2023-03-22 16:30:00+01:00,0.7348444742476878
2023-03-22 16:45:00+01:00,0.7272887676181897
2023-03-22 17:00:00+01:00,0.7206024025835888
2023-03-22 17:15:00+01:00,0.7404785712830038
2023-03-22 17:30:00+01:00,0.757169269717714
2023-03-22 17:45:00+01:00,0.7736002889059908
2023-03-22 18:00:00+01:00,0.7902256795691014
2023-03-22 18:15:00+01:00,0.7985427720756189
2023-03-22 18:30:00+01:00,0.8068964058148537
2023-03-22 18:45:00+01:00,0.815285906516157
2023-03-22 19:00:00+01:00,0.8237106136067256
2023-03-22 19:15:00+01:00,0.8322027005940488
2023-03-22 19:30:00+01:00,0.840721310768887
2023-03-22 19:45:00+01:00,0.8492659572332308
2023-03-22 20:00:00+01:00,0.857836163499793
2023-03-22 20:15:00+01:00,0.8651364485145882
2023-03-22 20:30:00+01:00,0.8720826188886667
2023-03-22 20:45:00+01:00,0.8767173540766997
2023-03-22 21:00:00+01:00,0.8813707768738758
2023-03-22 21:15:00+01:00,0.8819562495469783
2023-03-22 21:30:00+01:00,0.8825422674853309
2023-03-22 21:45:00+01:00,0.8831288296263862
2023-03-22 22:00:00+01:00,0.8837159349093721
2023-03-22 22:15:00+01:00,0.8854000803311153
2023-03-22 22:30:00+01:00,0.8874407763535551
2023-03-22 22:45:00+01:00,0.8898356213136432
2023-03-22 23:00:00+01:00,0.8925818241743851
2023-03-22 23:15:00+01:00,0.8977626770168157
2023-03-22 23:30:00+01:00,0.903077599593985
2023-03-22 23:45:00+01:00,0.9085242872779605
2023-03-23 00:00:00+01:00,0.91410043277411
2023-03-23 00:15:00+01:00,0.9057159498046987
2023-03-23 00:30:00+01:00,0.897399109048611
2023-03-23 00:45:00+01:00,0.8891517688095397
2023-03-23 01:00:00+01:00,0.8809758396877487
2023-03-23 01:15:00+01:00,0.8866099539142087
2023-03-23 01:30:00+01:00,0.8922464952781681
2023-03-23 01:45:00+01:00,0.8978854190195629
2023-03-23 02:00:00+01:00,0.9035266814539623
2023-03-23 02:15:00+01:00,0.9021449457937792
2023-03-23 02:30:00+01:00,0.900905750382473
2023-03-23 02:45:00+01:00,0.8998096719209496
2023-03-23 03:00:00+01:00,0.8988572231010797
2023-03-23 03:15:00+01:00,0.9053635334211982
2023-03-23 03:30:00+01:00,0.9121790495901898
2023-03-23 03:45:00+01:00,0.9192970340306954
2023-03-23 04:00:00+01:00,0.9267106574395061
2023-03-23 04:15:00+01:00,0.9355223935102647
2023-03-23 04:30:00+01:00,0.9446683664146849
2023-03-23 04:45:00+01:00,0.9531566290199065
2023-03-23 05:00:00+01:00,0.957474075164287
2023-03-23 05:15:00+01:00,0.9568117355383212
2023-03-23 05:30:00+01:00,0.9561637822558955
2023-03-23 05:45:00+01:00,0.9555302800927642
2023-03-23 06:00:00+01:00,0.9549112927565018
2023-03-23 06:15:00+01:00,0.9518338777800789
2023-03-23 06:30:00+01:00,0.9455602347571738
2023-03-23 06:45:00+01:00,0.9392956356903368
2023-03-23 07:00:00+01:00,0.9330402591033122
2023-03-23 07:15:00+01:00,0.9218941213179662
2023-03-23 07:30:00+01:00,0.9108118903754755
2023-03-23 07:45:00+01:00,0.899795878632463
2023-03-23 08:00:00+01:00,0.8888484965159643
2023-03-23 08:15:00+01:00,0.8804039072454422
2023-03-23 08:30:00+01:00,0.8719827413109246
2023-03-23 08:45:00+01:00,0.858972197230586
2023-03-23 09:00:00+01:00,0.8456750400826158
2023-03-23 09:15:00+01:00,0.8685729401251233
2023-03-23 09:30:00+01:00,0.8840478011331749
2023-03-23 09:45:00+01:00,0.8984650432732423
2023-03-23 10:00:00+01:00,0.9128823067312841
2023-03-23 10:15:00+01:00,0.8272196141142057
2023-03-23 10:30:00+01:00,0.7116919046533394
2023-03-23 10:45:00+01:00,0.5768561976136151
2023-03-23 11:00:00+01:00,0.44510426272500486
2023-03-23 11:15:00+01:00,0.4272638794548665
2023-03-23 11:30:00+01:00,0.41240565936862766
2023-03-23 11:45:00+01:00,0.39891369536750626
2023-03-23 12:00:00+01:00,0.38672089222623024
2023-03-23 12:15:00+01:00,0.3856548829400076
2023-03-23 12:30:00+01:00,0.3847685726293184
2023-03-23 12:45:00+01:00,0.38406240302057126
2023-03-23 13:00:00+01:00,0.3835367270968776
2023-03-23 13:15:00+01:00,0.40947714015240844
2023-03-23 13:30:00+01:00,0.43652247954365564
2023-03-23 13:45:00+01:00,0.46556026115489707
2023-03-23 14:00:00+01:00,0.4946069222236671
2023-03-23 14:15:00+01:00,0.5231450572433352
2023-03-23 14:30:00+01:00,0.5522013151331997
2023-03-23 14:45:00+01:00,0.5817437260846466
2023-03-23 15:00:00+01:00,0.6121728659704698
2023-03-23 15:15:00+01:00,0.5757750276777762
2023-03-23 15:30:00+01:00,0.5413810775467467
2023-03-23 15:45:00+01:00,0.5086817709823535
2023-03-23 16:00:00+01:00,0.47780413625487717
2023-03-23 16:15:00+01:00,0.5223734216351352
2023-03-23 16:30:00+01:00,0.5715569730602588
2023-03-23 16:45:00+01:00,0.6255168097220747
2023-03-23 17:00:00+01:00,0.6834194838580319
2023-03-23 17:15:00+01:00,0.6895990364211514
2023-03-23 17:30:00+01:00,0.6961518644100706
2023-03-23 17:45:00+01:00,0.7030732502202266
2023-03-23 18:00:00+01:00,0.7103582968218456
2023-03-23 18:15:00+01:00,0.7083749865551867
2023-03-23 18:30:00+01:00,0.7071514035084582
2023-03-23 18:45:00+01:00,0.706689336420537
2023-03-23 19:00:00+01:00,0.7069894622406607
2023-03-23 19:15:00+01:00,0.7272531752707063
2023-03-23 19:30:00+01:00,0.7470185340521719
2023-03-23 19:45:00+01:00,0.7641464435881277
2023-03-23 20:00:00+01:00,0.781649402339225
2023-03-23 20:15:00+01:00,0.7951725482221854
2023-03-23 20:30:00+01:00,0.8087125652025221
2023-03-23 20:45:00+01:00,0.8222689512718766
2023-03-23 21:00:00+01:00,0.8358412235712201
2023-03-23 21:15:00+01:00,0.8429256938297497
2023-03-23 21:30:00+01:00,0.8500114746355066
2023-03-23 21:45:00+01:00,0.8570985460887534
2023-03-23 22:00:00+01:00,0.8641868886870914
2023-03-23 22:15:00+01:00,0.9021752338074198
2023-03-23 22:30:00+01:00,0.9383606675085663
2023-03-23 22:45:00+01:00,0.9625052310913026
2023-03-23 23:00:00+01:00,0.9791233355168801
2023-03-23 23:15:00+01:00,0.981938016912532
2023-03-23 23:30:00+01:00,0.9850194296219541
2023-03-23 23:45:00+01:00,0.9881842473734425
2023-03-24 00:00:00+01:00,0.9893838006575103
2023-03-24 00:15:00+01:00,0.9886220637864206
2023-03-24 00:30:00+01:00,0.9873922845191115
2023-03-24 00:45:00+01:00,0.9851106602653765
2023-03-24 01:00:00+01:00,0.9828308693443472
2023-03-24 01:15:00+01:00,0.977200629470401
2023-03-24 01:30:00+01:00,0.9717064736062604
2023-03-24 01:45:00+01:00,0.9663534702047745
2023-03-24 02:00:00+01:00,0.9611468024103529
2023-03-24 02:15:00+01:00,0.9661725470872717
2023-03-24 02:30:00+01:00,0.9715483504593044
2023-03-24 02:45:00+01:00,0.9772617625655565
2023-03-24 03:00:00+01:00,0.9833001898657958
2023-03-24 03:15:00+01:00,0.9847187987454609
2023-03-24 03:30:00+01:00,0.9877874031505052
2023-03-24 03:45:00+01:00,0.9895546900253275
2023-03-24 04:00:00+01:00,0.9916399885978214
2023-03-24 04:15:00+01:00,0.9881622076210678
2023-03-24 04:30:00+01:00,0.9810896389005165
2023-03-24 04:45:00+01:00,0.9772638395079951
2023-03-24 05:00:00+01:00,0.976904393701775
2023-03-24 05:15:00+01:00,0.963386460097547
2023-03-24 05:30:00+01:00,0.947775700260656
2023-03-24 05:45:00+01:00,0.9194171446683201
2023-03-24 06:00:00+01:00,0.8923624252404461
2023-03-24 06:15:00+01:00,0.8669436411622454
2023-03-24 06:30:00+01:00,0.8296564031374425
2023-03-24 06:45:00+01:00,0.7928520591628051
2023-03-24 07:00:00+01:00,0.7565716416047412
2023-03-24 07:15:00+01:00,0.7340886352379091
2023-03-24 07:30:00+01:00,0.7096958618228131
2023-03-24 07:45:00+01:00,0.6867611377296652
2023-03-24 08:00:00+01:00,0.6653505629638555
2023-03-24 08:15:00+01:00,0.6785050977166049
2023-03-24 08:30:00+01:00,0.6926037924151122
2023-03-24 08:45:00+01:00,0.7076210484121956
2023-03-24 09:00:00+01:00,0.7235306063245149
2023-03-24 09:15:00+01:00,0.7649230691416061
2023-03-24 09:30:00+01:00,0.8033156936263094
2023-03-24 09:45:00+01:00,0.8423960396852916
2023-03-24 10:00:00+01:00,0.8781523571052277
2023-03-24 10:15:00+01:00,0.8435996208402767
2023-03-24 10:30:00+01:00,0.805130652815433
2023-03-24 10:45:00+01:00,0.7667040523946406
2023-03-24 11:00:00+01:00,0.7248248607826784
2023-03-24 11:15:00+01:00,0.7546227527208323
2023-03-24 11:30:00+01:00,0.7826925421225972
2023-03-24 11:45:00+01:00,0.8124230133637371
2023-03-24 12:00:00+01:00,0.8437073464175713
2023-03-24 12:15:00+01:00,0.8252765641030978
2023-03-24 12:30:00+01:00,0.808524682680071
2023-03-24 12:45:00+01:00,0.7935148404365114
2023-03-24 13:00:00+01:00,0.7803063232877394
2023-03-24 13:15:00+01:00,0.7692015749987421
2023-03-24 13:30:00+01:00,0.7581386478566275
2023-03-24 13:45:00+01:00,0.7471186178455539
2023-03-24 14:00:00+01:00,0.7345261282713245
2023-03-24 14:15:00+01:00,0.7230899842302043
2023-03-24 14:30:00+01:00,0.7131209902683437
2023-03-24 14:45:00+01:00,0.704647327266269
2023-03-24 15:00:00+01:00,0.6976935186215969
2023-03-24 15:15:00+01:00,0.7021539118717347
2023-03-24 15:30:00+01:00,0.7087761177746472
2023-03-24 15:45:00+01:00,0.7175327797116492
2023-03-24 16:00:00+01:00,0.7283884266637687
2023-03-24 16:15:00+01:00,0.7484982223097374
2023-03-24 16:30:00+01:00,0.7677832795136433
2023-03-24 16:45:00+01:00,0.7889648374717945
2023-03-24 17:00:00+01:00,0.8119539475721987
2023-03-24 17:15:00+01:00,0.8261290246048616
2023-03-24 17:30:00+01:00,0.8403404476787115
2023-03-24 17:45:00+01:00,0.854587107922115
2023-03-24 18:00:00+01:00,0.8688679385300693
2023-03-24 18:15:00+01:00,0.8594087164995797
2023-03-24 18:30:00+01:00,0.8500809482525395
2023-03-24 18:45:00+01:00,0.8408872921662628
2023-03-24 19:00:00+01:00,0.8318304389953017
2023-03-24 19:15:00+01:00,0.8270553822569052
2023-03-24 19:30:00+01:00,0.8223167508300592
2023-03-24 19:45:00+01:00,0.8176149253315089
2023-03-24 20:00:00+01:00,0.8129502886808475
2023-03-24 20:15:00+01:00,0.8154732146912547
2023-03-24 20:30:00+01:00,0.8180229864035955
2023-03-24 20:45:00+01:00,0.8205994532071194
2023-03-24 21:00:00+01:00,0.8232024640564127
2023-03-24 21:15:00+01:00,0.8340054824598093
2023-03-24 21:30:00+01:00,0.8449647052653046
2023-03-24 21:45:00+01:00,0.8560764613695785
2023-03-24 22:00:00+01:00,0.8673371450766042
2023-03-24 22:15:00+01:00,0.880370539872933
2023-03-24 22:30:00+01:00,0.8920392154594065
2023-03-24 22:45:00+01:00,0.9038528017155948
2023-03-24 23:00:00+01:00,0.9158058050219999
2023-03-24 23:15:00+01:00,0.9043580080286973
2023-03-24 23:30:00+01:00,0.8930849884046207
2023-03-24 23:45:00+01:00,0.8819933061488683
2023-03-25 00:00:00+01:00,0.8708904274376869
2023-03-25 00:15:00+01:00,0.8747023770950765
2023-03-25 00:30:00+01:00,0.8784047958489505
2023-03-25 00:45:00+01:00,0.8821958897867108
2023-03-25 01:00:00+01:00,0.8860745446640307
2023-03-25 01:15:00+01:00,0.8930636674917383
2023-03-25 01:30:00+01:00,0.900113417532172
2023-03-25 01:45:00+01:00,0.9072224105031174
2023-03-25 02:00:00+01:00,0.9143892928349887
2023-03-25 02:15:00+01:00,0.9216708962061446
2023-03-25 02:30:00+01:00,0.9289562823130814
2023-03-25 02:45:00+01:00,0.9362453646105513
2023-03-25 03:00:00+01:00,0.9435380591314756
2023-03-25 03:15:00+01:00,0.9512231656138417
2023-03-25 03:30:00+01:00,0.9552624880285601
2023-03-25 03:45:00+01:00,0.9586566047653705
2023-03-25 04:00:00+01:00,0.9620524726567663
2023-03-25 04:15:00+01:00,0.9673313150635047
2023-03-25 04:30:00+01:00,0.9726126361418561
2023-03-25 04:45:00+01:00,0.9778963494062057
2023-03-25 05:00:00+01:00,0.9831823723116857
2023-03-25 05:15:00+01:00,0.9877114776802542
2023-03-25 05:30:00+01:00,0.989482883813383
2023-03-25 05:45:00+01:00,0.9910041446368664
2023-03-25 06:00:00+01:00,0.9925309371675078
2023-03-25 06:15:00+01:00,0.9912118340375975
2023-03-25 06:30:00+01:00,0.9898929878930385
2023-03-25 06:45:00+01:00,0.9885744052834663
2023-03-25 07:00:00+01:00,0.9855778027543696
2023-03-25 07:15:00+01:00,0.9887214214199104
2023-03-25 07:30:00+01:00,0.9902152429781291
2023-03-25 07:45:00+01:00,0.991736751546233
2023-03-25 08:00:00+01:00,0.9932851570253459
2023-03-25 08:15:00+01:00,0.990061823851509
2023-03-25 08:30:00+01:00,0.984392659674154
2023-03-25 08:45:00+01:00,0.9748623092653245
2023-03-25 09:00:00+01:00,0.9654086048033286
2023-03-25 09:15:00+01:00,0.9708737415301847
2023-03-25 09:30:00+01:00,0.9763390195901999
2023-03-25 09:45:00+01:00,0.9818044339237655
2023-03-25 10:00:00+01:00,0.9872699797098139
2023-03-25 10:15:00+01:00,0.9825662744912729
2023-03-25 10:30:00+01:00,0.977864469702443
2023-03-25 10:45:00+01:00,0.973164624998484
2023-03-25 11:00:00+01:00,0.9684668025312752
2023-03-25 11:15:00+01:00,0.9740786473439144
2023-03-25 11:30:00+01:00,0.9797757556663206
2023-03-25 11:45:00+01:00,0.9855549715142166
2023-03-25 12:00:00+01:00,0.9892012422446187
2023-03-25 12:15:00+01:00,0.9813344788240259
2023-03-25 12:30:00+01:00,0.9712901799579668
2023-03-25 12:45:00+01:00,0.9612827284214728
2023-03-25 13:00:00+01:00,0.9499641406134426
2023-03-25 13:15:00+01:00,0.9393538692055234
2023-03-25 13:30:00+01:00,0.9288782340963919
2023-03-25 13:45:00+01:00,0.9185417481490844
2023-03-25 14:00:00+01:00,0.9083490641200429
2023-03-25 14:15:00+01:00,0.9541570804237748
2023-03-25 14:30:00+01:00,0.9759556730387371
2023-03-25 14:45:00+01:00,0.9914863818044243
2023-03-25 15:00:00+01:00,0.9990724324199256
2023-03-25 15:15:00+01:00,0.9979900987800491
2023-03-25 15:30:00+01:00,0.9970253679719914
2023-03-25 15:45:00+01:00,0.9961803301012861
2023-03-25 16:00:00+01:00,0.9954568568083954
2023-03-25 16:15:00+01:00,0.992319890900649
2023-03-25 16:30:00+01:00,0.9891831531361339
2023-03-25 16:45:00+01:00,0.9819494965287167
2023-03-25 17:00:00+01:00,0.9725407821525438
2023-03-25 17:15:00+01:00,0.9743218194757958
2023-03-25 17:30:00+01:00,0.9763238382602599
2023-03-25 17:45:00+01:00,0.9785439198288769
2023-03-25 18:00:00+01:00,0.9809788873579719
2023-03-25 18:15:00+01:00,0.9735318705775026
2023-03-25 18:30:00+01:00,0.9662056904893904
2023-03-25 18:45:00+01:00,0.9590064496935647
2023-03-25 19:00:00+01:00,0.9513827112546009
2023-03-25 19:15:00+01:00,0.926054136780662
2023-03-25 19:30:00+01:00,0.9008422024987309
2023-03-25 19:45:00+01:00,0.8757567677962887
2023-03-25 20:00:00+01:00,0.8386794860832768
2023-03-25 20:15:00+01:00,0.8105836339289431
2023-03-25 20:30:00+01:00,0.7828198019335975
2023-03-25 20:45:00+01:00,0.7554092913354774
2023-03-25 21:00:00+01:00,0.7248885054175659
2023-03-25 21:15:00+01:00,0.7057856302930672
2023-03-25 21:30:00+01:00,0.6871950051586687
2023-03-25 21:45:00+01:00,0.669135406887018
2023-03-25 22:00:00+01:00,0.6516259647640736
2023-03-25 22:15:00+01:00,0.6440182672030895
2023-03-25 22:30:00+01:00,0.6364505391687447
2023-03-25 22:45:00+01:00,0.6289233932533901
2023-03-25 23:00:00+01:00,0.6214374512451534
2023-03-25 23:15:00+01:00,0.6286741972477106
2023-03-25 23:30:00+01:00,0.6361398633516363
2023-03-25 23:45:00+01:00,0.643831022825065
2023-03-26 00:00:00+01:00,0.6517442165739525
2023-03-26 00:15:00+01:00,0.6007375445464131
2023-03-26 00:30:00+01:00,0.5502493168643015
2023-03-26 00:45:00+01:00,0.5000396836137446
2023-03-26 01:00:00+01:00,0.449851094962453
2023-03-26 01:15:00+01:00,0.4210259797765358
2023-03-26 01:30:00+01:00,0.3957633503355317
2023-03-26 01:45:00+01:00,0.37162838780915225
2023-03-26 03:00:00+02:00,0.3486991293020532
2023-03-26 03:15:00+02:00,0.3151341162863217
2023-03-26 03:30:00+02:00,0.2841383612227597
2023-03-26 03:45:00+02:00,0.2616557402402681
2023-03-26 04:00:00+02:00,0.24112296482415738
2023-03-26 04:15:00+02:00,0.2274353213010288
2023-03-26 04:30:00+02:00,0.21469613531611323
2023-03-26 04:45:00+02:00,0.20295906338944075
2023-03-26 05:00:00+02:00,0.19227717705507277
2023-03-26 05:15:00+02:00,0.17735122630651873
2023-03-26 05:30:00+02:00,0.16711387283358267
2023-03-26 05:45:00+02:00,0.15803436025281092
2023-03-26 06:00:00+02:00,0.1501804212794808
2023-03-26 06:15:00+02:00,0.1312773133760924
2023-03-26 06:30:00+02:00,0.11643234121745116
2023-03-26 06:45:00+02:00,0.10607444670535746
2023-03-26 07:00:00+02:00,0.10053892112376925
2023-03-26 07:15:00+02:00,0.09793220953392875
2023-03-26 07:30:00+02:00,0.10145203392718072
2023-03-26 07:45:00+02:00,0.11094671040413302
2023-03-26 08:00:00+02:00,0.12603093684119931
2023-03-26 08:15:00+02:00,0.1369782774913113
2023-03-26 08:30:00+02:00,0.1504937268446053
2023-03-26 08:45:00+02:00,0.16636122843670043
2023-03-26 09:00:00+02:00,0.18658102349131656
2023-03-26 09:15:00+02:00,0.1799596339981639
2023-03-26 09:30:00+02:00,0.1745890283127901
2023-03-26 09:45:00+02:00,0.17012328506622573
2023-03-26 10:00:00+02:00,0.1659468189483786
2023-03-26 10:15:00+02:00,0.15646924191399852
2023-03-26 10:30:00+02:00,0.14740149281540466
2023-03-26 10:45:00+02:00,0.13876811560777588
2023-03-26 11:00:00+02:00,0.13059433187973926
2023-03-26 11:15:00+02:00,0.0949021925983887
2023-03-26 11:30:00+02:00,0.07492509381578892
2023-03-26 11:45:00+02:00,0.057996947190882775
2023-03-26 12:00:00+02:00,0.04487229610883525
2023-03-26 12:15:00+02:00,0.0414122152633227
2023-03-26 12:30:00+02:00,0.03868827812333214
2023-03-26 12:45:00+02:00,0.03639169630023604
2023-03-26 13:00:00+02:00,0.03454889080690974
2023-03-26 13:15:00+02:00,0.03161911143225043
2023-03-26 13:30:00+02:00,0.032083173460320503
2023-03-26 13:45:00+02:00,0.03589919908952405
2023-03-26 14:00:00+02:00,0.042746906560992885
2023-03-26 14:15:00+02:00,0.05737460786568996
2023-03-26 14:30:00+02:00,0.07498476530902386
2023-03-26 14:45:00+02:00,0.09424521904909076
2023-03-26 15:00:00+02:00,0.1266443285284201
2023-03-26 15:15:00+02:00,0.13866639257732355
2023-03-26 15:30:00+02:00,0.15128842465517534
2023-03-26 15:45:00+02:00,0.1644630910100711
2023-03-26 16:00:00+02:00,0.17839011890519252
2023-03-26 16:15:00+02:00,0.19636237984545693
2023-03-26 16:30:00+02:00,0.2146322991143785
2023-03-26 16:45:00+02:00,0.23317676193352493
2023-03-26 17:00:00+02:00,0.25197468950378754
2023-03-26 17:15:00+02:00,0.2769277938064867
2023-03-26 17:30:00+02:00,0.30836578042200824
2023-03-26 17:45:00+02:00,0.34393341157613744
2023-03-26 18:00:00+02:00,0.380873068754421
2023-03-26 18:15:00+02:00,0.422352261366827
2023-03-26 18:30:00+02:00,0.468996188318986
2023-03-26 18:45:00+02:00,0.5167210822134696
2023-03-26 19:00:00+02:00,0.565007400792278
2023-03-26 19:15:00+02:00,0.5623201446708264
2023-03-26 19:30:00+02:00,0.5605650524931551
2023-03-26 19:45:00+02:00,0.5597456534992891
2023-03-26 20:00:00+02:00,0.55986360148064
2023-03-26 20:15:00+02:00,0.5671862746678634
2023-03-26 20:30:00+02:00,0.574835642181696
2023-03-26 20:45:00+02:00,0.582806401136707
2023-03-26 21:00:00+02:00,0.5912107201523006
2023-03-26 21:15:00+02:00,0.5983673104615201
2023-03-26 21:30:00+02:00,0.6056776071758164
2023-03-26 21:45:00+02:00,0.613139310145731
2023-03-26 22:00:00+02:00,0.6207501186643258
2023-03-26 22:15:00+02:00,0.6081203988102877
2023-03-26 22:30:00+02:00,0.5954978794767719
2023-03-26 22:45:00+02:00,0.5828894757549438
2023-03-26 23:00:00+02:00,0.5704701062813314
2023-03-26 23:15:00+02:00,0.5258394692106699
2023-03-26 23:30:00+02:00,0.48124406107374706
2023-03-26 23:45:00+02:00,0.43668759992381195
2023-03-27 00:00:00+02:00,0.3957821138877218
2023-03-27 00:15:00+02:00,0.3731969284426423
2023-03-27 00:30:00+02:00,0.3512407548562476
2023-03-27 00:45:00+02:00,0.3299539142493785
2023-03-27 01:00:00+02:00,0.30937885443068025
2023-03-27 01:15:00+02:00,0.30066196091500513
2023-03-27 01:30:00+02:00,0.29453952432279323
2023-03-27 01:45:00+02:00,0.2910597446923255
2023-03-27 02:00:00+02:00,0.2902505487678302
2023-03-27 02:15:00+02:00,0.277819625933207
2023-03-27 02:30:00+02:00,0.26790325931591863
2023-03-27 02:45:00+02:00,0.25952349137784125
2023-03-27 03:00:00+02:00,0.25273357957992193
2023-03-27 03:15:00+02:00,0.24272541019538352
2023-03-27 03:30:00+02:00,0.2338434462524831
2023-03-27 03:45:00+02:00,0.22613063542097184
2023-03-27 04:00:00+02:00,0.21962605798290433
2023-03-27 04:15:00+02:00,0.21992260515725362
2023-03-27 04:30:00+02:00,0.22106749323643457
2023-03-27 04:45:00+02:00,0.22305653383512283
2023-03-27 05:00:00+02:00,0.22588251560954797
2023-03-27 05:15:00+02:00,0.23365483870135298
2023-03-27 05:30:00+02:00,0.24144442176791958
2023-03-27 05:45:00+02:00,0.2492507060604383
2023-03-27 06:00:00+02:00,0.2570731555674128
2023-03-27 06:15:00+02:00,0.2669877543238474
2023-03-27 06:30:00+02:00,0.27707761120002994
2023-03-27 06:45:00+02:00,0.2878168380486709
2023-03-27 07:00:00+02:00,0.3013280839653177
2023-03-27 07:15:00+02:00,0.2802748010335685
2023-03-27 07:30:00+02:00,0.262798380247215
2023-03-27 07:45:00+02:00,0.24532648054456738
2023-03-27 08:00:00+02:00,0.22785944023126137
2023-03-27 08:15:00+02:00,0.21523272657816106
2023-03-27 08:30:00+02:00,0.20296216768737324
2023-03-27 08:45:00+02:00,0.19106751813847403
2023-03-27 09:00:00+02:00,0.1795693458245843
2023-03-27 09:15:00+02:00,0.17495326567130787
2023-03-27 09:30:00+02:00,0.17090289307753437
2023-03-27 09:45:00+02:00,0.16689008901441646
2023-03-27 10:00:00+02:00,0.16291579886965782
2023-03-27 10:15:00+02:00,0.17230463079474942
2023-03-27 10:30:00+02:00,0.18338326397164587
2023-03-27 10:45:00+02:00,0.1963773086026803
2023-03-27 11:00:00+02:00,0.20965126540796616
2023-03-27 11:15:00+02:00,0.2077830583822657
2023-03-27 11:30:00+02:00,0.2059608442391909
2023-03-27 11:45:00+02:00,0.2041849944698924
2023-03-27 12:00:00+02:00,0.20245587497235606
2023-03-27 12:15:00+02:00,0.21379235182668407
2023-03-27 12:30:00+02:00,0.22528559670426568
2023-03-27 12:45:00+02:00,0.23692799165939063
2023-03-27 13:00:00+02:00,0.24871231481522882
2023-03-27 13:15:00+02:00,0.2571741516929611
2023-03-27 13:30:00+02:00,0.2657224854644376
2023-03-27 13:45:00+02:00,0.2743543465345405
2023-03-27 14:00:00+02:00,0.2830668726241701
2023-03-27 14:15:00+02:00,0.3052889828344332
2023-03-27 14:30:00+02:00,0.32832019609208396
2023-03-27 14:45:00+02:00,0.3513734613018024
2023-03-27 15:00:00+02:00,0.37444735587681466
2023-03-27 15:15:00+02:00,0.378038762766091
2023-03-27 15:30:00+02:00,0.3816933995479864
2023-03-27 15:45:00+02:00,0.3854106261230783
2023-03-27 16:00:00+02:00,0.38918980026148137
2023-03-27 16:15:00+02:00,0.4380309022624064
2023-03-27 16:30:00+02:00,0.4914796683250332
2023-03-27 16:45:00+02:00,0.5451208143696156
2023-03-27 17:00:00+02:00,0.5991690434377032
2023-03-27 17:15:00+02:00,0.5923215601511967
2023-03-27 17:30:00+02:00,0.5872589722623501
2023-03-27 17:45:00+02:00,0.5840001527203176
2023-03-27 18:00:00+02:00,0.5825689721625235
2023-03-27 18:15:00+02:00,0.5501700039802803
2023-03-27 18:30:00+02:00,0.5177710358259818
2023-03-27 18:45:00+02:00,0.4853720677016922
2023-03-27 19:00:00+02:00,0.45297309960968324
2023-03-27 19:15:00+02:00,0.42930462071560743
2023-03-27 19:30:00+02:00,0.4079153889791262
2023-03-27 19:45:00+02:00,0.38696146815880295
2023-03-27 20:00:00+02:00,0.36611877656033665
2023-03-27 20:15:00+02:00,0.34459585745482124
2023-03-27 20:30:00+02:00,0.32319620901509
2023-03-27 20:45:00+02:00,0.30192774870744404
2023-03-27 21:00:00+02:00,0.28192370847715564
2023-03-27 21:15:00+02:00,0.2679037245961185
2023-03-27 21:30:00+02:00,0.25411877122847604
2023-03-27 21:45:00+02:00,0.2405824767058227
2023-03-27 22:00:00+02:00,0.2273092680229344
2023-03-27 22:15:00+02:00,0.21696182353151053
2023-03-27 22:30:00+02:00,0.20734060039393792
2023-03-27 22:45:00+02:00,0.19847683393958915
2023-03-27 23:00:00+02:00,0.1904009036748966
2023-03-27 23:15:00+02:00,0.17925911670875025
2023-03-27 23:30:00+02:00,0.1703630314417347
2023-03-27 23:45:00+02:00,0.1619274784255779
2023-03-28 00:00:00+02:00,0.15349874511605457
2023-03-28 00:15:00+02:00,0.15706222639114178
2023-03-28 00:30:00+02:00,0.16104251649392193
2023-03-28 00:45:00+02:00,0.1654292661831198
2023-03-28 01:00:00+02:00,0.17021146210742238
2023-03-28 01:15:00+02:00,0.16414130697035015
2023-03-28 01:30:00+02:00,0.15846370280349334
2023-03-28 01:45:00+02:00,0.15319291627974566
2023-03-28 02:00:00+02:00,0.14834281669495733
2023-03-28 02:15:00+02:00,0.13790044123905773
2023-03-28 02:30:00+02:00,0.12809782048340215
2023-03-28 02:45:00+02:00,0.11897826105259805
2023-03-28 03:00:00+02:00,0.11058562657464854
2023-03-28 03:15:00+02:00,0.1054751729681631
2023-03-28 03:30:00+02:00,0.10141528843901614
2023-03-28 03:45:00+02:00,0.09843688779992046
2023-03-28 04:00:00+02:00,0.09656342401901026
2023-03-28 04:15:00+02:00,0.10286699904252553
2023-03-28 04:30:00+02:00,0.1100003897994742
2023-03-28 04:45:00+02:00,0.1179226239574659
2023-03-28 05:00:00+02:00,0.12659129326918386
2023-03-28 05:15:00+02:00,0.12704951184521085
2023-03-28 05:30:00+02:00,0.12773382042507558
2023-03-28 05:45:00+02:00,0.12864317391712174
2023-03-28 06:00:00+02:00,0.12977619347375235
2023-03-28 06:15:00+02:00,0.11865035704278648
2023-03-28 06:30:00+02:00,0.10798417706653214
2023-03-28 06:45:00+02:00,0.0978132435396341
2023-03-28 07:00:00+02:00,0.09083645297853661
2023-03-28 07:15:00+02:00,0.087686906555371
2023-03-28 07:30:00+02:00,0.08512922383505807
2023-03-28 07:45:00+02:00,0.0831820257308826
2023-03-28 08:00:00+02:00,0.08186001417761912
2023-03-28 08:15:00+02:00,0.07511816150295507
2023-03-28 08:30:00+02:00,0.06872621702195217
2023-03-28 08:45:00+02:00,0.0627142137529992
2023-03-28 09:00:00+02:00,0.057113612855910156
2023-03-28 09:15:00+02:00,0.04262003473109658
2023-03-28 09:30:00+02:00,0.03369651830722607
2023-03-28 09:45:00+02:00,0.025053459330681597
2023-03-28 10:00:00+02:00,0.016768521851804438
2023-03-28 10:15:00+02:00,0.016872877312090143
2023-03-28 10:30:00+02:00,0.01727424572991198
2023-03-28 10:45:00+02:00,0.01796885758788673
2023-03-28 11:00:00+02:00,0.018950338151718222
2023-03-28 11:15:00+02:00,0.022094357386773466
2023-03-28 11:30:00+02:00,0.02548367794205726
2023-03-28 11:45:00+02:00,0.029094772000515173
2023-03-28 12:00:00+02:00,0.03290576282811823
2023-03-28 12:15:00+02:00,0.04139513222598059
2023-03-28 12:30:00+02:00,0.053977020681778766
2023-03-28 12:45:00+02:00,0.0684358441101793
2023-03-28 13:00:00+02:00,0.08292671718587229
2023-03-28 13:15:00+02:00,0.08896382685494271
2023-03-28 13:30:00+02:00,0.09500346059447759
2023-03-28 13:45:00+02:00,0.10455686368323108
2023-03-28 14:00:00+02:00,0.11425565361766392
2023-03-28 14:15:00+02:00,0.11196833842484363
2023-03-28 14:30:00+02:00,0.1099120496106717
2023-03-28 14:45:00+02:00,0.10809015188190733
2023-03-28 15:00:00+02:00,0.10650568118500461
2023-03-28 15:15:00+02:00,0.10467532647662815
2023-03-28 15:30:00+02:00,0.10340056121727026
2023-03-28 15:45:00+02:00,0.1026864665667557
2023-03-28 16:00:00+02:00,0.10253591593414937
2023-03-28 16:15:00+02:00,0.10362311052525879
2023-03-28 16:30:00+02:00,0.1047110517081541
2023-03-28 16:45:00+02:00,0.10579973369863621
2023-03-28 17:00:00+02:00,0.10688915076822465
2023-03-28 17:15:00+02:00,0.11037148564459061
2023-03-28 17:30:00+02:00,0.11385382291023238
2023-03-28 17:45:00+02:00,0.1173361625074786
2023-03-28 18:00:00+02:00,0.12081850438049953
2023-03-28 18:15:00+02:00,0.12160229266661679
2023-03-28 18:30:00+02:00,0.12240196692289108
2023-03-28 18:45:00+02:00,0.12321744027593826
2023-03-28 19:00:00+02:00,0.12404862478709797
2023-03-28 19:15:00+02:00,0.13699414672444407
2023-03-28 19:30:00+02:00,0.15004214720266743
2023-03-28 19:45:00+02:00,0.16318424578183324
2023-03-28 20:00:00+02:00,0.17641290029200168
2023-03-28 20:15:00+02:00,0.20249535841434474
2023-03-28 20:30:00+02:00,0.22889906897013879
2023-03-28 20:45:00+02:00,0.2553140067854067
2023-03-28 21:00:00+02:00,0.28173899244488493
2023-03-28 21:15:00+02:00,0.30572145375668935
2023-03-28 21:30:00+02:00,0.33103853595298194
2023-03-28 21:45:00+02:00,0.35649957846827773
2023-03-28 22:00:00+02:00,0.38209439703785086
2023-03-28 22:15:00+02:00,0.38061634451959275
2023-03-28 22:30:00+02:00,0.38054518577518354
2023-03-28 22:45:00+02:00,0.3818811990244968
2023-03-28 23:00:00+02:00,0.38461917285696035
2023-03-28 23:15:00+02:00,0.37253590911968243
2023-03-28 23:30:00+02:00,0.36776673878462196
2023-03-28 23:45:00+02:00,0.37040964730190484
2023-03-29 00:00:00+02:00,0.3804101214405081
2023-03-29 00:15:00+02:00,0.3684485006664355
2023-03-29 00:30:00+02:00,0.3566305079409136
2023-03-29 00:45:00+02:00,0.3449610274908219
2023-03-29 01:00:00+02:00,0.33344510186952714
2023-03-29 01:15:00+02:00,0.3359458726419485
2023-03-29 01:30:00+02:00,0.34105510011596923
2023-03-29 01:45:00+02:00,0.3487345745839975
2023-03-29 02:00:00+02:00,0.3589282523004712
2023-03-29 02:15:00+02:00,0.3430191071160355
2023-03-29 02:30:00+02:00,0.33319139784543905
2023-03-29 02:45:00+02:00,0.32961968467836184
2023-03-29 03:00:00+02:00,0.3323690518511967
2023-03-29 03:15:00+02:00,0.3176690321189993
2023-03-29 03:30:00+02:00,0.3055042703487044
2023-03-29 03:45:00+02:00,0.2959678905135496
2023-03-29 04:00:00+02:00,0.28913610062665746
2023-03-29 04:15:00+02:00,0.28229939445891516
2023-03-29 04:30:00+02:00,0.2762554267817016
2023-03-29 04:45:00+02:00,0.2702214786849609
2023-03-29 05:00:00+02:00,0.2641977963260894
2023-03-29 05:15:00+02:00,0.25800395907604823
2023-03-29 05:30:00+02:00,0.2518516579309532
2023-03-29 05:45:00+02:00,0.24574196008186788
2023-03-29 06:00:00+02:00,0.23967596181669013
2023-03-29 06:15:00+02:00,0.2330796165794947
2023-03-29 06:30:00+02:00,0.22648641248608742
2023-03-29 06:45:00+02:00,0.21989643925375502
2023-03-29 07:00:00+02:00,0.2133097900027522
2023-03-29 07:15:00+02:00,0.21246086868002276
2023-03-29 07:30:00+02:00,0.2119113299166452
2023-03-29 07:45:00+02:00,0.21166189500586824
2023-03-29 08:00:00+02:00,0.21171289210596433
2023-03-29 08:15:00+02:00,0.2232405380928611
2023-03-29 08:30:00+02:00,0.23479533410626185
2023-03-29 08:45:00+02:00,0.24637597118272106
2023-03-29 09:00:00+02:00,0.2579812205146356
2023-03-29 09:15:00+02:00,0.26500081931440206
2023-03-29 09:30:00+02:00,0.2720364924277324
2023-03-29 09:45:00+02:00,0.2790877885074671
2023-03-29 10:00:00+02:00,0.2862848173815872
2023-03-29 10:15:00+02:00,0.29051097336944953
2023-03-29 10:30:00+02:00,0.2949249792907276
2023-03-29 10:45:00+02:00,0.2995243405101731
2023-03-29 11:00:00+02:00,0.3043065043983543
2023-03-29 11:15:00+02:00,0.2419246691897767
2023-03-29 11:30:00+02:00,0.18411302662278894
2023-03-29 11:45:00+02:00,0.13895927764989152
2023-03-29 12:00:00+02:00,0.09584015439714015
2023-03-29 12:15:00+02:00,0.09640349866804747
2023-03-29 12:30:00+02:00,0.0969975140228833
2023-03-29 12:45:00+02:00,0.09762206815105462
2023-03-29 13:00:00+02:00,0.09827702275915473
2023-03-29 13:15:00+02:00,0.11355666402400971
2023-03-29 13:30:00+02:00,0.12915606691686338
2023-03-29 13:45:00+02:00,0.14504273821635705
2023-03-29 14:00:00+02:00,0.16118795580466472
2023-03-29 14:15:00+02:00,0.19479995991692728
2023-03-29 14:30:00+02:00,0.2360602786820468
2023-03-29 14:45:00+02:00,0.27939695643501405
2023-03-29 15:00:00+02:00,0.33597076229034195
2023-03-29 15:15:00+02:00,0.32355408919194056
2023-03-29 15:30:00+02:00,0.31128360463674565
2023-03-29 15:45:00+02:00,0.2991647074159503
2023-03-29 16:00:00+02:00,0.28720299369759694
2023-03-29 16:15:00+02:00,0.2374305437401605
2023-03-29 16:30:00+02:00,0.18856505812313626
2023-03-29 16:45:00+02:00,0.14934147040280418
2023-03-29 17:00:00+02:00,0.11348977118224703
2023-03-29 17:15:00+02:00,0.12192326473171088
2023-03-29 17:30:00+02:00,0.13109447813040423
2023-03-29 17:45:00+02:00,0.14095894422781577
2023-03-29 18:00:00+02:00,0.15147272944304327
2023-03-29 18:15:00+02:00,0.14119285612970547
2023-03-29 18:30:00+02:00,0.13272192020947743
2023-03-29 18:45:00+02:00,0.12616402360822915
2023-03-29 19:00:00+02:00,0.12160528356603789
2023-03-29 19:15:00+02:00,0.14762020640865767
2023-03-29 19:30:00+02:00,0.17376382498826823
2023-03-29 19:45:00+02:00,0.20723370888560852
2023-03-29 20:00:00+02:00,0.24197986866781127
2023-03-29 20:15:00+02:00,0.2698459803419849
2023-03-29 20:30:00+02:00,0.30146078112839797
2023-03-29 20:45:00+02:00,0.3379527838415254
2023-03-29 21:00:00+02:00,0.37459655237240513
2023-03-29 21:15:00+02:00,0.4097621104136655
2023-03-29 21:30:00+02:00,0.447186863396312
2023-03-29 21:45:00+02:00,0.48659364286559165
2023-03-29 22:00:00+02:00,0.526030454577974
2023-03-29 22:15:00+02:00,0.5491023080539794
2023-03-29 22:30:00+02:00,0.5733652829907735
2023-03-29 22:45:00+02:00,0.5989924570019297
2023-03-29 23:00:00+02:00,0.6258582350117499
2023-03-29 23:15:00+02:00,0.6603355685332795
2023-03-29 23:30:00+02:00,0.6991677463898222
2023-03-29 23:45:00+02:00,0.7420366124917851
2023-03-30 00:00:00+02:00,0.7797453464161543
2023-03-30 00:15:00+02:00,0.7872629096853387
2023-03-30 00:30:00+02:00,0.7978135648796856
2023-03-30 00:45:00+02:00,0.8113264199790724
2023-03-30 01:00:00+02:00,0.8277138622324386
2023-03-30 01:15:00+02:00,0.8331626679231574
2023-03-30 01:30:00+02:00,0.8389065018401184
2023-03-30 01:45:00+02:00,0.8449417007919948
2023-03-30 02:00:00+02:00,0.8512644807970939
2023-03-30 02:15:00+02:00,0.8289541408895875
2023-03-30 02:30:00+02:00,0.8069203582623355
2023-03-30 02:45:00+02:00,0.7851768983032478
2023-03-30 03:00:00+02:00,0.7637382551418763
2023-03-30 03:15:00+02:00,0.7650840553177027
2023-03-30 03:30:00+02:00,0.7667555277466482
2023-03-30 03:45:00+02:00,0.7687514273500832
2023-03-30 04:00:00+02:00,0.7710702756817206
2023-03-30 04:15:00+02:00,0.7534340071824189
2023-03-30 04:30:00+02:00,0.734140965914144
2023-03-30 04:45:00+02:00,0.7123461444042293
2023-03-30 05:00:00+02:00,0.6905977105961251
2023-03-30 05:15:00+02:00,0.683561039863133
2023-03-30 05:30:00+02:00,0.6775140505379627
2023-03-30 05:45:00+02:00,0.6724685167979383
2023-03-30 06:00:00+02:00,0.6684344061144035
2023-03-30 06:15:00+02:00,0.6928150351453612
2023-03-30 06:30:00+02:00,0.7173344791154851
2023-03-30 06:45:00+02:00,0.7419863336191214
2023-03-30 07:00:00+02:00,0.7621257999463553
2023-03-30 07:15:00+02:00,0.7647392055897385
2023-03-30 07:30:00+02:00,0.7674437347063043
2023-03-30 07:45:00+02:00,0.770238824246497
2023-03-30 08:00:00+02:00,0.7731238971706111
2023-03-30 08:15:00+02:00,0.7933268880486201
2023-03-30 08:30:00+02:00,0.8135642053055439
2023-03-30 08:45:00+02:00,0.8338343351524546
2023-03-30 09:00:00+02:00,0.8541358492748442
2023-03-30 09:15:00+02:00,0.8905982050926631
2023-03-30 09:30:00+02:00,0.9211366002585069
2023-03-30 09:45:00+02:00,0.9521103955781028
2023-03-30 10:00:00+02:00,0.9661007833239391
2023-03-30 10:15:00+02:00,0.9639476286104118
2023-03-30 10:30:00+02:00,0.9618082504358807
2023-03-30 10:45:00+02:00,0.9596828516567614
2023-03-30 11:00:00+02:00,0.9575716377667753
2023-03-30 11:15:00+02:00,0.9107064808222256
2023-03-30 11:30:00+02:00,0.8489619859443731
2023-03-30 11:45:00+02:00,0.7641441250158232
2023-03-30 12:00:00+02:00,0.6640786933690669
2023-03-30 12:15:00+02:00,0.6873785152067143
2023-03-30 12:30:00+02:00,0.7106938354326516
2023-03-30 12:45:00+02:00,0.7340239707097264
2023-03-30 13:00:00+02:00,0.7545526837221551
2023-03-30 13:15:00+02:00,0.7695316842543053
2023-03-30 13:30:00+02:00,0.7845549953753409
2023-03-30 13:45:00+02:00,0.7996211294826526
2023-03-30 14:00:00+02:00,0.8147286608619011
2023-03-30 14:15:00+02:00,0.8150760442604112
2023-03-30 14:30:00+02:00,0.8163948233464632
2023-03-30 14:45:00+02:00,0.8186821754582987
2023-03-30 15:00:00+02:00,0.8219332306972578
2023-03-30 15:15:00+02:00,0.8176131131732746
2023-03-30 15:30:00+02:00,0.8135487754411629
2023-03-30 15:45:00+02:00,0.8097425232304852
2023-03-30 16:00:00+02:00,0.8061965410489303
2023-03-30 16:15:00+02:00,0.7971449950050208
2023-03-30 16:30:00+02:00,0.7881185936050901
2023-03-30 16:45:00+02:00,0.7791178519096222
2023-03-30 17:00:00+02:00,0.770143297617797
2023-03-30 17:15:00+02:00,0.7645687367565503
2023-03-30 17:30:00+02:00,0.7617529294637684
2023-03-30 17:45:00+02:00,0.7617137394792626
2023-03-30 18:00:00+02:00,0.7644514165120991
2023-03-30 18:15:00+02:00,0.7700223371358257
2023-03-30 18:30:00+02:00,0.7756362810528346
2023-03-30 18:45:00+02:00,0.7812927010509503
2023-03-30 19:00:00+02:00,0.7869910551228082
2023-03-30 19:15:00+02:00,0.7581367936746561
2023-03-30 19:30:00+02:00,0.726042603318676
2023-03-30 19:45:00+02:00,0.6902999615511487
2023-03-30 20:00:00+02:00,0.6545894362621888
2023-03-30 20:15:00+02:00,0.6405650493111299
2023-03-30 20:30:00+02:00,0.6275702257716396
2023-03-30 20:45:00+02:00,0.615632306921521
2023-03-30 21:00:00+02:00,0.6047772693939695
2023-03-30 21:15:00+02:00,0.5968688733182533
2023-03-30 21:30:00+02:00,0.5896411148937594
2023-03-30 21:45:00+02:00,0.5831076940938352
2023-03-30 22:00:00+02:00,0.5773583618385362
2023-03-30 22:15:00+02:00,0.5722697631242611
2023-03-30 22:30:00+02:00,0.5679108580524954
2023-03-30 22:45:00+02:00,0.5642884855996283
2023-03-30 23:00:00+02:00,0.5614083942778787
2023-03-30 23:15:00+02:00,0.537493943439928
2023-03-30 23:30:00+02:00,0.5136889154675242
2023-03-30 23:45:00+02:00,0.48999922614182106
2023-03-31 00:00:00+02:00,0.46643119358665214
2023-03-31 00:15:00+02:00,0.4623771877750002
2023-03-31 00:30:00+02:00,0.45835079342692325
2023-03-31 00:45:00+02:00,0.45435227003261774
2023-03-31 01:00:00+02:00,0.45038187851386424
2023-03-31 01:15:00+02:00,0.45340705185681424
2023-03-31 01:30:00+02:00,0.4572650111062865
2023-03-31 01:45:00+02:00,0.4619483012932982
2023-03-31 02:00:00+02:00,0.4674479916186841
2023-03-31 02:15:00+02:00,0.5004206950256701
2023-03-31 02:30:00+02:00,0.5334461749467333
2023-03-31 02:45:00+02:00,0.5665206896982395
2023-03-31 03:00:00+02:00,0.5998879217194508
2023-03-31 03:15:00+02:00,0.6213483194051929
2023-03-31 03:30:00+02:00,0.6428989123427514
2023-03-31 03:45:00+02:00,0.6645358563687239
2023-03-31 04:00:00+02:00,0.6862555085729705
2023-03-31 04:15:00+02:00,0.6470977674225257
2023-03-31 04:30:00+02:00,0.6118281241362352
2023-03-31 04:45:00+02:00,0.5807724722960272
2023-03-31 05:00:00+02:00,0.5545278006465777
2023-03-31 05:15:00+02:00,0.5517462130832386
2023-03-31 05:30:00+02:00,0.5565998628462948
2023-03-31 05:45:00+02:00,0.5690093383712107
2023-03-31 06:00:00+02:00,0.588858995618053
2023-03-31 06:15:00+02:00,0.6126521787283857
2023-03-31 06:30:00+02:00,0.63971275319082
2023-03-31 06:45:00+02:00,0.6698664784215403
2023-03-31 07:00:00+02:00,0.7029334590425684
2023-03-31 07:15:00+02:00,0.7148270709334256
2023-03-31 07:30:00+02:00,0.7330658809701117
2023-03-31 07:45:00+02:00,0.7546058439834992
2023-03-31 08:00:00+02:00,0.7789660461522779
2023-03-31 08:15:00+02:00,0.7838706456154242
2023-03-31 08:30:00+02:00,0.7892132350634775
2023-03-31 08:45:00+02:00,0.7949885672633716
2023-03-31 09:00:00+02:00,0.8011910637813487
2023-03-31 09:15:00+02:00,0.8208870706925911
2023-03-31 09:30:00+02:00,0.8415869141595055
2023-03-31 09:45:00+02:00,0.8632462611722849
2023-03-31 10:00:00+02:00,0.8804907687200554
2023-03-31 10:15:00+02:00,0.8855975724936945
2023-03-31 10:30:00+02:00,0.8907929879086905
2023-03-31 10:45:00+02:00,0.8960755057454802
2023-03-31 11:00:00+02:00,0.9014436264143901
2023-03-31 11:15:00+02:00,0.8890581913766704
2023-03-31 11:30:00+02:00,0.8768511915820685
2023-03-31 11:45:00+02:00,0.8609485192026168
2023-03-31 12:00:00+02:00,0.8421634147188551
2023-03-31 12:15:00+02:00,0.8403541012837924
2023-03-31 12:30:00+02:00,0.8395147001683244
2023-03-31 12:45:00+02:00,0.8396469780492893
2023-03-31 13:00:00+02:00,0.8407506562386968
2023-03-31 13:15:00+02:00,0.8357990333337956
2023-03-31 13:30:00+02:00,0.8330343415336362
2023-03-31 13:45:00+02:00,0.8324697694541664
2023-03-31 14:00:00+02:00,0.8341080233237277
2023-03-31 14:15:00+02:00,0.9006281918378223
2023-03-31 14:30:00+02:00,0.9535718143551029
2023-03-31 14:45:00+02:00,0.9782460093237907
2023-03-31 15:00:00+02:00,0.9932204746166903
2023-03-31 15:15:00+02:00,0.9900059012239161
2023-03-31 15:30:00+02:00,0.9843533313023731
2023-03-31 15:45:00+02:00,0.975059955493882
2023-03-31 16:00:00+02:00,0.9659584830877183
2023-03-31 16:15:00+02:00,0.969723455916392
2023-03-31 16:30:00+02:00,0.9735672163065044
2023-03-31 16:45:00+02:00,0.9774877616944703
2023-03-31 17:00:00+02:00,0.9814831188066062
2023-03-31 17:15:00+02:00,0.9891420427091421
2023-03-31 17:30:00+02:00,0.9924119654219371
2023-03-31 17:45:00+02:00,0.995699813810493
2023-03-31 18:00:00+02:00,0.9990045206394874
2023-03-31 18:15:00+02:00,0.9939739138755287
2023-03-31 18:30:00+02:00,0.9889435159235723
2023-03-31 18:45:00+02:00,0.9755495669420696
2023-03-31 19:00:00+02:00,0.9604598229790787
2023-03-31 19:15:00+02:00,0.9639094436290649
2023-03-31 19:30:00+02:00,0.9673633322931504
2023-03-31 19:45:00+02:00,0.9708213900394382
2023-03-31 20:00:00+02:00,0.9742835208562237
2023-03-31 20:15:00+02:00,0.976988852538465
2023-03-31 20:30:00+02:00,0.9797218758100511
2023-03-31 20:45:00+02:00,0.982482095666123
2023-03-31 21:00:00+02:00,0.9852690240778541
2023-03-31 21:15:00+02:00,0.9876139515629696
2023-03-31 21:30:00+02:00,0.9887380683847604
2023-03-31 21:45:00+02:00,0.9895626107288431
2023-03-31 22:00:00+02:00,0.9904081011139142
2023-03-31 22:15:00+02:00,0.9919911032719954
2023-03-31 22:30:00+02:00,0.9935751571476766
2023-03-31 22:45:00+02:00,0.9951602318565282
2023-03-31 23:00:00+02:00,0.9967462976928892
2023-03-31 23:15:00+02:00,0.996283341004783
2023-03-31 23:30:00+02:00,0.9958434540371573
2023-03-31 23:45:00+02:00,0.9954268246089405
2023-04-01 00:00:00+02:00,0.9950336324930973
2023-04-01 00:15:00+02:00,0.9935018324653729
2023-04-01 00:30:00+02:00,0.9919734709178032
2023-04-01 00:45:00+02:00,0.9904486481953331
2023-04-01 01:00:00+02:00,0.9889274683394685
2023-04-01 01:15:00+02:00,0.9884434282605083
2023-04-01 01:30:00+02:00,0.9877208616331957
2023-04-01 01:45:00+02:00,0.986335393263598
2023-04-01 02:00:00+02:00,0.9849837052134164
2023-04-01 02:15:00+02:00,0.9814512761758177
2023-04-01 02:30:00+02:00,0.9779190058854734
2023-04-01 02:45:00+02:00,0.9743868980758483
2023-04-01 03:00:00+02:00,0.9708549565982247
2023-04-01 03:15:00+02:00,0.9634967738358653
2023-04-01 03:30:00+02:00,0.956284133940715
2023-04-01 03:45:00+02:00,0.945226190390266
2023-04-01 04:00:00+02:00,0.9295884375843779
2023-04-01 04:15:00+02:00,0.9078063022309125
2023-04-01 04:30:00+02:00,0.8870823762070885
2023-04-01 04:45:00+02:00,0.8651745805170151
2023-04-01 05:00:00+02:00,0.8359789871951905
2023-04-01 05:15:00+02:00,0.8098925975626927
2023-04-01 05:30:00+02:00,0.7862425846270192
2023-04-01 05:45:00+02:00,0.7651611099647821
2023-04-01 06:00:00+02:00,0.7467741426490955
2023-04-01 06:15:00+02:00,0.734483889106744
2023-04-01 06:30:00+02:00,0.7226549478603548
2023-04-01 06:45:00+02:00,0.7122621506918
2023-04-01 07:00:00+02:00,0.7033342799100785
2023-04-01 07:15:00+02:00,0.6989228656029008
2023-04-01 07:30:00+02:00,0.6947411787297275
2023-04-01 07:45:00+02:00,0.6907910868375704
2023-04-01 08:00:00+02:00,0.6870743726777139
2023-04-01 08:15:00+02:00,0.6878289824871778
2023-04-01 08:30:00+02:00,0.68858499054085
2023-04-01 08:45:00+02:00,0.6893423947817781
2023-04-01 09:00:00+02:00,0.6901011931532548
2023-04-01 09:15:00+02:00,0.7321995353999492
2023-04-01 09:30:00+02:00,0.7682042901900179
2023-04-01 09:45:00+02:00,0.8021474858306482
2023-04-01 10:00:00+02:00,0.8360965485068227
2023-04-01 10:15:00+02:00,0.8800447409802258
2023-04-01 10:30:00+02:00,0.9113253979757029
2023-04-01 10:45:00+02:00,0.9429836417753268
2023-04-01 11:00:00+02:00,0.9623526188988097
2023-04-01 11:15:00+02:00,0.9430178192164463
2023-04-01 11:30:00+02:00,0.9112000454614165
2023-04-01 11:45:00+02:00,0.8795457758278533
2023-04-01 12:00:00+02:00,0.8343342962301479
2023-04-01 12:15:00+02:00,0.8405393869178711
2023-04-01 12:30:00+02:00,0.8472523454620463
2023-04-01 12:45:00+02:00,0.8544658522516404
2023-04-01 13:00:00+02:00,0.8621721977716501
2023-04-01 13:15:00+02:00,0.8426590969304751
2023-04-01 13:30:00+02:00,0.8231759971901571
2023-04-01 13:45:00+02:00,0.8037242007699613
2023-04-01 14:00:00+02:00,0.784305084079148
2023-04-01 14:15:00+02:00,0.7457070517710972
2023-04-01 14:30:00+02:00,0.698791381882112
2023-04-01 14:45:00+02:00,0.6515054001776113
2023-04-01 15:00:00+02:00,0.6045659423292169
2023-04-01 15:15:00+02:00,0.5429226409810868
2023-04-01 15:30:00+02:00,0.4815963162928931
2023-04-01 15:45:00+02:00,0.42089799566494196
2023-04-01 16:00:00+02:00,0.3660761373171109
2023-04-01 16:15:00+02:00,0.35720972771355713
2023-04-01 16:30:00+02:00,0.3483435566757682
2023-04-01 16:45:00+02:00,0.33947763032226247
2023-04-01 17:00:00+02:00,0.3306119549824136
2023-04-01 17:15:00+02:00,0.3732684198846759
2023-04-01 17:30:00+02:00,0.41706605567796123
2023-04-01 17:45:00+02:00,0.46610937577518735
2023-04-01 18:00:00+02:00,0.5172409194429991
2023-04-01 18:15:00+02:00,0.5279440206329966
2023-04-01 18:30:00+02:00,0.5387492070569422
2023-04-01 18:45:00+02:00,0.5496540818355177
2023-04-01 19:00:00+02:00,0.5606563014476115
2023-04-01 19:15:00+02:00,0.5177508279380021
2023-04-01 19:30:00+02:00,0.4751694154810925
2023-04-01 19:45:00+02:00,0.4329448179024971
2023-04-01 20:00:00+02:00,0.39483425159125235
2023-04-01 20:15:00+02:00,0.34363023880535803
2023-04-01 20:30:00+02:00,0.2953447248222938
2023-04-01 20:45:00+02:00,0.25849870127436525
2023-04-01 21:00:00+02:00,0.2268365708431271
2023-04-01 21:15:00+02:00,0.19310804342959223
2023-04-01 21:30:00+02:00,0.16983328560029454
2023-04-01 21:45:00+02:00,0.15721714590322075
2023-04-01 22:00:00+02:00,0.15201290712809185
2023-04-01 22:15:00+02:00,0.14858838201518085
2023-04-01 22:30:00+02:00,0.15403165948786604
2023-04-01 22:45:00+02:00,0.1680433412778864
2023-04-01 23:00:00+02:00,0.19390643259659113
2023-04-01 23:15:00+02:00,0.23108486852745522
2023-04-01 23:30:00+02:00,0.26935494013503375
2023-04-01 23:45:00+02:00,0.3153335036365082
2023-04-02 00:00:00+02:00,0.3672005279820095
2023-04-02 00:15:00+02:00,0.4325478096192189
2023-04-02 00:30:00+02:00,0.5108330475386431
2023-04-02 00:45:00+02:00,0.5942417669972783
2023-04-02 01:00:00+02:00,0.6829534914466023
2023-04-02 01:15:00+02:00,0.6976097148226138
2023-04-02 01:30:00+02:00,0.71444115115349
2023-04-02 01:45:00+02:00,0.7333785380592228
2023-04-02 02:00:00+02:00,0.7521179577218873
2023-04-02 02:15:00+02:00,0.7354507740205516
2023-04-02 02:30:00+02:00,0.7169179502982196
2023-04-02 02:45:00+02:00,0.6987619824763525
2023-04-02 03:00:00+02:00,0.6809962571112921
2023-04-02 03:15:00+02:00,0.6706186840881707
2023-04-02 03:30:00+02:00,0.6602429207703807
2023-04-02 03:45:00+02:00,0.6498690046558254
2023-04-02 04:00:00+02:00,0.6394969742786192
2023-04-02 04:15:00+02:00,0.6382021349132088
2023-04-02 04:30:00+02:00,0.6369145053506201
2023-04-02 04:45:00+02:00,0.6356341043075087
2023-04-02 05:00:00+02:00,0.634360950459754
2023-04-02 05:15:00+02:00,0.6344027308359689
2023-04-02 05:30:00+02:00,0.6344748612872001
2023-04-02 05:45:00+02:00,0.6345773373967173
2023-04-02 06:00:00+02:00,0.6347101528911221
2023-04-02 06:15:00+02:00,0.6301167377036822
2023-04-02 06:30:00+02:00,0.6256202917590676
2023-04-02 06:45:00+02:00,0.6212217027126211
2023-04-02 07:00:00+02:00,0.6169218494146558
2023-04-02 07:15:00+02:00,0.6163492186809818
2023-04-02 07:30:00+02:00,0.6159264606922753
2023-04-02 07:45:00+02:00,0.6156537049275689
2023-04-02 08:00:00+02:00,0.6155310350035365
2023-04-02 08:15:00+02:00,0.5994815780037147
2023-04-02 08:30:00+02:00,0.5835203168086512
2023-04-02 08:45:00+02:00,0.5678843016423749
2023-04-02 09:00:00+02:00,0.552343931237086
2023-04-02 09:15:00+02:00,0.5440888062161108
2023-04-02 09:30:00+02:00,0.5359829402649453
2023-04-02 09:45:00+02:00,0.5280290042263568
2023-04-02 10:00:00+02:00,0.5202296811777198
2023-04-02 10:15:00+02:00,0.5196706220817405
2023-04-02 10:30:00+02:00,0.5193520018283474
2023-04-02 10:45:00+02:00,0.5192739906305315
2023-04-02 11:00:00+02:00,0.5194366301878347
2023-04-02 11:15:00+02:00,0.4710002376914835
2023-04-02 11:30:00+02:00,0.4235745079480325
2023-04-02 11:45:00+02:00,0.38160161117678926
2023-04-02 12:00:00+02:00,0.34041394822750004
2023-04-02 12:15:00+02:00,0.3393110311036885
2023-04-02 12:30:00+02:00,0.33836274690976026
2023-04-02 12:45:00+02:00,0.3375695206001575
2023-04-02 13:00:00+02:00,0.336931708839878
2023-04-02 13:15:00+02:00,0.3469827410955527
2023-04-02 13:30:00+02:00,0.35705955396595146
2023-04-02 13:45:00+02:00,0.3671614155076833
2023-04-02 14:00:00+02:00,0.377287619506523
2023-04-02 14:15:00+02:00,0.3825210804529511
2023-04-02 14:30:00+02:00,0.38815297792415615
2023-04-02 14:45:00+02:00,0.3941771460789319
2023-04-02 15:00:00+02:00,0.4005871295785708
2023-04-02 15:15:00+02:00,0.39357889446193745
2023-04-02 15:30:00+02:00,0.3868445301903336
2023-04-02 15:45:00+02:00,0.3803891694252603
2023-04-02 16:00:00+02:00,0.37421785324859286
2023-04-02 16:15:00+02:00,0.3589361317419694
2023-04-02 16:30:00+02:00,0.3437051905863254
2023-04-02 16:45:00+02:00,0.3285272909602879
2023-04-02 17:00:00+02:00,0.313404821709426
2023-04-02 17:15:00+02:00,0.3060407203074704
2023-04-02 17:30:00+02:00,0.29869740197750205
2023-04-02 17:45:00+02:00,0.2913753296647692
2023-04-02 18:00:00+02:00,0.2844500744241367
2023-04-02 18:15:00+02:00,0.28530620222353986
2023-04-02 18:30:00+02:00,0.28636161168584323
2023-04-02 18:45:00+02:00,0.2876042086285078
2023-04-02 19:00:00+02:00,0.2889126635342341
2023-04-02 19:15:00+02:00,0.2740257485630065
2023-04-02 19:30:00+02:00,0.25989198356850485
2023-04-02 19:45:00+02:00,0.245780794552858
2023-04-02 20:00:00+02:00,0.23169353847411886
2023-04-02 20:15:00+02:00,0.228102099124557
2023-04-02 20:30:00+02:00,0.22456733705892057
2023-04-02 20:45:00+02:00,0.2210901186669648
2023-04-02 21:00:00+02:00,0.2176713135481705
2023-04-02 21:15:00+02:00,0.20832329940348265
2023-04-02 21:30:00+02:00,0.19906259598439333
2023-04-02 21:45:00+02:00,0.18989286463323163
2023-04-02 22:00:00+02:00,0.1808179352152631
2023-04-02 22:15:00+02:00,0.18051811963480946
2023-04-02 22:30:00+02:00,0.18021842904139257
2023-04-02 22:45:00+02:00,0.17991886360722031
2023-04-02 23:00:00+02:00,0.1796194235047452
2023-04-02 23:15:00+02:00,0.1670098356786357
2023-04-02 23:30:00+02:00,0.1552434651005125
2023-04-02 23:45:00+02:00,0.1438023582720622
2023-04-03 00:00:00+02:00,0.1327114253911257
2023-04-03 00:15:00+02:00,0.135252428791513
2023-04-03 00:30:00+02:00,0.13795685842058372
2023-04-03 00:45:00+02:00,0.14082180845804884
2023-04-03 01:00:00+02:00,0.14384427523992618
2023-04-03 01:15:00+02:00,0.15138281092991612
2023-04-03 01:30:00+02:00,0.15921189035597624
2023-04-03 01:45:00+02:00,0.1673173791747794
2023-04-03 02:00:00+02:00,0.17568559308448944
2023-04-03 02:15:00+02:00,0.1842311681661376
2023-04-03 02:30:00+02:00,0.19336975421516864
2023-04-03 02:45:00+02:00,0.2025586716767341
2023-04-03 03:00:00+02:00,0.21179589331348328
2023-04-03 03:15:00+02:00,0.2249081616988634
2023-04-03 03:30:00+02:00,0.2380473338025112
2023-04-03 03:45:00+02:00,0.25121194453562595
2023-04-03 04:00:00+02:00,0.2644006307486689
2023-04-03 04:15:00+02:00,0.2671577544066411
2023-04-03 04:30:00+02:00,0.27005750029694076
2023-04-03 04:45:00+02:00,0.27309820464779944
2023-04-03 05:00:00+02:00,0.2762781504845205
2023-04-03 05:15:00+02:00,0.2769438887721446
2023-04-03 05:30:00+02:00,0.27769466691149153
2023-04-03 05:45:00+02:00,0.2785302299091026
2023-04-03 06:00:00+02:00,0.2794502951723773
2023-04-03 06:15:00+02:00,0.27521490375070656
2023-04-03 06:30:00+02:00,0.2709829346335179
2023-04-03 06:45:00+02:00,0.26675444658578296
2023-04-03 07:00:00+02:00,0.26252949967561123
2023-04-03 07:15:00+02:00,0.26531885579514874
2023-04-03 07:30:00+02:00,0.26815364016189
2023-04-03 07:45:00+02:00,0.27103333326197376
2023-04-03 08:00:00+02:00,0.2739574154299769
2023-04-03 08:15:00+02:00,0.2707090756422558
2023-04-03 08:30:00+02:00,0.267479100198262
2023-04-03 08:45:00+02:00,0.26426773058579556
2023-04-03 09:00:00+02:00,0.2610752111172983
2023-04-03 09:15:00+02:00,0.2604815348950428
2023-04-03 09:30:00+02:00,0.26003038589152805
2023-04-03 09:45:00+02:00,0.2597220275128084
2023-04-03 10:00:00+02:00,0.2595566401692346
2023-04-03 10:15:00+02:00,0.26576751657306913
2023-04-03 10:30:00+02:00,0.27197981998644005
2023-04-03 10:45:00+02:00,0.2781935149876597
2023-04-03 11:00:00+02:00,0.2844085673102018
2023-04-03 11:15:00+02:00,0.2760322017330551
2023-04-03 11:30:00+02:00,0.2677173422827659
2023-04-03 11:45:00+02:00,0.25946608468089555
2023-04-03 12:00:00+02:00,0.2512806037980466
2023-04-03 12:15:00+02:00,0.25533401294201336
2023-04-03 12:30:00+02:00,0.2595578461483212
2023-04-03 12:45:00+02:00,0.2639491715444202
2023-04-03 13:00:00+02:00,0.26850501185051534
2023-04-03 13:15:00+02:00,0.2725320590828041
2023-04-03 13:30:00+02:00,0.2765953736099718
2023-04-03 13:45:00+02:00,0.2806943685632639
2023-04-03 14:00:00+02:00,0.28482846467945117
2023-04-03 14:15:00+02:00,0.29618114536621737
2023-04-03 14:30:00+02:00,0.3077984114240053
2023-04-03 14:45:00+02:00,0.3194173765421071
2023-04-03 15:00:00+02:00,0.33103798314645844
2023-04-03 15:15:00+02:00,0.33515154301459327
2023-04-03 15:30:00+02:00,0.3393513862620441
2023-04-03 15:45:00+02:00,0.34363646883243637
2023-04-03 16:00:00+02:00,0.3480057427666251
2023-04-03 16:15:00+02:00,0.3564503097593485
2023-04-03 16:30:00+02:00,0.36494418690971087
2023-04-03 16:45:00+02:00,0.373486201127974
2023-04-03 17:00:00+02:00,0.38207520990375254
2023-04-03 17:15:00+02:00,0.3922974274412719
2023-04-03 17:30:00+02:00,0.40257294555814194
2023-04-03 17:45:00+02:00,0.4129002847014503
2023-04-03 18:00:00+02:00,0.42327801251940034
2023-04-03 18:15:00+02:00,0.416084666147343
2023-04-03 18:30:00+02:00,0.4090129373341577
2023-04-03 18:45:00+02:00,0.4020651723369699
2023-04-03 19:00:00+02:00,0.39524373542073643
2023-04-03 19:15:00+02:00,0.40445061592872966
2023-04-03 19:30:00+02:00,0.4136853399078552
2023-04-03 19:45:00+02:00,0.4229472189739478
2023-04-03 20:00:00+02:00,0.4329528016610341
2023-04-03 20:15:00+02:00,0.44483138677809697
2023-04-03 20:30:00+02:00,0.4567255076271532
2023-04-03 20:45:00+02:00,0.4686347376484731
2023-04-03 21:00:00+02:00,0.48055866524373986
2023-04-03 21:15:00+02:00,0.48508577250768203
2023-04-03 21:30:00+02:00,0.48970191486882136
2023-04-03 21:45:00+02:00,0.49440616201616666
2023-04-03 22:00:00+02:00,0.4991975791681769
2023-04-03 22:15:00+02:00,0.4912431351373903
2023-04-03 22:30:00+02:00,0.4840942218678108
2023-04-03 22:45:00+02:00,0.47776404015335805
2023-04-03 23:00:00+02:00,0.4722645206478696
2023-04-03 23:15:00+02:00,0.4659360779814081
2023-04-03 23:30:00+02:00,0.4602145734205432
2023-04-03 23:45:00+02:00,0.4551081075408859
2023-04-04 00:00:00+02:00,0.45062403226390524
2023-04-04 00:15:00+02:00,0.41250399863684917
2023-04-04 00:30:00+02:00,0.3771993878890876
2023-04-04 00:45:00+02:00,0.34214157845109683
2023-04-04 01:00:00+02:00,0.30735639908666246
2023-04-04 01:15:00+02:00,0.29201535884873075
2023-04-04 01:30:00+02:00,0.27875860808369995
2023-04-04 01:45:00+02:00,0.2669602090168685
2023-04-04 02:00:00+02:00,0.2551791970519452
2023-04-04 02:15:00+02:00,0.24405392892660566
2023-04-04 02:30:00+02:00,0.23305046544811808
2023-04-04 02:45:00+02:00,0.22217459370988038
2023-04-04 03:00:00+02:00,0.21143239955929674
2023-04-04 03:15:00+02:00,0.2051326217950072
2023-04-04 03:30:00+02:00,0.1988828892264421
2023-04-04 03:45:00+02:00,0.19268461219946306
2023-04-04 04:00:00+02:00,0.18653924227460128
2023-04-04 04:15:00+02:00,0.18129356565630184
2023-04-04 04:30:00+02:00,0.17639850689232825
2023-04-04 04:45:00+02:00,0.1724783815008607
2023-04-04 05:00:00+02:00,0.16858798818621906
2023-04-04 05:15:00+02:00,0.16518019239119028
2023-04-04 05:30:00+02:00,0.16177329043306007
2023-04-04 05:45:00+02:00,0.15836730159170553
2023-04-04 06:00:00+02:00,0.15496224570010797
2023-04-04 06:15:00+02:00,0.14226942931175054
2023-04-04 06:30:00+02:00,0.129660801519521
2023-04-04 06:45:00+02:00,0.11714372336947723
2023-04-04 07:00:00+02:00,0.10472637623845349
2023-04-04 07:15:00+02:00,0.09073726961911267
2023-04-04 07:30:00+02:00,0.08036169629918131
2023-04-04 07:45:00+02:00,0.07002952038603827
2023-04-04 08:00:00+02:00,0.05974684357907601
2023-04-04 08:15:00+02:00,0.047315461558359424
2023-04-04 08:30:00+02:00,0.039044250773272435
2023-04-04 08:45:00+02:00,0.032597907131472585
2023-04-04 09:00:00+02:00,0.02672987490423476
2023-04-04 09:15:00+02:00,0.022928936314089817
2023-04-04 09:30:00+02:00,0.019128021774624335
2023-04-04 09:45:00+02:00,0.015327134259253677
2023-04-04 10:00:00+02:00,0.012766781287453186
2023-04-04 10:15:00+02:00,0.01923887293807545
2023-04-04 10:30:00+02:00,0.026993148831641094
2023-04-04 10:45:00+02:00,0.03478042372984584
2023-04-04 11:00:00+02:00,0.042594246565327606
2023-04-04 11:15:00+02:00,0.04296914456550331
2023-04-04 11:30:00+02:00,0.04347278762741213
2023-04-04 11:45:00+02:00,0.04414233616822565
2023-04-04 12:00:00+02:00,0.04542208102772199
2023-04-04 12:15:00+02:00,0.043825629508228964
2023-04-04 12:30:00+02:00,0.04282718649001273
2023-04-04 12:45:00+02:00,0.041865075224533886
2023-04-04 13:00:00+02:00,0.04094018557566852
2023-04-04 13:15:00+02:00,0.03956524168654442
2023-04-04 13:30:00+02:00,0.03828230732838327
2023-04-04 13:45:00+02:00,0.03709448893730639
2023-04-04 14:00:00+02:00,0.03600478843821486
2023-04-04 14:15:00+02:00,0.035038058634761726
2023-04-04 14:30:00+02:00,0.0341114095447363
2023-04-04 14:45:00+02:00,0.03322585290117827
2023-04-04 15:00:00+02:00,0.032382387628172464
2023-04-04 15:15:00+02:00,0.03067650285784706
2023-04-04 15:30:00+02:00,0.028971071087202527
2023-04-04 15:45:00+02:00,0.027266114565071442
2023-04-04 16:00:00+02:00,0.025561657014683926
2023-04-04 16:15:00+02:00,0.02523352282714427
2023-04-04 16:30:00+02:00,0.02492490579035456
2023-04-04 16:45:00+02:00,0.024635983862349137
2023-04-04 17:00:00+02:00,0.024366925610089223
2023-04-04 17:15:00+02:00,0.0251103657913196
2023-04-04 17:30:00+02:00,0.02592604866248867
2023-04-04 17:45:00+02:00,0.0268122697791207
2023-04-04 18:00:00+02:00,0.02776723748877715
2023-04-04 18:15:00+02:00,0.029342646567091776
2023-04-04 18:30:00+02:00,0.030939526985557308
2023-04-04 18:45:00+02:00,0.03255693904521493
2023-04-04 19:00:00+02:00,0.03419398603055691
2023-04-04 19:15:00+02:00,0.03754297744209633
2023-04-04 19:30:00+02:00,0.04090503782641058
2023-04-04 19:45:00+02:00,0.04443946146512951
2023-04-04 20:00:00+02:00,0.05017005675158176
2023-04-04 20:15:00+02:00,0.05715547319864901
2023-04-04 20:30:00+02:00,0.06415405695949052
2023-04-04 20:45:00+02:00,0.0711646157870646
2023-04-04 21:00:00+02:00,0.07818609545461594
2023-04-04 21:15:00+02:00,0.07797956572639744
2023-04-04 21:30:00+02:00,0.07787567924994447
2023-04-04 21:45:00+02:00,0.07787457010421957
2023-04-04 22:00:00+02:00,0.07797623972197817
2023-04-04 22:15:00+02:00,0.07477949730743728
2023-04-04 22:30:00+02:00,0.07195509549498041
2023-04-04 22:45:00+02:00,0.06951673796475948
2023-04-04 23:00:00+02:00,0.06747680039092832
2023-04-04 23:15:00+02:00,0.0655173171423581
2023-04-04 23:30:00+02:00,0.0643569734059858
2023-04-04 23:45:00+02:00,0.06400814848081583
2023-04-05 00:00:00+02:00,0.06447461360548146
2023-04-05 00:15:00+02:00,0.06138076789252017
2023-04-05 00:30:00+02:00,0.058648608986386845
2023-04-05 00:45:00+02:00,0.056291798489345374
2023-04-05 01:00:00+02:00,0.05432267823939148
2023-04-05 01:15:00+02:00,0.04658311000503587
2023-04-05 01:30:00+02:00,0.04100398902091922
2023-04-05 01:45:00+02:00,0.03649670976447273
2023-04-05 02:00:00+02:00,0.03202771777884878
2023-04-05 02:15:00+02:00,0.02533387981929385
2023-04-05 02:30:00+02:00,0.018685935800155883
2023-04-05 02:45:00+02:00,0.013026134209770498
2023-04-05 03:00:00+02:00,0.010047530448417654
2023-04-05 03:15:00+02:00,0.007164087431827501
2023-04-05 03:30:00+02:00,0.004285606987460728
2023-04-05 03:45:00+02:00,0.0014135652170714564
2023-04-05 04:00:00+02:00,0.0
2023-04-05 04:15:00+02:00,0.0
2023-04-05 04:30:00+02:00,0.0
2023-04-05 04:45:00+02:00,0.0
2023-04-05 05:00:00+02:00,0.0
2023-04-05 05:15:00+02:00,0.0
2023-04-05 05:30:00+02:00,0.0
2023-04-05 05:45:00+02:00,0.0
2023-04-05 06:00:00+02:00,0.0
2023-04-05 06:15:00+02:00,0.0
2023-04-05 06:30:00+02:00,0.0
2023-04-05 06:45:00+02:00,0.0
2023-04-05 07:00:00+02:00,0.0
2023-04-05 07:15:00+02:00,0.0
2023-04-05 07:30:00+02:00,0.0
2023-04-05 07:45:00+02:00,0.0
2023-04-05 08:00:00+02:00,0.0
2023-04-05 08:15:00+02:00,0.0
2023-04-05 08:30:00+02:00,0.0009082793825379014
2023-04-05 08:45:00+02:00,0.002079987128437289
2023-04-05 09:00:00+02:00,0.0033283528070127827
2023-04-05 09:15:00+02:00,0.0
2023-04-05 09:30:00+02:00,0.0
2023-04-05 09:45:00+02:00,0.0
2023-04-05 10:00:00+02:00,0.0
2023-04-05 10:15:00+02:00,0.0
2023-04-05 10:30:00+02:00,0.0
2023-04-05 10:45:00+02:00,0.0
2023-04-05 11:00:00+02:00,0.0
2023-04-05 11:15:00+02:00,0.0
2023-04-05 11:30:00+02:00,0.0
2023-04-05 11:45:00+02:00,0.0
2023-04-05 12:00:00+02:00,0.0
2023-04-05 12:15:00+02:00,0.0
2023-04-05 12:30:00+02:00,0.0
2023-04-05 12:45:00+02:00,0.0
2023-04-05 13:00:00+02:00,0.0
2023-04-05 13:15:00+02:00,0.0
2023-04-05 13:30:00+02:00,0.0
2023-04-05 13:45:00+02:00,0.0
2023-04-05 14:00:00+02:00,0.0
2023-04-05 14:15:00+02:00,0.0
2023-04-05 14:30:00+02:00,0.0
2023-04-05 14:45:00+02:00,0.0
2023-04-05 15:00:00+02:00,0.0
2023-04-05 15:15:00+02:00,0.0
2023-04-05 15:30:00+02:00,0.0
2023-04-05 15:45:00+02:00,0.0
2023-04-05 16:00:00+02:00,0.0
2023-04-05 16:15:00+02:00,0.0
2023-04-05 16:30:00+02:00,0.0
2023-04-05 16:45:00+02:00,0.0
2023-04-05 17:00:00+02:00,0.0
2023-04-05 17:15:00+02:00,0.0
2023-04-05 17:30:00+02:00,0.0
2023-04-05 17:45:00+02:00,0.0
2023-04-05 18:00:00+02:00,0.0
2023-04-05 18:15:00+02:00,0.0
2023-04-05 18:30:00+02:00,0.0
2023-04-05 18:45:00+02:00,0.0
2023-04-05 19:00:00+02:00,0.0
2023-04-05 19:15:00+02:00,0.0
2023-04-05 19:30:00+02:00,0.0
2023-04-05 19:45:00+02:00,0.0
2023-04-05 20:00:00+02:00,0.0
2023-04-05 20:15:00+02:00,0.0
2023-04-05 20:30:00+02:00,0.0
2023-04-05 20:45:00+02:00,6.948114638961622e-05
2023-04-05 21:00:00+02:00,0.0017178250281459798
2023-04-05 21:15:00+02:00,0.0017904676450421202
2023-04-05 21:30:00+02:00,0.0020205539930776483
2023-04-05 21:45:00+02:00,0.002404464562040915
2023-04-05 22:00:00+02:00,0.002936401779646288
2023-04-05 22:15:00+02:00,0.003265356699167437
2023-04-05 22:30:00+02:00,0.003844905456572884
2023-04-05 22:45:00+02:00,0.0046615537867153575
2023-04-05 23:00:00+02:00,0.005697871236237843
2023-04-05 23:15:00+02:00,0.007502173620429332
2023-04-05 23:30:00+02:00,0.009548654094268685
2023-04-05 23:45:00+02:00,0.011799611540073753
2023-04-06 00:00:00+02:00,0.014712830901975192
2023-04-06 00:15:00+02:00,0.014637890784894012
2023-04-06 00:30:00+02:00,0.01595886625656144
2023-04-06 00:45:00+02:00,0.018617862814085572
2023-04-06 01:00:00+02:00,0.02250757362327356
2023-04-06 01:15:00+02:00,0.021243002076846935
2023-04-06 01:30:00+02:00,0.02251036530619508
2023-04-06 01:45:00+02:00,0.026216352744383525
2023-04-06 02:00:00+02:00,0.03211254809197167
2023-04-06 02:15:00+02:00,0.035620641222683415
2023-04-06 02:30:00+02:00,0.04089523415076139
2023-04-06 02:45:00+02:00,0.05025147013618566
2023-04-06 03:00:00+02:00,0.0640012367436782
2023-04-06 03:15:00+02:00,0.0689499548046499
2023-04-06 03:30:00+02:00,0.07475613326159247
2023-04-06 03:45:00+02:00,0.08135808063958797
2023-04-06 04:00:00+02:00,0.08869261152715924
2023-04-06 04:15:00+02:00,0.09298723187811452
2023-04-06 04:30:00+02:00,0.09913825824956876
2023-04-06 04:45:00+02:00,0.1072378307086909
2023-04-06 05:00:00+02:00,0.1158918665161769
2023-04-06 05:15:00+02:00,0.11942936086564628
2023-04-06 05:30:00+02:00,0.1229680627005537
2023-04-06 05:45:00+02:00,0.1265079430180655
2023-04-06 06:00:00+02:00,0.13004897372759833
2023-04-06 06:15:00+02:00,0.13592232704999002
2023-04-06 06:30:00+02:00,0.14185856440610758
2023-04-06 06:45:00+02:00,0.14785526877740623
2023-04-06 07:00:00+02:00,0.1539101226575446
2023-04-06 07:15:00+02:00,0.15753748007077914
2023-04-06 07:30:00+02:00,0.16123514264572295
2023-04-06 07:45:00+02:00,0.16500148722064617
2023-04-06 08:00:00+02:00,0.1688349114392385
2023-04-06 08:15:00+02:00,0.16328530138915864
2023-04-06 08:30:00+02:00,0.15773600538114896
2023-04-06 08:45:00+02:00,0.15218703459448782
2023-04-06 09:00:00+02:00,0.14663840074473553
2023-04-06 09:15:00+02:00,0.1235659281659943
2023-04-06 09:30:00+02:00,0.10073196847665417
2023-04-06 09:45:00+02:00,0.08460645961324828
2023-04-06 10:00:00+02:00,0.07075740203011144
2023-04-06 10:15:00+02:00,0.0650085260078636
2023-04-06 10:30:00+02:00,0.05958305430530583
2023-04-06 10:45:00+02:00,0.054505446399439605
2023-04-06 11:00:00+02:00,0.049800875131534035
2023-04-06 11:15:00+02:00,0.04854442486727892
2023-04-06 11:30:00+02:00,0.04758991592205432
2023-04-06 11:45:00+02:00,0.046941512040612796
2023-04-06 12:00:00+02:00,0.046602085370754005
2023-04-06 12:15:00+02:00,0.07926715824282486
2023-04-06 12:30:00+02:00,0.12208318042553981
2023-04-06 12:45:00+02:00,0.17459461751293462
2023-04-06 13:00:00+02:00,0.2429965339077991
2023-04-06 13:15:00+02:00,0.2537973888861562
2023-04-06 13:30:00+02:00,0.264657509709615
2023-04-06 13:45:00+02:00,0.27557431562902696
2023-04-06 14:00:00+02:00,0.2867919440992145
2023-04-06 14:15:00+02:00,0.27170890895035255
2023-04-06 14:30:00+02:00,0.2571655066840318
2023-04-06 14:45:00+02:00,0.2429330231604284
2023-04-06 15:00:00+02:00,0.22903037896315553
2023-04-06 15:15:00+02:00,0.22043939679914815
2023-04-06 15:30:00+02:00,0.21298242635741835
2023-04-06 15:45:00+02:00,0.2066968134066869
2023-04-06 16:00:00+02:00,0.2016153190122197
2023-04-06 16:15:00+02:00,0.21872735668821458
2023-04-06 16:30:00+02:00,0.23707146498630005
2023-04-06 16:45:00+02:00,0.2565546627868116
2023-04-06 17:00:00+02:00,0.2770881482538484
2023-04-06 17:15:00+02:00,0.2984472464239712
2023-04-06 17:30:00+02:00,0.32236632961873196
2023-04-06 17:45:00+02:00,0.34628595443689597
2023-04-06 18:00:00+02:00,0.37020608448085096
2023-04-06 18:15:00+02:00,0.3781333294742869
2023-04-06 18:30:00+02:00,0.38606825661232197
2023-04-06 18:45:00+02:00,0.39401069837317554
2023-04-06 19:00:00+02:00,0.4019604919188332
2023-04-06 19:15:00+02:00,0.3937132328137379
2023-04-06 19:30:00+02:00,0.3856020737220737
2023-04-06 19:45:00+02:00,0.3776300946661319
2023-04-06 20:00:00+02:00,0.3698004140318619
2023-04-06 20:15:00+02:00,0.3535913201729845
2023-04-06 20:30:00+02:00,0.33742980676324763
2023-04-06 20:45:00+02:00,0.3213181378467899
2023-04-06 21:00:00+02:00,0.305258715747098
2023-04-06 21:15:00+02:00,0.2799715459855923
2023-04-06 21:30:00+02:00,0.2601739425820837
2023-04-06 21:45:00+02:00,0.24147851027595424
2023-04-06 22:00:00+02:00,0.2239739961972506
2023-04-06 22:15:00+02:00,0.1999016361708964
2023-04-06 22:30:00+02:00,0.1801162508838535
2023-04-06 22:45:00+02:00,0.16800611047554562
2023-04-06 23:00:00+02:00,0.1603670409406326
2023-04-06 23:15:00+02:00,0.15187274401733336
2023-04-06 23:30:00+02:00,0.16495667805383227
2023-04-06 23:45:00+02:00,0.2045371079027048
2023-04-07 00:00:00+02:00,0.26975416746498887
2023-04-07 00:15:00+02:00,0.2612984930845626
2023-04-07 00:30:00+02:00,0.25745806454896486
2023-04-07 00:45:00+02:00,0.2583056338301811
2023-04-07 01:00:00+02:00,0.26382501493604626
2023-04-07 01:15:00+02:00,0.2506857963486527
2023-04-07 01:30:00+02:00,0.24061717127545287
2023-04-07 01:45:00+02:00,0.23375045708794684
2023-04-07 02:00:00+02:00,0.2301795131495283
2023-04-07 02:15:00+02:00,0.21872226664663086
2023-04-07 02:30:00+02:00,0.20837921392715192
2023-04-07 02:45:00+02:00,0.19920181784542515
2023-04-07 03:00:00+02:00,0.19123842348755718
2023-04-07 03:15:00+02:00,0.186410448293152
2023-04-07 03:30:00+02:00,0.18165123620672596
2023-04-07 03:45:00+02:00,0.17706351162172565
2023-04-07 04:00:00+02:00,0.1735626105715116
2023-04-07 04:15:00+02:00,0.1712504553418995
2023-04-07 04:30:00+02:00,0.16897073661977155
2023-04-07 04:45:00+02:00,0.16672391445987195
2023-04-07 05:00:00+02:00,0.1645104508298115
2023-04-07 05:15:00+02:00,0.16153231662538922
2023-04-07 05:30:00+02:00,0.1585594506002179
2023-04-07 05:45:00+02:00,0.15559195249523514
2023-04-07 06:00:00+02:00,0.15262992439815704
2023-04-07 06:15:00+02:00,0.14635125068632696
2023-04-07 06:30:00+02:00,0.14008656925549665
2023-04-07 06:45:00+02:00,0.13383646538123464
2023-04-07 07:00:00+02:00,0.12760155596186362
2023-04-07 07:15:00+02:00,0.11856826372815234
2023-04-07 07:30:00+02:00,0.10953795945710008
2023-04-07 07:45:00+02:00,0.10051083773807974
2023-04-07 08:00:00+02:00,0.09290052494801376
2023-04-07 08:15:00+02:00,0.09850709470085753
2023-04-07 08:30:00+02:00,0.10553841525262354
2023-04-07 08:45:00+02:00,0.11258051337931081
2023-04-07 09:00:00+02:00,0.11963286578663156
2023-04-07 09:15:00+02:00,0.13028508738795666
2023-04-07 09:30:00+02:00,0.14157807599892935
2023-04-07 09:45:00+02:00,0.15346554132214368
2023-04-07 10:00:00+02:00,0.16590344432342413
2023-04-07 10:15:00+02:00,0.16272643091812303
2023-04-07 10:30:00+02:00,0.15957318925185965
2023-04-07 10:45:00+02:00,0.1564441958334562
2023-04-07 11:00:00+02:00,0.15333993617936342
2023-04-07 11:15:00+02:00,0.13782786765274047
2023-04-07 11:30:00+02:00,0.1227621098921058
2023-04-07 11:45:00+02:00,0.10819027856865138
2023-04-07 12:00:00+02:00,0.09456940906156819
2023-04-07 12:15:00+02:00,0.09825583871130847
2023-04-07 12:30:00+02:00,0.1023678094170527
2023-04-07 12:45:00+02:00,0.1065003789911048
2023-04-07 13:00:00+02:00,0.11065294813488008
2023-04-07 13:15:00+02:00,0.12109336397918855
2023-04-07 13:30:00+02:00,0.13167430644765274
2023-04-07 13:45:00+02:00,0.14238603316649917
2023-04-07 14:00:00+02:00,0.153219577263111
2023-04-07 14:15:00+02:00,0.16368758442732828
2023-04-07 14:30:00+02:00,0.17436631671811145
2023-04-07 14:45:00+02:00,0.18774880611739272
2023-04-07 15:00:00+02:00,0.2023360315583419
2023-04-07 15:15:00+02:00,0.2084730795326352
2023-04-07 15:30:00+02:00,0.2147845565088715
2023-04-07 15:45:00+02:00,0.2212657027592141
2023-04-07 16:00:00+02:00,0.22791180907917993
2023-04-07 16:15:00+02:00,0.21958227823249357
2023-04-07 16:30:00+02:00,0.21128211379344325
2023-04-07 16:45:00+02:00,0.2030123980660389
2023-04-07 17:00:00+02:00,0.19477426292738706
2023-04-07 17:15:00+02:00,0.18850331652282784
2023-04-07 17:30:00+02:00,0.18226111595268574
2023-04-07 17:45:00+02:00,0.17637062458941952
2023-04-07 18:00:00+02:00,0.17168302907111252
2023-04-07 18:15:00+02:00,0.1507922544474523
2023-04-07 18:30:00+02:00,0.1299275730487403
2023-04-07 18:45:00+02:00,0.10909283180630984
2023-04-07 19:00:00+02:00,0.0909097839786044
2023-04-07 19:15:00+02:00,0.0857454566066667
2023-04-07 19:30:00+02:00,0.08064546222256219
2023-04-07 19:45:00+02:00,0.07561396580570924
2023-04-07 20:00:00+02:00,0.07065543618550803
2023-04-07 20:15:00+02:00,0.07071843798670197
2023-04-07 20:30:00+02:00,0.0713971453442666
2023-04-07 20:45:00+02:00,0.07268618707264354
2023-04-07 21:00:00+02:00,0.07457553218482511
2023-04-07 21:15:00+02:00,0.0762134401111643
2023-04-07 21:30:00+02:00,0.07819288208914396
2023-04-07 21:45:00+02:00,0.08050545041048969
2023-04-07 22:00:00+02:00,0.08314166781067962
2023-04-07 22:15:00+02:00,0.08001047151904836
2023-04-07 22:30:00+02:00,0.07690343751326932
2023-04-07 22:45:00+02:00,0.07382152607139464
2023-04-07 23:00:00+02:00,0.07076574063660927
2023-04-07 23:15:00+02:00,0.0707684667935189
2023-04-07 23:30:00+02:00,0.07086770249319782
2023-04-07 23:45:00+02:00,0.07106332377385176
2023-04-08 00:00:00+02:00,0.07135508689292218
2023-04-08 00:15:00+02:00,0.06816424956425171
2023-04-08 00:30:00+02:00,0.064988512321761
2023-04-08 00:45:00+02:00,0.06182852161153772
2023-04-08 01:00:00+02:00,0.05868495782297644
2023-04-08 01:15:00+02:00,0.054496731755334836
2023-04-08 01:30:00+02:00,0.05031581649655298
2023-04-08 01:45:00+02:00,0.046142655337122924
2023-04-08 02:00:00+02:00,0.042824938757352576
2023-04-08 02:15:00+02:00,0.03977898765670772
2023-04-08 02:30:00+02:00,0.03680243927523401
2023-04-08 02:45:00+02:00,0.033900886805186284
2023-04-08 03:00:00+02:00,0.031080375819171675
2023-04-08 03:15:00+02:00,0.02915894688374581
2023-04-08 03:30:00+02:00,0.02724263790783424
2023-04-08 03:45:00+02:00,0.025331736795609516
2023-04-08 04:00:00+02:00,0.02342655254059097
2023-04-08 04:15:00+02:00,0.021283467872476466
2023-04-08 04:30:00+02:00,0.019147362783350462
2023-04-08 04:45:00+02:00,0.017018713484892645
2023-04-08 05:00:00+02:00,0.014898038615150544
2023-04-08 05:15:00+02:00,0.014883244731661124
2023-04-08 05:30:00+02:00,0.014903932446326226
2023-04-08 05:45:00+02:00,0.014960077788067707
2023-04-08 06:00:00+02:00,0.015051615809354919
2023-04-08 06:15:00+02:00,0.01364116441653076
2023-04-08 06:30:00+02:00,0.012908877511508963
2023-04-08 06:45:00+02:00,0.012180101360639512
2023-04-08 07:00:00+02:00,0.011455032403121592
2023-04-08 07:15:00+02:00,0.011707838674631457
2023-04-08 07:30:00+02:00,0.012031179094173694
2023-04-08 07:45:00+02:00,0.012423345018512633
2023-04-08 08:00:00+02:00,0.012882337230708262
2023-04-08 08:15:00+02:00,0.014113445275081233
2023-04-08 08:30:00+02:00,0.01647971947288931
2023-04-08 08:45:00+02:00,0.01887574592774112
2023-04-08 09:00:00+02:00,0.021299346938354783
2023-04-08 09:15:00+02:00,0.021044521117991266
2023-04-08 09:30:00+02:00,0.020810708677457487
2023-04-08 09:45:00+02:00,0.020598060787559398
2023-04-08 10:00:00+02:00,0.020406716196582294
2023-04-08 10:15:00+02:00,0.020502837872912554
2023-04-08 10:30:00+02:00,0.021118340916182286
2023-04-08 10:45:00+02:00,0.022243552991971238
2023-04-08 11:00:00+02:00,0.02386140044697547
2023-04-08 11:15:00+02:00,0.023456624692717008
2023-04-08 11:30:00+02:00,0.02569318794389099
2023-04-08 11:45:00+02:00,0.03040606539253789
2023-04-08 12:00:00+02:00,0.03728906869050826
2023-04-08 12:15:00+02:00,0.03702889785124608
2023-04-08 12:30:00+02:00,0.03677749083455393
2023-04-08 12:45:00+02:00,0.03653490590806673
2023-04-08 13:00:00+02:00,0.03630119978540479
2023-04-08 13:15:00+02:00,0.037894457301056894
2023-04-08 13:30:00+02:00,0.03950177223350171
2023-04-08 13:45:00+02:00,0.041122570275740976
2023-04-08 14:00:00+02:00,0.04275630354661101
2023-04-08 14:15:00+02:00,0.043537428858887714
2023-04-08 14:30:00+02:00,0.044520950896009125
2023-04-08 14:45:00+02:00,0.04587236801283578
2023-04-08 15:00:00+02:00,0.047237882294240884
2023-04-08 15:15:00+02:00,0.051064121522903745
2023-04-08 15:30:00+02:00,0.054898746949299686
2023-04-08 15:45:00+02:00,0.05874131896886884
2023-04-08 16:00:00+02:00,0.06259142735482219
2023-04-08 16:15:00+02:00,0.06225404126022484
2023-04-08 16:30:00+02:00,0.06194660596261748
2023-04-08 16:45:00+02:00,0.06166924567895134
2023-04-08 17:00:00+02:00,0.06142207306457775
2023-04-08 17:15:00+02:00,0.06083733703505625
2023-04-08 17:30:00+02:00,0.06059925353499793
2023-04-08 17:45:00+02:00,0.060708940773055574
2023-04-08 18:00:00+02:00,0.061165882984783315
2023-04-08 18:15:00+02:00,0.06306330936163866
2023-04-08 18:30:00+02:00,0.0655979827633853
2023-04-08 18:45:00+02:00,0.06874878686725758
2023-04-08 19:00:00+02:00,0.07249074961540831
2023-04-08 19:15:00+02:00,0.07988689117648749
2023-04-08 19:30:00+02:00,0.08855323406661542
2023-04-08 19:45:00+02:00,0.10025142070907139
2023-04-08 20:00:00+02:00,0.11762547063427703
2023-04-08 20:15:00+02:00,0.12673983758533935
2023-04-08 20:30:00+02:00,0.13680610593250575
2023-04-08 20:45:00+02:00,0.14776222477806125
2023-04-08 21:00:00+02:00,0.1595466264938536
2023-04-08 21:15:00+02:00,0.15867568580146668
2023-04-08 21:30:00+02:00,0.15804802890389044
2023-04-08 21:45:00+02:00,0.15766462400490375
2023-04-08 22:00:00+02:00,0.15752606506026787
2023-04-08 22:15:00+02:00,0.1497529979371841
2023-04-08 22:30:00+02:00,0.14200145154921076
2023-04-08 22:45:00+02:00,0.13427253864557012
2023-04-08 23:00:00+02:00,0.12656744643347057
2023-04-08 23:15:00+02:00,0.1153823481505321
2023-04-08 23:30:00+02:00,0.10492363396579092
2023-04-08 23:45:00+02:00,0.0952467979018668
2023-04-09 00:00:00+02:00,0.08973548394860988
2023-04-09 00:15:00+02:00,0.09217114796985074
2023-04-09 00:30:00+02:00,0.09468916223243677
2023-04-09 00:45:00+02:00,0.09852605815822586
2023-04-09 01:00:00+02:00,0.10281930625567072
2023-04-09 01:15:00+02:00,0.09609973498558581
2023-04-09 01:30:00+02:00,0.09187752205921697
2023-04-09 01:45:00+02:00,0.08828362622000355
2023-04-09 02:00:00+02:00,0.08500669508134409
2023-04-09 02:15:00+02:00,0.07916092206110077
2023-04-09 02:30:00+02:00,0.0735535193772806
2023-04-09 02:45:00+02:00,0.06820200465093051
2023-04-09 03:00:00+02:00,0.06312473184462979
2023-04-09 03:15:00+02:00,0.05857181381753462
2023-04-09 03:30:00+02:00,0.054273318814745765
2023-04-09 03:45:00+02:00,0.05024479975371674
2023-04-09 04:00:00+02:00,0.046502003145865445
2023-04-09 04:15:00+02:00,0.04299661247121756
2023-04-09 04:30:00+02:00,0.04076488449654165
2023-04-09 04:45:00+02:00,0.03881780276100441
2023-04-09 05:00:00+02:00,0.03716994363109629
2023-04-09 05:15:00+02:00,0.03669450301365263
2023-04-09 05:30:00+02:00,0.03638461525771312
2023-04-09 05:45:00+02:00,0.03624164063047089
2023-04-09 06:00:00+02:00,0.036266211743141166
2023-04-09 06:15:00+02:00,0.0382375316619392
2023-04-09 06:30:00+02:00,0.04025170620457284
2023-04-09 06:45:00+02:00,0.04230656319723479
2023-04-09 07:00:00+02:00,0.04464422910658702
2023-04-09 07:15:00+02:00,0.049690692073007386
2023-04-09 07:30:00+02:00,0.05475595105228554
2023-04-09 07:45:00+02:00,0.05983871103059543
2023-04-09 08:00:00+02:00,0.06493778939336105
2023-04-09 08:15:00+02:00,0.057108233586682586
2023-04-09 08:30:00+02:00,0.04929266191410136
2023-04-09 08:45:00+02:00,0.042538431885332156
2023-04-09 09:00:00+02:00,0.03794133778701161
2023-04-09 09:15:00+02:00,0.03368025653348793
2023-04-09 09:30:00+02:00,0.02947737785689916
2023-04-09 09:45:00+02:00,0.02533987945241323
2023-04-09 10:00:00+02:00,0.021276027361526857
2023-04-09 10:15:00+02:00,0.02351674140874413
2023-04-09 10:30:00+02:00,0.025790264464193757
2023-04-09 10:45:00+02:00,0.028094465332772482
2023-04-09 11:00:00+02:00,0.03042736826333437
2023-04-09 11:15:00+02:00,0.03210623793770027
2023-04-09 11:30:00+02:00,0.033786503934340184
2023-04-09 11:45:00+02:00,0.035468103617345405
2023-04-09 12:00:00+02:00,0.037150977996453956
2023-04-09 12:15:00+02:00,0.03596284797959558
2023-04-09 12:30:00+02:00,0.03480000315311181
2023-04-09 12:45:00+02:00,0.033663241293702226
2023-04-09 13:00:00+02:00,0.03255337504717943
2023-04-09 13:15:00+02:00,0.032499462436713075
2023-04-09 13:30:00+02:00,0.03256533584357468
2023-04-09 13:45:00+02:00,0.03275077939070425
2023-04-09 14:00:00+02:00,0.033055188127391784
2023-04-09 14:15:00+02:00,0.033403766184320095
2023-04-09 14:30:00+02:00,0.033753281397861205
2023-04-09 14:45:00+02:00,0.034103724915976276
2023-04-09 15:00:00+02:00,0.03445508797469041
2023-04-09 15:15:00+02:00,0.03521709828658875
2023-04-09 15:30:00+02:00,0.03598422676746664
2023-04-09 15:45:00+02:00,0.036756369785818435
2023-04-09 16:00:00+02:00,0.03753342583868097
2023-04-09 16:15:00+02:00,0.03820642324884835
2023-04-09 16:30:00+02:00,0.03888702052741691
2023-04-09 16:45:00+02:00,0.039575084455285986
2023-04-09 17:00:00+02:00,0.04027048349795407
2023-04-09 17:15:00+02:00,0.0472577769838325
2023-04-09 17:30:00+02:00,0.057021958759193955
2023-04-09 17:45:00+02:00,0.06692525693245205
2023-04-09 18:00:00+02:00,0.07695028152263572
2023-04-09 18:15:00+02:00,0.0865475362601876
2023-04-09 18:30:00+02:00,0.09731383095082437
2023-04-09 18:45:00+02:00,0.11388619974318101
2023-04-09 19:00:00+02:00,0.13094849153133564
2023-04-09 19:15:00+02:00,0.16183683033461174
2023-04-09 19:30:00+02:00,0.19765059550969455
2023-04-09 19:45:00+02:00,0.2384478371210542
2023-04-09 20:00:00+02:00,0.2792680014704459
2023-04-09 20:15:00+02:00,0.30781066311438404
2023-04-09 20:30:00+02:00,0.33956813537716635
2023-04-09 20:45:00+02:00,0.37251185957571376
2023-04-09 21:00:00+02:00,0.4065356612470132
2023-04-09 21:15:00+02:00,0.413458016074731
2023-04-09 21:30:00+02:00,0.42229352772769196
2023-04-09 21:45:00+02:00,0.4338049389674971
2023-04-09 22:00:00+02:00,0.44780996113461213
2023-04-09 22:15:00+02:00,0.45055147384832017
2023-04-09 22:30:00+02:00,0.4548163643764863
2023-04-09 22:45:00+02:00,0.46058954145135966
2023-04-09 23:00:00+02:00,0.4678508922396756
2023-04-09 23:15:00+02:00,0.4383075435875058
2023-04-09 23:30:00+02:00,0.41383510594383915
2023-04-09 23:45:00+02:00,0.3940758459530373
2023-04-10 00:00:00+02:00,0.37793356865053745
2023-04-10 00:15:00+02:00,0.37709497526134456
2023-04-10 00:30:00+02:00,0.3782744297084076
2023-04-10 00:45:00+02:00,0.38146531474766404
2023-04-10 01:00:00+02:00,0.3866498722627239
2023-04-10 01:15:00+02:00,0.38819555993734256
2023-04-10 01:30:00+02:00,0.3904453248633134
2023-04-10 01:45:00+02:00,0.39339481144479244
2023-04-10 02:00:00+02:00,0.39703836362643136
2023-04-10 02:15:00+02:00,0.3942350319106462
2023-04-10 02:30:00+02:00,0.39143795480246835
2023-04-10 02:45:00+02:00,0.3886471806177332
2023-04-10 03:00:00+02:00,0.3858627580606359
2023-04-10 03:15:00+02:00,0.3711384446254544
2023-04-10 03:30:00+02:00,0.3568912820380635
2023-04-10 03:45:00+02:00,0.34314086591206205
2023-04-10 04:00:00+02:00,0.3299071389124486
2023-04-10 04:15:00+02:00,0.31159599552835954
2023-04-10 04:30:00+02:00,0.29466532897145487
2023-04-10 04:45:00+02:00,0.2806804728467212
2023-04-10 05:00:00+02:00,0.26991771553163185
2023-04-10 05:15:00+02:00,0.27496158978513874
2023-04-10 05:30:00+02:00,0.2808312737136177
2023-04-10 05:45:00+02:00,0.28803973010580053
2023-04-10 06:00:00+02:00,0.2977157218429053
2023-04-10 06:15:00+02:00,0.3176879274695064
2023-04-10 06:30:00+02:00,0.3376653252292415
2023-04-10 06:45:00+02:00,0.35764762024320235
2023-04-10 07:00:00+02:00,0.3776345394826798
2023-04-10 07:15:00+02:00,0.3867986186194918
2023-04-10 07:30:00+02:00,0.3964755803353571
2023-04-10 07:45:00+02:00,0.4066519412149763
2023-04-10 08:00:00+02:00,0.4173140268009367
2023-04-10 08:15:00+02:00,0.423210861209638
2023-04-10 08:30:00+02:00,0.42960107321678564
2023-04-10 08:45:00+02:00,0.43648971498288186
2023-04-10 09:00:00+02:00,0.44352092301472285
2023-04-10 09:15:00+02:00,0.4064283221750974
2023-04-10 09:30:00+02:00,0.3714230721059624
2023-04-10 09:45:00+02:00,0.3366924046271552
2023-04-10 10:00:00+02:00,0.30226493277762173
2023-04-10 10:15:00+02:00,0.3172107234639918
2023-04-10 10:30:00+02:00,0.33257117227081107
2023-04-10 10:45:00+02:00,0.3483280107422588
2023-04-10 11:00:00+02:00,0.3644635967595893
2023-04-10 11:15:00+02:00,0.3639280294332368
2023-04-10 11:30:00+02:00,0.36348357621258004
2023-04-10 11:45:00+02:00,0.3631303516278558
2023-04-10 12:00:00+02:00,0.3628684468377016
2023-04-10 12:15:00+02:00,0.400238520833945
2023-04-10 12:30:00+02:00,0.441115274156357
2023-04-10 12:45:00+02:00,0.4870077626163147
2023-04-10 13:00:00+02:00,0.5346417000290984
2023-04-10 13:15:00+02:00,0.5459988507231925
2023-04-10 13:30:00+02:00,0.5587078875585479
2023-04-10 13:45:00+02:00,0.5727320908597897
2023-04-10 14:00:00+02:00,0.5881036657376435
2023-04-10 14:15:00+02:00,0.6114294180269351
2023-04-10 14:30:00+02:00,0.6349895938249273
2023-04-10 14:45:00+02:00,0.6587732285872161
2023-04-10 15:00:00+02:00,0.6827699363997161
2023-04-10 15:15:00+02:00,0.7017444624935761
2023-04-10 15:30:00+02:00,0.7207571140076384
2023-04-10 15:45:00+02:00,0.7398065251510763
2023-04-10 16:00:00+02:00,0.7557802691467661
2023-04-10 16:15:00+02:00,0.7435816440754
2023-04-10 16:30:00+02:00,0.7298094009726872
2023-04-10 16:45:00+02:00,0.7170831007815378
2023-04-10 17:00:00+02:00,0.7056070659841654
2023-04-10 17:15:00+02:00,0.721844790092843
2023-04-10 17:30:00+02:00,0.7404471518648416
2023-04-10 17:45:00+02:00,0.7577476301196465
2023-04-10 18:00:00+02:00,0.7763499886009496
2023-04-10 18:15:00+02:00,0.7585866570601315
2023-04-10 18:30:00+02:00,0.7433781720030738
2023-04-10 18:45:00+02:00,0.7279172761980579
2023-04-10 19:00:00+02:00,0.7157123182443574
2023-04-10 19:15:00+02:00,0.7022312343627211
2023-04-10 19:30:00+02:00,0.6903159178520694
2023-04-10 19:45:00+02:00,0.6800028938354008
2023-04-10 20:00:00+02:00,0.6713246974497945
2023-04-10 20:15:00+02:00,0.6758673747742889
2023-04-10 20:30:00+02:00,0.6823897465695915
2023-04-10 20:45:00+02:00,0.6908667121366978
2023-04-10 21:00:00+02:00,0.7012662780091758
2023-04-10 21:15:00+02:00,0.6950074913609701
2023-04-10 21:30:00+02:00,0.6889249985945776
2023-04-10 21:45:00+02:00,0.6830208948754974
2023-04-10 22:00:00+02:00,0.6772972457914131
2023-04-10 22:15:00+02:00,0.6750679074381772
2023-04-10 22:30:00+02:00,0.6729514842744069
2023-04-10 22:45:00+02:00,0.6709484469330976
2023-04-10 23:00:00+02:00,0.6690592432453322
2023-04-10 23:15:00+02:00,0.7094984375345115
2023-04-10 23:30:00+02:00,0.7497049800308011
2023-04-10 23:45:00+02:00,0.7844931080174598
2023-04-11 00:00:00+02:00,0.8202546977232489
2023-04-11 00:15:00+02:00,0.8168287409082999
2023-04-11 00:30:00+02:00,0.8147883814265847
2023-04-11 00:45:00+02:00,0.8141398693799284
2023-04-11 01:00:00+02:00,0.8148851991758049
2023-04-11 01:15:00+02:00,0.8098351560480243
2023-04-11 01:30:00+02:00,0.8080915256756929
2023-04-11 01:45:00+02:00,0.8096670956794532
2023-04-11 02:00:00+02:00,0.81455030812153
2023-04-11 02:15:00+02:00,0.7869663183566528
2023-04-11 02:30:00+02:00,0.7596809475371739
2023-04-11 02:45:00+02:00,0.7302713367485795
2023-04-11 03:00:00+02:00,0.6972313768261043
2023-04-11 03:15:00+02:00,0.709279018139214
2023-04-11 03:30:00+02:00,0.7213482093572482
2023-04-11 03:45:00+02:00,0.7334384584508862
2023-04-11 04:00:00+02:00,0.7450269310254402
2023-04-11 04:15:00+02:00,0.7565907863235529
2023-04-11 04:30:00+02:00,0.7681548414275207
2023-04-11 04:45:00+02:00,0.7797190910962857
2023-04-11 05:00:00+02:00,0.7912835302704209
2023-04-11 05:15:00+02:00,0.7774314264333655
2023-04-11 05:30:00+02:00,0.7637865453551562
2023-04-11 05:45:00+02:00,0.7503554463681779
2023-04-11 06:00:00+02:00,0.7357696797459692
2023-04-11 06:15:00+02:00,0.7256000989591737
2023-04-11 06:30:00+02:00,0.7155439246588801
2023-04-11 06:45:00+02:00,0.7056033528290822
2023-04-11 07:00:00+02:00,0.6957806102828911
2023-04-11 07:15:00+02:00,0.6896704725875297
2023-04-11 07:30:00+02:00,0.6837412689523668
2023-04-11 07:45:00+02:00,0.6779951023813433
2023-04-11 08:00:00+02:00,0.6724340421658354
2023-04-11 08:15:00+02:00,0.6711701705754314
2023-04-11 08:30:00+02:00,0.6699075389032528
2023-04-11 08:45:00+02:00,0.6686461502371345
2023-04-11 09:00:00+02:00,0.6673860076721175
2023-04-11 09:15:00+02:00,0.7274582880019306
2023-04-11 09:30:00+02:00,0.7825139494725997
2023-04-11 09:45:00+02:00,0.8378200964468888
2023-04-11 10:00:00+02:00,0.8868939257261856
2023-04-11 10:15:00+02:00,0.8656476914025375
2023-04-11 10:30:00+02:00,0.8356967894153376
2023-04-11 10:45:00+02:00,0.8061646366694395
2023-04-11 11:00:00+02:00,0.7770793406496722
2023-04-11 11:15:00+02:00,0.7333785393922044
2023-04-11 11:30:00+02:00,0.6833291239030981
2023-04-11 11:45:00+02:00,0.6353605356475873
2023-04-11 12:00:00+02:00,0.5896804388752197
2023-04-11 12:15:00+02:00,0.5840617731104765
2023-04-11 12:30:00+02:00,0.5785367577696708
2023-04-11 12:45:00+02:00,0.5730435200882215
2023-04-11 13:00:00+02:00,0.5675714341728358
2023-04-11 13:15:00+02:00,0.5968318458214599
2023-04-11 13:30:00+02:00,0.6263327230341791
2023-04-11 13:45:00+02:00,0.6558351523984439
2023-04-11 14:00:00+02:00,0.6853390445763247
2023-04-11 14:15:00+02:00,0.6980952142671146
2023-04-11 14:30:00+02:00,0.7108603431220702
2023-04-11 14:45:00+02:00,0.7236342134436469
2023-04-11 15:00:00+02:00,0.736416614388709
2023-04-11 15:15:00+02:00,0.7048890275652266
2023-04-11 15:30:00+02:00,0.6735500776583095
2023-04-11 15:45:00+02:00,0.6424116292699363
2023-04-11 16:00:00+02:00,0.6114864772748583
2023-04-11 16:15:00+02:00,0.5667398041521986
2023-04-11 16:30:00+02:00,0.5229664687319061
2023-04-11 16:45:00+02:00,0.4798016933810298
2023-04-11 17:00:00+02:00,0.4373076159946388
2023-04-11 17:15:00+02:00,0.3969357052099018
2023-04-11 17:30:00+02:00,0.3592269661251126
2023-04-11 17:45:00+02:00,0.3231667912459008
2023-04-11 18:00:00+02:00,0.28893597016826605
2023-04-11 18:15:00+02:00,0.2635348925965346
2023-04-11 18:30:00+02:00,0.23967567249460658
2023-04-11 18:45:00+02:00,0.21670470709147457
2023-04-11 19:00:00+02:00,0.19471372934773432
2023-04-11 19:15:00+02:00,0.19580100395378108
2023-04-11 19:30:00+02:00,0.19860493447409003
2023-04-11 19:45:00+02:00,0.20310415132504264
2023-04-11 20:00:00+02:00,0.20926509775127813
2023-04-11 20:15:00+02:00,0.21087713778196104
2023-04-11 20:30:00+02:00,0.21579983888678694
2023-04-11 20:45:00+02:00,0.22396301590830825
2023-04-11 21:00:00+02:00,0.2352545705134676
2023-04-11 21:15:00+02:00,0.2520760463310366
2023-04-11 21:30:00+02:00,0.269183118996318
2023-04-11 21:45:00+02:00,0.286806364478875
2023-04-11 22:00:00+02:00,0.3096565932491163
2023-04-11 22:15:00+02:00,0.3163915595502541
2023-04-11 22:30:00+02:00,0.32406241619790593
2023-04-11 22:45:00+02:00,0.3326482588855611
2023-04-11 23:00:00+02:00,0.3421264209871788
2023-04-11 23:15:00+02:00,0.34819462265077655
2023-04-11 23:30:00+02:00,0.35593563548648843
2023-04-11 23:45:00+02:00,0.36531291238510893
2023-04-12 00:00:00+02:00,0.3762835908157667
2023-04-12 00:15:00+02:00,0.4060479800049187
2023-04-12 00:30:00+02:00,0.43697030423552957
2023-04-12 00:45:00+02:00,0.47029751463426894
2023-04-12 01:00:00+02:00,0.5036386924071901
2023-04-12 01:15:00+02:00,0.5208864965249993
2023-04-12 01:30:00+02:00,0.5382293808018308
2023-04-12 01:45:00+02:00,0.5556637776417133
2023-04-12 02:00:00+02:00,0.5731862782693241
2023-04-12 02:15:00+02:00,0.5888808116940921
2023-04-12 02:30:00+02:00,0.6065013358487267
2023-04-12 02:45:00+02:00,0.6258307323972878
2023-04-12 03:00:00+02:00,0.6468029038884131
2023-04-12 03:15:00+02:00,0.6626047015544463
2023-04-12 03:30:00+02:00,0.68109129364338
2023-04-12 03:45:00+02:00,0.702166900851368
2023-04-12 04:00:00+02:00,0.7257277978694807
2023-04-12 04:15:00+02:00,0.7383594101741655
2023-04-12 04:30:00+02:00,0.7498844093395258
2023-04-12 04:45:00+02:00,0.7609967576890567
2023-04-12 05:00:00+02:00,0.7725574906189524
2023-04-12 05:15:00+02:00,0.778184637738112
2023-04-12 05:30:00+02:00,0.7846199462053713
2023-04-12 05:45:00+02:00,0.7918517264045641
2023-04-12 06:00:00+02:00,0.7998671092431224
2023-04-12 06:15:00+02:00,0.7921009072429624
2023-04-12 06:30:00+02:00,0.7855199406960642
2023-04-12 06:45:00+02:00,0.7801418967966907
2023-04-12 07:00:00+02:00,0.7759814916899332
2023-04-12 07:15:00+02:00,0.7456123560456864
2023-04-12 07:30:00+02:00,0.7119990269225606
2023-04-12 07:45:00+02:00,0.6813542212295182
2023-04-12 08:00:00+02:00,0.6545628142091733
2023-04-12 08:15:00+02:00,0.6020393029566049
2023-04-12 08:30:00+02:00,0.5529756931650344
2023-04-12 08:45:00+02:00,0.5074696179111842
2023-04-12 09:00:00+02:00,0.4655871202158713
2023-04-12 09:15:00+02:00,0.4425500641135208
2023-04-12 09:30:00+02:00,0.4268140824763013
2023-04-12 09:45:00+02:00,0.4194542416269048
2023-04-12 10:00:00+02:00,0.4190665827569122
2023-04-12 10:15:00+02:00,0.3802346856956081
2023-04-12 10:30:00+02:00,0.36269694007889525
2023-04-12 10:45:00+02:00,0.3675057183735214
2023-04-12 11:00:00+02:00,0.39436583804051234
2023-04-12 11:15:00+02:00,0.3079530042466206
2023-04-12 11:30:00+02:00,0.2433723710738167
2023-04-12 11:45:00+02:00,0.1929481823551028
2023-04-12 12:00:00+02:00,0.15948997273695223
2023-04-12 12:15:00+02:00,0.14984329717321265
2023-04-12 12:30:00+02:00,0.1414222611090032
2023-04-12 12:45:00+02:00,0.134295712404978
2023-04-12 13:00:00+02:00,0.1285259877476358
2023-04-12 13:15:00+02:00,0.14782219844897682
2023-04-12 13:30:00+02:00,0.1673770847056589
2023-04-12 13:45:00+02:00,0.1902785591361048
2023-04-12 14:00:00+02:00,0.21663678892291907
2023-04-12 14:15:00+02:00,0.23368388839844326
2023-04-12 14:30:00+02:00,0.25073746669506347
2023-04-12 14:45:00+02:00,0.26779707614404646
2023-04-12 15:00:00+02:00,0.28486230925387374
2023-04-12 15:15:00+02:00,0.2895177623989613
2023-04-12 15:30:00+02:00,0.294753294457054
2023-04-12 15:45:00+02:00,0.3003109698682256
2023-04-12 16:00:00+02:00,0.30618543789900193
2023-04-12 16:15:00+02:00,0.3453379626101629
2023-04-12 16:30:00+02:00,0.3904416116250058
2023-04-12 16:45:00+02:00,0.4425213138463684
2023-04-12 17:00:00+02:00,0.5039662848348064
2023-04-12 17:15:00+02:00,0.4351289951698117
2023-04-12 17:30:00+02:00,0.3759886552424228
2023-04-12 17:45:00+02:00,0.32171327281521656
2023-04-12 18:00:00+02:00,0.2751478858944288
2023-04-12 18:15:00+02:00,0.2681933037121482
2023-04-12 18:30:00+02:00,0.2636823437462386
2023-04-12 18:45:00+02:00,0.26166004372221585
2023-04-12 19:00:00+02:00,0.26214695257988707
2023-04-12 19:15:00+02:00,0.27622814151460584
2023-04-12 19:30:00+02:00,0.2922501741101981
2023-04-12 19:45:00+02:00,0.311631922128951
2023-04-12 20:00:00+02:00,0.331528015901807
2023-04-12 20:15:00+02:00,0.3626763917972943
2023-04-12 20:30:00+02:00,0.39549871984594676
2023-04-12 20:45:00+02:00,0.43028285580123676
2023-04-12 21:00:00+02:00,0.4702660186152665
2023-04-12 21:15:00+02:00,0.44339049067952413
2023-04-12 21:30:00+02:00,0.4398965891920828
2023-04-12 21:45:00+02:00,0.45997417570681653
2023-04-12 22:00:00+02:00,0.5025589852501101
2023-04-12 22:15:00+02:00,0.5564138138214093
2023-04-12 22:30:00+02:00,0.6108444080959206
2023-04-12 22:45:00+02:00,0.6658323616562559
2023-04-12 23:00:00+02:00,0.7209541293098533
2023-04-12 23:15:00+02:00,0.7728988465861136
2023-04-12 23:30:00+02:00,0.8210357426671452
2023-04-12 23:45:00+02:00,0.8695694635694603
2023-04-13 00:00:00+02:00,0.901041249208098
2023-04-13 00:15:00+02:00,0.9216571810847198
2023-04-13 00:30:00+02:00,0.9435372316081073
2023-04-13 00:45:00+02:00,0.958652834685541
2023-04-13 01:00:00+02:00,0.9693112575797668
2023-04-13 01:15:00+02:00,0.9714473524663854
2023-04-13 01:30:00+02:00,0.9739660777651669
2023-04-13 01:45:00+02:00,0.9768610518568999
2023-04-13 02:00:00+02:00,0.980125113763623
2023-04-13 02:15:00+02:00,0.9863259634001141
2023-04-13 02:30:00+02:00,0.9896088854702736
2023-04-13 02:45:00+02:00,0.9917472946444567
2023-04-13 03:00:00+02:00,0.9939193090393645
2023-04-13 03:15:00+02:00,0.99452852251901
2023-04-13 03:30:00+02:00,0.9952796405671136
2023-04-13 03:45:00+02:00,0.9961706995107974
2023-04-13 04:00:00+02:00,0.9971994164850123
2023-04-13 04:15:00+02:00,0.9939429231156351
2023-04-13 04:30:00+02:00,0.9909437223662539
2023-04-13 04:45:00+02:00,0.9882167617906115
2023-04-13 05:00:00+02:00,0.9811394794420015
2023-04-13 05:15:00+02:00,0.965442284314874
2023-04-13 05:30:00+02:00,0.947476426274956
2023-04-13 05:45:00+02:00,0.9141550370111439
2023-04-13 06:00:00+02:00,0.8821543479076291
2023-04-13 06:15:00+02:00,0.8524516874392946
2023-04-13 06:30:00+02:00,0.8167748229917349
2023-04-13 06:45:00+02:00,0.781460115806342
2023-04-13 07:00:00+02:00,0.7465373231659045
2023-04-13 07:15:00+02:00,0.7444363348139302
2023-04-13 07:30:00+02:00,0.7422128551187035
2023-04-13 07:45:00+02:00,0.7396123412284049
2023-04-13 08:00:00+02:00,0.7370149844052382
2023-04-13 08:15:00+02:00,0.7479501238809949
2023-04-13 08:30:00+02:00,0.7578315079827181
2023-04-13 08:45:00+02:00,0.7677908849835714
2023-04-13 09:00:00+02:00,0.7778264904333552
2023-04-13 09:15:00+02:00,0.8647967816025888
2023-04-13 09:30:00+02:00,0.9241457305505268
2023-04-13 09:45:00+02:00,0.9658049547395245
2023-04-13 10:00:00+02:00,0.9895092432107313
2023-04-13 10:15:00+02:00,0.9812944636972416
2023-04-13 10:30:00+02:00,0.9706044358444093
2023-04-13 10:45:00+02:00,0.9602930893911791
2023-04-13 11:00:00+02:00,0.9478633350988301
2023-04-13 11:15:00+02:00,0.8697598420724227
2023-04-13 11:30:00+02:00,0.7514176672792447
2023-04-13 11:45:00+02:00,0.6142675705375715
2023-04-13 12:00:00+02:00,0.4865262485424248
2023-04-13 12:15:00+02:00,0.5210476889147264
2023-04-13 12:30:00+02:00,0.555569510037951
2023-04-13 12:45:00+02:00,0.590194083418028
2023-04-13 13:00:00+02:00,0.6252396536404415
2023-04-13 13:15:00+02:00,0.6357769339989022
2023-04-13 13:30:00+02:00,0.6469352951744646
2023-04-13 13:45:00+02:00,0.6587009783912783
2023-04-13 14:00:00+02:00,0.6710599124912571
2023-04-13 14:15:00+02:00,0.655880768409152
2023-04-13 14:30:00+02:00,0.6418739909791517
2023-04-13 14:45:00+02:00,0.6290728338806132
2023-04-13 15:00:00+02:00,0.6175087964160756
2023-04-13 15:15:00+02:00,0.5646470754670172
2023-04-13 15:30:00+02:00,0.5131107249401353
2023-04-13 15:45:00+02:00,0.46248712111371315
2023-04-13 16:00:00+02:00,0.41429861287560665
2023-04-13 16:15:00+02:00,0.3818537993986846
2023-04-13 16:30:00+02:00,0.3497146182600928
2023-04-13 16:45:00+02:00,0.31791008757389094
2023-04-13 17:00:00+02:00,0.28647265424323565
2023-04-13 17:15:00+02:00,0.2833507249892872
2023-04-13 17:30:00+02:00,0.2804760876716649
2023-04-13 17:45:00+02:00,0.2776760651675583
2023-04-13 18:00:00+02:00,0.2749514958859019
2023-04-13 18:15:00+02:00,0.23638800449314146
2023-04-13 18:30:00+02:00,0.1982492345355688
2023-04-13 18:45:00+02:00,0.16466598096460958
2023-04-13 19:00:00+02:00,0.1365800580543691
2023-04-13 19:15:00+02:00,0.12459631610569738
2023-04-13 19:30:00+02:00,0.11396119382472278
2023-04-13 19:45:00+02:00,0.10477709005039476
2023-04-13 20:00:00+02:00,0.09714090723512006
2023-04-13 20:15:00+02:00,0.12133648178204115
2023-04-13 20:30:00+02:00,0.14573208030434304
2023-04-13 20:45:00+02:00,0.17029756807472496
2023-04-13 21:00:00+02:00,0.200628771339933
2023-04-13 21:15:00+02:00,0.214709341115041
2023-04-13 21:30:00+02:00,0.2290884365323717
2023-04-13 21:45:00+02:00,0.24374808157936245
2023-04-13 22:00:00+02:00,0.2586714045306918
2023-04-13 22:15:00+02:00,0.2598853245326406
2023-04-13 22:30:00+02:00,0.26142806784586603
2023-04-13 22:45:00+02:00,0.2632975664809702
2023-04-13 23:00:00+02:00,0.2654913376076891
2023-04-13 23:15:00+02:00,0.2660022616551808
2023-04-13 23:30:00+02:00,0.2665500122281469
2023-04-13 23:45:00+02:00,0.2671345075219813
2023-04-14 00:00:00+02:00,0.26775566051136446
2023-04-14 00:15:00+02:00,0.24575620338792312
2023-04-14 00:30:00+02:00,0.2259929375573779
2023-04-14 00:45:00+02:00,0.2086605001127526
2023-04-14 01:00:00+02:00,0.19394854102881715
2023-04-14 01:15:00+02:00,0.17715121867308017
2023-04-14 01:30:00+02:00,0.16438757585347452
2023-04-14 01:45:00+02:00,0.15165458356913722
2023-04-14 02:00:00+02:00,0.13895481827806472
2023-04-14 02:15:00+02:00,0.12853755928085256
2023-04-14 02:30:00+02:00,0.1183194423207426
2023-04-14 02:45:00+02:00,0.10831487231130446
2023-04-14 03:00:00+02:00,0.09853933045013753
2023-04-14 03:15:00+02:00,0.09529440554329355
2023-04-14 03:30:00+02:00,0.09325429726651319
2023-04-14 03:45:00+02:00,0.09123879660530278
2023-04-14 04:00:00+02:00,0.08922676717531482
2023-04-14 04:15:00+02:00,0.08473585197545001
2023-04-14 04:30:00+02:00,0.08041177857509717
2023-04-14 04:45:00+02:00,0.0762636801029908
2023-04-14 05:00:00+02:00,0.0723009547776833
2023-04-14 05:15:00+02:00,0.06562915008441413
2023-04-14 05:30:00+02:00,0.05915569602802133
2023-04-14 05:45:00+02:00,0.0528986261804239
2023-04-14 06:00:00+02:00,0.04687750771571433
2023-04-14 06:15:00+02:00,0.04211494310525451
2023-04-14 06:30:00+02:00,0.03863147873590049
2023-04-14 06:45:00+02:00,0.035280089966489306
2023-04-14 07:00:00+02:00,0.03207296262949289
2023-04-14 07:15:00+02:00,0.0305956465893403
2023-04-14 07:30:00+02:00,0.029835617853902492
2023-04-14 07:45:00+02:00,0.02980820346748828
2023-04-14 08:00:00+02:00,0.03051396434417647
2023-04-14 08:15:00+02:00,0.02636741520774787
2023-04-14 08:30:00+02:00,0.023416325927810393
2023-04-14 08:45:00+02:00,0.021768015719077393
2023-04-14 09:00:00+02:00,0.021487980235278453
2023-04-14 09:15:00+02:00,0.0166688521947412
2023-04-14 09:30:00+02:00,0.013227591428334306
2023-04-14 09:45:00+02:00,0.011698042803098442
2023-04-14 10:00:00+02:00,0.010569779635716226
2023-04-14 10:15:00+02:00,0.014122606398818313
2023-04-14 10:30:00+02:00,0.02154337781354489
2023-04-14 10:45:00+02:00,0.02897502101255664
2023-04-14 11:00:00+02:00,0.03641539707035325
2023-04-14 11:15:00+02:00,0.03539991286260226
2023-04-14 11:30:00+02:00,0.034528287973689134
2023-04-14 11:45:00+02:00,0.03380392032917634
2023-04-14 12:00:00+02:00,0.033229715552974805
2023-04-14 12:15:00+02:00,0.03581191829788781
2023-04-14 12:30:00+02:00,0.03853550121628824
2023-04-14 12:45:00+02:00,0.04139069948552714
2023-04-14 13:00:00+02:00,0.04459036425288396
2023-04-14 13:15:00+02:00,0.04237509148090125
2023-04-14 13:30:00+02:00,0.040425922339418045
2023-04-14 13:45:00+02:00,0.038522936801679925
2023-04-14 14:00:00+02:00,0.0366684563910946
2023-04-14 14:15:00+02:00,0.035774123360732664
2023-04-14 14:30:00+02:00,0.034897216414280466
2023-04-14 14:45:00+02:00,0.034038148766491236
2023-04-14 15:00:00+02:00,0.033197337989602504
2023-04-14 15:15:00+02:00,0.03048345196374369
2023-04-14 15:30:00+02:00,0.0277755066414086
2023-04-14 15:45:00+02:00,0.02507397527235768
2023-04-14 16:00:00+02:00,0.022379381430882958
2023-04-14 16:15:00+02:00,0.021987611819414884
2023-04-14 16:30:00+02:00,0.02175747184799511
2023-04-14 16:45:00+02:00,0.021690093350150437
2023-04-14 17:00:00+02:00,0.02178580969031301
2023-04-14 17:15:00+02:00,0.024144933179438763
2023-04-14 17:30:00+02:00,0.02679007447534484
2023-04-14 17:45:00+02:00,0.02969994515653134
2023-04-14 18:00:00+02:00,0.03285349201625777
2023-04-14 18:15:00+02:00,0.03436026837333359
2023-04-14 18:30:00+02:00,0.03631777718742305
2023-04-14 18:45:00+02:00,0.0387031248974739
2023-04-14 19:00:00+02:00,0.04149045489041594
2023-04-14 19:15:00+02:00,0.0432907941762601
2023-04-14 19:30:00+02:00,0.04682830969777852
2023-04-14 19:45:00+02:00,0.05184622084559316
2023-04-14 20:00:00+02:00,0.057754250859948786
2023-04-14 20:15:00+02:00,0.06483259892825145
2023-04-14 20:30:00+02:00,0.07203983713265454
2023-04-14 20:45:00+02:00,0.07936435778357176
2023-04-14 21:00:00+02:00,0.08679574894395267
2023-04-14 21:15:00+02:00,0.10402406560307013
2023-04-14 21:30:00+02:00,0.12636502751513073
2023-04-14 21:45:00+02:00,0.14871280930502562
2023-04-14 22:00:00+02:00,0.17106647122580249
2023-04-14 22:15:00+02:00,0.18451481302280723
2023-04-14 22:30:00+02:00,0.20023203792255842
2023-04-14 22:45:00+02:00,0.2161873384624449
2023-04-14 23:00:00+02:00,0.23236455033090037
2023-04-14 23:15:00+02:00,0.21458978466961487
2023-04-14 23:30:00+02:00,0.19694005296265946
2023-04-14 23:45:00+02:00,0.1794255086554195
2023-04-15 00:00:00+02:00,0.16576195243028327
2023-04-15 00:15:00+02:00,0.16467883147624418
2023-04-15 00:30:00+02:00,0.16364283481449315
2023-04-15 00:45:00+02:00,0.16265426876702346
2023-04-15 01:00:00+02:00,0.1617134281116816
2023-04-15 01:15:00+02:00,0.15794180659400067
2023-04-15 01:30:00+02:00,0.1541931070930719
2023-04-15 01:45:00+02:00,0.1504678828585792
2023-04-15 02:00:00+02:00,0.14676670145372384
2023-04-15 02:15:00+02:00,0.14033804677900624
2023-04-15 02:30:00+02:00,0.1343100011698755
2023-04-15 02:45:00+02:00,0.12869887531716875
2023-04-15 03:00:00+02:00,0.12352065634133155
2023-04-15 03:15:00+02:00,0.1266906655617217
2023-04-15 03:30:00+02:00,0.13106603477854117
2023-04-15 03:45:00+02:00,0.13661176842861603
2023-04-15 04:00:00+02:00,0.14328542467077382
2023-04-15 04:15:00+02:00,0.15614527046260024
2023-04-15 04:30:00+02:00,0.16969430423277618
2023-04-15 04:45:00+02:00,0.1859474512026472
2023-04-15 05:00:00+02:00,0.20541726657281037
2023-04-15 05:15:00+02:00,0.21326726726748638
2023-04-15 05:30:00+02:00,0.22117077605378602
2023-04-15 05:45:00+02:00,0.22912598500529208
2023-04-15 06:00:00+02:00,0.23713115568595436
2023-04-15 06:15:00+02:00,0.2244702497380346
2023-04-15 06:30:00+02:00,0.21268077389143805
2023-04-15 06:45:00+02:00,0.2018084293634893
2023-04-15 07:00:00+02:00,0.19189823396960354
2023-04-15 07:15:00+02:00,0.19059561892899637
2023-04-15 07:30:00+02:00,0.1929256387787833
2023-04-15 07:45:00+02:00,0.1988504785203239
2023-04-15 08:00:00+02:00,0.20827630318661683
2023-04-15 08:15:00+02:00,0.19601451084580557
2023-04-15 08:30:00+02:00,0.18446603193547506
2023-04-15 08:45:00+02:00,0.1745664754804617
2023-04-15 09:00:00+02:00,0.1669786646125638
2023-04-15 09:15:00+02:00,0.16252437906860778
2023-04-15 09:30:00+02:00,0.15828209307997715
2023-04-15 09:45:00+02:00,0.15425755054899343
2023-04-15 10:00:00+02:00,0.15045639385703324
2023-04-15 10:15:00+02:00,0.15672217536183633
2023-04-15 10:30:00+02:00,0.16377713135129965
2023-04-15 10:45:00+02:00,0.1715869702033862
2023-04-15 11:00:00+02:00,0.18098805143942714
2023-04-15 11:15:00+02:00,0.16739463481614808
2023-04-15 11:30:00+02:00,0.15705572730390024
2023-04-15 11:45:00+02:00,0.14925831753119626
2023-04-15 12:00:00+02:00,0.14413177589767062
2023-04-15 12:15:00+02:00,0.18154335544109548
2023-04-15 12:30:00+02:00,0.23072246452317374
2023-04-15 12:45:00+02:00,0.28083956543309485
2023-04-15 13:00:00+02:00,0.3453691948341391
2023-04-15 13:15:00+02:00,0.38356714003686837
2023-04-15 13:30:00+02:00,0.42204097840178934
2023-04-15 13:45:00+02:00,0.46486507117024145
2023-04-15 14:00:00+02:00,0.5084323926491151
2023-04-15 14:15:00+02:00,0.5133638478596598
2023-04-15 14:30:00+02:00,0.5191403766245236
2023-04-15 14:45:00+02:00,0.5257511846057259
2023-04-15 15:00:00+02:00,0.5331841427346125
2023-04-15 15:15:00+02:00,0.5393321563854819
2023-04-15 15:30:00+02:00,0.5465407371984283
2023-04-15 15:45:00+02:00,0.5547933342182019
2023-04-15 16:00:00+02:00,0.5640714191849551
2023-04-15 16:15:00+02:00,0.5688830217009843
2023-04-15 16:30:00+02:00,0.5737770492119786
2023-04-15 16:45:00+02:00,0.5787526432616014
2023-04-15 17:00:00+02:00,0.5838161494736345
2023-04-15 17:15:00+02:00,0.5818382074613222
2023-04-15 17:30:00+02:00,0.5798721270672821
2023-04-15 17:45:00+02:00,0.5779107215704457
2023-04-15 18:00:00+02:00,0.5759540105230079
2023-04-15 18:15:00+02:00,0.5658593658353462
2023-04-15 18:30:00+02:00,0.5559065754861483
2023-04-15 18:45:00+02:00,0.5460987152829944
2023-04-15 19:00:00+02:00,0.5364389038421482
2023-04-15 19:15:00+02:00,0.5242185158250561
2023-04-15 19:30:00+02:00,0.5124832994437125
2023-04-15 19:45:00+02:00,0.5012460762597155
2023-04-15 20:00:00+02:00,0.4905195504875136
2023-04-15 20:15:00+02:00,0.4775071498898979
2023-04-15 20:30:00+02:00,0.46521493288355614
2023-04-15 20:45:00+02:00,0.45366357348594943
2023-04-15 21:00:00+02:00,0.4428732266856886
2023-04-15 21:15:00+02:00,0.43627731371676465
2023-04-15 21:30:00+02:00,0.4300079419063861
2023-04-15 21:45:00+02:00,0.4242949033710517
2023-04-15 22:00:00+02:00,0.4192872544960297
2023-04-15 22:15:00+02:00,0.4080540225121746
2023-04-15 22:30:00+02:00,0.3968310615562863
2023-04-15 22:45:00+02:00,0.38561869086953904
2023-04-15 23:00:00+02:00,0.37441724274117444
2023-04-15 23:15:00+02:00,0.3322358345239897
2023-04-15 23:30:00+02:00,0.2901581295108864
2023-04-15 23:45:00+02:00,0.25678221058414263
2023-04-16 00:00:00+02:00,0.22452637459782035
2023-04-16 00:15:00+02:00,0.2215521364610307
2023-04-16 00:30:00+02:00,0.21875080524574636
2023-04-16 00:45:00+02:00,0.21612449075164483
2023-04-16 01:00:00+02:00,0.21367520224643266
2023-04-16 01:15:00+02:00,0.2151513626663929
2023-04-16 01:30:00+02:00,0.21707384948025588
2023-04-16 01:45:00+02:00,0.21943894311113984
2023-04-16 02:00:00+02:00,0.22224212408147592
2023-04-16 02:15:00+02:00,0.22737927153701495
2023-04-16 02:30:00+02:00,0.23272114053649856
2023-04-16 02:45:00+02:00,0.2382631160023152
2023-04-16 03:00:00+02:00,0.24400055538130236
2023-04-16 03:15:00+02:00,0.2410864880668603
2023-04-16 03:30:00+02:00,0.23823512018313242
2023-04-16 03:45:00+02:00,0.23544720919837958
2023-04-16 04:00:00+02:00,0.2327235075652029
2023-04-16 04:15:00+02:00,0.23094972956864696
2023-04-16 04:30:00+02:00,0.2293170244800035
2023-04-16 04:45:00+02:00,0.22782637880275192
2023-04-16 05:00:00+02:00,0.2264787012526711
2023-04-16 05:15:00+02:00,0.22331326329626672
2023-04-16 05:30:00+02:00,0.22022649023227492
2023-04-16 05:45:00+02:00,0.21721943805073626
2023-04-16 06:00:00+02:00,0.21429315371967292
2023-04-16 06:15:00+02:00,0.21196628632725112
2023-04-16 06:30:00+02:00,0.2096409681131868
2023-04-16 06:45:00+02:00,0.20731721497161423
2023-04-16 07:00:00+02:00,0.20499504300391974
2023-04-16 07:15:00+02:00,0.20815133652722506
2023-04-16 07:30:00+02:00,0.21132933664986545
2023-04-16 07:45:00+02:00,0.21452874219837592
2023-04-16 08:00:00+02:00,0.2177492555723749
2023-04-16 08:15:00+02:00,0.24261793518032257
2023-04-16 08:30:00+02:00,0.2684304635999654
2023-04-16 08:45:00+02:00,0.29787393506316084
2023-04-16 09:00:00+02:00,0.3334353319611042
2023-04-16 09:15:00+02:00,0.3086263179776891
2023-04-16 09:30:00+02:00,0.2846958495466743
2023-04-16 09:45:00+02:00,0.2664861720666734
2023-04-16 10:00:00+02:00,0.24879091521505928
2023-04-16 10:15:00+02:00,0.2363022414751628
2023-04-16 10:30:00+02:00,0.2241909677793539
2023-04-16 10:45:00+02:00,0.21247710969164516
2023-04-16 11:00:00+02:00,0.20118139445417343
2023-04-16 11:15:00+02:00,0.17427003828444215
2023-04-16 11:30:00+02:00,0.15319493996961542
2023-04-16 11:45:00+02:00,0.1322137701825038
2023-04-16 12:00:00+02:00,0.11134038097923309
2023-04-16 12:15:00+02:00,0.11544052605579826
2023-04-16 12:30:00+02:00,0.1196127637988403
2023-04-16 12:45:00+02:00,0.12385504026577585
2023-04-16 13:00:00+02:00,0.12816534624692066
2023-04-16 13:15:00+02:00,0.13122664078164753
2023-04-16 13:30:00+02:00,0.13430453176228033
2023-04-16 13:45:00+02:00,0.13739868080374612
2023-04-16 14:00:00+02:00,0.14050875694219178
2023-04-16 14:15:00+02:00,0.1366690860600496
2023-04-16 14:30:00+02:00,0.13287559419396772
2023-04-16 14:45:00+02:00,0.1291294633798907
2023-04-16 15:00:00+02:00,0.12543190081457464
2023-04-16 15:15:00+02:00,0.123668723169851
2023-04-16 15:30:00+02:00,0.1220674741960216
2023-04-16 15:45:00+02:00,0.12062993755512458
2023-04-16 16:00:00+02:00,0.11935773692163658
2023-04-16 16:15:00+02:00,0.11498334847768113
2023-04-16 16:30:00+02:00,0.11175456823379995
2023-04-16 16:45:00+02:00,0.10969749632818057
2023-04-16 17:00:00+02:00,0.10882917475632925
2023-04-16 17:15:00+02:00,0.11940516768459672
2023-04-16 17:30:00+02:00,0.1306858510524867
2023-04-16 17:45:00+02:00,0.14261916841854946
2023-04-16 18:00:00+02:00,0.1551554779178536
2023-04-16 18:15:00+02:00,0.1746885329253572
2023-04-16 18:30:00+02:00,0.2000021770536361
2023-04-16 18:45:00+02:00,0.22653921814595118
2023-04-16 19:00:00+02:00,0.2534011870630865
2023-04-16 19:15:00+02:00,0.2529319561712778
2023-04-16 19:30:00+02:00,0.2552143077007884
2023-04-16 19:45:00+02:00,0.2602225336335768
2023-04-16 20:00:00+02:00,0.26790132981245657
2023-04-16 20:15:00+02:00,0.24625956189674825
2023-04-16 20:30:00+02:00,0.22484707378922575
2023-04-16 20:45:00+02:00,0.20368564352992402
2023-04-16 21:00:00+02:00,0.1827995892023209
2023-04-16 21:15:00+02:00,0.19273207861861008
2023-04-16 21:30:00+02:00,0.20266464884692695
2023-04-16 21:45:00+02:00,0.21259729637303318
2023-04-16 22:00:00+02:00,0.2225300178835171
2023-04-16 22:15:00+02:00,0.2302545814718607
2023-04-16 22:30:00+02:00,0.23847780984063224
2023-04-16 22:45:00+02:00,0.2471826125081808
2023-04-16 23:00:00+02:00,0.2563517379204481
2023-04-16 23:15:00+02:00,0.26111707459397754
2023-04-16 23:30:00+02:00,0.26610340771507723
2023-04-16 23:45:00+02:00,0.27130629345630597
2023-04-17 00:00:00+02:00,0.2767212210692282
2023-04-17 00:15:00+02:00,0.25724712596279614
2023-04-17 00:30:00+02:00,0.2385409113232675
2023-04-17 00:45:00+02:00,0.2206647368944205
2023-04-17 01:00:00+02:00,0.20368442519359947
2023-04-17 01:15:00+02:00,0.19417674945852803
2023-04-17 01:30:00+02:00,0.18469215359656382
2023-04-17 01:45:00+02:00,0.17575126253753623
2023-04-17 02:00:00+02:00,0.16859699552292134
2023-04-17 02:15:00+02:00,0.17222337643509392
2023-04-17 02:30:00+02:00,0.17587156660621792
2023-04-17 02:45:00+02:00,0.18022982141368266
2023-04-17 03:00:00+02:00,0.18509683577965363
2023-04-17 03:15:00+02:00,0.18470610429206305
2023-04-17 03:30:00+02:00,0.184719869322989
2023-04-17 03:45:00+02:00,0.1851381054774649
2023-04-17 04:00:00+02:00,0.18596004216764045
2023-04-17 04:15:00+02:00,0.17864812146565523
2023-04-17 04:30:00+02:00,0.17344213805849298
2023-04-17 04:45:00+02:00,0.169206620130041
2023-04-17 05:00:00+02:00,0.16565275867238274
2023-04-17 05:15:00+02:00,0.1573328062464343
2023-04-17 05:30:00+02:00,0.1494035982413275
2023-04-17 05:45:00+02:00,0.1418854579349742
2023-04-17 06:00:00+02:00,0.13479897630503013
2023-04-17 06:15:00+02:00,0.13811472257230312
2023-04-17 06:30:00+02:00,0.14152382030434746
2023-04-17 06:45:00+02:00,0.14502419625501867
2023-04-17 07:00:00+02:00,0.1486137850444087
2023-04-17 07:15:00+02:00,0.1637898102137196
2023-04-17 07:30:00+02:00,0.18047235681533214
2023-04-17 07:45:00+02:00,0.20239600005138816
2023-04-17 08:00:00+02:00,0.2251417787629076
2023-04-17 08:15:00+02:00,0.24252734082583438
2023-04-17 08:30:00+02:00,0.2618252917899983
2023-04-17 08:45:00+02:00,0.28288910136805945
2023-04-17 09:00:00+02:00,0.31146824566123277
2023-04-17 09:15:00+02:00,0.30790895173603705
2023-04-17 09:30:00+02:00,0.3046377327346822
2023-04-17 09:45:00+02:00,0.30165741777662997
2023-04-17 10:00:00+02:00,0.29897061672280273
2023-04-17 10:15:00+02:00,0.2972279101737815
2023-04-17 10:30:00+02:00,0.2957255492487779
2023-04-17 10:45:00+02:00,0.29446462584986377
2023-04-17 11:00:00+02:00,0.2934460615139733
2023-04-17 11:15:00+02:00,0.2617320337236764
2023-04-17 11:30:00+02:00,0.23208981572541224
2023-04-17 11:45:00+02:00,0.20279012472172797
2023-04-17 12:00:00+02:00,0.1747260299604851
2023-04-17 12:15:00+02:00,0.1880315214125798
2023-04-17 12:30:00+02:00,0.20235879500199846
2023-04-17 12:45:00+02:00,0.21685042646178937
2023-04-17 13:00:00+02:00,0.23149626775311943
2023-04-17 13:15:00+02:00,0.23355471112262743
2023-04-17 13:30:00+02:00,0.23561612588965133
2023-04-17 13:45:00+02:00,0.23768048618362916
2023-04-17 14:00:00+02:00,0.23974776639712686
2023-04-17 14:15:00+02:00,0.2450101876146247
2023-04-17 14:30:00+02:00,0.25031396322196814
2023-04-17 14:45:00+02:00,0.25565818971322485
2023-04-17 15:00:00+02:00,0.26104198311659016
2023-04-17 15:15:00+02:00,0.2654366299702922
2023-04-17 15:30:00+02:00,0.2698313307440657
2023-04-17 15:45:00+02:00,0.27422608448605673
2023-04-17 16:00:00+02:00,0.278620890266673
2023-04-17 16:15:00+02:00,0.28618187318270566
2023-04-17 16:30:00+02:00,0.29586619797119634
2023-04-17 16:45:00+02:00,0.30556868902053336
2023-04-17 17:00:00+02:00,0.3152888242952701
2023-04-17 17:15:00+02:00,0.32512606311494285
2023-04-17 17:30:00+02:00,0.3349638595686049
2023-04-17 17:45:00+02:00,0.3448021978683312
2023-04-17 18:00:00+02:00,0.3546410628157938
2023-04-17 18:15:00+02:00,0.32902524083249324
2023-04-17 18:30:00+02:00,0.3038527461054556
2023-04-17 18:45:00+02:00,0.2806580546043665
2023-04-17 19:00:00+02:00,0.2620106549197735
2023-04-17 19:15:00+02:00,0.2622634640794104
2023-04-17 19:30:00+02:00,0.26276332026319016
2023-04-17 19:45:00+02:00,0.26350972021157765
2023-04-17 20:00:00+02:00,0.26450191498307296
2023-04-17 20:15:00+02:00,0.2700763900533178
2023-04-17 20:30:00+02:00,0.27576964756011774
2023-04-17 20:45:00+02:00,0.2815789975291475
2023-04-17 21:00:00+02:00,0.2880321331096515
2023-04-17 21:15:00+02:00,0.2891257793537603
2023-04-17 21:30:00+02:00,0.2903985904666639
2023-04-17 21:45:00+02:00,0.2918498750381994
2023-04-17 22:00:00+02:00,0.2934788490418587
2023-04-17 22:15:00+02:00,0.2873863964968769
2023-04-17 22:30:00+02:00,0.282422979051406
2023-04-17 22:45:00+02:00,0.27796191736181314
2023-04-17 23:00:00+02:00,0.27362275749568726
2023-04-17 23:15:00+02:00,0.27649428470454646
2023-04-17 23:30:00+02:00,0.27953675832607844
2023-04-17 23:45:00+02:00,0.2827481127453051
2023-04-18 00:00:00+02:00,0.28624842102656534
2023-04-18 00:15:00+02:00,0.3077150823510274
2023-04-18 00:30:00+02:00,0.3302018510236008
2023-04-18 00:45:00+02:00,0.35364326801430923
2023-04-18 01:00:00+02:00,0.377976918641223
2023-04-18 01:15:00+02:00,0.38646223606113433
2023-04-18 01:30:00+02:00,0.39785728811738147
2023-04-18 01:45:00+02:00,0.4120724411443344
2023-04-18 02:00:00+02:00,0.42933439843647864
2023-04-18 02:15:00+02:00,0.4135354416694618
2023-04-18 02:30:00+02:00,0.3983202245903837
2023-04-18 02:45:00+02:00,0.3833658698365997
2023-04-18 03:00:00+02:00,0.36868335285324505
2023-04-18 03:15:00+02:00,0.37744118377746244
2023-04-18 03:30:00+02:00,0.3862044132920309
2023-04-18 03:45:00+02:00,0.3949729114973583
2023-04-18 04:00:00+02:00,0.4037465525537518
2023-04-18 04:15:00+02:00,0.4127021242790066
2023-04-18 04:30:00+02:00,0.4218129890022737
2023-04-18 04:45:00+02:00,0.43165495172356744
2023-04-18 05:00:00+02:00,0.44218164950967065
2023-04-18 05:15:00+02:00,0.4447635178081273
2023-04-18 05:30:00+02:00,0.44787241034645964
2023-04-18 05:45:00+02:00,0.4515044943425048
2023-04-18 06:00:00+02:00,0.4556553389071454
2023-04-18 06:15:00+02:00,0.4589064894100698
2023-04-18 06:30:00+02:00,0.4628884282012372
2023-04-18 06:45:00+02:00,0.467594432504071
2023-04-18 07:00:00+02:00,0.47301666291811895
2023-04-18 07:15:00+02:00,0.46578778714259633
2023-04-18 07:30:00+02:00,0.45919788136509593
2023-04-18 07:45:00+02:00,0.4532567822267096
2023-04-18 08:00:00+02:00,0.447973531623029
2023-04-18 08:15:00+02:00,0.4125132071214566
2023-04-18 08:30:00+02:00,0.3793965471428686
2023-04-18 08:45:00+02:00,0.3463164005994945
2023-04-18 09:00:00+02:00,0.31327635205190224
2023-04-18 09:15:00+02:00,0.35585853834381304
2023-04-18 09:30:00+02:00,0.40066096821942954
2023-04-18 09:45:00+02:00,0.4499421742744272
2023-04-18 10:00:00+02:00,0.5041868249689517
2023-04-18 10:15:00+02:00,0.5055049949329906
2023-04-18 10:30:00+02:00,0.5068383299193795
2023-04-18 10:45:00+02:00,0.5081867846302394
2023-04-18 11:00:00+02:00,0.5095503134373214
2023-04-18 11:15:00+02:00,0.512794552418662
2023-04-18 11:30:00+02:00,0.5160884388614897
2023-04-18 11:45:00+02:00,0.5194316094623003
2023-04-18 12:00:00+02:00,0.5228236990972122
2023-04-18 12:15:00+02:00,0.5087743793567046
2023-04-18 12:30:00+02:00,0.49477761218963073
2023-04-18 12:45:00+02:00,0.480835079804339
2023-04-18 13:00:00+02:00,0.4669485300323572
2023-04-18 13:15:00+02:00,0.47062834923495883
2023-04-18 13:30:00+02:00,0.4744053921548971
2023-04-18 13:45:00+02:00,0.4782788173410151
2023-04-18 14:00:00+02:00,0.4822477719239879
2023-04-18 14:15:00+02:00,0.4741999154305011
2023-04-18 14:30:00+02:00,0.4661581313290566
2023-04-18 14:45:00+02:00,0.4581225332659621
2023-04-18 15:00:00+02:00,0.4500932376504681
2023-04-18 15:15:00+02:00,0.4445441205758832
2023-04-18 15:30:00+02:00,0.4396305966894797
2023-04-18 15:45:00+02:00,0.4353600646663147
2023-04-18 16:00:00+02:00,0.43173904848613304
2023-04-18 16:15:00+02:00,0.4328022711410689
2023-04-18 16:30:00+02:00,0.43446345155113447
2023-04-18 16:45:00+02:00,0.43672023899555457
2023-04-18 17:00:00+02:00,0.4395694596049272
2023-04-18 17:15:00+02:00,0.4463189872248938
2023-04-18 17:30:00+02:00,0.45505520267837485
2023-04-18 17:45:00+02:00,0.46573795174245186
2023-04-18 18:00:00+02:00,0.47831958820097614
2023-04-18 18:15:00+02:00,0.512992317184658
2023-04-18 18:30:00+02:00,0.5477486419962396
2023-04-18 18:45:00+02:00,0.5825823962276708
2023-04-18 19:00:00+02:00,0.6180054884072756
2023-04-18 19:15:00+02:00,0.6214161695174708
2023-04-18 19:30:00+02:00,0.6250052314406392
2023-04-18 19:45:00+02:00,0.6287713774441821
2023-04-18 20:00:00+02:00,0.6327132602919575
2023-04-18 20:15:00+02:00,0.6341671804871323
2023-04-18 20:30:00+02:00,0.6357206466976718
2023-04-18 20:45:00+02:00,0.6373733475137919
2023-04-18 21:00:00+02:00,0.6391249530572901
2023-04-18 21:15:00+02:00,0.6410895410365952
2023-04-18 21:30:00+02:00,0.6430590220258489
2023-04-18 21:45:00+02:00,0.6450333767183904
2023-04-18 22:00:00+02:00,0.6470125858615978
2023-04-18 22:15:00+02:00,0.6559422970260661
2023-04-18 22:30:00+02:00,0.6649487223560929
2023-04-18 22:45:00+02:00,0.6740305039214295
2023-04-18 23:00:00+02:00,0.6831863046880228
2023-04-18 23:15:00+02:00,0.6693566965939108
2023-04-18 23:30:00+02:00,0.6556423221210004
2023-04-18 23:45:00+02:00,0.6420463537729744
2023-04-19 00:00:00+02:00,0.6285720526547283
2023-04-19 00:15:00+02:00,0.6152936645845333
2023-04-19 00:30:00+02:00,0.6021385448007998
2023-04-19 00:45:00+02:00,0.5891100681652842
2023-04-19 01:00:00+02:00,0.5763179926033994
2023-04-19 01:15:00+02:00,0.5603200897281841
2023-04-19 01:30:00+02:00,0.5443635484986206
2023-04-19 01:45:00+02:00,0.5284498254133542
2023-04-19 02:00:00+02:00,0.5125804419755425
2023-04-19 02:15:00+02:00,0.4938834917734535
2023-04-19 02:30:00+02:00,0.47518654635020996
2023-04-19 02:45:00+02:00,0.4564896059140155
2023-04-19 03:00:00+02:00,0.4377926706853453
2023-04-19 03:15:00+02:00,0.45226147115503745
2023-04-19 03:30:00+02:00,0.4671798513322138
2023-04-19 03:45:00+02:00,0.48253249251312474
2023-04-19 04:00:00+02:00,0.49830434790773265
2023-04-19 04:15:00+02:00,0.5140728024060921
2023-04-19 04:30:00+02:00,0.5299425605915249
2023-04-19 04:45:00+02:00,0.5459101195805449
2023-04-19 05:00:00+02:00,0.5619721160073307
2023-04-19 05:15:00+02:00,0.5432295634952611
2023-04-19 05:30:00+02:00,0.5244891952613715
2023-04-19 05:45:00+02:00,0.5057511031753531
2023-04-19 06:00:00+02:00,0.48701538432001185
2023-04-19 06:15:00+02:00,0.4778950280895762
2023-04-19 06:30:00+02:00,0.4688950802472932
2023-04-19 06:45:00+02:00,0.4600180590621409
2023-04-19 07:00:00+02:00,0.4512665176636056
2023-04-19 07:15:00+02:00,0.446746247112484
2023-04-19 07:30:00+02:00,0.4425715693442042
2023-04-19 07:45:00+02:00,0.4387458932169337
2023-04-19 08:00:00+02:00,0.4352723820764388
2023-04-19 08:15:00+02:00,0.43930870367918995
2023-04-19 08:30:00+02:00,0.443444371634346
2023-04-19 08:45:00+02:00,0.44767842194971136
2023-04-19 09:00:00+02:00,0.4520098805770601
2023-04-19 09:15:00+02:00,0.44419282405475796
2023-04-19 09:30:00+02:00,0.4364935728082655
2023-04-19 09:45:00+02:00,0.4289142866213536
2023-04-19 10:00:00+02:00,0.4219591636306254
2023-04-19 10:15:00+02:00,0.4026243683127563
2023-04-19 10:30:00+02:00,0.3833697196609501
2023-04-19 10:45:00+02:00,0.36419957773923395
2023-04-19 11:00:00+02:00,0.3451186033833266
2023-04-19 11:15:00+02:00,0.3642154093453128
2023-04-19 11:30:00+02:00,0.38386831977009317
2023-04-19 11:45:00+02:00,0.40404757359375715
2023-04-19 12:00:00+02:00,0.42472478089930266
2023-04-19 12:15:00+02:00,0.4496748574763441
2023-04-19 12:30:00+02:00,0.47480931808972976
2023-04-19 12:45:00+02:00,0.4999536724842279
2023-04-19 13:00:00+02:00,0.5251073703020375
2023-04-19 13:15:00+02:00,0.5357400227165655
2023-04-19 13:30:00+02:00,0.546383783635833
2023-04-19 13:45:00+02:00,0.5570383975042711
2023-04-19 14:00:00+02:00,0.5677036162966905
2023-04-19 14:15:00+02:00,0.5745252695339579
2023-04-19 14:30:00+02:00,0.5813470279122663
2023-04-19 14:45:00+02:00,0.5882421559241862
2023-04-19 15:00:00+02:00,0.595167483157864
2023-04-19 15:15:00+02:00,0.6037751465569391
2023-04-19 15:30:00+02:00,0.612481442302994
2023-04-19 15:45:00+02:00,0.6212846222615357
2023-04-19 16:00:00+02:00,0.6301829605939949
2023-04-19 16:15:00+02:00,0.6254659642253205
2023-04-19 16:30:00+02:00,0.6207511640814984
2023-04-19 16:45:00+02:00,0.6160385813174398
2023-04-19 17:00:00+02:00,0.6113282373504835
2023-04-19 17:15:00+02:00,0.6236026801375826
2023-04-19 17:30:00+02:00,0.6358774666115257
2023-04-19 17:45:00+02:00,0.6481525883379478
2023-04-19 18:00:00+02:00,0.6604280371560066
2023-04-19 18:15:00+02:00,0.6215436909603909
2023-04-19 18:30:00+02:00,0.5826694835500423
2023-04-19 18:45:00+02:00,0.5443656658611961
2023-04-19 19:00:00+02:00,0.5060619414294256
2023-04-19 19:15:00+02:00,0.5073850475218341
2023-04-19 19:30:00+02:00,0.5088003523563374
2023-04-19 19:45:00+02:00,0.5103075640671156
2023-04-19 20:00:00+02:00,0.5119063731880302
2023-04-19 20:15:00+02:00,0.5148388389014783
2023-04-19 20:30:00+02:00,0.5178249116309664
2023-04-19 20:45:00+02:00,0.5208642361335742
2023-04-19 21:00:00+02:00,0.5239564540470408
2023-04-19 21:15:00+02:00,0.5387629283923726
2023-04-19 21:30:00+02:00,0.5536216451627833
2023-04-19 21:45:00+02:00,0.568530940340722
2023-04-19 22:00:00+02:00,0.583491576358098
2023-04-19 22:15:00+02:00,0.6008945869727793
2023-04-19 22:30:00+02:00,0.6183147586746336
2023-04-19 22:45:00+02:00,0.6357514887974944
2023-04-19 23:00:00+02:00,0.6532042020341543
2023-04-19 23:15:00+02:00,0.6626777366562079
2023-04-19 23:30:00+02:00,0.6722634804496085
2023-04-19 23:45:00+02:00,0.6819593303457425
2023-04-20 00:00:00+02:00,0.6917632122412614
2023-04-20 00:15:00+02:00,0.6579697315810891
2023-04-20 00:30:00+02:00,0.6247957214421392
2023-04-20 00:45:00+02:00,0.5922838573808731
2023-04-20 01:00:00+02:00,0.5608209475580064
2023-04-20 01:15:00+02:00,0.5340475809760579
2023-04-20 01:30:00+02:00,0.5086735372329346
2023-04-20 01:45:00+02:00,0.48477977711798864
2023-04-20 02:00:00+02:00,0.46244834171040966
2023-04-20 02:15:00+02:00,0.4672993755968975
2023-04-20 02:30:00+02:00,0.47369473692133796
2023-04-20 02:45:00+02:00,0.48161185205237855
2023-04-20 03:00:00+02:00,0.4910233806048418
2023-04-20 03:15:00+02:00,0.46392256090028666
2023-04-20 03:30:00+02:00,0.4380466974055899
2023-04-20 03:45:00+02:00,0.4148211130994496
2023-04-20 04:00:00+02:00,0.3940865856979449
2023-04-20 04:15:00+02:00,0.38214194361220716
2023-04-20 04:30:00+02:00,0.37123982238328884
2023-04-20 04:45:00+02:00,0.36141241896254755
2023-04-20 05:00:00+02:00,0.3526899011510655
2023-04-20 05:15:00+02:00,0.3431543777768059
2023-04-20 05:30:00+02:00,0.3336385965003733
2023-04-20 05:45:00+02:00,0.3241431089027821
2023-04-20 06:00:00+02:00,0.31466848606218
2023-04-20 06:15:00+02:00,0.3097452156546772
2023-04-20 06:30:00+02:00,0.3051277775763395
2023-04-20 06:45:00+02:00,0.30082041494323625
2023-04-20 07:00:00+02:00,0.29682715696303946
2023-04-20 07:15:00+02:00,0.30589715467996964
2023-04-20 07:30:00+02:00,0.3158177817936863
2023-04-20 07:45:00+02:00,0.3265643200491624
2023-04-20 08:00:00+02:00,0.33811106127555485
2023-04-20 08:15:00+02:00,0.3745868366882929
2023-04-20 08:30:00+02:00,0.41479638035917227
2023-04-20 08:45:00+02:00,0.4621656807183615
2023-04-20 09:00:00+02:00,0.5142213735490491
2023-04-20 09:15:00+02:00,0.5272435475735328
2023-04-20 09:30:00+02:00,0.5442551817851157
2023-04-20 09:45:00+02:00,0.5651104438651792
2023-04-20 10:00:00+02:00,0.5897356191997192
2023-04-20 10:15:00+02:00,0.5907190691560514
2023-04-20 10:30:00+02:00,0.5947606377331851
2023-04-20 10:45:00+02:00,0.6018348277086162
2023-04-20 11:00:00+02:00,0.611897686345439
2023-04-20 11:15:00+02:00,0.5109995298021927
2023-04-20 11:30:00+02:00,0.41442453650378586
2023-04-20 11:45:00+02:00,0.32965202460193965
2023-04-20 12:00:00+02:00,0.25697049851122633
2023-04-20 12:15:00+02:00,0.25790762451887317
2023-04-20 12:30:00+02:00,0.2588720557126496
2023-04-20 12:45:00+02:00,0.2598636842375711
2023-04-20 13:00:00+02:00,0.26088239978854894
2023-04-20 13:15:00+02:00,0.2722425348258613
2023-04-20 13:30:00+02:00,0.28412474877829685
2023-04-20 13:45:00+02:00,0.2997064397680553
2023-04-20 14:00:00+02:00,0.3163746946633477
2023-04-20 14:15:00+02:00,0.31131392834323746
2023-04-20 14:30:00+02:00,0.3071731831153597
2023-04-20 14:45:00+02:00,0.30396386970142936
2023-04-20 15:00:00+02:00,0.3016949620676104
2023-04-20 15:15:00+02:00,0.28776768653868784
2023-04-20 15:30:00+02:00,0.2769174741069675
2023-04-20 15:45:00+02:00,0.266912433386234
2023-04-20 16:00:00+02:00,0.25729815246016563
2023-04-20 16:15:00+02:00,0.25546767083067246
2023-04-20 16:30:00+02:00,0.2543207056078408
2023-04-20 16:45:00+02:00,0.25386049420407975
2023-04-20 17:00:00+02:00,0.2540883413490269
2023-04-20 17:15:00+02:00,0.2581269172822248
2023-04-20 17:30:00+02:00,0.26235144533983834
2023-04-20 17:45:00+02:00,0.26675873814612183
2023-04-20 18:00:00+02:00,0.2713455475787499
2023-04-20 18:15:00+02:00,0.27870708255042304
2023-04-20 18:30:00+02:00,0.28633209506690616
2023-04-20 18:45:00+02:00,0.296189875478348
2023-04-20 19:00:00+02:00,0.3061968351475306
2023-04-20 19:15:00+02:00,0.3288567602314711
2023-04-20 19:30:00+02:00,0.3529484562594292
2023-04-20 19:45:00+02:00,0.3783757547864658
2023-04-20 20:00:00+02:00,0.4050462632967596
2023-04-20 20:15:00+02:00,0.4444386377024679
2023-04-20 20:30:00+02:00,0.4866351197305837
2023-04-20 20:45:00+02:00,0.5290995725894663
2023-04-20 21:00:00+02:00,0.5718076603934278
2023-04-20 21:15:00+02:00,0.5599341700554875
2023-04-20 21:30:00+02:00,0.5483579858394174
2023-04-20 21:45:00+02:00,0.5370866550735559
2023-04-20 22:00:00+02:00,0.5261277737285853
2023-04-20 22:15:00+02:00,0.513580507030815
2023-04-20 22:30:00+02:00,0.5010342304669181
2023-04-20 22:45:00+02:00,0.48848897228178934
2023-04-20 23:00:00+02:00,0.47594476180250583
2023-04-20 23:15:00+02:00,0.4504852336485793
2023-04-20 23:30:00+02:00,0.42516207404278555
2023-04-20 23:45:00+02:00,0.4024292594236902
2023-04-21 00:00:00+02:00,0.37971093580579546
2023-04-21 00:15:00+02:00,0.3346644243982293
2023-04-21 00:30:00+02:00,0.28963546415227215
2023-04-21 00:45:00+02:00,0.25402799750097615
2023-04-21 01:00:00+02:00,0.21933555428003607
2023-04-21 01:15:00+02:00,0.24363689027997634
2023-04-21 01:30:00+02:00,0.26812015663425426
2023-04-21 01:45:00+02:00,0.29486072377650785
2023-04-21 02:00:00+02:00,0.32701484094540345
2023-04-21 02:15:00+02:00,0.30663471087876165
2023-04-21 02:30:00+02:00,0.2863723742480958
2023-04-21 02:45:00+02:00,0.27069232513874364
2023-04-21 03:00:00+02:00,0.25526560633790046
2023-04-21 03:15:00+02:00,0.23456475530039442
2023-04-21 03:30:00+02:00,0.2146677615202078
2023-04-21 03:45:00+02:00,0.1956464312003151
2023-04-21 04:00:00+02:00,0.17757762078687558
2023-04-21 04:15:00+02:00,0.16640135016427304
2023-04-21 04:30:00+02:00,0.1572196959592519
2023-04-21 04:45:00+02:00,0.15010032098178921
2023-04-21 05:00:00+02:00,0.1451388603839418
2023-04-21 05:15:00+02:00,0.1435484445934224
2023-04-21 05:30:00+02:00,0.14303948975821312
2023-04-21 05:45:00+02:00,0.14361559265542057
2023-04-21 06:00:00+02:00,0.14527268315805317
2023-04-21 06:15:00+02:00,0.15005866355805036
2023-04-21 06:30:00+02:00,0.15485327886560324
2023-04-21 06:45:00+02:00,0.15965626767330088
2023-04-21 07:00:00+02:00,0.16446737859023286
2023-04-21 07:15:00+02:00,0.16314804558750756
2023-04-21 07:30:00+02:00,0.16182879567078598
2023-04-21 07:45:00+02:00,0.16050962953091555
2023-04-21 08:00:00+02:00,0.15919054786637934
2023-04-21 08:15:00+02:00,0.15582422220002975
2023-04-21 08:30:00+02:00,0.1530958381437809
2023-04-21 08:45:00+02:00,0.15101658925094819
2023-04-21 09:00:00+02:00,0.1495951820961577
2023-04-21 09:15:00+02:00,0.1547322600960119
2023-04-21 09:30:00+02:00,0.1600560285602614
2023-04-21 09:45:00+02:00,0.16556028905835626
2023-04-21 10:00:00+02:00,0.17123891807632421
2023-04-21 10:15:00+02:00,0.16651527994995746
2023-04-21 10:30:00+02:00,0.1618159477095629
2023-04-21 10:45:00+02:00,0.15714164639033107
2023-04-21 11:00:00+02:00,0.15249312605529491
2023-04-21 11:15:00+02:00,0.15491212458547385
2023-04-21 11:30:00+02:00,0.16045380557715277
2023-04-21 11:45:00+02:00,0.1690110269045127
2023-04-21 12:00:00+02:00,0.1813991352116096
2023-04-21 12:15:00+02:00,0.19734178384313225
2023-04-21 12:30:00+02:00,0.2140682500785031
2023-04-21 12:45:00+02:00,0.23152267877566235
2023-04-21 13:00:00+02:00,0.2496522959813815
2023-04-21 13:15:00+02:00,0.2660614625901244
2023-04-21 13:30:00+02:00,0.28252094451276816
2023-04-21 13:45:00+02:00,0.3029776031322219
2023-04-21 14:00:00+02:00,0.3244389688746806
2023-04-21 14:15:00+02:00,0.34482625119295807
2023-04-21 14:30:00+02:00,0.36529272122103934
2023-04-21 14:45:00+02:00,0.385833891391053
2023-04-21 15:00:00+02:00,0.4064455923127993
2023-04-21 15:15:00+02:00,0.3924209987750917
2023-04-21 15:30:00+02:00,0.37839645322791876
2023-04-21 15:45:00+02:00,0.36437195757255525
2023-04-21 16:00:00+02:00,0.35034751381204443
2023-04-21 16:15:00+02:00,0.3294393341474713
2023-04-21 16:30:00+02:00,0.3106326344733984
2023-04-21 16:45:00+02:00,0.29404698413451996
2023-04-21 17:00:00+02:00,0.2811497644729798
2023-04-21 17:15:00+02:00,0.2673765707681687
2023-04-21 17:30:00+02:00,0.2545736535273764
2023-04-21 17:45:00+02:00,0.24279310644858357
2023-04-21 18:00:00+02:00,0.23208620423696447
2023-04-21 18:15:00+02:00,0.2200229985334253
2023-04-21 18:30:00+02:00,0.2081921935962526
2023-04-21 18:45:00+02:00,0.19660611493384444
2023-04-21 19:00:00+02:00,0.18527769213937834
2023-04-21 19:15:00+02:00,0.18410027336744597
2023-04-21 19:30:00+02:00,0.18324470210189692
2023-04-21 19:45:00+02:00,0.18271223891314226
2023-04-21 20:00:00+02:00,0.1825036716379736
2023-04-21 20:15:00+02:00,0.20526847402278914
2023-04-21 20:30:00+02:00,0.22853724783292845
2023-04-21 20:45:00+02:00,0.2522614620164336
2023-04-21 21:00:00+02:00,0.2763978412359906
2023-04-21 21:15:00+02:00,0.26317394633099783
2023-04-21 21:30:00+02:00,0.250218972907893
2023-04-21 21:45:00+02:00,0.23754763824426642
2023-04-21 22:00:00+02:00,0.22517539440403334
2023-04-21 22:15:00+02:00,0.2283234980796941
2023-04-21 22:30:00+02:00,0.2317492466891419
2023-04-21 22:45:00+02:00,0.23544861036731302
2023-04-21 23:00:00+02:00,0.23941732445025715
2023-04-21 23:15:00+02:00,0.19398189059669957
2023-04-21 23:30:00+02:00,0.1557362410555504
2023-04-21 23:45:00+02:00,0.12177420664890012
2023-04-22 00:00:00+02:00,0.0908212413625436
2023-04-22 00:15:00+02:00,0.0906676309389891
2023-04-22 00:30:00+02:00,0.09115029149086504
2023-04-22 00:45:00+02:00,0.09226558121821238
2023-04-22 01:00:00+02:00,0.09400519035230648
2023-04-22 01:15:00+02:00,0.09445803762710474
2023-04-22 01:30:00+02:00,0.09617517751295385
2023-04-22 01:45:00+02:00,0.09980300208927935
2023-04-22 02:00:00+02:00,0.10483258823789086
2023-04-22 02:15:00+02:00,0.1019996856905604
2023-04-22 02:30:00+02:00,0.10038106062237152
2023-04-22 02:45:00+02:00,0.0999909054463277
2023-04-22 03:00:00+02:00,0.10083267405867861
2023-04-22 03:15:00+02:00,0.0952952477165006
2023-04-22 03:30:00+02:00,0.09182941516216983
2023-04-22 03:45:00+02:00,0.08839195361568936
2023-04-22 04:00:00+02:00,0.08496161427594037
2023-04-22 04:15:00+02:00,0.08656101119045723
2023-04-22 04:30:00+02:00,0.08837655136547592
2023-04-22 04:45:00+02:00,0.09040354680525142
2023-04-22 05:00:00+02:00,0.09263692216910022
2023-04-22 05:15:00+02:00,0.09383111027316769
2023-04-22 05:30:00+02:00,0.09518118850699449
2023-04-22 05:45:00+02:00,0.09755939753161967
2023-04-22 06:00:00+02:00,0.10021394145920992
2023-04-22 06:15:00+02:00,0.10663787212776628
2023-04-22 06:30:00+02:00,0.11326842922812791
2023-04-22 06:45:00+02:00,0.12009617666917943
2023-04-22 07:00:00+02:00,0.12711198845957622
2023-04-22 07:15:00+02:00,0.13082052941930863
2023-04-22 07:30:00+02:00,0.13455313273866376
2023-04-22 07:45:00+02:00,0.1383092046445569
2023-04-22 08:00:00+02:00,0.14208816718784423
2023-04-22 08:15:00+02:00,0.12844348660823063
2023-04-22 08:30:00+02:00,0.11570891823886865
2023-04-22 08:45:00+02:00,0.1039673649983722
2023-04-22 09:00:00+02:00,0.09403304130632971
2023-04-22 09:15:00+02:00,0.07859162167407027
2023-04-22 09:30:00+02:00,0.06360258697757602
2023-04-22 09:45:00+02:00,0.04916288506430544
2023-04-22 10:00:00+02:00,0.038935886015014964
2023-04-22 10:15:00+02:00,0.044192876440472297
2023-04-22 10:30:00+02:00,0.053226058967871734
2023-04-22 10:45:00+02:00,0.06246500896038506
2023-04-22 11:00:00+02:00,0.07188520819876194
2023-04-22 11:15:00+02:00,0.07617107415287641
2023-04-22 11:30:00+02:00,0.08178670854165987
2023-04-22 11:45:00+02:00,0.08864228639839716
2023-04-22 12:00:00+02:00,0.09748563336910301
2023-04-22 12:15:00+02:00,0.15698555369616995
2023-04-22 12:30:00+02:00,0.23164993325083127
2023-04-22 12:45:00+02:00,0.3232742721466759
2023-04-22 13:00:00+02:00,0.433433350766301
2023-04-22 13:15:00+02:00,0.3435737172315316
2023-04-22 13:30:00+02:00,0.26170541060403774
2023-04-22 13:45:00+02:00,0.19317672062894153
2023-04-22 14:00:00+02:00,0.13749917324162328
2023-04-22 14:15:00+02:00,0.1558805395643357
2023-04-22 14:30:00+02:00,0.17463660748458223
2023-04-22 14:45:00+02:00,0.1989374290538666
2023-04-22 15:00:00+02:00,0.22450520405878185
2023-04-22 15:15:00+02:00,0.23024539711826633
2023-04-22 15:30:00+02:00,0.2363965237125857
2023-04-22 15:45:00+02:00,0.24294798657262254
2023-04-22 16:00:00+02:00,0.2498888954302407
2023-04-22 16:15:00+02:00,0.25768106671649804
2023-04-22 16:30:00+02:00,0.26552723780866344
2023-04-22 16:45:00+02:00,0.27342570495680496
2023-04-22 17:00:00+02:00,0.28137482467980757
2023-04-22 17:15:00+02:00,0.26441845825279653
2023-04-22 17:30:00+02:00,0.25018256253011545
2023-04-22 17:45:00+02:00,0.23883046371786013
2023-04-22 18:00:00+02:00,0.23050185500275255
2023-04-22 18:15:00+02:00,0.212636067027931
2023-04-22 18:30:00+02:00,0.20163481922310722
2023-04-22 18:45:00+02:00,0.19783610979937255
2023-04-22 19:00:00+02:00,0.20136173520930914
2023-04-22 19:15:00+02:00,0.1964436624256491
2023-04-22 19:30:00+02:00,0.19430629560682303
2023-04-22 19:45:00+02:00,0.19497634332946645
2023-04-22 20:00:00+02:00,0.19844539616307955
2023-04-22 20:15:00+02:00,0.20205047314531055
2023-04-22 20:30:00+02:00,0.20569106553332658
2023-04-22 20:45:00+02:00,0.20936660455975722
2023-04-22 21:00:00+02:00,0.21307652825066586
2023-04-22 21:15:00+02:00,0.21281337254593002
2023-04-22 21:30:00+02:00,0.21255167485423646
2023-04-22 21:45:00+02:00,0.21229143684686325
2023-04-22 22:00:00+02:00,0.2120326601883008
2023-04-22 22:15:00+02:00,0.18245210669961925
2023-04-22 22:30:00+02:00,0.15911049986420764
2023-04-22 22:45:00+02:00,0.1373544330892064
2023-04-22 23:00:00+02:00,0.11601230252823777
2023-04-22 23:15:00+02:00,0.0892429036847383
2023-04-22 23:30:00+02:00,0.07054784289067142
2023-04-22 23:45:00+02:00,0.052164078355554214
2023-04-23 00:00:00+02:00,0.038218674567326756
2023-04-23 00:15:00+02:00,0.0401346094890472
2023-04-23 00:30:00+02:00,0.04374779503053823
2023-04-23 00:45:00+02:00,0.05228275052430567
2023-04-23 01:00:00+02:00,0.06334418039633434
2023-04-23 01:15:00+02:00,0.06768075920930207
2023-04-23 01:30:00+02:00,0.07295036853767557
2023-04-23 01:45:00+02:00,0.07909150766645519
2023-04-23 02:00:00+02:00,0.08603911390258216
2023-04-23 02:15:00+02:00,0.09392005878963433
2023-04-23 02:30:00+02:00,0.10795134914656303
2023-04-23 02:45:00+02:00,0.12474121975816232
2023-04-23 03:00:00+02:00,0.14327738868360052
2023-04-23 03:15:00+02:00,0.16677511655729657
2023-04-23 03:30:00+02:00,0.19492919733169306
2023-04-23 03:45:00+02:00,0.2269369214043177
2023-04-23 04:00:00+02:00,0.2593547922534451
2023-04-23 04:15:00+02:00,0.2720430759222987
2023-04-23 04:30:00+02:00,0.28686908994122146
2023-04-23 04:45:00+02:00,0.3080439327803394
2023-04-23 05:00:00+02:00,0.3313697916755048
2023-04-23 05:15:00+02:00,0.3321662737493906
2023-04-23 05:30:00+02:00,0.3356471426748942
2023-04-23 05:45:00+02:00,0.34178542951616586
2023-04-23 06:00:00+02:00,0.35053444751342033
2023-04-23 06:15:00+02:00,0.35204646961131253
2023-04-23 06:30:00+02:00,0.35415567833792233
2023-04-23 06:45:00+02:00,0.35685849014861354
2023-04-23 07:00:00+02:00,0.3601503547303246
2023-04-23 07:15:00+02:00,0.34688552206552514
2023-04-23 07:30:00+02:00,0.3336244368607168
2023-04-23 07:45:00+02:00,0.320367245567939
2023-04-23 08:00:00+02:00,0.30711410232465874
2023-04-23 08:15:00+02:00,0.2780080334503104
2023-04-23 08:30:00+02:00,0.25396329009273727
2023-04-23 08:45:00+02:00,0.23010021660868582
2023-04-23 09:00:00+02:00,0.20643796571697456
2023-04-23 09:15:00+02:00,0.2055954339407588
2023-04-23 09:30:00+02:00,0.20477603398941527
2023-04-23 09:45:00+02:00,0.2039798499048366
2023-04-23 10:00:00+02:00,0.20320696373819247
2023-04-23 10:15:00+02:00,0.20804864964017628
2023-04-23 10:30:00+02:00,0.2130043107767262
2023-04-23 10:45:00+02:00,0.2180714938568091
2023-04-23 11:00:00+02:00,0.2232477626335409
2023-04-23 11:15:00+02:00,0.22014102597084048
2023-04-23 11:30:00+02:00,0.21717783508638486
2023-04-23 11:45:00+02:00,0.21436004747825424
2023-04-23 12:00:00+02:00,0.21168945933669167
2023-04-23 12:15:00+02:00,0.2300777666069629
2023-04-23 12:30:00+02:00,0.24851045517629514
2023-04-23 12:45:00+02:00,0.26698420678659335
2023-04-23 13:00:00+02:00,0.28549601957066006
2023-04-23 13:15:00+02:00,0.31081723421513047
2023-04-23 13:30:00+02:00,0.33742113596538725
2023-04-23 13:45:00+02:00,0.3651515048764334
2023-04-23 14:00:00+02:00,0.39392249138470914
2023-04-23 14:15:00+02:00,0.3765923030291609
2023-04-23 14:30:00+02:00,0.3593521885898116
2023-04-23 14:45:00+02:00,0.34220662830216025
2023-04-23 15:00:00+02:00,0.32516037740757375
2023-04-23 15:15:00+02:00,0.30199974449168393
2023-04-23 15:30:00+02:00,0.2804320745805857
2023-04-23 15:45:00+02:00,0.2626120119958107
2023-04-23 16:00:00+02:00,0.24481480816667583
2023-04-23 16:15:00+02:00,0.2269051640042651
2023-04-23 16:30:00+02:00,0.21099096196945374
2023-04-23 16:45:00+02:00,0.1972144429699882
2023-04-23 17:00:00+02:00,0.18570982335846017
2023-04-23 17:15:00+02:00,0.18781587047890574
2023-04-23 17:30:00+02:00,0.19637338869071114
2023-04-23 17:45:00+02:00,0.21114019272244022
2023-04-23 18:00:00+02:00,0.23172585211485122
2023-04-23 18:15:00+02:00,0.24670784394317816
2023-04-23 18:30:00+02:00,0.26450903425077366
2023-04-23 18:45:00+02:00,0.2849307093280978
2023-04-23 19:00:00+02:00,0.3143103366128375
2023-04-23 19:15:00+02:00,0.3431490320303858
2023-04-23 19:30:00+02:00,0.37928810447958167
2023-04-23 19:45:00+02:00,0.42202086527435884
2023-04-23 20:00:00+02:00,0.47589574443049304
2023-04-23 20:15:00+02:00,0.498083008588793
2023-04-23 20:30:00+02:00,0.5606530918879421
2023-04-23 20:45:00+02:00,0.6596647211134319
2023-04-23 21:00:00+02:00,0.7795307963856595
2023-04-23 21:15:00+02:00,0.8198960355423229
2023-04-23 21:30:00+02:00,0.87106088005008
2023-04-23 21:45:00+02:00,0.909504259502556
2023-04-23 22:00:00+02:00,0.9527351875927996
2023-04-23 22:15:00+02:00,0.959131812114991
2023-04-23 22:30:00+02:00,0.9666627015073188
2023-04-23 22:45:00+02:00,0.9752710968769372
2023-04-23 23:00:00+02:00,0.9848966517733332
2023-04-23 23:15:00+02:00,0.9749860604739052
2023-04-23 23:30:00+02:00,0.9652971328162611
2023-04-23 23:45:00+02:00,0.9558447823058343
2023-04-24 00:00:00+02:00,0.9393791771249961
2023-04-24 00:15:00+02:00,0.9117714459904128
2023-04-24 00:30:00+02:00,0.8841849130218454
2023-04-24 00:45:00+02:00,0.8479115876828441
2023-04-24 01:00:00+02:00,0.8041749743300199
2023-04-24 01:15:00+02:00,0.7750347105303376
2023-04-24 01:30:00+02:00,0.7458956801842154
2023-04-24 01:45:00+02:00,0.710474834420324
2023-04-24 02:00:00+02:00,0.6743242417992198
2023-04-24 02:15:00+02:00,0.6873647984395067
2023-04-24 02:30:00+02:00,0.7005514085781607
2023-04-24 02:45:00+02:00,0.713880383274715
2023-04-24 03:00:00+02:00,0.727348118927527
2023-04-24 03:15:00+02:00,0.743084179156078
2023-04-24 03:30:00+02:00,0.7558276442549664
2023-04-24 03:45:00+02:00,0.7685872433715049
2023-04-24 04:00:00+02:00,0.7813625101248464
2023-04-24 04:15:00+02:00,0.7870223025777656
2023-04-24 04:30:00+02:00,0.7930347768664137
2023-04-24 04:45:00+02:00,0.7993951935986465
2023-04-24 05:00:00+02:00,0.8060986310677372
2023-04-24 05:15:00+02:00,0.8132938241281114
2023-04-24 05:30:00+02:00,0.8206717774183564
2023-04-24 05:45:00+02:00,0.8282295405889325
2023-04-24 06:00:00+02:00,0.8359641568555888
2023-04-24 06:15:00+02:00,0.839968008299887
2023-04-24 06:30:00+02:00,0.8440766226521446
2023-04-24 06:45:00+02:00,0.8482890716916487
2023-04-24 07:00:00+02:00,0.8526044150882728
2023-04-24 07:15:00+02:00,0.8701563697065279
2023-04-24 07:30:00+02:00,0.882759951568461
2023-04-24 07:45:00+02:00,0.8959305059720262
2023-04-24 08:00:00+02:00,0.9100950722494752
2023-04-24 08:15:00+02:00,0.9105321776881397
2023-04-24 08:30:00+02:00,0.9182346032517804
2023-04-24 08:45:00+02:00,0.9330260325195413
2023-04-24 09:00:00+02:00,0.9533526337150802
2023-04-24 09:15:00+02:00,0.9531519301195677
2023-04-24 09:30:00+02:00,0.9561441233029755
2023-04-24 09:45:00+02:00,0.9622638492033222
2023-04-24 10:00:00+02:00,0.9713828367630565
2023-04-24 10:15:00+02:00,0.963750279388805
2023-04-24 10:30:00+02:00,0.9574288613011145
2023-04-24 10:45:00+02:00,0.9524765912979561
2023-04-24 11:00:00+02:00,0.9445844496382569
2023-04-24 11:15:00+02:00,0.8639263455475122
2023-04-24 11:30:00+02:00,0.7442973729160912
2023-04-24 11:45:00+02:00,0.6027984719212781
2023-04-24 12:00:00+02:00,0.4713530445931682
2023-04-24 12:15:00+02:00,0.453402123182666
2023-04-24 12:30:00+02:00,0.4373156916445039
2023-04-24 12:45:00+02:00,0.4234863297783605
2023-04-24 13:00:00+02:00,0.4126269582067717
2023-04-24 13:15:00+02:00,0.4304832875534473
2023-04-24 13:30:00+02:00,0.4500432971510629
2023-04-24 13:45:00+02:00,0.46969349487809664
2023-04-24 14:00:00+02:00,0.4894298541462777
2023-04-24 14:15:00+02:00,0.5013976198983034
2023-04-24 14:30:00+02:00,0.5134170334209976
2023-04-24 14:45:00+02:00,0.5254867217616098
2023-04-24 15:00:00+02:00,0.5376053547583062
2023-04-24 15:15:00+02:00,0.5592675855543304
2023-04-24 15:30:00+02:00,0.5818440231665318
2023-04-24 15:45:00+02:00,0.6056242571185618
2023-04-24 16:00:00+02:00,0.6302687613996589
2023-04-24 16:15:00+02:00,0.6332641553692578
2023-04-24 16:30:00+02:00,0.6395556234572265
2023-04-24 16:45:00+02:00,0.6491017329000245
2023-04-24 17:00:00+02:00,0.6618409302394942
2023-04-24 17:15:00+02:00,0.619995369659865
2023-04-24 17:30:00+02:00,0.5809095865403634
2023-04-24 17:45:00+02:00,0.5452787745002029
2023-04-24 18:00:00+02:00,0.5127870680924687
2023-04-24 18:15:00+02:00,0.4710388939543555
2023-04-24 18:30:00+02:00,0.4292926873499188
2023-04-24 18:45:00+02:00,0.3916470259556288
2023-04-24 19:00:00+02:00,0.35433253300767875
2023-04-24 19:15:00+02:00,0.32892549603377885
2023-04-24 19:30:00+02:00,0.3036257997593291
2023-04-24 19:45:00+02:00,0.28010583647674436
2023-04-24 20:00:00+02:00,0.2607805750225912
2023-04-24 20:15:00+02:00,0.24379153587238092
2023-04-24 20:30:00+02:00,0.2268554627760019
2023-04-24 20:45:00+02:00,0.2099762982136742
2023-04-24 21:00:00+02:00,0.19315837053121185
2023-04-24 21:15:00+02:00,0.19378848611983035
2023-04-24 21:30:00+02:00,0.19488550672333954
2023-04-24 21:45:00+02:00,0.1964471356920738
2023-04-24 22:00:00+02:00,0.19847012959362367
2023-04-24 22:15:00+02:00,0.20360829924543092
2023-04-24 22:30:00+02:00,0.20886271744182436
2023-04-24 22:45:00+02:00,0.21423071627500034
2023-04-24 23:00:00+02:00,0.21970965379369548
2023-04-24 23:15:00+02:00,0.19149581580744976
2023-04-24 23:30:00+02:00,0.1667375681763183
2023-04-24 23:45:00+02:00,0.14544528863895628
2023-04-25 00:00:00+02:00,0.12421437714326507
2023-04-25 00:15:00+02:00,0.12672255682764602
2023-04-25 00:30:00+02:00,0.1292333721193086
2023-04-25 00:45:00+02:00,0.13174677862749115
2023-04-25 01:00:00+02:00,0.13426273290845478
2023-04-25 01:15:00+02:00,0.13468114952857485
2023-04-25 01:30:00+02:00,0.13540518788983247
2023-04-25 01:45:00+02:00,0.13643337901577782
2023-04-25 02:00:00+02:00,0.13776365296619744
2023-04-25 02:15:00+02:00,0.1377484077193721
2023-04-25 02:30:00+02:00,0.13800103406741668
2023-04-25 02:45:00+02:00,0.1385210848398757
2023-04-25 03:00:00+02:00,0.13930764262855586
2023-04-25 03:15:00+02:00,0.14031773178930654
2023-04-25 03:30:00+02:00,0.14132909920559186
2023-04-25 03:45:00+02:00,0.1423417364060133
2023-04-25 04:00:00+02:00,0.14335563498336895
2023-04-25 04:15:00+02:00,0.14629952725547063
2023-04-25 04:30:00+02:00,0.14947829641273705
2023-04-25 04:45:00+02:00,0.15288716017073686
2023-04-25 05:00:00+02:00,0.15652113318126765
2023-04-25 05:15:00+02:00,0.15500944418027562
2023-04-25 05:30:00+02:00,0.15398781740280312
2023-04-25 05:45:00+02:00,0.15345945581968842
2023-04-25 06:00:00+02:00,0.15342602687565263
2023-04-25 06:15:00+02:00,0.14520071127279183
2023-04-25 06:30:00+02:00,0.13737943014837004
2023-04-25 06:45:00+02:00,0.12998346585209897
2023-04-25 07:00:00+02:00,0.12303433922592213
2023-04-25 07:15:00+02:00,0.11224764864349948
2023-04-25 07:30:00+02:00,0.10153818619858787
2023-04-25 07:45:00+02:00,0.09254215865595024
2023-04-25 08:00:00+02:00,0.0859761932575683
2023-04-25 08:15:00+02:00,0.09577896636237093
2023-04-25 08:30:00+02:00,0.11296140342190951
2023-04-25 08:45:00+02:00,0.13171821826117805
2023-04-25 09:00:00+02:00,0.15185988350978408
2023-04-25 09:15:00+02:00,0.15025268144435616
2023-04-25 09:30:00+02:00,0.14864887319984255
2023-04-25 09:45:00+02:00,0.14704849408055262
2023-04-25 10:00:00+02:00,0.1454515798051019
2023-04-25 10:15:00+02:00,0.14587140681132096
2023-04-25 10:30:00+02:00,0.14649285749045024
2023-04-25 10:45:00+02:00,0.14731511960343652
2023-04-25 11:00:00+02:00,0.1483371251379683
2023-04-25 11:15:00+02:00,0.11539075043246143
2023-04-25 11:30:00+02:00,0.08841348141597892
2023-04-25 11:45:00+02:00,0.0704672660662261
2023-04-25 12:00:00+02:00,0.05431851446891758
2023-04-25 12:15:00+02:00,0.06407566788810834
2023-04-25 12:30:00+02:00,0.07383285570590321
2023-04-25 12:45:00+02:00,0.08359007380080025
2023-04-25 13:00:00+02:00,0.09334731868442939
2023-04-25 13:15:00+02:00,0.10353167515223821
2023-04-25 13:30:00+02:00,0.1150879760937117
2023-04-25 13:45:00+02:00,0.12685503788687685
2023-04-25 14:00:00+02:00,0.13881648348182973
2023-04-25 14:15:00+02:00,0.1469323288744199
2023-04-25 14:30:00+02:00,0.15515346294872503
2023-04-25 14:45:00+02:00,0.1634744639303202
2023-04-25 15:00:00+02:00,0.17189021664347356
2023-04-25 15:15:00+02:00,0.19146358387515033
2023-04-25 15:30:00+02:00,0.21325101568482066
2023-04-25 15:45:00+02:00,0.23545906824563614
2023-04-25 16:00:00+02:00,0.25804938932232097
2023-04-25 16:15:00+02:00,0.26315167810426787
2023-04-25 16:30:00+02:00,0.26846383912533484
2023-04-25 16:45:00+02:00,0.27398139259262355
2023-04-25 17:00:00+02:00,0.27969981943669503
2023-04-25 17:15:00+02:00,0.273150262281814
2023-04-25 17:30:00+02:00,0.26670345702881976
2023-04-25 17:45:00+02:00,0.26036211489087774
2023-04-25 18:00:00+02:00,0.25412899657290255
2023-04-25 18:15:00+02:00,0.25231090461908795
2023-04-25 18:30:00+02:00,0.2504952465761985
2023-04-25 18:45:00+02:00,0.24868204082414572
2023-04-25 19:00:00+02:00,0.24687130590316905
2023-04-25 19:15:00+02:00,0.24157927354732242
2023-04-25 19:30:00+02:00,0.23636436828403126
2023-04-25 19:45:00+02:00,0.23122830445221923
2023-04-25 20:00:00+02:00,0.22617282048852372
2023-04-25 20:15:00+02:00,0.21886387944569818
2023-04-25 20:30:00+02:00,0.21166761266902506
2023-04-25 20:45:00+02:00,0.20458761213246138
2023-04-25 21:00:00+02:00,0.19762756230360182
2023-04-25 21:15:00+02:00,0.18345879591645473
2023-04-25 21:30:00+02:00,0.17125559104744018
2023-04-25 21:45:00+02:00,0.16053191281023013
2023-04-25 22:00:00+02:00,0.1498190947646379
2023-04-25 22:15:00+02:00,0.13627133691559962
2023-04-25 22:30:00+02:00,0.12276000954999346
2023-04-25 22:45:00+02:00,0.10928858912979778
2023-04-25 23:00:00+02:00,0.09586099656820873
2023-04-25 23:15:00+02:00,0.08648894037817248
2023-04-25 23:30:00+02:00,0.07735171052206825
2023-04-25 23:45:00+02:00,0.06821460371485527
2023-04-26 00:00:00+02:00,0.05907763530256009
2023-04-26 00:15:00+02:00,0.05490921147072376
2023-04-26 00:30:00+02:00,0.05093205823008634
2023-04-26 00:45:00+02:00,0.047157154470392725
2023-04-26 01:00:00+02:00,0.04378067801368455
2023-04-26 01:15:00+02:00,0.03992552207952246
2023-04-26 01:30:00+02:00,0.036078236250577204
2023-04-26 01:45:00+02:00,0.03223965278179651
2023-04-26 02:00:00+02:00,0.02841072323942164
2023-04-26 02:15:00+02:00,0.025059306902394753
2023-04-26 02:30:00+02:00,0.02176909867216284
2023-04-26 02:45:00+02:00,0.01854642829989802
2023-04-26 03:00:00+02:00,0.015398370104427945
2023-04-26 03:15:00+02:00,0.01768388157566285
2023-04-26 03:30:00+02:00,0.019990715581338175
2023-04-26 03:45:00+02:00,0.022317384937982798
2023-04-26 04:00:00+02:00,0.02466252651005454
2023-04-26 04:15:00+02:00,0.028117923528491903
2023-04-26 04:30:00+02:00,0.03157486417587781
2023-04-26 04:45:00+02:00,0.03503320543826329
2023-04-26 05:00:00+02:00,0.03849282139094883
2023-04-26 05:15:00+02:00,0.03691044426505995
2023-04-26 05:30:00+02:00,0.03534543837136707
2023-04-26 05:45:00+02:00,0.0337985404405003
2023-04-26 06:00:00+02:00,0.03227052018704425
2023-04-26 06:15:00+02:00,0.028434773252234577
2023-04-26 06:30:00+02:00,0.024599039012460792
2023-04-26 06:45:00+02:00,0.02076331896344548
2023-04-26 07:00:00+02:00,0.01692761484547631
2023-04-26 07:15:00+02:00,0.01303059630159392
2023-04-26 07:30:00+02:00,0.010864090218200619
2023-04-26 07:45:00+02:00,0.008740528597891453
2023-04-26 08:00:00+02:00,0.006667891665455647
2023-04-26 08:15:00+02:00,0.002367422441299691
2023-04-26 08:30:00+02:00,0.0
2023-04-26 08:45:00+02:00,0.0
2023-04-26 09:00:00+02:00,0.0
2023-04-26 09:15:00+02:00,0.0
2023-04-26 09:30:00+02:00,0.0
2023-04-26 09:45:00+02:00,0.0
2023-04-26 10:00:00+02:00,0.0
2023-04-26 10:15:00+02:00,0.0
2023-04-26 10:30:00+02:00,0.0
2023-04-26 10:45:00+02:00,0.0
2023-04-26 11:00:00+02:00,0.0
2023-04-26 11:15:00+02:00,0.0
2023-04-26 11:30:00+02:00,0.0
2023-04-26 11:45:00+02:00,0.0
2023-04-26 12:00:00+02:00,0.0
2023-04-26 12:15:00+02:00,0.0
2023-04-26 12:30:00+02:00,0.0
2023-04-26 12:45:00+02:00,0.0
2023-04-26 13:00:00+02:00,0.0
2023-04-26 13:15:00+02:00,0.0
2023-04-26 13:30:00+02:00,0.0
2023-04-26 13:45:00+02:00,0.0
2023-04-26 14:00:00+02:00,0.0
2023-04-26 14:15:00+02:00,0.0
2023-04-26 14:30:00+02:00,0.0
2023-04-26 14:45:00+02:00,0.0
2023-04-26 15:00:00+02:00,0.0
2023-04-26 15:15:00+02:00,0.0
2023-04-26 15:30:00+02:00,0.0
2023-04-26 15:45:00+02:00,0.0
2023-04-26 16:00:00+02:00,0.0
2023-04-26 16:15:00+02:00,0.0
2023-04-26 16:30:00+02:00,0.0
2023-04-26 16:45:00+02:00,0.0
2023-04-26 17:00:00+02:00,0.0
2023-04-26 17:15:00+02:00,0.001226681168556628
2023-04-26 17:30:00+02:00,0.0030350569805871674
2023-04-26 17:45:00+02:00,0.004970646705485672
2023-04-26 18:00:00+02:00,0.007012126362951881
2023-04-26 18:15:00+02:00,0.008635896991308982
2023-04-26 18:30:00+02:00,0.010313026016333358
2023-04-26 18:45:00+02:00,0.012036744090503938
2023-04-26 19:00:00+02:00,0.013801235168424325
2023-04-26 19:15:00+02:00,0.01996502344519877
2023-04-26 19:30:00+02:00,0.026379026152881985
2023-04-26 19:45:00+02:00,0.0329913065055264
2023-04-26 20:00:00+02:00,0.03976815801779272
2023-04-26 20:15:00+02:00,0.049035554018380105
2023-04-26 20:30:00+02:00,0.06141911729763575
2023-04-26 20:45:00+02:00,0.07392966607658576
2023-04-26 21:00:00+02:00,0.08654792612371288
2023-04-26 21:15:00+02:00,0.08771731067762471
2023-04-26 21:30:00+02:00,0.08931576270173326
2023-04-26 21:45:00+02:00,0.09133511912189023
2023-04-26 22:00:00+02:00,0.09376536020635394
2023-04-26 22:15:00+02:00,0.089324363716864
2023-04-26 22:30:00+02:00,0.08563205782135014
2023-04-26 22:45:00+02:00,0.08272251199708443
2023-04-26 23:00:00+02:00,0.08062403848873105
2023-04-26 23:15:00+02:00,0.08334878518794885
2023-04-26 23:30:00+02:00,0.08674696931159752
2023-04-26 23:45:00+02:00,0.0907912951609477
2023-04-27 00:00:00+02:00,0.0955799911634843
2023-04-27 00:15:00+02:00,0.09794579676507195
2023-04-27 00:30:00+02:00,0.10066144077748096
2023-04-27 00:45:00+02:00,0.10372012427012932
2023-04-27 01:00:00+02:00,0.1071143986156061
2023-04-27 01:15:00+02:00,0.10693735583449625
2023-04-27 01:30:00+02:00,0.10687224808145511
2023-04-27 01:45:00+02:00,0.10691912711727417
2023-04-27 02:00:00+02:00,0.10707795566981308
2023-04-27 02:15:00+02:00,0.10623869602873791
2023-04-27 02:30:00+02:00,0.10563187022689925
2023-04-27 02:45:00+02:00,0.10525848398377786
2023-04-27 03:00:00+02:00,0.10511915901226958
2023-04-27 03:15:00+02:00,0.11019266702864304
2023-04-27 03:30:00+02:00,0.11537900295467127
2023-04-27 03:45:00+02:00,0.12067414184277633
2023-04-27 04:00:00+02:00,0.12607416936543608
2023-04-27 04:15:00+02:00,0.13632270936739152
2023-04-27 04:30:00+02:00,0.14805654230663476
2023-04-27 04:45:00+02:00,0.16116598732598314
2023-04-27 05:00:00+02:00,0.17554087622976994
2023-04-27 05:15:00+02:00,0.16713446921977168
2023-04-27 05:30:00+02:00,0.15901570425745315
2023-04-27 05:45:00+02:00,0.15119959392212132
2023-04-27 06:00:00+02:00,0.14370159380756733
2023-04-27 06:15:00+02:00,0.13803228711307272
2023-04-27 06:30:00+02:00,0.13238222819956333
2023-04-27 06:45:00+02:00,0.1267521548161341
2023-04-27 07:00:00+02:00,0.12114284008598465
2023-04-27 07:15:00+02:00,0.11945446289810731
2023-04-27 07:30:00+02:00,0.11816962065562046
2023-04-27 07:45:00+02:00,0.11729190752985649
2023-04-27 08:00:00+02:00,0.1168238033514862
2023-04-27 08:15:00+02:00,0.093640229870033
2023-04-27 08:30:00+02:00,0.07887186952336664
2023-04-27 08:45:00+02:00,0.06444037025654181
2023-04-27 09:00:00+02:00,0.0504148206862226
2023-04-27 09:15:00+02:00,0.054584086751041254
2023-04-27 09:30:00+02:00,0.05877175679221586
2023-04-27 09:45:00+02:00,0.0629767972021297
2023-04-27 10:00:00+02:00,0.06719824652051058
2023-04-27 10:15:00+02:00,0.0633946262631323
2023-04-27 10:30:00+02:00,0.05959351836720579
2023-04-27 10:45:00+02:00,0.05579505515625784
2023-04-27 11:00:00+02:00,0.051999378310071925
2023-04-27 11:15:00+02:00,0.04573565577239345
2023-04-27 11:30:00+02:00,0.04134524713998102
2023-04-27 11:45:00+02:00,0.037646276952700806
2023-04-27 12:00:00+02:00,0.033947880016996
2023-04-27 12:15:00+02:00,0.030543834586832977
2023-04-27 12:30:00+02:00,0.02714189702430434
2023-04-27 12:45:00+02:00,0.02374228107165685
2023-04-27 13:00:00+02:00,0.02034523020218118
2023-04-27 13:15:00+02:00,0.017210897482332822
2023-04-27 13:30:00+02:00,0.014078440631951896
2023-04-27 13:45:00+02:00,0.012502713706363001
2023-04-27 14:00:00+02:00,0.011074144647279705
2023-04-27 14:15:00+02:00,0.010276008733118213
2023-04-27 14:30:00+02:00,0.009479792212149053
2023-04-27 14:45:00+02:00,0.008685621370213985
2023-04-27 15:00:00+02:00,0.007893633450269447
2023-04-27 15:15:00+02:00,0.008583782176472685
2023-04-27 15:30:00+02:00,0.009301331574601848
2023-04-27 15:45:00+02:00,0.010044715609410943
2023-04-27 16:00:00+02:00,0.010812435144215394
2023-04-27 16:15:00+02:00,0.011381793515092718
2023-04-27 16:30:00+02:00,0.011957157552839144
2023-04-27 16:45:00+02:00,0.012538269115184684
2023-04-27 17:00:00+02:00,0.013124882280128595
2023-04-27 17:15:00+02:00,0.018584653833495696
2023-04-27 17:30:00+02:00,0.024878521343454325
2023-04-27 17:45:00+02:00,0.031188572319447782
2023-04-27 18:00:00+02:00,0.03751212925556482
2023-04-27 18:15:00+02:00,0.042672149606381785
2023-04-27 18:30:00+02:00,0.05093147928088299
2023-04-27 18:45:00+02:00,0.06056127145752467
2023-04-27 19:00:00+02:00,0.07055631325901011
2023-04-27 19:15:00+02:00,0.07702278837982213
2023-04-27 19:30:00+02:00,0.08384663775987007
2023-04-27 19:45:00+02:00,0.09099879822173199
2023-04-27 20:00:00+02:00,0.10039543597986375
2023-04-27 20:15:00+02:00,0.12460504962849472
2023-04-27 20:30:00+02:00,0.14883223586185573
2023-04-27 20:45:00+02:00,0.17307438041745796
2023-04-27 21:00:00+02:00,0.20368972435562976
2023-04-27 21:15:00+02:00,0.21319532560339777
2023-04-27 21:30:00+02:00,0.22441968629137884
2023-04-27 21:45:00+02:00,0.23728128426477443
2023-04-27 22:00:00+02:00,0.25169290757044577
2023-04-27 22:15:00+02:00,0.2627121533643992
2023-04-27 22:30:00+02:00,0.27375083868113553
2023-04-27 22:45:00+02:00,0.2848081135907924
2023-04-27 23:00:00+02:00,0.2989003188668697
2023-04-27 23:15:00+02:00,0.3058618190369995
2023-04-27 23:30:00+02:00,0.31352444419622066
2023-04-27 23:45:00+02:00,0.3218723852376977
2023-04-28 00:00:00+02:00,0.3308889550861089
2023-04-28 00:15:00+02:00,0.2769458279472271
2023-04-28 00:30:00+02:00,0.24038310041730376
2023-04-28 00:45:00+02:00,0.2119936837807478
2023-04-28 01:00:00+02:00,0.1928244806787308
2023-04-28 01:15:00+02:00,0.16740275849931702
2023-04-28 01:30:00+02:00,0.15344685044839818
2023-04-28 01:45:00+02:00,0.14792228371486224
2023-04-28 02:00:00+02:00,0.15112863384690564
2023-04-28 02:15:00+02:00,0.1345435293674699
2023-04-28 02:30:00+02:00,0.1231251360132517
2023-04-28 02:45:00+02:00,0.11728262010076637
2023-04-28 03:00:00+02:00,0.1172418954056212
2023-04-28 03:15:00+02:00,0.09263877077549433
2023-04-28 03:30:00+02:00,0.0773902938598204
2023-04-28 03:45:00+02:00,0.06342231070505976
2023-04-28 04:00:00+02:00,0.05098843121106187
2023-04-28 04:15:00+02:00,0.05973921340326591
2023-04-28 04:30:00+02:00,0.0687025529125688
2023-04-28 04:45:00+02:00,0.07785449277669244
2023-04-28 05:00:00+02:00,0.08717414473091263
2023-04-28 05:15:00+02:00,0.09307583636614343
2023-04-28 05:30:00+02:00,0.10220541997231265
2023-04-28 05:45:00+02:00,0.11353869803175233
2023-04-28 06:00:00+02:00,0.12569919030120005
2023-04-28 06:15:00+02:00,0.12511868685929425
2023-04-28 06:30:00+02:00,0.1247218264660493
2023-04-28 06:45:00+02:00,0.12450910605189165
2023-04-28 07:00:00+02:00,0.12448079271346492
2023-04-28 07:15:00+02:00,0.10669813495284877
2023-04-28 07:30:00+02:00,0.09353119259781767
2023-04-28 07:45:00+02:00,0.0871550981399026
2023-04-28 08:00:00+02:00,0.0834453622120369
2023-04-28 08:15:00+02:00,0.07632858557737413
2023-04-28 08:30:00+02:00,0.07090816889919908
2023-04-28 08:45:00+02:00,0.06730512053976534
2023-04-28 09:00:00+02:00,0.06560625527131932
2023-04-28 09:15:00+02:00,0.07192573871462188
2023-04-28 09:30:00+02:00,0.07979136756237483
2023-04-28 09:45:00+02:00,0.08905711406412875
2023-04-28 10:00:00+02:00,0.10219490211132001
2023-04-28 10:15:00+02:00,0.13807687562005605
2023-04-28 10:30:00+02:00,0.17953859682518003
2023-04-28 10:45:00+02:00,0.23868541793046735
2023-04-28 11:00:00+02:00,0.30658012199232265
2023-04-28 11:15:00+02:00,0.28810439520383196
2023-04-28 11:30:00+02:00,0.27331240057919876
2023-04-28 11:45:00+02:00,0.2590706027389128
2023-04-28 12:00:00+02:00,0.2448323091800965
2023-04-28 12:15:00+02:00,0.22104862411578474
2023-04-28 12:30:00+02:00,0.20195904436114542
2023-04-28 12:45:00+02:00,0.18797064309809972
2023-04-28 13:00:00+02:00,0.17941181876416204
2023-04-28 13:15:00+02:00,0.2206604575246999
2023-04-28 13:30:00+02:00,0.2623888191688973
2023-04-28 13:45:00+02:00,0.310099239671158
2023-04-28 14:00:00+02:00,0.36517178909240683
2023-04-28 14:15:00+02:00,0.37534938692966296
2023-04-28 14:30:00+02:00,0.38565800298634273
2023-04-28 14:45:00+02:00,0.3960939325951586
2023-04-28 15:00:00+02:00,0.40665356623139726
2023-04-28 15:15:00+02:00,0.4259102914567149
2023-04-28 15:30:00+02:00,0.4505744425670365
2023-04-28 15:45:00+02:00,0.47824921283648614
2023-04-28 16:00:00+02:00,0.5087168535365673
2023-04-28 16:15:00+02:00,0.5264592808094533
2023-04-28 16:30:00+02:00,0.5474837882480384
2023-04-28 16:45:00+02:00,0.5716427912391219
2023-04-28 17:00:00+02:00,0.5990114032927891
2023-04-28 17:15:00+02:00,0.569454765372651
2023-04-28 17:30:00+02:00,0.5401437337969739
2023-04-28 17:45:00+02:00,0.5108450680613086
2023-04-28 18:00:00+02:00,0.4815595962786178
2023-04-28 18:15:00+02:00,0.47637846294015845
2023-04-28 18:30:00+02:00,0.47126614738476774
2023-04-28 18:45:00+02:00,0.46622346326851655
2023-04-28 19:00:00+02:00,0.46125122577902905
2023-04-28 19:15:00+02:00,0.45303708980539675
2023-04-28 19:30:00+02:00,0.4452959845658111
2023-04-28 19:45:00+02:00,0.43803656685714276
2023-04-28 20:00:00+02:00,0.4312671477118814
2023-04-28 20:15:00+02:00,0.43118920084366813
2023-04-28 20:30:00+02:00,0.43153968784656377
2023-04-28 20:45:00+02:00,0.43231825212124975
2023-04-28 21:00:00+02:00,0.43352410293993326
2023-04-28 21:15:00+02:00,0.42099266631992593
2023-04-28 21:30:00+02:00,0.4095601018468856
2023-04-28 21:45:00+02:00,0.3984586471548905
2023-04-28 22:00:00+02:00,0.38769846282110837
2023-04-28 22:15:00+02:00,0.3925073330025816
2023-04-28 22:30:00+02:00,0.39758692720031047
2023-04-28 22:45:00+02:00,0.4029334968450681
2023-04-28 23:00:00+02:00,0.4085431707135398
2023-04-28 23:15:00+02:00,0.3808144904877315
2023-04-28 23:30:00+02:00,0.3580161817880571
2023-04-28 23:45:00+02:00,0.34047313404023355
2023-04-29 00:00:00+02:00,0.32845493425736194
2023-04-29 00:15:00+02:00,0.3072443402204976
2023-04-29 00:30:00+02:00,0.2860389288448488
2023-04-29 00:45:00+02:00,0.26961558134986585
2023-04-29 01:00:00+02:00,0.25327106548945916
2023-04-29 01:15:00+02:00,0.2475466745384014
2023-04-29 01:30:00+02:00,0.24185643601411777
2023-04-29 01:45:00+02:00,0.23620117241952984
2023-04-29 02:00:00+02:00,0.2305817275786447
2023-04-29 02:15:00+02:00,0.2209332205538592
2023-04-29 02:30:00+02:00,0.2113148948361023
2023-04-29 02:45:00+02:00,0.20172804186975365
2023-04-29 03:00:00+02:00,0.1921740232436858
2023-04-29 03:15:00+02:00,0.1837508690933808
2023-04-29 03:30:00+02:00,0.1758702566118565
2023-04-29 03:45:00+02:00,0.16957758859551772
2023-04-29 04:00:00+02:00,0.16333477627625834
2023-04-29 04:15:00+02:00,0.1612064300101058
2023-04-29 04:30:00+02:00,0.159601031455669
2023-04-29 04:45:00+02:00,0.15852389418292398
2023-04-29 05:00:00+02:00,0.15797862368113255
2023-04-29 05:15:00+02:00,0.16095228610166312
2023-04-29 05:30:00+02:00,0.16496786553457646
2023-04-29 05:45:00+02:00,0.16999950822982376
2023-04-29 06:00:00+02:00,0.17601600938901782
2023-04-29 06:15:00+02:00,0.17299362034766547
2023-04-29 06:30:00+02:00,0.17045717497779345
2023-04-29 06:45:00+02:00,0.16841431496255674
2023-04-29 07:00:00+02:00,0.16687131170795796
2023-04-29 07:15:00+02:00,0.1621460493320727
2023-04-29 07:30:00+02:00,0.1579768723662399
2023-04-29 07:45:00+02:00,0.15437858403348256
2023-04-29 08:00:00+02:00,0.15136438531326943
2023-04-29 08:15:00+02:00,0.14056260684392377
2023-04-29 08:30:00+02:00,0.12989426954975525
2023-04-29 08:45:00+02:00,0.11936919493231711
2023-04-29 09:00:00+02:00,0.10899803995862532
2023-04-29 09:15:00+02:00,0.10004190182098384
2023-04-29 09:30:00+02:00,0.09270526750073578
2023-04-29 09:45:00+02:00,0.08723728844300699
2023-04-29 10:00:00+02:00,0.08183179285744527
2023-04-29 10:15:00+02:00,0.07731856354494057
2023-04-29 10:30:00+02:00,0.07293268163913844
2023-04-29 10:45:00+02:00,0.06868145162946686
2023-04-29 11:00:00+02:00,0.06457249641143314
2023-04-29 11:15:00+02:00,0.048394748681154474
2023-04-29 11:30:00+02:00,0.037248475990707165
2023-04-29 11:45:00+02:00,0.02812129743378121
2023-04-29 12:00:00+02:00,0.019302197727724277
2023-04-29 12:15:00+02:00,0.0179302538381734
2023-04-29 12:30:00+02:00,0.01656850583804418
2023-04-29 12:45:00+02:00,0.015217405874732958
2023-04-29 13:00:00+02:00,0.013877429369672793
2023-04-29 13:15:00+02:00,0.013597174428307244
2023-04-29 13:30:00+02:00,0.01335673424170731
2023-04-29 13:45:00+02:00,0.013119266960888464
2023-04-29 14:00:00+02:00,0.012884824874799685
2023-04-29 14:15:00+02:00,0.012132984666268392
2023-04-29 14:30:00+02:00,0.011381162696304615
2023-04-29 14:45:00+02:00,0.01062936004041633
2023-04-29 15:00:00+02:00,0.009877577860337957
2023-04-29 15:15:00+02:00,0.00895214524533646
2023-04-29 15:30:00+02:00,0.00803002034091908
2023-04-29 15:45:00+02:00,0.007111466615733736
2023-04-29 16:00:00+02:00,0.006196775087461429
2023-04-29 16:15:00+02:00,0.007140581448417897
2023-04-29 16:30:00+02:00,0.008090491602332217
2023-04-29 16:45:00+02:00,0.009046031145418004
2023-04-29 17:00:00+02:00,0.01000677119079893
2023-04-29 17:15:00+02:00,0.011120029840227598
2023-04-29 17:30:00+02:00,0.01224445338678437
2023-04-29 17:45:00+02:00,0.013379123209053136
2023-04-29 18:00:00+02:00,0.015372254146394438
2023-04-29 18:15:00+02:00,0.013361719145916977
2023-04-29 18:30:00+02:00,0.012204781541726967
2023-04-29 18:45:00+02:00,0.011052807676071306
2023-04-29 19:00:00+02:00,0.009906254691055072
2023-04-29 19:15:00+02:00,0.010375393065654846
2023-04-29 19:30:00+02:00,0.010844536025001817
2023-04-29 19:45:00+02:00,0.011313683403356145
2023-04-29 20:00:00+02:00,0.01178283504287012
2023-04-29 20:15:00+02:00,0.015957961351721933
2023-04-29 20:30:00+02:00,0.02255647076996198
2023-04-29 20:45:00+02:00,0.02916500286255842
2023-04-29 21:00:00+02:00,0.035781794296355605
2023-04-29 21:15:00+02:00,0.04792015604134914
2023-04-29 21:30:00+02:00,0.0658886034875288
2023-04-29 21:45:00+02:00,0.08393703393959595
2023-04-29 22:00:00+02:00,0.10616716777021971
2023-04-29 22:15:00+02:00,0.11939199571299264
2023-04-29 22:30:00+02:00,0.1329244725061285
2023-04-29 22:45:00+02:00,0.14673757734542045
2023-04-29 23:00:00+02:00,0.1608068946339892
2023-04-29 23:15:00+02:00,0.16075872066746655
2023-04-29 23:30:00+02:00,0.16138387910874968
2023-04-29 23:45:00+02:00,0.16267972894728766
2023-04-30 00:00:00+02:00,0.16464083956698594
2023-04-30 00:15:00+02:00,0.1665401738434975
2023-04-30 00:30:00+02:00,0.1699946386440697
2023-04-30 00:45:00+02:00,0.17497137440889304
2023-04-30 01:00:00+02:00,0.18271393710449396
2023-04-30 01:15:00+02:00,0.18449078002964575
2023-04-30 01:30:00+02:00,0.18760183894578403
2023-04-30 01:45:00+02:00,0.1920283786593783
2023-04-30 02:00:00+02:00,0.1977443405509401
2023-04-30 02:15:00+02:00,0.18987355806509512
2023-04-30 02:30:00+02:00,0.1830143874550906
2023-04-30 02:45:00+02:00,0.17724288521551357
2023-04-30 03:00:00+02:00,0.17364605186576285
2023-04-30 03:15:00+02:00,0.16367028463367744
2023-04-30 03:30:00+02:00,0.15444249405364702
2023-04-30 03:45:00+02:00,0.14600755174421037
2023-04-30 04:00:00+02:00,0.13840966235543137
2023-04-30 04:15:00+02:00,0.13499766137416183
2023-04-30 04:30:00+02:00,0.1318412536677145
2023-04-30 04:45:00+02:00,0.12894588515047722
2023-04-30 05:00:00+02:00,0.1263166881530754
2023-04-30 05:15:00+02:00,0.1288681316516109
2023-04-30 05:30:00+02:00,0.13143147567964383
2023-04-30 05:45:00+02:00,0.1340065166354967
2023-04-30 06:00:00+02:00,0.13659305463787855
2023-04-30 06:15:00+02:00,0.13557802145566913
2023-04-30 06:30:00+02:00,0.134563101804802
2023-04-30 06:45:00+02:00,0.13354829645511412
2023-04-30 07:00:00+02:00,0.1325336061833305
2023-04-30 07:15:00+02:00,0.1162572040798466
2023-04-30 07:30:00+02:00,0.09999619220133149
2023-04-30 07:45:00+02:00,0.08808037499896985
2023-04-30 08:00:00+02:00,0.07796959628843808
2023-04-30 08:15:00+02:00,0.0611222472208596
2023-04-30 08:30:00+02:00,0.04428624735769416
2023-04-30 08:45:00+02:00,0.03425209360039789
2023-04-30 09:00:00+02:00,0.024326618289605053
2023-04-30 09:15:00+02:00,0.02244575644945421
2023-04-30 09:30:00+02:00,0.020633064562266025
2023-04-30 09:45:00+02:00,0.018892412479654768
2023-04-30 10:00:00+02:00,0.01722779665831064
2023-04-30 10:15:00+02:00,0.020355428072517397
2023-04-30 10:30:00+02:00,0.023576188822886552
2023-04-30 10:45:00+02:00,0.026881409119017773
2023-04-30 11:00:00+02:00,0.030263274674956417
2023-04-30 11:15:00+02:00,0.03378646943769167
2023-04-30 11:30:00+02:00,0.03732912816441416
2023-04-30 11:45:00+02:00,0.040889494733819254
2023-04-30 12:00:00+02:00,0.04475592004055243
2023-04-30 12:15:00+02:00,0.05259301881673713
2023-04-30 12:30:00+02:00,0.06060605497170899
2023-04-30 12:45:00+02:00,0.06877659985234898
2023-04-30 13:00:00+02:00,0.07708841872086347
2023-04-30 13:15:00+02:00,0.0791230336101259
2023-04-30 13:30:00+02:00,0.08140110851123851
2023-04-30 13:45:00+02:00,0.08391584198354014
2023-04-30 14:00:00+02:00,0.08666001673069434
2023-04-30 14:15:00+02:00,0.08713739157096974
2023-04-30 14:30:00+02:00,0.08761639218526295
2023-04-30 14:45:00+02:00,0.08809700918396744
2023-04-30 15:00:00+02:00,0.0885792332183226
2023-04-30 15:15:00+02:00,0.08953144610826082
2023-04-30 15:30:00+02:00,0.09048493562058021
2023-04-30 15:45:00+02:00,0.09143968727310549
2023-04-30 16:00:00+02:00,0.09239568678314668
2023-04-30 16:15:00+02:00,0.08924391163699892
2023-04-30 16:30:00+02:00,0.08609654103082762
2023-04-30 16:45:00+02:00,0.08295374564017569
2023-04-30 17:00:00+02:00,0.07981570480615026
2023-04-30 17:15:00+02:00,0.0786759018892654
2023-04-30 17:30:00+02:00,0.07826703980632123
2023-04-30 17:45:00+02:00,0.07859286507718075
2023-04-30 18:00:00+02:00,0.07965039001385352
2023-04-30 18:15:00+02:00,0.08587523518950775
2023-04-30 18:30:00+02:00,0.09243141395445029
2023-04-30 18:45:00+02:00,0.10174618850695598
2023-04-30 19:00:00+02:00,0.11321161292093612
2023-04-30 19:15:00+02:00,0.13167964507425445
2023-04-30 19:30:00+02:00,0.15015106362105785
2023-04-30 19:45:00+02:00,0.168625480927074
2023-04-30 20:00:00+02:00,0.19020221131240309
2023-04-30 20:15:00+02:00,0.21384608426072066
2023-04-30 20:30:00+02:00,0.23775531214314355
2023-04-30 20:45:00+02:00,0.26190398296200923
2023-04-30 21:00:00+02:00,0.28643389551930265
2023-04-30 21:15:00+02:00,0.2993853635323768
2023-04-30 21:30:00+02:00,0.3133606133018937
2023-04-30 21:45:00+02:00,0.32831780800147203
2023-04-30 22:00:00+02:00,0.3442146563037476
2023-04-30 22:15:00+02:00,0.33701967093969043
2023-04-30 22:30:00+02:00,0.3312840032608426
2023-04-30 22:45:00+02:00,0.327032159932442
2023-04-30 23:00:00+02:00,0.32428266243980486
2023-04-30 23:15:00+02:00,0.3140619432257753
2023-04-30 23:30:00+02:00,0.30568212605022094
2023-04-30 23:45:00+02:00,0.29918963942642257
2023-05-01 00:00:00+02:00,0.29462153192117124
2023-05-01 00:15:00+02:00,0.2734791378419402
2023-05-01 00:30:00+02:00,0.2566374456282409
2023-05-01 00:45:00+02:00,0.24221829643671788
2023-05-01 01:00:00+02:00,0.23037077370718087
2023-05-01 01:15:00+02:00,0.20665689262670947
2023-05-01 01:30:00+02:00,0.18654559245704563
2023-05-01 01:45:00+02:00,0.17206874838299832
2023-05-01 02:00:00+02:00,0.16302529367714083
2023-05-01 02:15:00+02:00,0.14970378532871842
2023-05-01 02:30:00+02:00,0.1392427544140643
2023-05-01 02:45:00+02:00,0.13184293184443382
2023-05-01 03:00:00+02:00,0.1276577000632456
2023-05-01 03:15:00+02:00,0.12553898529307186
2023-05-01 03:30:00+02:00,0.12426678528268219
2023-05-01 03:45:00+02:00,0.1238484541273668
2023-05-01 04:00:00+02:00,0.12428642860268706
2023-05-01 04:15:00+02:00,0.12660637551221282
2023-05-01 04:30:00+02:00,0.12905725235970525
2023-05-01 04:45:00+02:00,0.1316369060497832
2023-05-01 05:00:00+02:00,0.13434312103391063
2023-05-01 05:15:00+02:00,0.13156574851796235
2023-05-01 05:30:00+02:00,0.1289321257390753
2023-05-01 05:45:00+02:00,0.12644482272903013
2023-05-01 06:00:00+02:00,0.12410632327154182
2023-05-01 06:15:00+02:00,0.11106639082853352
2023-05-01 06:30:00+02:00,0.09852272310567052
2023-05-01 06:45:00+02:00,0.08980618745327064
2023-05-01 07:00:00+02:00,0.08269673364558304
2023-05-01 07:15:00+02:00,0.07119229133535958
2023-05-01 07:30:00+02:00,0.06003078021176479
2023-05-01 07:45:00+02:00,0.049266892730951334
2023-05-01 08:00:00+02:00,0.04104529355051894
2023-05-01 08:15:00+02:00,0.03165099094361621
2023-05-01 08:30:00+02:00,0.022446954371820867
2023-05-01 08:45:00+02:00,0.013664202662682238
2023-05-01 09:00:00+02:00,0.00972496423781708
2023-05-01 09:15:00+02:00,0.005361950455357739
2023-05-01 09:30:00+02:00,0.0012108480824335524
2023-05-01 09:45:00+02:00,0.0
2023-05-01 10:00:00+02:00,0.0
2023-05-01 10:15:00+02:00,0.0
2023-05-01 10:30:00+02:00,0.0
2023-05-01 10:45:00+02:00,0.0
2023-05-01 11:00:00+02:00,0.0
2023-05-01 11:15:00+02:00,0.0
2023-05-01 11:30:00+02:00,0.0
2023-05-01 11:45:00+02:00,0.002322924577671727
2023-05-01 12:00:00+02:00,0.00768265100380281
2023-05-01 12:15:00+02:00,0.009799212092796666
2023-05-01 12:30:00+02:00,0.012105602008206878
2023-05-01 12:45:00+02:00,0.01547623734613018
2023-05-01 13:00:00+02:00,0.021164103053012404
2023-05-01 13:15:00+02:00,0.02551438367911294
2023-05-01 13:30:00+02:00,0.02992940190831033
2023-05-01 13:45:00+02:00,0.03440145445635773
2023-05-01 14:00:00+02:00,0.038923935364528955
2023-05-01 14:15:00+02:00,0.03571874380842077
2023-05-01 14:30:00+02:00,0.032513631840818964
2023-05-01 14:45:00+02:00,0.0293086066667511
2023-05-01 15:00:00+02:00,0.026103676387751656
2023-05-01 15:15:00+02:00,0.02604378213007198
2023-05-01 15:30:00+02:00,0.02641217819401724
2023-05-01 15:45:00+02:00,0.02720431808786091
2023-05-01 16:00:00+02:00,0.028410640556126934
2023-05-01 16:15:00+02:00,0.03457342773178805
2023-05-01 16:30:00+02:00,0.040808159761999044
2023-05-01 16:45:00+02:00,0.04922178307255996
2023-05-01 17:00:00+02:00,0.05996851273787958
2023-05-01 17:15:00+02:00,0.06345092740049936
2023-05-01 17:30:00+02:00,0.06704651828627753
2023-05-01 17:45:00+02:00,0.07075001118101723
2023-05-01 18:00:00+02:00,0.07455631054788828
2023-05-01 18:15:00+02:00,0.0847518711076425
2023-05-01 18:30:00+02:00,0.09511538270630555
2023-05-01 18:45:00+02:00,0.11190904979677983
2023-05-01 19:00:00+02:00,0.12898785832791906
2023-05-01 19:15:00+02:00,0.13236801544519675
2023-05-01 19:30:00+02:00,0.13582707262589958
2023-05-01 19:45:00+02:00,0.13936322976687865
2023-05-01 20:00:00+02:00,0.14297470279235647
2023-05-01 20:15:00+02:00,0.15978697675729336
2023-05-01 20:30:00+02:00,0.17661465192505213
2023-05-01 20:45:00+02:00,0.1985816420498554
2023-05-01 21:00:00+02:00,0.22080949857572038
2023-05-01 21:15:00+02:00,0.23528206120091127
2023-05-01 21:30:00+02:00,0.2500519825082563
2023-05-01 21:45:00+02:00,0.26510140243502456
2023-05-01 22:00:00+02:00,0.2804135637575782
2023-05-01 22:15:00+02:00,0.2802150719112623
2023-05-01 22:30:00+02:00,0.2800480218864974
2023-05-01 22:45:00+02:00,0.2799124346220367
2023-05-01 23:00:00+02:00,0.2798083271266306
2023-05-01 23:15:00+02:00,0.27064560900915197
2023-05-01 23:30:00+02:00,0.2615165374346809
2023-05-01 23:45:00+02:00,0.25242238334563016
2023-05-02 00:00:00+02:00,0.24336447726963123
2023-05-02 00:15:00+02:00,0.21785539423498865
2023-05-02 00:30:00+02:00,0.19261319279384514
2023-05-02 00:45:00+02:00,0.17001727639820693
2023-05-02 01:00:00+02:00,0.15135767935240965
2023-05-02 01:15:00+02:00,0.15077464269718752
2023-05-02 01:30:00+02:00,0.15020784203813564
2023-05-02 01:45:00+02:00,0.1496573367296544
2023-05-02 02:00:00+02:00,0.14912318469698926
2023-05-02 02:15:00+02:00,0.15516231516136572
2023-05-02 02:30:00+02:00,0.16126788327567734
2023-05-02 02:45:00+02:00,0.16743736909491153
2023-05-02 03:00:00+02:00,0.17366835407998613
2023-05-02 03:15:00+02:00,0.1802979734947145
2023-05-02 03:30:00+02:00,0.18812748277818694
2023-05-02 03:45:00+02:00,0.19597258711251508
2023-05-02 04:00:00+02:00,0.2038327439102437
2023-05-02 04:15:00+02:00,0.1921420643843347
2023-05-02 04:30:00+02:00,0.1804931788689456
2023-05-02 04:45:00+02:00,0.17094151733507343
2023-05-02 05:00:00+02:00,0.1621775252813836
2023-05-02 05:15:00+02:00,0.16022119270038807
2023-05-02 05:30:00+02:00,0.1584346543887799
2023-05-02 05:45:00+02:00,0.1568198371757195
2023-05-02 06:00:00+02:00,0.15537850784004764
2023-05-02 06:15:00+02:00,0.14746227218505417
2023-05-02 06:30:00+02:00,0.1396816541747891
2023-05-02 06:45:00+02:00,0.13204372744365053
2023-05-02 07:00:00+02:00,0.12455592241345383
2023-05-02 07:15:00+02:00,0.12029146544316312
2023-05-02 07:30:00+02:00,0.11602713918323812
2023-05-02 07:45:00+02:00,0.11176294754758734
2023-05-02 08:00:00+02:00,0.1074988946078244
2023-05-02 08:15:00+02:00,0.10285945734088404
2023-05-02 08:30:00+02:00,0.09905366030902454
2023-05-02 08:45:00+02:00,0.09610462962391224
2023-05-02 09:00:00+02:00,0.09448576989169466
2023-05-02 09:15:00+02:00,0.09649512789717991
2023-05-02 09:30:00+02:00,0.10089636702724418
2023-05-02 09:45:00+02:00,0.10717408518950386
2023-05-02 10:00:00+02:00,0.11524624195251665
2023-05-02 10:15:00+02:00,0.1107098028257506
2023-05-02 10:30:00+02:00,0.10638010865702155
2023-05-02 10:45:00+02:00,0.10226358796503733
2023-05-02 11:00:00+02:00,0.09836660214925853
2023-05-02 11:15:00+02:00,0.08177784967348728
2023-05-02 11:30:00+02:00,0.06639274904472196
2023-05-02 11:45:00+02:00,0.051037847004212676
2023-05-02 12:00:00+02:00,0.039128646970401144
2023-05-02 12:15:00+02:00,0.0373931585884102
2023-05-02 12:30:00+02:00,0.03567983492729389
2023-05-02 12:45:00+02:00,0.03398970332912579
2023-05-02 13:00:00+02:00,0.03232384037542672
2023-05-02 13:15:00+02:00,0.030044390506201838
2023-05-02 13:30:00+02:00,0.027793840120451302
2023-05-02 13:45:00+02:00,0.02557409323089483
2023-05-02 14:00:00+02:00,0.023387195165914317
2023-05-02 14:15:00+02:00,0.023178288267262454
2023-05-02 14:30:00+02:00,0.02298708757605994
2023-05-02 14:45:00+02:00,0.02281369494228334
2023-05-02 15:00:00+02:00,0.02265820340617345
2023-05-02 15:15:00+02:00,0.025240273262318768
2023-05-02 15:30:00+02:00,0.027827880580462292
2023-05-02 15:45:00+02:00,0.03042062483792556
2023-05-02 16:00:00+02:00,0.03301814254136841
2023-05-02 16:15:00+02:00,0.03712674211082037
2023-05-02 16:30:00+02:00,0.041238759488747424
2023-05-02 16:45:00+02:00,0.046258954597576236
2023-05-02 17:00:00+02:00,0.05323014014062371
2023-05-02 17:15:00+02:00,0.05945953977784167
2023-05-02 17:30:00+02:00,0.06599369693418984
2023-05-02 17:45:00+02:00,0.07280703076131559
2023-05-02 18:00:00+02:00,0.07987582419821071
2023-05-02 18:15:00+02:00,0.08336679726796296
2023-05-02 18:30:00+02:00,0.08753837150300352
2023-05-02 18:45:00+02:00,0.09235689246426489
2023-05-02 19:00:00+02:00,0.09932689024494912
2023-05-02 19:15:00+02:00,0.09869458034305126
2023-05-02 19:30:00+02:00,0.09900306696196079
2023-05-02 19:45:00+02:00,0.1002502557744387
2023-05-02 20:00:00+02:00,0.10242774250134569
2023-05-02 20:15:00+02:00,0.10652643631708382
2023-05-02 20:30:00+02:00,0.11089536090907227
2023-05-02 20:45:00+02:00,0.11552629864521768
2023-05-02 21:00:00+02:00,0.1204108985903991
2023-05-02 21:15:00+02:00,0.11965248598496371
2023-05-02 21:30:00+02:00,0.11895909743274141
2023-05-02 21:45:00+02:00,0.1183310447331676
2023-05-02 22:00:00+02:00,0.1177686120284075
2023-05-02 22:15:00+02:00,0.11890141341565237
2023-05-02 22:30:00+02:00,0.12025751330961454
2023-05-02 22:45:00+02:00,0.12183483437166191
2023-05-02 23:00:00+02:00,0.1236309926563207
2023-05-02 23:15:00+02:00,0.14811279705984817
2023-05-02 23:30:00+02:00,0.17413349910535905
2023-05-02 23:45:00+02:00,0.20913838468492718
2023-05-03 00:00:00+02:00,0.2466428573931002
2023-05-03 00:15:00+02:00,0.23341047579023916
2023-05-03 00:30:00+02:00,0.22220675944375856
2023-05-03 00:45:00+02:00,0.21313114793798646
2023-05-03 01:00:00+02:00,0.20626899437582807
2023-05-03 01:15:00+02:00,0.1934420569292825
2023-05-03 01:30:00+02:00,0.18120401496191985
2023-05-03 01:45:00+02:00,0.17147241665759774
2023-05-03 02:00:00+02:00,0.16316318743547978
2023-05-03 02:15:00+02:00,0.16281400419133024
2023-05-03 02:30:00+02:00,0.16247944388742283
2023-05-03 02:45:00+02:00,0.16215953725170712
2023-05-03 03:00:00+02:00,0.1618543137468245
2023-05-03 03:15:00+02:00,0.1662284595102152
2023-05-03 03:30:00+02:00,0.17060695925601443
2023-05-03 03:45:00+02:00,0.174989696377283
2023-05-03 04:00:00+02:00,0.1800128384312099
2023-05-03 04:15:00+02:00,0.1834110850196285
2023-05-03 04:30:00+02:00,0.18748283727798248
2023-05-03 04:45:00+02:00,0.19221572075095558
2023-05-03 05:00:00+02:00,0.19759572937178402
2023-05-03 05:15:00+02:00,0.20025561747145904
2023-05-03 05:30:00+02:00,0.20305672577133654
2023-05-03 05:45:00+02:00,0.2059973055400607
2023-05-03 06:00:00+02:00,0.20907555189416732
2023-05-03 06:15:00+02:00,0.19280360544789216
2023-05-03 06:30:00+02:00,0.17702519490172344
2023-05-03 06:45:00+02:00,0.16528522190775613
2023-05-03 07:00:00+02:00,0.15387838695733766
2023-05-03 07:15:00+02:00,0.13472741599142318
2023-05-03 07:30:00+02:00,0.11575535356212216
2023-05-03 07:45:00+02:00,0.0969868881738497
2023-05-03 08:00:00+02:00,0.0847766479808975
2023-05-03 08:15:00+02:00,0.07743793061174384
2023-05-03 08:30:00+02:00,0.07042803833306509
2023-05-03 08:45:00+02:00,0.06377777650967024
2023-05-03 09:00:00+02:00,0.05752002471297478
2023-05-03 09:15:00+02:00,0.06159941694280901
2023-05-03 09:30:00+02:00,0.06602941823291053
2023-05-03 09:45:00+02:00,0.07078990197877062
2023-05-03 10:00:00+02:00,0.07586091862524637
2023-05-03 10:15:00+02:00,0.08085399206550656
2023-05-03 10:30:00+02:00,0.08587791027816058
2023-05-03 10:45:00+02:00,0.09093082588722733
2023-05-03 11:00:00+02:00,0.09647838061021398
2023-05-03 11:15:00+02:00,0.09389145850095366
2023-05-03 11:30:00+02:00,0.09199231368998462
2023-05-03 11:45:00+02:00,0.09031859504120608
2023-05-03 12:00:00+02:00,0.08887483764886818
2023-05-03 12:15:00+02:00,0.08259124178557904
2023-05-03 12:30:00+02:00,0.07633575303252092
2023-05-03 12:45:00+02:00,0.07011065655758605
2023-05-03 13:00:00+02:00,0.06391847909716972
2023-05-03 13:15:00+02:00,0.06386249299492731
2023-05-03 13:30:00+02:00,0.06381089644047276
2023-05-03 13:45:00+02:00,0.06376369246063598
2023-05-03 14:00:00+02:00,0.06372088382700149
2023-05-03 14:15:00+02:00,0.06729029588766638
2023-05-03 14:30:00+02:00,0.07090383713764743
2023-05-03 14:45:00+02:00,0.0745594742610718
2023-05-03 15:00:00+02:00,0.0782552753807377
2023-05-03 15:15:00+02:00,0.0813413972902092
2023-05-03 15:30:00+02:00,0.08442864109670538
2023-05-03 15:45:00+02:00,0.08751696494124186
2023-05-03 16:00:00+02:00,0.09060632900806001
2023-05-03 16:15:00+02:00,0.09350199573175413
2023-05-03 16:30:00+02:00,0.09713007801677757
2023-05-03 16:45:00+02:00,0.10183812483545239
2023-05-03 17:00:00+02:00,0.10657538994533561
2023-05-03 17:15:00+02:00,0.11177584777544305
2023-05-03 17:30:00+02:00,0.11699347782068695
2023-05-03 17:45:00+02:00,0.12222766597953595
2023-05-03 18:00:00+02:00,0.1274778252730603
2023-05-03 18:15:00+02:00,0.13270347622331
2023-05-03 18:30:00+02:00,0.13799374021535726
2023-05-03 18:45:00+02:00,0.14334638227274557
2023-05-03 19:00:00+02:00,0.14875924474019017
2023-05-03 19:15:00+02:00,0.15165888537853087
2023-05-03 19:30:00+02:00,0.15539251748344923
2023-05-03 19:45:00+02:00,0.15994049248297382
2023-05-03 20:00:00+02:00,0.16527969975786463
2023-05-03 20:15:00+02:00,0.1941881939316796
2023-05-03 20:30:00+02:00,0.2272556803147058
2023-05-03 20:45:00+02:00,0.26058311541827406
2023-05-03 21:00:00+02:00,0.2966355330444647
2023-05-03 21:15:00+02:00,0.3267445298010384
2023-05-03 21:30:00+02:00,0.35700510565493776
2023-05-03 21:45:00+02:00,0.38740457836444087
2023-05-03 22:00:00+02:00,0.4179315929012905
2023-05-03 22:15:00+02:00,0.4243089889212788
2023-05-03 22:30:00+02:00,0.4322728002129438
2023-05-03 22:45:00+02:00,0.4414925159692844
2023-05-03 23:00:00+02:00,0.4517226407980064
2023-05-03 23:15:00+02:00,0.448431713423052
2023-05-03 23:30:00+02:00,0.4454823110309295
2023-05-03 23:45:00+02:00,0.44287680590722384
2023-05-04 00:00:00+02:00,0.44061731203792753
2023-05-04 00:15:00+02:00,0.42358674586927575
2023-05-04 00:30:00+02:00,0.40974433008679895
2023-05-04 00:45:00+02:00,0.39762281354731077
2023-05-04 01:00:00+02:00,0.3872798803244374
2023-05-04 01:15:00+02:00,0.3652540830206098
2023-05-04 01:30:00+02:00,0.34434465621082777
2023-05-04 01:45:00+02:00,0.32462010670947944
2023-05-04 02:00:00+02:00,0.3061502871715877
2023-05-04 02:15:00+02:00,0.2896097370111649
2023-05-04 02:30:00+02:00,0.27624152654418593
2023-05-04 02:45:00+02:00,0.2640577923827534
2023-05-04 03:00:00+02:00,0.25218198565696454
2023-05-04 03:15:00+02:00,0.24827780120820908
2023-05-04 03:30:00+02:00,0.24452270271039148
2023-05-04 03:45:00+02:00,0.24091904392721653
2023-05-04 04:00:00+02:00,0.2374691305073085
2023-05-04 04:15:00+02:00,0.24238363954573747
2023-05-04 04:30:00+02:00,0.24754425046186807
2023-05-04 04:45:00+02:00,0.2529457120437703
2023-05-04 05:00:00+02:00,0.2585826867458306
2023-05-04 05:15:00+02:00,0.2609398806897227
2023-05-04 05:30:00+02:00,0.2635219582287145
2023-05-04 05:45:00+02:00,0.26632656195268223
2023-05-04 06:00:00+02:00,0.26935116845829193
2023-05-04 06:15:00+02:00,0.27086822910737657
2023-05-04 06:30:00+02:00,0.2727653159452486
2023-05-04 06:45:00+02:00,0.2750395361757773
2023-05-04 07:00:00+02:00,0.2776874604707272
2023-05-04 07:15:00+02:00,0.2706002789315036
2023-05-04 07:30:00+02:00,0.2636840536539383
2023-05-04 07:45:00+02:00,0.2569436466298819
2023-05-04 08:00:00+02:00,0.250383975227244
2023-05-04 08:15:00+02:00,0.22921617336364417
2023-05-04 08:30:00+02:00,0.2080725168474014
2023-05-04 08:45:00+02:00,0.18695532772974455
2023-05-04 09:00:00+02:00,0.16865076890996716
2023-05-04 09:15:00+02:00,0.1626715641605008
2023-05-04 09:30:00+02:00,0.1566930384292402
2023-05-04 09:45:00+02:00,0.15071521783975503
2023-05-04 10:00:00+02:00,0.14473812986975054
2023-05-04 10:15:00+02:00,0.15124799374847356
2023-05-04 10:30:00+02:00,0.15778266860537696
2023-05-04 10:45:00+02:00,0.164341140732784
2023-05-04 11:00:00+02:00,0.17092244750311705
2023-05-04 11:15:00+02:00,0.1591186150408741
2023-05-04 11:30:00+02:00,0.1473935406774918
2023-05-04 11:45:00+02:00,0.1357533639765635
2023-05-04 12:00:00+02:00,0.12420482776752077
2023-05-04 12:15:00+02:00,0.13374833045267845
2023-05-04 12:30:00+02:00,0.14332115195582926
2023-05-04 12:45:00+02:00,0.15292149468094546
2023-05-04 13:00:00+02:00,0.16254770047217015
2023-05-04 13:15:00+02:00,0.17495866133536556
2023-05-04 13:30:00+02:00,0.19068171629083258
2023-05-04 13:45:00+02:00,0.2072951314826099
2023-05-04 14:00:00+02:00,0.2240181375390285
2023-05-04 14:15:00+02:00,0.2328493405353202
2023-05-04 14:30:00+02:00,0.24220069261058688
2023-05-04 14:45:00+02:00,0.2520520576111027
2023-05-04 15:00:00+02:00,0.26238333053064156
2023-05-04 15:15:00+02:00,0.2653617383762697
2023-05-04 15:30:00+02:00,0.2685966470192214
2023-05-04 15:45:00+02:00,0.272084713835918
2023-05-04 16:00:00+02:00,0.2758223993489265
2023-05-04 16:15:00+02:00,0.2822822073074739
2023-05-04 16:30:00+02:00,0.28968835122288294
2023-05-04 16:45:00+02:00,0.29815958450535357
2023-05-04 17:00:00+02:00,0.3066764143998408
2023-05-04 17:15:00+02:00,0.2987535055023587
2023-05-04 17:30:00+02:00,0.2908507903227453
2023-05-04 17:45:00+02:00,0.2835969712701392
2023-05-04 18:00:00+02:00,0.2775347914810784
2023-05-04 18:15:00+02:00,0.2563442903269077
2023-05-04 18:30:00+02:00,0.235164464840133
2023-05-04 18:45:00+02:00,0.2139963029491549
2023-05-04 19:00:00+02:00,0.19284091770556253
2023-05-04 19:15:00+02:00,0.20869160256632088
2023-05-04 19:30:00+02:00,0.2245453128897522
2023-05-04 19:45:00+02:00,0.24040184686633406
2023-05-04 20:00:00+02:00,0.25626102021329455
2023-05-04 20:15:00+02:00,0.28450075582016765
2023-05-04 20:30:00+02:00,0.3209891322068099
2023-05-04 20:45:00+02:00,0.358043371771921
2023-05-04 21:00:00+02:00,0.39528248328610677
2023-05-04 21:15:00+02:00,0.39631670150780185
2023-05-04 21:30:00+02:00,0.40019608243240695
2023-05-04 21:45:00+02:00,0.40689064718283263
2023-05-04 22:00:00+02:00,0.41634964208550274
2023-05-04 22:15:00+02:00,0.3985832046376661
2023-05-04 22:30:00+02:00,0.3858344020494013
2023-05-04 22:45:00+02:00,0.3782816173493233
2023-05-04 23:00:00+02:00,0.37603451275108163
2023-05-04 23:15:00+02:00,0.332821781528673
2023-05-04 23:30:00+02:00,0.3061045726261713
2023-05-04 23:45:00+02:00,0.29721278645444793
2023-05-05 00:00:00+02:00,0.30662002706299263
2023-05-05 00:15:00+02:00,0.25667295890022596
2023-05-05 00:30:00+02:00,0.230234160552339
2023-05-05 00:45:00+02:00,0.22465336333637986
2023-05-05 01:00:00+02:00,0.24042048796173637
2023-05-05 01:15:00+02:00,0.2564151381739108
2023-05-05 01:30:00+02:00,0.2827694041939581
2023-05-05 01:45:00+02:00,0.32816094898709425
2023-05-05 02:00:00+02:00,0.38496875654291435
2023-05-05 02:15:00+02:00,0.38282213458689235
2023-05-05 02:30:00+02:00,0.3871940647389357
2023-05-05 02:45:00+02:00,0.3980065158523219
2023-05-05 03:00:00+02:00,0.41507174859119855
2023-05-05 03:15:00+02:00,0.37988766195948936
2023-05-05 03:30:00+02:00,0.3448568052416872
2023-05-05 03:45:00+02:00,0.3099951602024988
2023-05-05 04:00:00+02:00,0.2776990600754542
2023-05-05 04:15:00+02:00,0.2580970493929883
2023-05-05 04:30:00+02:00,0.24087685598397288
2023-05-05 04:45:00+02:00,0.22621457550710172
2023-05-05 05:00:00+02:00,0.2142740295716414
2023-05-05 05:15:00+02:00,0.21334726672560098
2023-05-05 05:30:00+02:00,0.21333389461797406
2023-05-05 05:45:00+02:00,0.21423396659624352
2023-05-05 06:00:00+02:00,0.21604390109722604
2023-05-05 06:15:00+02:00,0.19477444641157804
2023-05-05 06:30:00+02:00,0.17446461883395728
2023-05-05 06:45:00+02:00,0.15838469587860662
2023-05-05 07:00:00+02:00,0.14233227908110402
2023-05-05 07:15:00+02:00,0.1354078392891298
2023-05-05 07:30:00+02:00,0.12854447997886925
2023-05-05 07:45:00+02:00,0.12174507762525057
2023-05-05 08:00:00+02:00,0.11501266276397008
2023-05-05 08:15:00+02:00,0.0871727647592017
2023-05-05 08:30:00+02:00,0.06682192526150518
2023-05-05 08:45:00+02:00,0.04651998618093056
2023-05-05 09:00:00+02:00,0.033554026218525886
2023-05-05 09:15:00+02:00,0.03131793684023795
2023-05-05 09:30:00+02:00,0.02908299776245768
2023-05-05 09:45:00+02:00,0.026849283320189682
2023-05-05 10:00:00+02:00,0.024616874348038918
2023-05-05 10:15:00+02:00,0.023998316930634263
2023-05-05 10:30:00+02:00,0.023402994844903047
2023-05-05 10:45:00+02:00,0.022831324164971932
2023-05-05 11:00:00+02:00,0.022283713834813642
2023-05-05 11:15:00+02:00,0.02604497015957194
2023-05-05 11:30:00+02:00,0.029806556723959186
2023-05-05 11:45:00+02:00,0.03356843979423514
2023-05-05 12:00:00+02:00,0.03733059007770753
2023-05-05 12:15:00+02:00,0.03650947149363143
2023-05-05 12:30:00+02:00,0.035724015620303785
2023-05-05 12:45:00+02:00,0.03497497357443547
2023-05-05 13:00:00+02:00,0.03426308142080845
2023-05-05 13:15:00+02:00,0.027709185989115426
2023-05-05 13:30:00+02:00,0.02136409137258407
2023-05-05 13:45:00+02:00,0.01527092730428912
2023-05-05 14:00:00+02:00,0.011833639391423754
2023-05-05 14:15:00+02:00,0.011782316667702337
2023-05-05 14:30:00+02:00,0.011733510198704316
2023-05-05 14:45:00+02:00,0.01168722935770532
2023-05-05 15:00:00+02:00,0.011643483075984038
2023-05-05 15:15:00+02:00,0.013351621002337303
2023-05-05 15:30:00+02:00,0.01674384988916491
2023-05-05 15:45:00+02:00,0.020853800519921705
2023-05-05 16:00:00+02:00,0.025115823401804398
2023-05-05 16:15:00+02:00,0.027605786257766142
2023-05-05 16:30:00+02:00,0.03025652826450818
2023-05-05 16:45:00+02:00,0.033056422732479954
2023-05-05 17:00:00+02:00,0.03599437328006303
2023-05-05 17:15:00+02:00,0.026734203085556924
2023-05-05 17:30:00+02:00,0.018263843592040634
2023-05-05 17:45:00+02:00,0.012440757190795789
2023-05-05 18:00:00+02:00,0.00963081666333048
2023-05-05 18:15:00+02:00,0.009461961537398101
2023-05-05 18:30:00+02:00,0.00929422509573126
2023-05-05 18:45:00+02:00,0.009127622657608352
2023-05-05 19:00:00+02:00,0.008962169716865465
2023-05-05 19:15:00+02:00,0.016258547088959862
2023-05-05 19:30:00+02:00,0.029440420701433295
2023-05-05 19:45:00+02:00,0.04270183278597387
2023-05-05 20:00:00+02:00,0.06431409542646863
2023-05-05 20:15:00+02:00,0.04012585984686455
2023-05-05 20:30:00+02:00,0.024421421692176048
2023-05-05 20:45:00+02:00,0.011617248207218487
2023-05-05 21:00:00+02:00,0.004799087639545312
2023-05-05 21:15:00+02:00,0.0
2023-05-05 21:30:00+02:00,0.0
2023-05-05 21:45:00+02:00,0.0
2023-05-05 22:00:00+02:00,0.0
2023-05-05 22:15:00+02:00,0.0
2023-05-05 22:30:00+02:00,0.0
2023-05-05 22:45:00+02:00,0.0
2023-05-05 23:00:00+02:00,0.0
2023-05-05 23:15:00+02:00,0.002896947035106268
2023-05-05 23:30:00+02:00,0.010578599676794443
2023-05-05 23:45:00+02:00,0.024898302312895845
2023-05-06 00:00:00+02:00,0.04380005067769585
2023-05-06 00:15:00+02:00,0.05227009765888864
2023-05-06 00:30:00+02:00,0.0609810179948645
2023-05-06 00:45:00+02:00,0.06975340705411745
2023-05-06 01:00:00+02:00,0.07858050472367482
2023-05-06 01:15:00+02:00,0.08708641285730936
2023-05-06 01:30:00+02:00,0.09656985023108945
2023-05-06 01:45:00+02:00,0.11166829642824333
2023-05-06 02:00:00+02:00,0.12738266045502009
2023-05-06 02:15:00+02:00,0.1228950629941405
2023-05-06 02:30:00+02:00,0.11883766545282978
2023-05-06 02:45:00+02:00,0.11522262609574509
2023-05-06 03:00:00+02:00,0.11206116614045096
2023-05-06 03:15:00+02:00,0.100667169978821
2023-05-06 03:30:00+02:00,0.09219234443469544
2023-05-06 03:45:00+02:00,0.08648717537740173
2023-05-06 04:00:00+02:00,0.08155707183598447
2023-05-06 04:15:00+02:00,0.07634683817510894
2023-05-06 04:30:00+02:00,0.07180279807577378
2023-05-06 04:45:00+02:00,0.06796466843944211
2023-05-06 05:00:00+02:00,0.06486848383057679
2023-05-06 05:15:00+02:00,0.06301755249076525
2023-05-06 05:30:00+02:00,0.06118532439915746
2023-05-06 05:45:00+02:00,0.05937226667179599
2023-05-06 06:00:00+02:00,0.05757885697391537
2023-05-06 06:15:00+02:00,0.057675681150352175
2023-05-06 06:30:00+02:00,0.057793921386832786
2023-05-06 06:45:00+02:00,0.057933542939269174
2023-05-06 07:00:00+02:00,0.05809450487751074
2023-05-06 07:15:00+02:00,0.05058472109757551
2023-05-06 07:30:00+02:00,0.04347403244799731
2023-05-06 07:45:00+02:00,0.039040080903630404
2023-05-06 08:00:00+02:00,0.03460734494175302
2023-05-06 08:15:00+02:00,0.025334153312298123
2023-05-06 08:30:00+02:00,0.01607265240280274
2023-05-06 08:45:00+02:00,0.01062052753336359
2023-05-06 09:00:00+02:00,0.006407734565378949
2023-05-06 09:15:00+02:00,0.005572812713046621
2023-05-06 09:30:00+02:00,0.00474048951848702
2023-05-06 09:45:00+02:00,0.003910970778934737
2023-05-06 10:00:00+02:00,0.0030844837995061608
2023-05-06 10:15:00+02:00,0.0017133941027622087
2023-05-06 10:30:00+02:00,0.0004889415823703966
2023-05-06 10:45:00+02:00,0.0
2023-05-06 11:00:00+02:00,0.0
2023-05-06 11:15:00+02:00,0.0
2023-05-06 11:30:00+02:00,0.0
2023-05-06 11:45:00+02:00,0.0
2023-05-06 12:00:00+02:00,0.0
2023-05-06 12:15:00+02:00,0.0
2023-05-06 12:30:00+02:00,0.0
2023-05-06 12:45:00+02:00,0.0
2023-05-06 13:00:00+02:00,0.0
2023-05-06 13:15:00+02:00,0.0011109915364007521
2023-05-06 13:30:00+02:00,0.0024158988724244075
2023-05-06 13:45:00+02:00,0.003723344926800493
2023-05-06 14:00:00+02:00,0.005033024736791267
2023-05-06 14:15:00+02:00,0.0058493826556886225
2023-05-06 14:30:00+02:00,0.006792838541839027
2023-05-06 14:45:00+02:00,0.007853252580062102
2023-05-06 15:00:00+02:00,0.009020471234953364
2023-05-06 15:15:00+02:00,0.007557104674988879
2023-05-06 15:30:00+02:00,0.006162493726073336
2023-05-06 15:45:00+02:00,0.004845500401359131
2023-05-06 16:00:00+02:00,0.003615944261290498
2023-05-06 16:15:00+02:00,0.000566691772604832
2023-05-06 16:30:00+02:00,0.0
2023-05-06 16:45:00+02:00,0.0
2023-05-06 17:00:00+02:00,0.0
2023-05-06 17:15:00+02:00,0.0
2023-05-06 17:30:00+02:00,0.0001369939067117559
2023-05-06 17:45:00+02:00,0.0032055166224611636
2023-05-06 18:00:00+02:00,0.006342890639705001
2023-05-06 18:15:00+02:00,0.008407493525324865
2023-05-06 18:30:00+02:00,0.011632642941989634
2023-05-06 18:45:00+02:00,0.018080952193134405
2023-05-06 19:00:00+02:00,0.028588399625522405
2023-05-06 19:15:00+02:00,0.018615292669050182
2023-05-06 19:30:00+02:00,0.011494049140128575
2023-05-06 19:45:00+02:00,0.007045565676707994
2023-05-06 20:00:00+02:00,0.002686039845223281
2023-05-06 20:15:00+02:00,0.0
2023-05-06 20:30:00+02:00,0.0
2023-05-06 20:45:00+02:00,0.0
2023-05-06 21:00:00+02:00,0.0
2023-05-06 21:15:00+02:00,0.0
2023-05-06 21:30:00+02:00,0.0
2023-05-06 21:45:00+02:00,0.0
2023-05-06 22:00:00+02:00,0.0
2023-05-06 22:15:00+02:00,0.0
2023-05-06 22:30:00+02:00,0.0
2023-05-06 22:45:00+02:00,0.0
2023-05-06 23:00:00+02:00,0.0
2023-05-06 23:15:00+02:00,0.0
2023-05-06 23:30:00+02:00,0.007159353098540523
2023-05-06 23:45:00+02:00,0.02036976423449285
2023-05-07 00:00:00+02:00,0.04197693979562536
2023-05-07 00:15:00+02:00,0.051420782177137685
2023-05-07 00:30:00+02:00,0.06354239295202505
2023-05-07 00:45:00+02:00,0.07671667466880011
2023-05-07 01:00:00+02:00,0.09077825114370397
2023-05-07 01:15:00+02:00,0.09014730388707423
2023-05-07 01:30:00+02:00,0.09224426889482329
2023-05-07 01:45:00+02:00,0.09806945553315889
2023-05-07 02:00:00+02:00,0.10974538712621837
2023-05-07 02:15:00+02:00,0.1074315000312724
2023-05-07 02:30:00+02:00,0.10626649950386723
2023-05-07 02:45:00+02:00,0.10625990667753735
2023-05-07 03:00:00+02:00,0.1074117757310386
2023-05-07 03:15:00+02:00,0.09484721789203994
2023-05-07 03:30:00+02:00,0.08688595813009288
2023-05-07 03:45:00+02:00,0.07894241840280938
2023-05-07 04:00:00+02:00,0.07101842098665753
2023-05-07 04:15:00+02:00,0.06509851128273003
2023-05-07 04:30:00+02:00,0.059203010837350724
2023-05-07 04:45:00+02:00,0.05333393656247189
2023-05-07 05:00:00+02:00,0.047493523215626866
2023-05-07 05:15:00+02:00,0.04504936092421245
2023-05-07 05:30:00+02:00,0.043247239430949984
2023-05-07 05:45:00+02:00,0.04190860367681284
2023-05-07 06:00:00+02:00,0.040625265439216435
2023-05-07 06:15:00+02:00,0.04090341566557145
2023-05-07 06:30:00+02:00,0.041332536399273326
2023-05-07 06:45:00+02:00,0.041910991894382764
2023-05-07 07:00:00+02:00,0.04263661429740432
2023-05-07 07:15:00+02:00,0.03737454636071879
2023-05-07 07:30:00+02:00,0.032116199002491776
2023-05-07 07:45:00+02:00,0.02686213784087154
2023-05-07 08:00:00+02:00,0.02161304864071756
2023-05-07 08:15:00+02:00,0.01276698594686722
2023-05-07 08:30:00+02:00,0.008272471883028305
2023-05-07 08:45:00+02:00,0.003937618642980824
2023-05-07 09:00:00+02:00,0.0
2023-05-07 09:15:00+02:00,0.0
2023-05-07 09:30:00+02:00,0.0
2023-05-07 09:45:00+02:00,0.0
2023-05-07 10:00:00+02:00,0.0
2023-05-07 10:15:00+02:00,0.0
2023-05-07 10:30:00+02:00,0.0
2023-05-07 10:45:00+02:00,0.0
2023-05-07 11:00:00+02:00,0.0
2023-05-07 11:15:00+02:00,0.0
2023-05-07 11:30:00+02:00,0.0
2023-05-07 11:45:00+02:00,0.0
2023-05-07 12:00:00+02:00,0.00013258222817963606
2023-05-07 12:15:00+02:00,0.0
2023-05-07 12:30:00+02:00,0.0
2023-05-07 12:45:00+02:00,0.0
2023-05-07 13:00:00+02:00,0.0
2023-05-07 13:15:00+02:00,0.0
2023-05-07 13:30:00+02:00,0.0
2023-05-07 13:45:00+02:00,0.0
2023-05-07 14:00:00+02:00,0.0
2023-05-07 14:15:00+02:00,0.0
2023-05-07 14:30:00+02:00,0.0
2023-05-07 14:45:00+02:00,0.0
2023-05-07 15:00:00+02:00,0.0
2023-05-07 15:15:00+02:00,0.0
2023-05-07 15:30:00+02:00,0.0
2023-05-07 15:45:00+02:00,0.0
2023-05-07 16:00:00+02:00,0.0
2023-05-07 16:15:00+02:00,0.0
2023-05-07 16:30:00+02:00,0.0
2023-05-07 16:45:00+02:00,0.0
2023-05-07 17:00:00+02:00,0.0
2023-05-07 17:15:00+02:00,0.0
2023-05-07 17:30:00+02:00,0.0
2023-05-07 17:45:00+02:00,0.0
2023-05-07 18:00:00+02:00,0.0
2023-05-07 18:15:00+02:00,0.0
2023-05-07 18:30:00+02:00,0.0
2023-05-07 18:45:00+02:00,0.0035699171516811877
2023-05-07 19:00:00+02:00,0.010952900849041271
2023-05-07 19:15:00+02:00,0.011114528760312487
2023-05-07 19:30:00+02:00,0.013292832051183114
2023-05-07 19:45:00+02:00,0.02122187062148298
2023-05-07 20:00:00+02:00,0.03266024215406797
2023-05-07 20:15:00+02:00,0.03603132837254957
2023-05-07 20:30:00+02:00,0.040409094942005584
2023-05-07 20:45:00+02:00,0.04682081952988853
2023-05-07 21:00:00+02:00,0.05708829828626707
2023-05-07 21:15:00+02:00,0.04653558807421311
2023-05-07 21:30:00+02:00,0.039813001720631694
2023-05-07 21:45:00+02:00,0.03471911418742732
2023-05-07 22:00:00+02:00,0.030322616645514403
2023-05-07 22:15:00+02:00,0.0218217523433053
2023-05-07 22:30:00+02:00,0.013617189932685854
2023-05-07 22:45:00+02:00,0.009806067862984926
2023-05-07 23:00:00+02:00,0.006048987418413583
2023-05-07 23:15:00+02:00,0.0
2023-05-07 23:30:00+02:00,0.0
2023-05-07 23:45:00+02:00,0.0
2023-05-08 00:00:00+02:00,0.0
2023-05-08 00:15:00+02:00,0.0
2023-05-08 00:30:00+02:00,0.0
2023-05-08 00:45:00+02:00,0.0010342399432222201
2023-05-08 01:00:00+02:00,0.008851508320211731
2023-05-08 01:15:00+02:00,0.009594760227008016
2023-05-08 01:30:00+02:00,0.010540971780653195
2023-05-08 01:45:00+02:00,0.011675483922450844
2023-05-08 02:00:00+02:00,0.01298251491053957
2023-05-08 02:15:00+02:00,0.013711750875936941
2023-05-08 02:30:00+02:00,0.016086464276039304
2023-05-08 02:45:00+02:00,0.01940238199407144
2023-05-08 03:00:00+02:00,0.023461462800487134
2023-05-08 03:15:00+02:00,0.019814876496731564
2023-05-08 03:30:00+02:00,0.01617448666919795
2023-05-08 03:45:00+02:00,0.013230220763983658
2023-05-08 04:00:00+02:00,0.011574434673969305
2023-05-08 04:15:00+02:00,0.00788511104977877
2023-05-08 04:30:00+02:00,0.004196036475622263
2023-05-08 04:45:00+02:00,0.0005073089484529123
2023-05-08 05:00:00+02:00,0.0
2023-05-08 05:15:00+02:00,0.0
2023-05-08 05:30:00+02:00,0.0
2023-05-08 05:45:00+02:00,0.0
2023-05-08 06:00:00+02:00,0.0
2023-05-08 06:15:00+02:00,0.0
2023-05-08 06:30:00+02:00,0.0
2023-05-08 06:45:00+02:00,0.0
2023-05-08 07:00:00+02:00,0.0
2023-05-08 07:15:00+02:00,0.0
2023-05-08 07:30:00+02:00,0.0
2023-05-08 07:45:00+02:00,0.0
2023-05-08 08:00:00+02:00,0.0
2023-05-08 08:15:00+02:00,0.0
2023-05-08 08:30:00+02:00,0.0003368111625827908
2023-05-08 08:45:00+02:00,0.0028485296520345013
2023-05-08 09:00:00+02:00,0.005548931814810418
2023-05-08 09:15:00+02:00,0.0054607575128825725
2023-05-08 09:30:00+02:00,0.005376245774283905
2023-05-08 09:45:00+02:00,0.005295424811199327
2023-05-08 10:00:00+02:00,0.0052183218753996015
2023-05-08 10:15:00+02:00,0.00278302944527069
2023-05-08 10:30:00+02:00,0.0006093201557461112
2023-05-08 10:45:00+02:00,0.0
2023-05-08 11:00:00+02:00,0.0
2023-05-08 11:15:00+02:00,0.0
2023-05-08 11:30:00+02:00,0.0
2023-05-08 11:45:00+02:00,0.0
2023-05-08 12:00:00+02:00,0.0
2023-05-08 12:15:00+02:00,0.0
2023-05-08 12:30:00+02:00,0.0
2023-05-08 12:45:00+02:00,0.0
2023-05-08 13:00:00+02:00,0.0026489936558189205
2023-05-08 13:15:00+02:00,0.0032547006930707745
2023-05-08 13:30:00+02:00,0.003934590691460055
2023-05-08 13:45:00+02:00,0.004683979947852934
2023-05-08 14:00:00+02:00,0.00549815082696879
2023-05-08 14:15:00+02:00,0.003493542162505392
2023-05-08 14:30:00+02:00,0.0015054800568291866
2023-05-08 14:45:00+02:00,0.0
2023-05-08 15:00:00+02:00,0.0
2023-05-08 15:15:00+02:00,0.0
2023-05-08 15:30:00+02:00,0.0
2023-05-08 15:45:00+02:00,0.0
2023-05-08 16:00:00+02:00,0.0
2023-05-08 16:15:00+02:00,0.0
2023-05-08 16:30:00+02:00,0.0
2023-05-08 16:45:00+02:00,0.0
2023-05-08 17:00:00+02:00,0.0
2023-05-08 17:15:00+02:00,0.0
2023-05-08 17:30:00+02:00,0.0
2023-05-08 17:45:00+02:00,0.0
2023-05-08 18:00:00+02:00,0.0
2023-05-08 18:15:00+02:00,0.0
2023-05-08 18:30:00+02:00,0.0
2023-05-08 18:45:00+02:00,0.0
2023-05-08 19:00:00+02:00,0.0
2023-05-08 19:15:00+02:00,0.0
2023-05-08 19:30:00+02:00,0.0
2023-05-08 19:45:00+02:00,0.0
2023-05-08 20:00:00+02:00,0.0
2023-05-08 20:15:00+02:00,0.0
2023-05-08 20:30:00+02:00,0.0
2023-05-08 20:45:00+02:00,0.0
2023-05-08 21:00:00+02:00,0.0
2023-05-08 21:15:00+02:00,0.0
2023-05-08 21:30:00+02:00,0.0
2023-05-08 21:45:00+02:00,0.0
2023-05-08 22:00:00+02:00,0.0
2023-05-08 22:15:00+02:00,0.0
2023-05-08 22:30:00+02:00,0.0
2023-05-08 22:45:00+02:00,0.0031224581787025548
2023-05-08 23:00:00+02:00,0.007050610375775086
2023-05-08 23:15:00+02:00,0.012225934266283722
2023-05-08 23:30:00+02:00,0.022105540165541917
2023-05-08 23:45:00+02:00,0.03416345427253058
2023-05-09 00:00:00+02:00,0.04807983439104836
2023-05-09 00:15:00+02:00,0.04568950238706858
2023-05-09 00:30:00+02:00,0.043693306746069714
2023-05-09 00:45:00+02:00,0.042459854236376375
2023-05-09 01:00:00+02:00,0.0413199575897171
2023-05-09 01:15:00+02:00,0.03386721501337547
2023-05-09 01:30:00+02:00,0.02674150800984596
2023-05-09 01:45:00+02:00,0.02001499609187371
2023-05-09 02:00:00+02:00,0.013794467952137497
2023-05-09 02:15:00+02:00,0.01790054899735449
2023-05-09 02:30:00+02:00,0.022969826616661974
2023-05-09 02:45:00+02:00,0.028848540220168008
2023-05-09 03:00:00+02:00,0.0354096601845489
2023-05-09 03:15:00+02:00,0.03986444946839549
2023-05-09 03:30:00+02:00,0.04570026728763032
2023-05-09 03:45:00+02:00,0.05548295709040069
2023-05-09 04:00:00+02:00,0.06617839015599285
2023-05-09 04:15:00+02:00,0.0679648681252086
2023-05-09 04:30:00+02:00,0.06978037621603991
2023-05-09 04:45:00+02:00,0.07162423389978813
2023-05-09 05:00:00+02:00,0.0734957716167346
2023-05-09 05:15:00+02:00,0.07201725783167873
2023-05-09 05:30:00+02:00,0.07211215819017665
2023-05-09 05:45:00+02:00,0.07377856239569756
2023-05-09 06:00:00+02:00,0.07698342117807974
2023-05-09 06:15:00+02:00,0.08107786994505488
2023-05-09 06:30:00+02:00,0.08625113859560153
2023-05-09 06:45:00+02:00,0.09243709717825253
2023-05-09 07:00:00+02:00,0.10217894230501905
2023-05-09 07:15:00+02:00,0.09973215356633043
2023-05-09 07:30:00+02:00,0.09748080575456333
2023-05-09 07:45:00+02:00,0.09542811134927441
2023-05-09 08:00:00+02:00,0.09420295794978087
2023-05-09 08:15:00+02:00,0.08016992869369843
2023-05-09 08:30:00+02:00,0.06613704725495992
2023-05-09 08:45:00+02:00,0.052104342874004686
2023-05-09 09:00:00+02:00,0.040517747968424285
2023-05-09 09:15:00+02:00,0.04095944323668574
2023-05-09 09:30:00+02:00,0.04140145609784091
2023-05-09 09:45:00+02:00,0.04184378300540063
2023-05-09 10:00:00+02:00,0.04228642046301968
2023-05-09 10:15:00+02:00,0.05066671594316155
2023-05-09 10:30:00+02:00,0.06070849974745396
2023-05-09 10:45:00+02:00,0.07113410237657901
2023-05-09 11:00:00+02:00,0.08189404736146738
2023-05-09 11:15:00+02:00,0.07598951388294171
2023-05-09 11:30:00+02:00,0.0701725317538002
2023-05-09 11:45:00+02:00,0.06444988658700634
2023-05-09 12:00:00+02:00,0.058828955508300355
2023-05-09 12:15:00+02:00,0.05804644320910302
2023-05-09 12:30:00+02:00,0.057295726515526973
2023-05-09 12:45:00+02:00,0.05657713497822759
2023-05-09 13:00:00+02:00,0.05589098832463386
2023-05-09 13:15:00+02:00,0.061557024233199004
2023-05-09 13:30:00+02:00,0.06938468676395548
2023-05-09 13:45:00+02:00,0.07916245444780297
2023-05-09 14:00:00+02:00,0.09066287162407348
2023-05-09 14:15:00+02:00,0.09477998056017033
2023-05-09 14:30:00+02:00,0.10191750598764218
2023-05-09 14:45:00+02:00,0.11009780244640358
2023-05-09 15:00:00+02:00,0.11900061885549863
2023-05-09 15:15:00+02:00,0.10621482614218682
2023-05-09 15:30:00+02:00,0.0942445839448204
2023-05-09 15:45:00+02:00,0.0865571009355143
2023-05-09 16:00:00+02:00,0.0790303203501982
2023-05-09 16:15:00+02:00,0.0772017362816569
2023-05-09 16:30:00+02:00,0.07545771253619363
2023-05-09 16:45:00+02:00,0.07380013568185415
2023-05-09 17:00:00+02:00,0.07223085112655787
2023-05-09 17:15:00+02:00,0.0725940101411754
2023-05-09 17:30:00+02:00,0.07298184521896091
2023-05-09 17:45:00+02:00,0.07339423372139972
2023-05-09 18:00:00+02:00,0.07383104613561065
2023-05-09 18:15:00+02:00,0.08217997447099545
2023-05-09 18:30:00+02:00,0.09069492820351403
2023-05-09 18:45:00+02:00,0.10185167356446662
2023-05-09 19:00:00+02:00,0.11597247059038722
2023-05-09 19:15:00+02:00,0.11205253089777546
2023-05-09 19:30:00+02:00,0.10816831592709403
2023-05-09 19:45:00+02:00,0.1043208173195008
2023-05-09 20:00:00+02:00,0.10051105385379822
2023-05-09 20:15:00+02:00,0.09280088874555523
2023-05-09 20:30:00+02:00,0.08707826446319661
2023-05-09 20:45:00+02:00,0.08135631366559912
2023-05-09 21:00:00+02:00,0.07563508526738921
2023-05-09 21:15:00+02:00,0.07773639088739132
2023-05-09 21:30:00+02:00,0.08000410397769617
2023-05-09 21:45:00+02:00,0.0824335685960972
2023-05-09 22:00:00+02:00,0.08501998729484227
2023-05-09 22:15:00+02:00,0.09265011956643288
2023-05-09 22:30:00+02:00,0.10352054824221595
2023-05-09 22:45:00+02:00,0.11613079370276207
2023-05-09 23:00:00+02:00,0.12890113608282308
2023-05-09 23:15:00+02:00,0.12227223249109392
2023-05-09 23:30:00+02:00,0.11780441702707033
2023-05-09 23:45:00+02:00,0.11556489508745577
2023-05-10 00:00:00+02:00,0.115588398218845
2023-05-10 00:15:00+02:00,0.10768056574467398
2023-05-10 00:30:00+02:00,0.09977503725514279
2023-05-10 00:45:00+02:00,0.09314035061702323
2023-05-10 01:00:00+02:00,0.08821684593062053
2023-05-10 01:15:00+02:00,0.09732868537801048
2023-05-10 01:30:00+02:00,0.11071091512495385
2023-05-10 01:45:00+02:00,0.12411584692537839
2023-05-10 02:00:00+02:00,0.13754146550152788
2023-05-10 02:15:00+02:00,0.14029984420338826
2023-05-10 02:30:00+02:00,0.14306993778790314
2023-05-10 02:45:00+02:00,0.1458515352251774
2023-05-10 03:00:00+02:00,0.14864442967837516
2023-05-10 03:15:00+02:00,0.15079736631347695
2023-05-10 03:30:00+02:00,0.153052499430652
2023-05-10 03:45:00+02:00,0.15540836073170738
2023-05-10 04:00:00+02:00,0.15786344621464332
2023-05-10 04:15:00+02:00,0.163866129755684
2023-05-10 04:30:00+02:00,0.1700751378956531
2023-05-10 04:45:00+02:00,0.1764826586339412
2023-05-10 05:00:00+02:00,0.18489845673772454
2023-05-10 05:15:00+02:00,0.19266658228142755
2023-05-10 05:30:00+02:00,0.20043477886065258
2023-05-10 05:45:00+02:00,0.20820304404384812
2023-05-10 06:00:00+02:00,0.21597137550916773
2023-05-10 06:15:00+02:00,0.23074844250775398
2023-05-10 06:30:00+02:00,0.2455470216025931
2023-05-10 06:45:00+02:00,0.2603658098410868
2023-05-10 07:00:00+02:00,0.27520360583633496
2023-05-10 07:15:00+02:00,0.2845797377510826
2023-05-10 07:30:00+02:00,0.2975106435733088
2023-05-10 07:45:00+02:00,0.31184389747637087
2023-05-10 08:00:00+02:00,0.3271981601684061
2023-05-10 08:15:00+02:00,0.2958283507794391
2023-05-10 08:30:00+02:00,0.269366568566319
2023-05-10 08:45:00+02:00,0.24526792918881501
2023-05-10 09:00:00+02:00,0.22122329343874678
2023-05-10 09:15:00+02:00,0.19882843540207537
2023-05-10 09:30:00+02:00,0.1768042843780085
2023-05-10 09:45:00+02:00,0.1601219587288057
2023-05-10 10:00:00+02:00,0.14361343754135855
2023-05-10 10:15:00+02:00,0.14269146128572488
2023-05-10 10:30:00+02:00,0.1424774079144681
2023-05-10 10:45:00+02:00,0.14297226903378113
2023-05-10 11:00:00+02:00,0.1441737549881466
2023-05-10 11:15:00+02:00,0.11765697161538105
2023-05-10 11:30:00+02:00,0.09286287216005082
2023-05-10 11:45:00+02:00,0.07673188767088383
2023-05-10 12:00:00+02:00,0.06086337923271247
2023-05-10 12:15:00+02:00,0.05475785846771144
2023-05-10 12:30:00+02:00,0.04903129643534613
2023-05-10 12:45:00+02:00,0.043851462027449106
2023-05-10 13:00:00+02:00,0.04097351512537185
2023-05-10 13:15:00+02:00,0.04146429584368247
2023-05-10 13:30:00+02:00,0.04195602936610046
2023-05-10 13:45:00+02:00,0.04244870391603366
2023-05-10 14:00:00+02:00,0.042942307888184976
2023-05-10 14:15:00+02:00,0.043886974705432596
2023-05-10 14:30:00+02:00,0.04540769357122278
2023-05-10 14:45:00+02:00,0.04707174474234041
2023-05-10 15:00:00+02:00,0.04876705254330617
2023-05-10 15:15:00+02:00,0.05741960211545612
2023-05-10 15:30:00+02:00,0.06612094719789026
2023-05-10 15:45:00+02:00,0.07486568094247367
2023-05-10 16:00:00+02:00,0.08364914530343964
2023-05-10 16:15:00+02:00,0.09947817846469638
2023-05-10 16:30:00+02:00,0.12454668289187343
2023-05-10 16:45:00+02:00,0.15148802469686987
2023-05-10 17:00:00+02:00,0.18083082706807174
2023-05-10 17:15:00+02:00,0.12225770624859704
2023-05-10 17:30:00+02:00,0.07984399873284564
2023-05-10 17:45:00+02:00,0.05306447999351848
2023-05-10 18:00:00+02:00,0.038113005965244175
2023-05-10 18:15:00+02:00,0.04239555721208628
2023-05-10 18:30:00+02:00,0.050971914106837705
2023-05-10 18:45:00+02:00,0.06284198359831175
2023-05-10 19:00:00+02:00,0.07653870072735271
2023-05-10 19:15:00+02:00,0.05074375109780286
2023-05-10 19:30:00+02:00,0.03463889053703608
2023-05-10 19:45:00+02:00,0.02389537283430099
2023-05-10 20:00:00+02:00,0.016679389754808448
2023-05-10 20:15:00+02:00,0.015610685821389235
2023-05-10 20:30:00+02:00,0.01456235065536523
2023-05-10 20:45:00+02:00,0.01368419300917997
2023-05-10 21:00:00+02:00,0.013225008968990764
2023-05-10 21:15:00+02:00,0.019329800096144437
2023-05-10 21:30:00+02:00,0.026130442660848043
2023-05-10 21:45:00+02:00,0.03293147633834694
2023-05-10 22:00:00+02:00,0.039732832712350785
2023-05-10 22:15:00+02:00,0.04275047482225066
2023-05-10 22:30:00+02:00,0.04696736336291147
2023-05-10 22:45:00+02:00,0.052089639567670404
2023-05-10 23:00:00+02:00,0.05721803093719352
2023-05-10 23:15:00+02:00,0.06491926152537295
2023-05-10 23:30:00+02:00,0.07365404468012249
2023-05-10 23:45:00+02:00,0.08331141907275967
2023-05-11 00:00:00+02:00,0.0937863794219896
2023-05-11 00:15:00+02:00,0.07411219518221523
2023-05-11 00:30:00+02:00,0.05774403207500848
2023-05-11 00:45:00+02:00,0.04547075253555225
2023-05-11 01:00:00+02:00,0.04050622877816208
2023-05-11 01:15:00+02:00,0.03758752588158427
2023-05-11 01:30:00+02:00,0.03490530646426547
2023-05-11 01:45:00+02:00,0.03247696879808838
2023-05-11 02:00:00+02:00,0.030319763420111293
2023-05-11 02:15:00+02:00,0.028078258054699816
2023-05-11 02:30:00+02:00,0.026347749376366452
2023-05-11 02:45:00+02:00,0.025154234020618265
2023-05-11 03:00:00+02:00,0.02451667158008108
2023-05-11 03:15:00+02:00,0.030042312853028663
2023-05-11 03:30:00+02:00,0.0359818711321201
2023-05-11 03:45:00+02:00,0.04227347657687559
2023-05-11 04:00:00+02:00,0.052201854110834646
2023-05-11 04:15:00+02:00,0.06060149761357788
2023-05-11 04:30:00+02:00,0.06902277629678087
2023-05-11 04:45:00+02:00,0.07746339529798432
2023-05-11 05:00:00+02:00,0.08592136897242786
2023-05-11 05:15:00+02:00,0.07922971319606863
2023-05-11 05:30:00+02:00,0.07256966303493985
2023-05-11 05:45:00+02:00,0.06594400457213058
2023-05-11 06:00:00+02:00,0.05935584412545947
2023-05-11 06:15:00+02:00,0.050761684244824634
2023-05-11 06:30:00+02:00,0.04295687883494521
2023-05-11 06:45:00+02:00,0.037922602745483244
2023-05-11 07:00:00+02:00,0.03291386052411922
2023-05-11 07:15:00+02:00,0.034477087810900496
2023-05-11 07:30:00+02:00,0.036108515120935415
2023-05-11 07:45:00+02:00,0.03780523263011275
2023-05-11 08:00:00+02:00,0.03956438693901684
2023-05-11 08:15:00+02:00,0.03699788449321984
2023-05-11 08:30:00+02:00,0.034455587985036645
2023-05-11 08:45:00+02:00,0.03193919358077875
2023-05-11 09:00:00+02:00,0.029450539848106326
2023-05-11 09:15:00+02:00,0.027431202823068674
2023-05-11 09:30:00+02:00,0.025418810131192314
2023-05-11 09:45:00+02:00,0.023413779683887987
2023-05-11 10:00:00+02:00,0.021416561888791617
2023-05-11 10:15:00+02:00,0.017975402123123433
2023-05-11 10:30:00+02:00,0.014534287602303653
2023-05-11 10:45:00+02:00,0.012569008768806367
2023-05-11 11:00:00+02:00,0.010997525145693547
2023-05-11 11:15:00+02:00,0.011531964204481526
2023-05-11 11:30:00+02:00,0.012093648157496441
2023-05-11 11:45:00+02:00,0.012681437851939138
2023-05-11 12:00:00+02:00,0.013294208140873788
2023-05-11 12:15:00+02:00,0.011583961143677216
2023-05-11 12:30:00+02:00,0.009893154392768595
2023-05-11 12:45:00+02:00,0.008224539088365302
2023-05-11 13:00:00+02:00,0.006581363502455563
2023-05-11 13:15:00+02:00,0.005243676559149115
2023-05-11 13:30:00+02:00,0.003935779762180919
2023-05-11 13:45:00+02:00,0.0026615334985683305
2023-05-11 14:00:00+02:00,0.0014253670883691003
2023-05-11 14:15:00+02:00,0.0005554375060656834
2023-05-11 14:30:00+02:00,0.0
2023-05-11 14:45:00+02:00,0.0
2023-05-11 15:00:00+02:00,0.0
2023-05-11 15:15:00+02:00,0.0
2023-05-11 15:30:00+02:00,0.0013181066068060768
2023-05-11 15:45:00+02:00,0.0030073876225839872
2023-05-11 16:00:00+02:00,0.004715982057049778
2023-05-11 16:15:00+02:00,0.005335423748168101
2023-05-11 16:30:00+02:00,0.0059820507951328225
2023-05-11 16:45:00+02:00,0.006654324534776051
2023-05-11 17:00:00+02:00,0.0073507658714159615
2023-05-11 17:15:00+02:00,0.00943816601129201
2023-05-11 17:30:00+02:00,0.011741693436528826
2023-05-11 17:45:00+02:00,0.014720741151869764
2023-05-11 18:00:00+02:00,0.020488740373114777
2023-05-11 18:15:00+02:00,0.023158598972356538
2023-05-11 18:30:00+02:00,0.026902259399692974
2023-05-11 18:45:00+02:00,0.03160864156314205
2023-05-11 19:00:00+02:00,0.03715863875591504
2023-05-11 19:15:00+02:00,0.03016338100367184
2023-05-11 19:30:00+02:00,0.024244020259874564
2023-05-11 19:45:00+02:00,0.019598741103486386
2023-05-11 20:00:00+02:00,0.016417995792824953
2023-05-11 20:15:00+02:00,0.015377762103317077
2023-05-11 20:30:00+02:00,0.014338314494536378
2023-05-11 20:45:00+02:00,0.013576681819211863
2023-05-11 21:00:00+02:00,0.013102729257081076
2023-05-11 21:15:00+02:00,0.013143065741322913
2023-05-11 21:30:00+02:00,0.013236466979780606
2023-05-11 21:45:00+02:00,0.013382570331263957
2023-05-11 22:00:00+02:00,0.013580815121360118
2023-05-11 22:15:00+02:00,0.018734864849672073
2023-05-11 22:30:00+02:00,0.02418751668292581
2023-05-11 22:45:00+02:00,0.02966261580271724
2023-05-11 23:00:00+02:00,0.03515687207369218
2023-05-11 23:15:00+02:00,0.03523939501491259
2023-05-11 23:30:00+02:00,0.036559416630305985
2023-05-11 23:45:00+02:00,0.0390746907933802
2023-05-12 00:00:00+02:00,0.04270983939371262
2023-05-12 00:15:00+02:00,0.05072065484171248
2023-05-12 00:30:00+02:00,0.06010539662418885
2023-05-12 00:45:00+02:00,0.06988253503202677
2023-05-12 01:00:00+02:00,0.08000426151181596
2023-05-12 01:15:00+02:00,0.08066608433037087
2023-05-12 01:30:00+02:00,0.08134300933766292
2023-05-12 01:45:00+02:00,0.08203491019284237
2023-05-12 02:00:00+02:00,0.08274165921203717
2023-05-12 02:15:00+02:00,0.08995858494788206
2023-05-12 02:30:00+02:00,0.09852845037707007
2023-05-12 02:45:00+02:00,0.11045702267854945
2023-05-12 03:00:00+02:00,0.12253844151417045
2023-05-12 03:15:00+02:00,0.13106831751884582
2023-05-12 03:30:00+02:00,0.13983730751306944
2023-05-12 03:45:00+02:00,0.14883186386888714
2023-05-12 04:00:00+02:00,0.15803913267187453
2023-05-12 04:15:00+02:00,0.1549193722662745
2023-05-12 04:30:00+02:00,0.15255532169346525
2023-05-12 04:45:00+02:00,0.15095847168353727
2023-05-12 05:00:00+02:00,0.15013671579739452
2023-05-12 05:15:00+02:00,0.1485993795031061
2023-05-12 05:30:00+02:00,0.14940192383512654
2023-05-12 05:45:00+02:00,0.1525323116160739
2023-05-12 06:00:00+02:00,0.1579443680619939
2023-05-12 06:15:00+02:00,0.14198979113733554
2023-05-12 06:30:00+02:00,0.132653377263339
2023-05-12 06:45:00+02:00,0.13035110870251393
2023-05-12 07:00:00+02:00,0.13519080184220492
2023-05-12 07:15:00+02:00,0.13588445800710794
2023-05-12 07:30:00+02:00,0.14670229095308018
2023-05-12 07:45:00+02:00,0.16696373226685704
2023-05-12 08:00:00+02:00,0.20133871813461582
2023-05-12 08:15:00+02:00,0.22228337924529404
2023-05-12 08:30:00+02:00,0.24805378627812497
2023-05-12 08:45:00+02:00,0.27815316949208096
2023-05-12 09:00:00+02:00,0.319907382407391
2023-05-12 09:15:00+02:00,0.30510978269009054
2023-05-12 09:30:00+02:00,0.2909123238201783
2023-05-12 09:45:00+02:00,0.2792570941031078
2023-05-12 10:00:00+02:00,0.2692947280018219
2023-05-12 10:15:00+02:00,0.26510167310027916
2023-05-12 10:30:00+02:00,0.26100908986581217
2023-05-12 10:45:00+02:00,0.2570186689558277
2023-05-12 11:00:00+02:00,0.25313209553948973
2023-05-12 11:15:00+02:00,0.22990289736755326
2023-05-12 11:30:00+02:00,0.20756875022233598
2023-05-12 11:45:00+02:00,0.1862206849636089
2023-05-12 12:00:00+02:00,0.16871929373963274
2023-05-12 12:15:00+02:00,0.16568116541429917
2023-05-12 12:30:00+02:00,0.16266204901333195
2023-05-12 12:45:00+02:00,0.15966230695254122
2023-05-12 13:00:00+02:00,0.15668230850228443
2023-05-12 13:15:00+02:00,0.1519053866296677
2023-05-12 13:30:00+02:00,0.14717342247553855
2023-05-12 13:45:00+02:00,0.14248780963395194
2023-05-12 14:00:00+02:00,0.137849985378958
2023-05-12 14:15:00+02:00,0.12885170837522236
2023-05-12 14:30:00+02:00,0.1200162589976982
2023-05-12 14:45:00+02:00,0.11135374904143652
2023-05-12 15:00:00+02:00,0.10287492145883534
2023-05-12 15:15:00+02:00,0.10206988643985342
2023-05-12 15:30:00+02:00,0.10207118638654723
2023-05-12 15:45:00+02:00,0.10287881378238843
2023-05-12 16:00:00+02:00,0.10448811674253758
2023-05-12 16:15:00+02:00,0.09281951412494387
2023-05-12 16:30:00+02:00,0.08523390077049484
2023-05-12 16:45:00+02:00,0.07830265368509873
2023-05-12 17:00:00+02:00,0.07208422870324302
2023-05-12 17:15:00+02:00,0.06271616192300067
2023-05-12 17:30:00+02:00,0.05426349396575798
2023-05-12 17:45:00+02:00,0.04683809511835626
2023-05-12 18:00:00+02:00,0.04198376619407494
2023-05-12 18:15:00+02:00,0.07080954768819607
2023-05-12 18:30:00+02:00,0.10459577236543198
2023-05-12 18:45:00+02:00,0.15315749161200806
2023-05-12 19:00:00+02:00,0.20948373036337073
2023-05-12 19:15:00+02:00,0.19844132438639706
2023-05-12 19:30:00+02:00,0.18968522843178692
2023-05-12 19:45:00+02:00,0.18330701020205706
2023-05-12 20:00:00+02:00,0.17937645898865218
2023-05-12 20:15:00+02:00,0.17394653341600047
2023-05-12 20:30:00+02:00,0.16951327178522352
2023-05-12 20:45:00+02:00,0.16560846034361576
2023-05-12 21:00:00+02:00,0.16224505765021452
2023-05-12 21:15:00+02:00,0.15823534556739194
2023-05-12 21:30:00+02:00,0.15481898891031795
2023-05-12 21:45:00+02:00,0.15200899648881278
2023-05-12 22:00:00+02:00,0.1498163542881951
2023-05-12 22:15:00+02:00,0.15101768759680045
2023-05-12 22:30:00+02:00,0.1523988142915541
2023-05-12 22:45:00+02:00,0.15395814746025954
2023-05-12 23:00:00+02:00,0.1556939177881465
2023-05-12 23:15:00+02:00,0.13783278644727062
2023-05-12 23:30:00+02:00,0.11999252425246101
2023-05-12 23:45:00+02:00,0.10217580552755513
2023-05-13 00:00:00+02:00,0.08847505657059684
2023-05-13 00:15:00+02:00,0.08357851559147973
2023-05-13 00:30:00+02:00,0.07873097415695358
2023-05-13 00:45:00+02:00,0.07393546907641037
2023-05-13 01:00:00+02:00,0.06919525653092762
2023-05-13 01:15:00+02:00,0.0802866272528664
2023-05-13 01:30:00+02:00,0.09178686652831544
2023-05-13 01:45:00+02:00,0.1087244241982921
2023-05-13 02:00:00+02:00,0.1282458757746702
2023-05-13 02:15:00+02:00,0.14265359651446735
2023-05-13 02:30:00+02:00,0.15714722422253175
2023-05-13 02:45:00+02:00,0.17171909199076615
2023-05-13 03:00:00+02:00,0.18922602926552975
2023-05-13 03:15:00+02:00,0.19231455238964068
2023-05-13 03:30:00+02:00,0.1954037046271423
2023-05-13 03:45:00+02:00,0.19849347729054784
2023-05-13 04:00:00+02:00,0.20158386184989582
2023-05-13 04:15:00+02:00,0.19721774986512014
2023-05-13 04:30:00+02:00,0.19285868656364075
2023-05-13 04:45:00+02:00,0.18850681136971148
2023-05-13 05:00:00+02:00,0.18416226716993556
2023-05-13 05:15:00+02:00,0.17801054702482677
2023-05-13 05:30:00+02:00,0.17319489916442585
2023-05-13 05:45:00+02:00,0.16853254436602338
2023-05-13 06:00:00+02:00,0.16387130454750365
2023-05-13 06:15:00+02:00,0.15777476482801084
2023-05-13 06:30:00+02:00,0.15168382209991804
2023-05-13 06:45:00+02:00,0.14559869817727195
2023-05-13 07:00:00+02:00,0.13951962652262306
2023-05-13 07:15:00+02:00,0.1255516650572972
2023-05-13 07:30:00+02:00,0.11160029554113923
2023-05-13 07:45:00+02:00,0.09766719884977738
2023-05-13 08:00:00+02:00,0.08808151980395129
2023-05-13 08:15:00+02:00,0.0759414288590594
2023-05-13 08:30:00+02:00,0.06381300022949808
2023-05-13 08:45:00+02:00,0.0516982316255634
2023-05-13 09:00:00+02:00,0.04142018542268262
2023-05-13 09:15:00+02:00,0.040521928689021
2023-05-13 09:30:00+02:00,0.03962395106711978
2023-05-13 09:45:00+02:00,0.038726259059631674
2023-05-13 10:00:00+02:00,0.03782885937061899
2023-05-13 10:15:00+02:00,0.03934184536992234
2023-05-13 10:30:00+02:00,0.040856475676477044
2023-05-13 10:45:00+02:00,0.0423726876501876
2023-05-13 11:00:00+02:00,0.04389042173217056
2023-05-13 11:15:00+02:00,0.048556390172937815
2023-05-13 11:30:00+02:00,0.05341987059225655
2023-05-13 11:45:00+02:00,0.058366039119063885
2023-05-13 12:00:00+02:00,0.06338942081956282
2023-05-13 12:15:00+02:00,0.07718634445603026
2023-05-13 12:30:00+02:00,0.09118062072107762
2023-05-13 12:45:00+02:00,0.11144990917555067
2023-05-13 13:00:00+02:00,0.13439885546414937
2023-05-13 13:15:00+02:00,0.14690953457093847
2023-05-13 13:30:00+02:00,0.16147315100054668
2023-05-13 13:45:00+02:00,0.1780759698190796
2023-05-13 14:00:00+02:00,0.2019807968960172
2023-05-13 14:15:00+02:00,0.19749084608133724
2023-05-13 14:30:00+02:00,0.19300466080447998
2023-05-13 14:45:00+02:00,0.1885223177188007
2023-05-13 15:00:00+02:00,0.18404389550402495
2023-05-13 15:15:00+02:00,0.17932234241111553
2023-05-13 15:30:00+02:00,0.17540300285749832
2023-05-13 15:45:00+02:00,0.17208585803013937
2023-05-13 16:00:00+02:00,0.16890429020761136
2023-05-13 16:15:00+02:00,0.1701026230813675
2023-05-13 16:30:00+02:00,0.17172801775681698
2023-05-13 16:45:00+02:00,0.1737762178974721
2023-05-13 17:00:00+02:00,0.17624194007666794
2023-05-13 17:15:00+02:00,0.18497294864520633
2023-05-13 17:30:00+02:00,0.19449411653131377
2023-05-13 17:45:00+02:00,0.20442426627260796
2023-05-13 18:00:00+02:00,0.21474567278698956
2023-05-13 18:15:00+02:00,0.19984373831976804
2023-05-13 18:30:00+02:00,0.1861237749043923
2023-05-13 18:45:00+02:00,0.17456037734906255
2023-05-13 19:00:00+02:00,0.16612004972074182
2023-05-13 19:15:00+02:00,0.15833011675681816
2023-05-13 19:30:00+02:00,0.1511551035318913
2023-05-13 19:45:00+02:00,0.14462377897985196
2023-05-13 20:00:00+02:00,0.1387639099235467
2023-05-13 20:15:00+02:00,0.13517985000167626
2023-05-13 20:30:00+02:00,0.1316472727687687
2023-05-13 20:45:00+02:00,0.12816740804191779
2023-05-13 21:00:00+02:00,0.12474150587980427
2023-05-13 21:15:00+02:00,0.12222443470190819
2023-05-13 21:30:00+02:00,0.11973601903615479
2023-05-13 21:45:00+02:00,0.1172767532075423
2023-05-13 22:00:00+02:00,0.11484713698381821
2023-05-13 22:15:00+02:00,0.11663524984824368
2023-05-13 22:30:00+02:00,0.11903114535259711
2023-05-13 22:45:00+02:00,0.12202483837468585
2023-05-13 23:00:00+02:00,0.12560415699906313
2023-05-13 23:15:00+02:00,0.08663942105266417
2023-05-13 23:30:00+02:00,0.05969907130817876
2023-05-13 23:45:00+02:00,0.03786625739884222
2023-05-14 00:00:00+02:00,0.023152075658762303
2023-05-14 00:15:00+02:00,0.023210431152570755
2023-05-14 00:30:00+02:00,0.02351505467955206
2023-05-14 00:45:00+02:00,0.024063717280448472
2023-05-14 01:00:00+02:00,0.024852471544993402
2023-05-14 01:15:00+02:00,0.029016375156409153
2023-05-14 01:30:00+02:00,0.03319075495195599
2023-05-14 01:45:00+02:00,0.037374462918463976
2023-05-14 02:00:00+02:00,0.041566510811791815
2023-05-14 02:15:00+02:00,0.04337193315786303
2023-05-14 02:30:00+02:00,0.046066840282562624
2023-05-14 02:45:00+02:00,0.049331795234453794
2023-05-14 03:00:00+02:00,0.05269393134850895
2023-05-14 03:15:00+02:00,0.05115460661781177
2023-05-14 03:30:00+02:00,0.04962256558349823
2023-05-14 03:45:00+02:00,0.048097968565556176
2023-05-14 04:00:00+02:00,0.04658097980984474
2023-05-14 04:15:00+02:00,0.04366165763691547
2023-05-14 04:30:00+02:00,0.04179846258592104
2023-05-14 04:45:00+02:00,0.039955403369184433
2023-05-14 05:00:00+02:00,0.03813344779621315
2023-05-14 05:15:00+02:00,0.036653439802323245
2023-05-14 05:30:00+02:00,0.0352084797645184
2023-05-14 05:45:00+02:00,0.03379994006921817
2023-05-14 06:00:00+02:00,0.03242922832520701
2023-05-14 06:15:00+02:00,0.031477136819496446
2023-05-14 06:30:00+02:00,0.03064881168706623
2023-05-14 06:45:00+02:00,0.02994713130962673
2023-05-14 07:00:00+02:00,0.029374604128604934
2023-05-14 07:15:00+02:00,0.02439819403700569
2023-05-14 07:30:00+02:00,0.019632288015193487
2023-05-14 07:45:00+02:00,0.015109601205456517
2023-05-14 08:00:00+02:00,0.0124660315380981
2023-05-14 08:15:00+02:00,0.009748014196864316
2023-05-14 08:30:00+02:00,0.007125435435199244
2023-05-14 08:45:00+02:00,0.004621593703553756
2023-05-14 09:00:00+02:00,0.0022663477993090536
2023-05-14 09:15:00+02:00,0.0023989384822163196
2023-05-14 09:30:00+02:00,0.0025334798809021164
2023-05-14 09:45:00+02:00,0.002669946000585645
2023-05-14 10:00:00+02:00,0.002808310944267616
2023-05-14 10:15:00+02:00,0.0031284571947989325
2023-05-14 10:30:00+02:00,0.0035079483004714844
2023-05-14 10:45:00+02:00,0.003944643819522731
2023-05-14 11:00:00+02:00,0.004436205913627454
2023-05-14 11:15:00+02:00,0.007191772765239459
2023-05-14 11:30:00+02:00,0.010104938550995502
2023-05-14 11:45:00+02:00,0.013141926722049804
2023-05-14 12:00:00+02:00,0.019212543315743638
2023-05-14 12:15:00+02:00,0.016328558869227804
2023-05-14 12:30:00+02:00,0.013681714952867921
2023-05-14 12:45:00+02:00,0.01244606120058773
2023-05-14 13:00:00+02:00,0.011257048419368398
2023-05-14 13:15:00+02:00,0.009752144728895417
2023-05-14 13:30:00+02:00,0.008367164461364068
2023-05-14 13:45:00+02:00,0.007116455405327624
2023-05-14 14:00:00+02:00,0.00601499984608801
2023-05-14 14:15:00+02:00,0.007177036087887778
2023-05-14 14:30:00+02:00,0.008399315107968479
2023-05-14 14:45:00+02:00,0.009675914312445697
2023-05-14 15:00:00+02:00,0.01100144742115035
2023-05-14 15:15:00+02:00,0.013818930010930285
2023-05-14 15:30:00+02:00,0.020075082471002526
2023-05-14 15:45:00+02:00,0.026411456070362355
2023-05-14 16:00:00+02:00,0.032814153143743474
2023-05-14 16:15:00+02:00,0.03531429977487635
2023-05-14 16:30:00+02:00,0.03785662569009327
2023-05-14 16:45:00+02:00,0.04043838938552655
2023-05-14 17:00:00+02:00,0.04305704460203962
2023-05-14 17:15:00+02:00,0.04312526145432597
2023-05-14 17:30:00+02:00,0.04319614489791742
2023-05-14 17:45:00+02:00,0.043269690214244365
2023-05-14 18:00:00+02:00,0.04334589251930175
2023-05-14 18:15:00+02:00,0.051238890375098704
2023-05-14 18:30:00+02:00,0.05996070133935056
2023-05-14 18:45:00+02:00,0.06898606963373186
2023-05-14 19:00:00+02:00,0.07828060724794188
2023-05-14 19:15:00+02:00,0.09067050450837565
2023-05-14 19:30:00+02:00,0.10812110849105028
2023-05-14 19:45:00+02:00,0.12861926694624926
2023-05-14 20:00:00+02:00,0.14936537942067124
2023-05-14 20:15:00+02:00,0.16891241040151053
2023-05-14 20:30:00+02:00,0.19199525194633502
2023-05-14 20:45:00+02:00,0.21778135057527728
2023-05-14 21:00:00+02:00,0.24357025204815955
2023-05-14 21:15:00+02:00,0.25332246660897556
2023-05-14 21:30:00+02:00,0.26307703479558514
2023-05-14 21:45:00+02:00,0.27283386421341194
2023-05-14 22:00:00+02:00,0.2825928672217077
2023-05-14 22:15:00+02:00,0.27201223501840355
2023-05-14 22:30:00+02:00,0.26143163566866745
2023-05-14 22:45:00+02:00,0.2508510706139289
2023-05-14 23:00:00+02:00,0.2402705413811869
2023-05-14 23:15:00+02:00,0.23605918338455736
2023-05-14 23:30:00+02:00,0.23204852944833726
2023-05-14 23:45:00+02:00,0.2282420251477191
2023-05-15 00:00:00+02:00,0.2246430139816766
2023-05-15 00:15:00+02:00,0.18908818403857527
2023-05-15 00:30:00+02:00,0.15939885919075183
2023-05-15 00:45:00+02:00,0.13265801393434729
2023-05-15 01:00:00+02:00,0.10605781624067405
2023-05-15 01:15:00+02:00,0.10239661605176276
2023-05-15 01:30:00+02:00,0.0997556304389969
2023-05-15 01:45:00+02:00,0.09815440173593734
2023-05-15 02:00:00+02:00,0.09760502136379173
2023-05-15 02:15:00+02:00,0.10045937886904334
2023-05-15 02:30:00+02:00,0.10351098991634439
2023-05-15 02:45:00+02:00,0.10675557767421362
2023-05-15 03:00:00+02:00,0.11018872932920526
2023-05-15 03:15:00+02:00,0.10538644593501834
2023-05-15 03:30:00+02:00,0.10074083453949942
2023-05-15 03:45:00+02:00,0.0962571983941904
2023-05-15 04:00:00+02:00,0.09318331214623836
2023-05-15 04:15:00+02:00,0.08948642688839707
2023-05-15 04:30:00+02:00,0.08645576073587767
2023-05-15 04:45:00+02:00,0.08411605559414251
2023-05-15 05:00:00+02:00,0.08248725432188826
2023-05-15 05:15:00+02:00,0.08906291903638816
2023-05-15 05:30:00+02:00,0.09653349058313859
2023-05-15 05:45:00+02:00,0.1083388734152069
2023-05-15 06:00:00+02:00,0.12069644437905529
2023-05-15 06:15:00+02:00,0.11804169013183204
2023-05-15 06:30:00+02:00,0.11544321950072942
2023-05-15 06:45:00+02:00,0.11290205670791062
2023-05-15 07:00:00+02:00,0.11041922755958715
2023-05-15 07:15:00+02:00,0.105385122434321
2023-05-15 07:30:00+02:00,0.10087238949774872
2023-05-15 07:45:00+02:00,0.09689814569003889
2023-05-15 08:00:00+02:00,0.09414128070844281
2023-05-15 08:15:00+02:00,0.08463568046068762
2023-05-15 08:30:00+02:00,0.07515725732668664
2023-05-15 08:45:00+02:00,0.06570942435172314
2023-05-15 09:00:00+02:00,0.05629617691975601
2023-05-15 09:15:00+02:00,0.04658304170360486
2023-05-15 09:30:00+02:00,0.039807782247279024
2023-05-15 09:45:00+02:00,0.03407030180323299
2023-05-15 10:00:00+02:00,0.028332850009301924
2023-05-15 10:15:00+02:00,0.026989036903351724
2023-05-15 10:30:00+02:00,0.025667110671911735
2023-05-15 10:45:00+02:00,0.024367928395678147
2023-05-15 11:00:00+02:00,0.023092376560252193
2023-05-15 11:15:00+02:00,0.023340900841004517
2023-05-15 11:30:00+02:00,0.0238864142906759
2023-05-15 11:45:00+02:00,0.024724134575307827
2023-05-15 12:00:00+02:00,0.025846914977071915
2023-05-15 12:15:00+02:00,0.03448169793651336
2023-05-15 12:30:00+02:00,0.04311680386869198
2023-05-15 12:45:00+02:00,0.057090752664849975
2023-05-15 13:00:00+02:00,0.07171003003402625
2023-05-15 13:15:00+02:00,0.08480938312763157
2023-05-15 13:30:00+02:00,0.09955991734041708
2023-05-15 13:45:00+02:00,0.12064729082915455
2023-05-15 14:00:00+02:00,0.14176146691967717
2023-05-15 14:15:00+02:00,0.16607224669725718
2023-05-15 14:30:00+02:00,0.1947003956520353
2023-05-15 14:45:00+02:00,0.22708225890387349
2023-05-15 15:00:00+02:00,0.2595925213477316
2023-05-15 15:15:00+02:00,0.2862719723413964
2023-05-15 15:30:00+02:00,0.32086592393126967
2023-05-15 15:45:00+02:00,0.35560779399170683
2023-05-15 16:00:00+02:00,0.39048341401098985
2023-05-15 16:15:00+02:00,0.4157139817307041
2023-05-15 16:30:00+02:00,0.4428294670383816
2023-05-15 16:45:00+02:00,0.47131357819144676
2023-05-15 17:00:00+02:00,0.49991527343810105
2023-05-15 17:15:00+02:00,0.4950729441738179
2023-05-15 17:30:00+02:00,0.49038338329138953
2023-05-15 17:45:00+02:00,0.4858482229674788
2023-05-15 18:00:00+02:00,0.48146906382751675
2023-05-15 18:15:00+02:00,0.46410546077234205
2023-05-15 18:30:00+02:00,0.44676881286925224
2023-05-15 18:45:00+02:00,0.4294602324020713
2023-05-15 19:00:00+02:00,0.4136667567660641
2023-05-15 19:15:00+02:00,0.40758748025967717
2023-05-15 19:30:00+02:00,0.40153223459361176
2023-05-15 19:45:00+02:00,0.39550141911818537
2023-05-15 20:00:00+02:00,0.38949544041614714
2023-05-15 20:15:00+02:00,0.41415095169973215
2023-05-15 20:30:00+02:00,0.44141121589992344
2023-05-15 20:45:00+02:00,0.4711346079676494
2023-05-15 21:00:00+02:00,0.5018234836613443
2023-05-15 21:15:00+02:00,0.49762926844897537
2023-05-15 21:30:00+02:00,0.4941536635066066
2023-05-15 21:45:00+02:00,0.4914023351143817
2023-05-15 22:00:00+02:00,0.4893798110556837
2023-05-15 22:15:00+02:00,0.46359524683601055
2023-05-15 22:30:00+02:00,0.4378234647212709
2023-05-15 22:45:00+02:00,0.4135633887709167
2023-05-15 23:00:00+02:00,0.39055002226939606
2023-05-15 23:15:00+02:00,0.38112130877939965
2023-05-15 23:30:00+02:00,0.3719461558696875
2023-05-15 23:45:00+02:00,0.3630311438369444
2023-05-16 00:00:00+02:00,0.35438288626123204
2023-05-16 00:15:00+02:00,0.3624300301465961
2023-05-16 00:30:00+02:00,0.37067656703902313
2023-05-16 00:45:00+02:00,0.3791179156015286
2023-05-16 01:00:00+02:00,0.3877495304571751
2023-05-16 01:15:00+02:00,0.39170694182210525
2023-05-16 01:30:00+02:00,0.3963038670596033
2023-05-16 01:45:00+02:00,0.40153228237899596
2023-05-16 02:00:00+02:00,0.4073832239642484
2023-05-16 02:15:00+02:00,0.39424120656759487
2023-05-16 02:30:00+02:00,0.3812022029488365
2023-05-16 02:45:00+02:00,0.3682699936123777
2023-05-16 03:00:00+02:00,0.35544851303112246
2023-05-16 03:15:00+02:00,0.34532134398667436
2023-05-16 03:30:00+02:00,0.33520115139116435
2023-05-16 03:45:00+02:00,0.32508814235083416
2023-05-16 04:00:00+02:00,0.3149825320955459
2023-05-16 04:15:00+02:00,0.3338262242290155
2023-05-16 04:30:00+02:00,0.3528808589483111
2023-05-16 04:45:00+02:00,0.37213516428264165
2023-05-16 05:00:00+02:00,0.3915785512434589
2023-05-16 05:15:00+02:00,0.3883369940941538
2023-05-16 05:30:00+02:00,0.38513415811281015
2023-05-16 05:45:00+02:00,0.3819703879236869
2023-05-16 06:00:00+02:00,0.37884602797421174
2023-05-16 06:15:00+02:00,0.3464442136075586
2023-05-16 06:30:00+02:00,0.3140442894932875
2023-05-16 06:45:00+02:00,0.28257722076592584
2023-05-16 07:00:00+02:00,0.2575942079525206
2023-05-16 07:15:00+02:00,0.24675069487650156
2023-05-16 07:30:00+02:00,0.23599889470104085
2023-05-16 07:45:00+02:00,0.22534304583013037
2023-05-16 08:00:00+02:00,0.21478761045179237
2023-05-16 08:15:00+02:00,0.22964119175550884
2023-05-16 08:30:00+02:00,0.24487155877454198
2023-05-16 08:45:00+02:00,0.2604552275604976
2023-05-16 09:00:00+02:00,0.27637014576583263
2023-05-16 09:15:00+02:00,0.2781753319050691
2023-05-16 09:30:00+02:00,0.2799808682621416
2023-05-16 09:45:00+02:00,0.2817867523224971
2023-05-16 10:00:00+02:00,0.28359298159512125
2023-05-16 10:15:00+02:00,0.2839653862589781
2023-05-16 10:30:00+02:00,0.28440345253690724
2023-05-16 10:45:00+02:00,0.2849070665154626
2023-05-16 11:00:00+02:00,0.28547609756169307
2023-05-16 11:15:00+02:00,0.25055367331321826
2023-05-16 11:30:00+02:00,0.2157706131225169
2023-05-16 11:45:00+02:00,0.18114916152891705
2023-05-16 12:00:00+02:00,0.15412982446092519
2023-05-16 12:15:00+02:00,0.1657815585337578
2023-05-16 12:30:00+02:00,0.17750048296617826
2023-05-16 12:45:00+02:00,0.1929647576097649
2023-05-16 13:00:00+02:00,0.20847282408484355
2023-05-16 13:15:00+02:00,0.2274388000796933
2023-05-16 13:30:00+02:00,0.24641008948555215
2023-05-16 13:45:00+02:00,0.2653862825402169
2023-05-16 14:00:00+02:00,0.2843670104684797
2023-05-16 14:15:00+02:00,0.29918213370346497
2023-05-16 14:30:00+02:00,0.3144416180547204
2023-05-16 14:45:00+02:00,0.3297437342812603
2023-05-16 15:00:00+02:00,0.3450866054660814
2023-05-16 15:15:00+02:00,0.3436947339954762
2023-05-16 15:30:00+02:00,0.342336566812823
2023-05-16 15:45:00+02:00,0.3410122361384623
2023-05-16 16:00:00+02:00,0.33972187156545613
2023-05-16 16:15:00+02:00,0.35554021371477007
2023-05-16 16:30:00+02:00,0.37136011170229066
2023-05-16 16:45:00+02:00,0.38718149746057173
2023-05-16 17:00:00+02:00,0.4030043068298049
2023-05-16 17:15:00+02:00,0.4146974865259423
2023-05-16 17:30:00+02:00,0.42641617784565766
2023-05-16 17:45:00+02:00,0.43950015009617116
2023-05-16 18:00:00+02:00,0.4525857760647956
2023-05-16 18:15:00+02:00,0.4292911527537545
2023-05-16 18:30:00+02:00,0.40814605068933246
2023-05-16 18:45:00+02:00,0.38733799272405994
2023-05-16 19:00:00+02:00,0.36653859932846267
2023-05-16 19:15:00+02:00,0.3361639489121602
2023-05-16 19:30:00+02:00,0.3058482600242786
2023-05-16 19:45:00+02:00,0.27791200503576313
2023-05-16 20:00:00+02:00,0.2546371807285519
2023-05-16 20:15:00+02:00,0.24724105406993674
2023-05-16 20:30:00+02:00,0.23984739908202135
2023-05-16 20:45:00+02:00,0.2324562935210976
2023-05-16 21:00:00+02:00,0.22506781841098586
2023-05-16 21:15:00+02:00,0.2126993780010381
2023-05-16 21:30:00+02:00,0.2003716160636591
2023-05-16 21:45:00+02:00,0.18808680959723412
2023-05-16 22:00:00+02:00,0.1762181488536921
2023-05-16 22:15:00+02:00,0.17353973977835033
2023-05-16 22:30:00+02:00,0.17087702030039953
2023-05-16 22:45:00+02:00,0.16823024952539042
2023-05-16 23:00:00+02:00,0.1655996906918724
2023-05-16 23:15:00+02:00,0.175674048989801
2023-05-16 23:30:00+02:00,0.18841741409557675
2023-05-16 23:45:00+02:00,0.20170606553812853
2023-05-17 00:00:00+02:00,0.21499571201117337
2023-05-17 00:15:00+02:00,0.20669029286629512
2023-05-17 00:30:00+02:00,0.1984898221457485
2023-05-17 00:45:00+02:00,0.19039819399717076
2023-05-17 01:00:00+02:00,0.18241944199879298
2023-05-17 01:15:00+02:00,0.1787366695441609
2023-05-17 01:30:00+02:00,0.17572316884913824
2023-05-17 01:45:00+02:00,0.1731458701556543
2023-05-17 02:00:00+02:00,0.1706787424171318
2023-05-17 02:15:00+02:00,0.16879299531104314
2023-05-17 02:30:00+02:00,0.16696290013926343
2023-05-17 02:45:00+02:00,0.16518909257327058
2023-05-17 03:00:00+02:00,0.16347219800474733
2023-05-17 03:15:00+02:00,0.1538484806143728
2023-05-17 03:30:00+02:00,0.14425570577289432
2023-05-17 03:45:00+02:00,0.13469585156110542
2023-05-17 04:00:00+02:00,0.1251710606261105
2023-05-17 04:15:00+02:00,0.12092572623070529
2023-05-17 04:30:00+02:00,0.11673436074476869
2023-05-17 04:45:00+02:00,0.11259854943243028
2023-05-17 05:00:00+02:00,0.10851991798328134
2023-05-17 05:15:00+02:00,0.11231323464258863
2023-05-17 05:30:00+02:00,0.11613709890423951
2023-05-17 05:45:00+02:00,0.11999070604729252
2023-05-17 06:00:00+02:00,0.12387327343318183
2023-05-17 06:15:00+02:00,0.12096340883732047
2023-05-17 06:30:00+02:00,0.1180543317023166
2023-05-17 06:45:00+02:00,0.11514605798729284
2023-05-17 07:00:00+02:00,0.11223860408096406
2023-05-17 07:15:00+02:00,0.1054335397288191
2023-05-17 07:30:00+02:00,0.09919467994341785
2023-05-17 07:45:00+02:00,0.09418480670060264
2023-05-17 08:00:00+02:00,0.09105029256477519
2023-05-17 08:15:00+02:00,0.09652299843720073
2023-05-17 08:30:00+02:00,0.10788546217270426
2023-05-17 08:45:00+02:00,0.1223441894188556
2023-05-17 09:00:00+02:00,0.13960415409914878
2023-05-17 09:15:00+02:00,0.1359829226295388
2023-05-17 09:30:00+02:00,0.13236181343592168
2023-05-17 09:45:00+02:00,0.12874082950855706
2023-05-17 10:00:00+02:00,0.12511997393589944
2023-05-17 10:15:00+02:00,0.14208101345356938
2023-05-17 10:30:00+02:00,0.1590421097619139
2023-05-17 10:45:00+02:00,0.17600325698134606
2023-05-17 11:00:00+02:00,0.19793310143694368
2023-05-17 11:15:00+02:00,0.17466539805370868
2023-05-17 11:30:00+02:00,0.15661546650849603
2023-05-17 11:45:00+02:00,0.13884434864650694
2023-05-17 12:00:00+02:00,0.12138607137436969
2023-05-17 12:15:00+02:00,0.12356653836717059
2023-05-17 12:30:00+02:00,0.12582962968974568
2023-05-17 12:45:00+02:00,0.12817408092629776
2023-05-17 13:00:00+02:00,0.13059860926006506
2023-05-17 13:15:00+02:00,0.13174533357134294
2023-05-17 13:30:00+02:00,0.13292291670065778
2023-05-17 13:45:00+02:00,0.1341311161776596
2023-05-17 14:00:00+02:00,0.13536968586072595
2023-05-17 14:15:00+02:00,0.13262621164565544
2023-05-17 14:30:00+02:00,0.12999168322533136
2023-05-17 14:45:00+02:00,0.12746804455612318
2023-05-17 15:00:00+02:00,0.1250572013705436
2023-05-17 15:15:00+02:00,0.1226364277103713
2023-05-17 15:30:00+02:00,0.1203117632678466
2023-05-17 15:45:00+02:00,0.11808475399918672
2023-05-17 16:00:00+02:00,0.11595691216219366
2023-05-17 16:15:00+02:00,0.11529292596092777
2023-05-17 16:30:00+02:00,0.11469116626443948
2023-05-17 16:45:00+02:00,0.11415189454595669
2023-05-17 17:00:00+02:00,0.11367534637267832
2023-05-17 17:15:00+02:00,0.11586067303365283
2023-05-17 17:30:00+02:00,0.11805538284148509
2023-05-17 17:45:00+02:00,0.12025933401328268
2023-05-17 18:00:00+02:00,0.12247238702916019
2023-05-17 18:15:00+02:00,0.12195935374788366
2023-05-17 18:30:00+02:00,0.1215769598846499
2023-05-17 18:45:00+02:00,0.1213255485406436
2023-05-17 19:00:00+02:00,0.12120534594823523
2023-05-17 19:15:00+02:00,0.12374280944643963
2023-05-17 19:30:00+02:00,0.1264160409963213
2023-05-17 19:45:00+02:00,0.12922259216455223
2023-05-17 20:00:00+02:00,0.132159955330025
2023-05-17 20:15:00+02:00,0.1397430000442286
2023-05-17 20:30:00+02:00,0.14752083929125268
2023-05-17 20:45:00+02:00,0.1554838221559551
2023-05-17 21:00:00+02:00,0.16362271705027603
2023-05-17 21:15:00+02:00,0.17476542607107481
2023-05-17 21:30:00+02:00,0.189414604932764
2023-05-17 21:45:00+02:00,0.2056314378141142
2023-05-17 22:00:00+02:00,0.2225306409532731
2023-05-17 22:15:00+02:00,0.22420089953880717
2023-05-17 22:30:00+02:00,0.2269348138192125
2023-05-17 22:45:00+02:00,0.23071998045383627
2023-05-17 23:00:00+02:00,0.2355395425491867
2023-05-17 23:15:00+02:00,0.23106910325001256
2023-05-17 23:30:00+02:00,0.22682012911214827
2023-05-17 23:45:00+02:00,0.22279667958860525
2023-05-18 00:00:00+02:00,0.2190026906002799
2023-05-18 00:15:00+02:00,0.2195964688486093
2023-05-18 00:30:00+02:00,0.2207387456338718
2023-05-18 00:45:00+02:00,0.22242681666290315
2023-05-18 01:00:00+02:00,0.2246567179222782
2023-05-18 01:15:00+02:00,0.2297685509177718
2023-05-18 01:30:00+02:00,0.23528466951018703
2023-05-18 01:45:00+02:00,0.24119570121460007
2023-05-18 02:00:00+02:00,0.24749192116249305
2023-05-18 02:15:00+02:00,0.24431178964725112
2023-05-18 02:30:00+02:00,0.24119617438449928
2023-05-18 02:45:00+02:00,0.23814592378946148
2023-05-18 03:00:00+02:00,0.23516188294877588
2023-05-18 03:15:00+02:00,0.22826080673075977
2023-05-18 03:30:00+02:00,0.22144677518924624
2023-05-18 03:45:00+02:00,0.2147223771087904
2023-05-18 04:00:00+02:00,0.20809026883139442
2023-05-18 04:15:00+02:00,0.20427557014053965
2023-05-18 04:30:00+02:00,0.20046147126898528
2023-05-18 04:45:00+02:00,0.1966479824716965
2023-05-18 05:00:00+02:00,0.19283511423705074
2023-05-18 05:15:00+02:00,0.1912688325225481
2023-05-18 05:30:00+02:00,0.18988777850838626
2023-05-18 05:45:00+02:00,0.1886931126587102
2023-05-18 06:00:00+02:00,0.18768584665046215
2023-05-18 06:15:00+02:00,0.1731255985383291
2023-05-18 06:30:00+02:00,0.16108098311848426
2023-05-18 06:45:00+02:00,0.14906260051240008
2023-05-18 07:00:00+02:00,0.1370725407273987
2023-05-18 07:15:00+02:00,0.11721795211049403
2023-05-18 07:30:00+02:00,0.09736856284326015
2023-05-18 07:45:00+02:00,0.08419959982619366
2023-05-18 08:00:00+02:00,0.07183774805517715
2023-05-18 08:15:00+02:00,0.07000396006705215
2023-05-18 08:30:00+02:00,0.06819210303871058
2023-05-18 08:45:00+02:00,0.06640270184250964
2023-05-18 09:00:00+02:00,0.06463629141216588
2023-05-18 09:15:00+02:00,0.06411385324139353
2023-05-18 09:30:00+02:00,0.06366036088363106
2023-05-18 09:45:00+02:00,0.06327623310341399
2023-05-18 10:00:00+02:00,0.0629618272685737
2023-05-18 10:15:00+02:00,0.07040095061478696
2023-05-18 10:30:00+02:00,0.07784084376588128
2023-05-18 10:45:00+02:00,0.08528143687594393
2023-05-18 11:00:00+02:00,0.09272266829521375
2023-05-18 11:15:00+02:00,0.08451726686872744
2023-05-18 11:30:00+02:00,0.07679419227114329
2023-05-18 11:45:00+02:00,0.0696019704546021
2023-05-18 12:00:00+02:00,0.0629918085352191
2023-05-18 12:15:00+02:00,0.06559567869012939
2023-05-18 12:30:00+02:00,0.06819970368789466
2023-05-18 12:45:00+02:00,0.07080387830368091
2023-05-18 13:00:00+02:00,0.07340819754482636
2023-05-18 13:15:00+02:00,0.07420580761054076
2023-05-18 13:30:00+02:00,0.07505818151104536
2023-05-18 13:45:00+02:00,0.0759647275689734
2023-05-18 14:00:00+02:00,0.07692482581703855
2023-05-18 14:15:00+02:00,0.07937849947140707
2023-05-18 14:30:00+02:00,0.08183303445241381
2023-05-18 14:45:00+02:00,0.08428840487271533
2023-05-18 15:00:00+02:00,0.08674458586378124
2023-05-18 15:15:00+02:00,0.08847980653434478
2023-05-18 15:30:00+02:00,0.09021504510118393
2023-05-18 15:45:00+02:00,0.09195030119557693
2023-05-18 16:00:00+02:00,0.0936855744588586
2023-05-18 16:15:00+02:00,0.09500864554248095
2023-05-18 16:30:00+02:00,0.09703908255396847
2023-05-18 16:45:00+02:00,0.09925363961886201
2023-05-18 17:00:00+02:00,0.10151285664817704
2023-05-18 17:15:00+02:00,0.1021173934754655
2023-05-18 17:30:00+02:00,0.10279854018710381
2023-05-18 17:45:00+02:00,0.10355592318966639
2023-05-18 18:00:00+02:00,0.10438912992198368
2023-05-18 18:15:00+02:00,0.10897928776311666
2023-05-18 18:30:00+02:00,0.11436260304533119
2023-05-18 18:45:00+02:00,0.12050969633563846
2023-05-18 19:00:00+02:00,0.1273887643989243
2023-05-18 19:15:00+02:00,0.14083497991216037
2023-05-18 19:30:00+02:00,0.15571229721433913
2023-05-18 19:45:00+02:00,0.17188967659827173
2023-05-18 20:00:00+02:00,0.1930239463450676
2023-05-18 20:15:00+02:00,0.21391442796979745
2023-05-18 20:30:00+02:00,0.23482964410898644
2023-05-18 20:45:00+02:00,0.25576746405201123
2023-05-18 21:00:00+02:00,0.2767259930491213
2023-05-18 21:15:00+02:00,0.28436323143191716
2023-05-18 21:30:00+02:00,0.2941660454646902
2023-05-18 21:45:00+02:00,0.3046609899212141
2023-05-18 22:00:00+02:00,0.3154381502507995
2023-05-18 22:15:00+02:00,0.3198889777113577
2023-05-18 22:30:00+02:00,0.3250105533426517
2023-05-18 22:45:00+02:00,0.33079285605078906
2023-05-18 23:00:00+02:00,0.33722481024163453
2023-05-18 23:15:00+02:00,0.3464697066719831
2023-05-18 23:30:00+02:00,0.35695952425196564
2023-05-18 23:45:00+02:00,0.3686575217519143
2023-05-19 00:00:00+02:00,0.38152440959922296
2023-05-19 00:15:00+02:00,0.3632658037832279
2023-05-19 00:30:00+02:00,0.346370008657931
2023-05-19 00:45:00+02:00,0.33090418805956634
2023-05-19 01:00:00+02:00,0.316933739597545
2023-05-19 01:15:00+02:00,0.28960598797611037
2023-05-19 01:30:00+02:00,0.2683245353682489
2023-05-19 01:45:00+02:00,0.24867536663230574
2023-05-19 02:00:00+02:00,0.2298302607902019
2023-05-19 02:15:00+02:00,0.21356846315089556
2023-05-19 02:30:00+02:00,0.197876506984086
2023-05-19 02:45:00+02:00,0.18279532306744503
2023-05-19 03:00:00+02:00,0.1705469735015886
2023-05-19 03:15:00+02:00,0.16828363467627946
2023-05-19 03:30:00+02:00,0.1660660020712112
2023-05-19 03:45:00+02:00,0.16389471001569686
2023-05-19 04:00:00+02:00,0.1617703910062549
2023-05-19 04:15:00+02:00,0.16087622476139338
2023-05-19 04:30:00+02:00,0.15998726601726856
2023-05-19 04:45:00+02:00,0.15910354403716195
2023-05-19 05:00:00+02:00,0.15822508812969355
2023-05-19 05:15:00+02:00,0.1579092388975708
2023-05-19 05:30:00+02:00,0.15764197497701682
2023-05-19 05:45:00+02:00,0.15742337874346307
2023-05-19 06:00:00+02:00,0.15725351771058788
2023-05-19 06:15:00+02:00,0.15449185103806695
2023-05-19 06:30:00+02:00,0.1517805008813591
2023-05-19 06:45:00+02:00,0.14912034817140804
2023-05-19 07:00:00+02:00,0.14651227730143937
2023-05-19 07:15:00+02:00,0.12678687548027448
2023-05-19 07:30:00+02:00,0.10708302255533812
2023-05-19 07:45:00+02:00,0.09035590328668697
2023-05-19 08:00:00+02:00,0.07810986165502186
2023-05-19 08:15:00+02:00,0.06806594838673412
2023-05-19 08:30:00+02:00,0.05810864928519013
2023-05-19 08:45:00+02:00,0.04825034637947046
2023-05-19 09:00:00+02:00,0.04077404194024853
2023-05-19 09:15:00+02:00,0.042381031357237704
2023-05-19 09:30:00+02:00,0.04403674000083919
2023-05-19 09:45:00+02:00,0.04691131018055704
2023-05-19 10:00:00+02:00,0.04986930643367684
2023-05-19 10:15:00+02:00,0.058299438141684715
2023-05-19 10:30:00+02:00,0.06682306150803652
2023-05-19 10:45:00+02:00,0.0754300530132741
2023-05-19 11:00:00+02:00,0.0841116202547803
2023-05-19 11:15:00+02:00,0.09675672172634799
2023-05-19 11:30:00+02:00,0.11613718268856374
2023-05-19 11:45:00+02:00,0.13552437142594873
2023-05-19 12:00:00+02:00,0.15491745608714216
2023-05-19 12:15:00+02:00,0.14543367276332284
2023-05-19 12:30:00+02:00,0.13603156315553747
2023-05-19 12:45:00+02:00,0.12671633705164564
2023-05-19 13:00:00+02:00,0.11749360231209163
2023-05-19 13:15:00+02:00,0.11659669010826738
2023-05-19 13:30:00+02:00,0.11621351220563483
2023-05-19 13:45:00+02:00,0.1163454361962615
2023-05-19 14:00:00+02:00,0.1169919906864363
2023-05-19 14:15:00+02:00,0.12636602796555552
2023-05-19 14:30:00+02:00,0.13575483860631996
2023-05-19 14:45:00+02:00,0.14515751926086728
2023-05-19 15:00:00+02:00,0.15457323757931887
2023-05-19 15:15:00+02:00,0.16079108581190624
2023-05-19 15:30:00+02:00,0.16730665626096555
2023-05-19 15:45:00+02:00,0.17410806247478205
2023-05-19 16:00:00+02:00,0.1823959877706812
2023-05-19 16:15:00+02:00,0.1877103572223421
2023-05-19 16:30:00+02:00,0.19322149714728776
2023-05-19 16:45:00+02:00,0.1989245630692285
2023-05-19 17:00:00+02:00,0.2048147077421196
2023-05-19 17:15:00+02:00,0.20961540633955872
2023-05-19 17:30:00+02:00,0.21441962822127747
2023-05-19 17:45:00+02:00,0.21922729998959783
2023-05-19 18:00:00+02:00,0.2240383502209407
2023-05-19 18:15:00+02:00,0.2088398877447494
2023-05-19 18:30:00+02:00,0.19450414529990057
2023-05-19 18:45:00+02:00,0.18108788350132932
2023-05-19 19:00:00+02:00,0.17075988162489536
2023-05-19 19:15:00+02:00,0.17441068642216692
2023-05-19 19:30:00+02:00,0.17963471263625347
2023-05-19 19:45:00+02:00,0.1871239615755223
2023-05-19 20:00:00+02:00,0.19588709077866848
2023-05-19 20:15:00+02:00,0.2246201286597202
2023-05-19 20:30:00+02:00,0.25335603692641473
2023-05-19 20:45:00+02:00,0.28209448770685036
2023-05-19 21:00:00+02:00,0.31828865965343656
2023-05-19 21:15:00+02:00,0.34703562625306
2023-05-19 21:30:00+02:00,0.3779314415038044
2023-05-19 21:45:00+02:00,0.41079642986416376
2023-05-19 22:00:00+02:00,0.44774705960953554
2023-05-19 22:15:00+02:00,0.4605771990319106
2023-05-19 22:30:00+02:00,0.47522406006830664
2023-05-19 22:45:00+02:00,0.49162728644106846
2023-05-19 23:00:00+02:00,0.5097224120342301
2023-05-19 23:15:00+02:00,0.522768400570181
2023-05-19 23:30:00+02:00,0.5358940559934795
2023-05-19 23:45:00+02:00,0.5490971051698764
2023-05-20 00:00:00+02:00,0.5623753479722237
2023-05-20 00:15:00+02:00,0.5353114793152118
2023-05-20 00:30:00+02:00,0.5089646268844149
2023-05-20 00:45:00+02:00,0.48337791096104127
2023-05-20 01:00:00+02:00,0.4585965793147476
2023-05-20 01:15:00+02:00,0.46234868908637766
2023-05-20 01:30:00+02:00,0.46700002881854585
2023-05-20 01:45:00+02:00,0.4725409722053191
2023-05-20 02:00:00+02:00,0.47896023019839534
2023-05-20 02:15:00+02:00,0.4786686024201906
2023-05-20 02:30:00+02:00,0.47837703829321604
2023-05-20 02:45:00+02:00,0.4780855378600032
2023-05-20 03:00:00+02:00,0.47779410116311194
2023-05-20 03:15:00+02:00,0.46944779326501507
2023-05-20 03:30:00+02:00,0.46123136872556064
2023-05-20 03:45:00+02:00,0.4531473207573477
2023-05-20 04:00:00+02:00,0.44519816506577603
2023-05-20 04:15:00+02:00,0.43763797172413654
2023-05-20 04:30:00+02:00,0.4300832691479846
2023-05-20 04:45:00+02:00,0.42292194808517636
2023-05-20 05:00:00+02:00,0.416178586995256
2023-05-20 05:15:00+02:00,0.4177176404902994
2023-05-20 05:30:00+02:00,0.4192694411956024
2023-05-20 05:45:00+02:00,0.420833936052709
2023-05-20 06:00:00+02:00,0.42241107186679583
2023-05-20 06:15:00+02:00,0.41829270129153384
2023-05-20 06:30:00+02:00,0.41437705983152134
2023-05-20 06:45:00+02:00,0.41066629625278495
2023-05-20 07:00:00+02:00,0.40716247500175545
2023-05-20 07:15:00+02:00,0.3911512072454882
2023-05-20 07:30:00+02:00,0.37516009681574436
2023-05-20 07:45:00+02:00,0.35919005874487503
2023-05-20 08:00:00+02:00,0.3432420629793798
2023-05-20 08:15:00+02:00,0.33807079197625894
2023-05-20 08:30:00+02:00,0.332918399334653
2023-05-20 08:45:00+02:00,0.32778516963134524
2023-05-20 09:00:00+02:00,0.3226713921009718
2023-05-20 09:15:00+02:00,0.33490215831452835
2023-05-20 09:30:00+02:00,0.3471329922727049
2023-05-20 09:45:00+02:00,0.35936389162378896
2023-05-20 10:00:00+02:00,0.3715948541236627
2023-05-20 10:15:00+02:00,0.3788134921617136
2023-05-20 10:30:00+02:00,0.3860321403222211
2023-05-20 10:45:00+02:00,0.393250798404235
2023-05-20 11:00:00+02:00,0.40046946621208773
2023-05-20 11:15:00+02:00,0.37883350412879574
2023-05-20 11:30:00+02:00,0.35720842482278914
2023-05-20 11:45:00+02:00,0.33559491162107163
2023-05-20 12:00:00+02:00,0.31399370586731995
2023-05-20 12:15:00+02:00,0.32041565607121847
2023-05-20 12:30:00+02:00,0.3278225466274882
2023-05-20 12:45:00+02:00,0.3361932075296899
2023-05-20 13:00:00+02:00,0.3455044373875222
2023-05-20 13:15:00+02:00,0.3535991369578954
2023-05-20 13:30:00+02:00,0.36247754096225304
2023-05-20 13:45:00+02:00,0.37212013628591495
2023-05-20 14:00:00+02:00,0.38250645664657906
2023-05-20 14:15:00+02:00,0.37156645931875937
2023-05-20 14:30:00+02:00,0.3609039107886284
2023-05-20 14:45:00+02:00,0.35052727835644576
2023-05-20 15:00:00+02:00,0.3404451362276038
2023-05-20 15:15:00+02:00,0.32103343889969305
2023-05-20 15:30:00+02:00,0.30251700931856246
2023-05-20 15:45:00+02:00,0.28512215101854477
2023-05-20 16:00:00+02:00,0.27234124115531866
2023-05-20 16:15:00+02:00,0.28177552389824617
2023-05-20 16:30:00+02:00,0.2929099121510702
2023-05-20 16:45:00+02:00,0.3052799501482705
2023-05-20 17:00:00+02:00,0.3177145452247525
2023-05-20 17:15:00+02:00,0.338449380976625
2023-05-20 17:30:00+02:00,0.3592054575676184
2023-05-20 17:45:00+02:00,0.3799815476146897
2023-05-20 18:00:00+02:00,0.4007765154582516
2023-05-20 18:15:00+02:00,0.4158690779224518
2023-05-20 18:30:00+02:00,0.4319308147912872
2023-05-20 18:45:00+02:00,0.4496039039347507
2023-05-20 19:00:00+02:00,0.46764798133200364
2023-05-20 19:15:00+02:00,0.4499417525587186
2023-05-20 19:30:00+02:00,0.4326816564908652
2023-05-20 19:45:00+02:00,0.4169790963972446
2023-05-20 20:00:00+02:00,0.4023973816603171
2023-05-20 20:15:00+02:00,0.37960287347045263
2023-05-20 20:30:00+02:00,0.3568096639953273
2023-05-20 20:45:00+02:00,0.33401783931720147
2023-05-20 21:00:00+02:00,0.31122749329193117
2023-05-20 21:15:00+02:00,0.30572125898860614
2023-05-20 21:30:00+02:00,0.30044191026161376
2023-05-20 21:45:00+02:00,0.2953930658289276
2023-05-20 22:00:00+02:00,0.2905782587372251
2023-05-20 22:15:00+02:00,0.287976515380458
2023-05-20 22:30:00+02:00,0.2859576470234957
2023-05-20 22:45:00+02:00,0.2847973160268256
2023-05-20 23:00:00+02:00,0.2841469272322475
2023-05-20 23:15:00+02:00,0.2950709004794754
2023-05-20 23:30:00+02:00,0.3065053143326131
2023-05-20 23:45:00+02:00,0.31798359491666983
2023-05-21 00:00:00+02:00,0.3295042715778027
2023-05-21 00:15:00+02:00,0.3131489444953119
2023-05-21 00:30:00+02:00,0.29680006341577786
2023-05-21 00:45:00+02:00,0.28166067210262113
2023-05-21 01:00:00+02:00,0.26906334350826283
2023-05-21 01:15:00+02:00,0.25992696064588977
2023-05-21 01:30:00+02:00,0.2510718531565655
2023-05-21 01:45:00+02:00,0.24250846984192853
2023-05-21 02:00:00+02:00,0.23424741312041542
2023-05-21 02:15:00+02:00,0.22952598280378703
2023-05-21 02:30:00+02:00,0.22501861301060133
2023-05-21 02:45:00+02:00,0.2207294784934063
2023-05-21 03:00:00+02:00,0.21666265324642012
2023-05-21 03:15:00+02:00,0.21044357995503246
2023-05-21 03:30:00+02:00,0.20448054437093097
2023-05-21 03:45:00+02:00,0.1987803685273769
2023-05-21 04:00:00+02:00,0.19334980208392383
2023-05-21 04:15:00+02:00,0.19312533308335902
2023-05-21 04:30:00+02:00,0.19380768701557183
2023-05-21 04:45:00+02:00,0.195394085014953
2023-05-21 05:00:00+02:00,0.19787811020044613
2023-05-21 05:15:00+02:00,0.2098305177587277
2023-05-21 05:30:00+02:00,0.22193176624582672
2023-05-21 05:45:00+02:00,0.23417421063413768
2023-05-21 06:00:00+02:00,0.24655064021526177
2023-05-21 06:15:00+02:00,0.2452405704162341
2023-05-21 06:30:00+02:00,0.24393058930627998
2023-05-21 06:45:00+02:00,0.24262069737270933
2023-05-21 07:00:00+02:00,0.2413108951063742
2023-05-21 07:15:00+02:00,0.2196987334529038
2023-05-21 07:30:00+02:00,0.19813657424470432
2023-05-21 07:45:00+02:00,0.17681109351768304
2023-05-21 08:00:00+02:00,0.16054943167178495
2023-05-21 08:15:00+02:00,0.14841897179858884
2023-05-21 08:30:00+02:00,0.13647049543976428
2023-05-21 08:45:00+02:00,0.1247188219067071
2023-05-21 09:00:00+02:00,0.11318013763648063
2023-05-21 09:15:00+02:00,0.10672444013537484
2023-05-21 09:30:00+02:00,0.10028581451136927
2023-05-21 09:45:00+02:00,0.09438243955299906
2023-05-21 10:00:00+02:00,0.09039277735728067
2023-05-21 10:15:00+02:00,0.08914407852042436
2023-05-21 10:30:00+02:00,0.08792883292806492
2023-05-21 10:45:00+02:00,0.08674753343136479
2023-05-21 11:00:00+02:00,0.08560066843605983
2023-05-21 11:15:00+02:00,0.0752691624895798
2023-05-21 11:30:00+02:00,0.06495906805232707
2023-05-21 11:45:00+02:00,0.054673459898921486
2023-05-21 12:00:00+02:00,0.04441602142338025
2023-05-21 12:15:00+02:00,0.05099782538365066
2023-05-21 12:30:00+02:00,0.05760196278709867
2023-05-21 12:45:00+02:00,0.06422646654931133
2023-05-21 13:00:00+02:00,0.07086958892539878
2023-05-21 13:15:00+02:00,0.07075841446112452
2023-05-21 13:30:00+02:00,0.070652105642631
2023-05-21 13:45:00+02:00,0.07055066917989808
2023-05-21 14:00:00+02:00,0.0704541114868805
2023-05-21 14:15:00+02:00,0.07137436161811284
2023-05-21 14:30:00+02:00,0.07231115978683798
2023-05-21 14:45:00+02:00,0.07326430722917189
2023-05-21 15:00:00+02:00,0.07423360496573647
2023-05-21 15:15:00+02:00,0.07417198829227213
2023-05-21 15:30:00+02:00,0.07436417389880219
2023-05-21 15:45:00+02:00,0.07480954048409919
2023-05-21 16:00:00+02:00,0.07550665602432935
2023-05-21 16:15:00+02:00,0.0741335663927177
2023-05-21 16:30:00+02:00,0.07294520851372742
2023-05-21 16:45:00+02:00,0.07194441308447404
2023-05-21 17:00:00+02:00,0.07113360901585054
2023-05-21 17:15:00+02:00,0.07101429129993406
2023-05-21 17:30:00+02:00,0.07102896621208789
2023-05-21 17:45:00+02:00,0.07117760831377798
2023-05-21 18:00:00+02:00,0.07145996030058
2023-05-21 18:15:00+02:00,0.07215421101535452
2023-05-21 18:30:00+02:00,0.0733059652735062
2023-05-21 18:45:00+02:00,0.07490851416376369
2023-05-21 19:00:00+02:00,0.07695273896324305
2023-05-21 19:15:00+02:00,0.08118623894372147
2023-05-21 19:30:00+02:00,0.08551668166514872
2023-05-21 19:45:00+02:00,0.08993904264871058
2023-05-21 20:00:00+02:00,0.09444854268814232
2023-05-21 20:15:00+02:00,0.10461271582849546
2023-05-21 20:30:00+02:00,0.11583202431901746
2023-05-21 20:45:00+02:00,0.12758517809149011
2023-05-21 21:00:00+02:00,0.1398308374752544
2023-05-21 21:15:00+02:00,0.136684260875523
2023-05-21 21:30:00+02:00,0.13354185925098802
2023-05-21 21:45:00+02:00,0.1304037208728396
2023-05-21 22:00:00+02:00,0.12726993639342443
2023-05-21 22:15:00+02:00,0.13227825699664333
2023-05-21 22:30:00+02:00,0.1378746946738955
2023-05-21 22:45:00+02:00,0.14403776182780284
2023-05-21 23:00:00+02:00,0.1507449878487685
2023-05-21 23:15:00+02:00,0.14581268267570532
2023-05-21 23:30:00+02:00,0.14157897992781718
2023-05-21 23:45:00+02:00,0.13806344397330872
2023-05-22 00:00:00+02:00,0.13528287838919859
2023-05-22 00:15:00+02:00,0.1382635463141232
2023-05-22 00:30:00+02:00,0.14169200395156295
2023-05-22 00:45:00+02:00,0.1455582615181908
2023-05-22 01:00:00+02:00,0.149851406524917
2023-05-22 01:15:00+02:00,0.1506221922954272
2023-05-22 01:30:00+02:00,0.15220425461764203
2023-05-22 01:45:00+02:00,0.1545894022163276
2023-05-22 02:00:00+02:00,0.15776549254943517
2023-05-22 02:15:00+02:00,0.1508424058971838
2023-05-22 02:30:00+02:00,0.1442684154406447
2023-05-22 02:45:00+02:00,0.13805870188701333
2023-05-22 03:00:00+02:00,0.13222842317824188
2023-05-22 03:15:00+02:00,0.11874746261014667
2023-05-22 03:30:00+02:00,0.1057003514939122
2023-05-22 03:45:00+02:00,0.09392351437295246
2023-05-22 04:00:00+02:00,0.08641342649582084
2023-05-22 04:15:00+02:00,0.08407171470554939
2023-05-22 04:30:00+02:00,0.08234460450622161
2023-05-22 04:45:00+02:00,0.08124525735698183
2023-05-22 05:00:00+02:00,0.08078224657062166
2023-05-22 05:15:00+02:00,0.07879081091193903
2023-05-22 05:30:00+02:00,0.07726327449124416
2023-05-22 05:45:00+02:00,0.07620861030877357
2023-05-22 06:00:00+02:00,0.07563314880884921
2023-05-22 06:15:00+02:00,0.06643834349129088
2023-05-22 06:30:00+02:00,0.058094424225203445
2023-05-22 06:45:00+02:00,0.050702160137969396
2023-05-22 07:00:00+02:00,0.04436448707620627
2023-05-22 07:15:00+02:00,0.0422868725249211
2023-05-22 07:30:00+02:00,0.04044189968520799
2023-05-22 07:45:00+02:00,0.038704802522020125
2023-05-22 08:00:00+02:00,0.03708051310888727
2023-05-22 08:15:00+02:00,0.03964799050883207
2023-05-22 08:30:00+02:00,0.04222365389945765
2023-05-22 08:45:00+02:00,0.04533315743967725
2023-05-22 09:00:00+02:00,0.04971868004832456
2023-05-22 09:15:00+02:00,0.04932933183496335
2023-05-22 09:30:00+02:00,0.04894744204215015
2023-05-22 09:45:00+02:00,0.04857305149836965
2023-05-22 10:00:00+02:00,0.048206200520130554
2023-05-22 10:15:00+02:00,0.04987064893839015
2023-05-22 10:30:00+02:00,0.051604733698251325
2023-05-22 10:45:00+02:00,0.053406762931832844
2023-05-22 11:00:00+02:00,0.05527503603498112
2023-05-22 11:15:00+02:00,0.046910876354369635
2023-05-22 11:30:00+02:00,0.04142210391730485
2023-05-22 11:45:00+02:00,0.03779958142945702
2023-05-22 12:00:00+02:00,0.03493885596163664
2023-05-22 12:15:00+02:00,0.03609323874467331
2023-05-22 12:30:00+02:00,0.037282168355740726
2023-05-22 12:45:00+02:00,0.038504577111135564
2023-05-22 13:00:00+02:00,0.03975941263086056
2023-05-22 13:15:00+02:00,0.04349913748854941
2023-05-22 13:30:00+02:00,0.04945103470489064
2023-05-22 13:45:00+02:00,0.055783818822165376
2023-05-22 14:00:00+02:00,0.062117368291342734
2023-05-22 14:15:00+02:00,0.060868817321004326
2023-05-22 14:30:00+02:00,0.05975526521490087
2023-05-22 14:45:00+02:00,0.05877876664817935
2023-05-22 15:00:00+02:00,0.057941157840572556
2023-05-22 15:15:00+02:00,0.06179020712998356
2023-05-22 15:30:00+02:00,0.06596336218145202
2023-05-22 15:45:00+02:00,0.0704430701175102
2023-05-22 16:00:00+02:00,0.07521186933151643
2023-05-22 16:15:00+02:00,0.08730033993950258
2023-05-22 16:30:00+02:00,0.10190674403149413
2023-05-22 16:45:00+02:00,0.12131982699335675
2023-05-22 17:00:00+02:00,0.14073910873436324
2023-05-22 17:15:00+02:00,0.17413588039780492
2023-05-22 17:30:00+02:00,0.21832547340068678
2023-05-22 17:45:00+02:00,0.26451195046049986
2023-05-22 18:00:00+02:00,0.31913856358887205
2023-05-22 18:15:00+02:00,0.3175988810229975
2023-05-22 18:30:00+02:00,0.3209091847237878
2023-05-22 18:45:00+02:00,0.32902256086892095
2023-05-22 19:00:00+02:00,0.3418265446243721
2023-05-22 19:15:00+02:00,0.3026871306493532
2023-05-22 19:30:00+02:00,0.2686203062052676
2023-05-22 19:45:00+02:00,0.23843775039533063
2023-05-22 20:00:00+02:00,0.20825593280897747
2023-05-22 20:15:00+02:00,0.21011434883584848
2023-05-22 20:30:00+02:00,0.21198327044909426
2023-05-22 20:45:00+02:00,0.2138626118454776
2023-05-22 21:00:00+02:00,0.21575228768299948
2023-05-22 21:15:00+02:00,0.2226760755447551
2023-05-22 21:30:00+02:00,0.22960851141103789
2023-05-22 21:45:00+02:00,0.23654934166764158
2023-05-22 22:00:00+02:00,0.24349832223155343
2023-05-22 22:15:00+02:00,0.25283101812455105
2023-05-22 22:30:00+02:00,0.2621898408724204
2023-05-22 22:45:00+02:00,0.2715738047772702
2023-05-22 23:00:00+02:00,0.28098197065421276
2023-05-22 23:15:00+02:00,0.2979614577466692
2023-05-22 23:30:00+02:00,0.3163898688406129
2023-05-22 23:45:00+02:00,0.3348607099611999
2023-05-23 00:00:00+02:00,0.3533717440266606
2023-05-23 00:15:00+02:00,0.3641077604679745
2023-05-23 00:30:00+02:00,0.37524402274439167
2023-05-23 00:45:00+02:00,0.38676819978895416
2023-05-23 01:00:00+02:00,0.39866805838237124
2023-05-23 01:15:00+02:00,0.35544912815940366
2023-05-23 01:30:00+02:00,0.31307960148705405
2023-05-23 01:45:00+02:00,0.27488419544218784
2023-05-23 02:00:00+02:00,0.24379038900802677
2023-05-23 02:15:00+02:00,0.2379165273941818
2023-05-23 02:30:00+02:00,0.23261558745053906
2023-05-23 02:45:00+02:00,0.22790057545755127
2023-05-23 03:00:00+02:00,0.22378339264112374
2023-05-23 03:15:00+02:00,0.2280229853185789
2023-05-23 03:30:00+02:00,0.232276193250047
2023-05-23 03:45:00+02:00,0.23654277146254113
2023-05-23 04:00:00+02:00,0.24082248008213497
2023-05-23 04:15:00+02:00,0.2443267690685041
2023-05-23 04:30:00+02:00,0.24783250744970609
2023-05-23 04:45:00+02:00,0.2513396741698486
2023-05-23 05:00:00+02:00,0.2548482485705899
2023-05-23 05:15:00+02:00,0.2455213016708031
2023-05-23 05:30:00+02:00,0.23660888178403988
2023-05-23 05:45:00+02:00,0.22812680554541281
2023-05-23 06:00:00+02:00,0.22009088151690692
2023-05-23 06:15:00+02:00,0.22479930511223117
2023-05-23 06:30:00+02:00,0.22963345752245076
2023-05-23 06:45:00+02:00,0.23459076048378025
2023-05-23 07:00:00+02:00,0.23966864273113336
2023-05-23 07:15:00+02:00,0.261246673930841
2023-05-23 07:30:00+02:00,0.28444374143591206
2023-05-23 07:45:00+02:00,0.3160590150057636
2023-05-23 08:00:00+02:00,0.3497885616410234
2023-05-23 08:15:00+02:00,0.3541493154609791
2023-05-23 08:30:00+02:00,0.35948994349723024
2023-05-23 08:45:00+02:00,0.3657956826270617
2023-05-23 09:00:00+02:00,0.3730494808213054
2023-05-23 09:15:00+02:00,0.3878882279375214
2023-05-23 09:30:00+02:00,0.40589549643938677
2023-05-23 09:45:00+02:00,0.4270055286532075
2023-05-23 10:00:00+02:00,0.45371233004767125
2023-05-23 10:15:00+02:00,0.4354755593272463
2023-05-23 10:30:00+02:00,0.4186758806508327
2023-05-23 10:45:00+02:00,0.403369669448629
2023-05-23 11:00:00+02:00,0.38859364861424256
2023-05-23 11:15:00+02:00,0.3450151626247111
2023-05-23 11:30:00+02:00,0.30243531251124667
2023-05-23 11:45:00+02:00,0.2666450780208524
2023-05-23 12:00:00+02:00,0.23567177765285907
2023-05-23 12:15:00+02:00,0.237927061561935
2023-05-23 12:30:00+02:00,0.24029666948153117
2023-05-23 12:45:00+02:00,0.24277946538944115
2023-05-23 13:00:00+02:00,0.24537427508625867
2023-05-23 13:15:00+02:00,0.24266550731351444
2023-05-23 13:30:00+02:00,0.23999098420543474
2023-05-23 13:45:00+02:00,0.23735109277057154
2023-05-23 14:00:00+02:00,0.2347462207458687
2023-05-23 14:15:00+02:00,0.23193315899623632
2023-05-23 14:30:00+02:00,0.22912086990388228
2023-05-23 14:45:00+02:00,0.22630936279566605
2023-05-23 15:00:00+02:00,0.22349864714651058
2023-05-23 15:15:00+02:00,0.21924853514629553
2023-05-23 15:30:00+02:00,0.2150019215893482
2023-05-23 15:45:00+02:00,0.21075887169523547
2023-05-23 16:00:00+02:00,0.206519452257991
2023-05-23 16:15:00+02:00,0.21485072162024438
2023-05-23 16:30:00+02:00,0.22318200951131179
2023-05-23 16:45:00+02:00,0.23151331527349492
2023-05-23 17:00:00+02:00,0.23984463827985764
2023-05-23 17:15:00+02:00,0.2544118028928037
2023-05-23 17:30:00+02:00,0.2691396041496025
2023-05-23 17:45:00+02:00,0.28401866182823626
2023-05-23 18:00:00+02:00,0.3029940769905466
2023-05-23 18:15:00+02:00,0.3174584626270348
2023-05-23 18:30:00+02:00,0.3321564169530646
2023-05-23 18:45:00+02:00,0.3470780817074131
2023-05-23 19:00:00+02:00,0.3622140079005942
2023-05-23 19:15:00+02:00,0.36705349190188835
2023-05-23 19:30:00+02:00,0.3721284091871073
2023-05-23 19:45:00+02:00,0.3774354255923952
2023-05-23 20:00:00+02:00,0.3829711214534125
2023-05-23 20:15:00+02:00,0.373930399261589
2023-05-23 20:30:00+02:00,0.3649494124154039
2023-05-23 20:45:00+02:00,0.3560296884146516
2023-05-23 21:00:00+02:00,0.34717279632235465
2023-05-23 21:15:00+02:00,0.3465406945815167
2023-05-23 21:30:00+02:00,0.3459435279647769
2023-05-23 21:45:00+02:00,0.34538135647812557
2023-05-23 22:00:00+02:00,0.34485423673672494
2023-05-23 22:15:00+02:00,0.33964321873692344
2023-05-23 22:30:00+02:00,0.3347321158129912
2023-05-23 22:45:00+02:00,0.33012522743004663
2023-05-23 23:00:00+02:00,0.3258266617256334
2023-05-23 23:15:00+02:00,0.2914484010909252
2023-05-23 23:30:00+02:00,0.2640913322345317
2023-05-23 23:45:00+02:00,0.23856464158059276
2023-05-24 00:00:00+02:00,0.21361413170585417
2023-05-24 00:15:00+02:00,0.1931259591500221
2023-05-24 00:30:00+02:00,0.17386262266026947
2023-05-24 00:45:00+02:00,0.15849155251569624
2023-05-24 01:00:00+02:00,0.14321488741399738
2023-05-24 01:15:00+02:00,0.13738956659015789
2023-05-24 01:30:00+02:00,0.1315781013140793
2023-05-24 01:45:00+02:00,0.12578103902892573
2023-05-24 02:00:00+02:00,0.11999895493462413
2023-05-24 02:15:00+02:00,0.09589297398050382
2023-05-24 02:30:00+02:00,0.08063362833508989
2023-05-24 02:45:00+02:00,0.06563302409423137
2023-05-24 03:00:00+02:00,0.050646945125021076
2023-05-24 03:15:00+02:00,0.04361270374619839
2023-05-24 03:30:00+02:00,0.03929033664451258
2023-05-24 03:45:00+02:00,0.034979970760974144
2023-05-24 04:00:00+02:00,0.030683048544903883
2023-05-24 04:15:00+02:00,0.030227741802713346
2023-05-24 04:30:00+02:00,0.02992183867125189
2023-05-24 04:45:00+02:00,0.02976662449917581
2023-05-24 05:00:00+02:00,0.029762757100627892
2023-05-24 05:15:00+02:00,0.034160248114572044
2023-05-24 05:30:00+02:00,0.03908879467365409
2023-05-24 05:45:00+02:00,0.04478591568850872
2023-05-24 06:00:00+02:00,0.05460818063487276
2023-05-24 06:15:00+02:00,0.05722947183227944
2023-05-24 06:30:00+02:00,0.060024102526553644
2023-05-24 06:45:00+02:00,0.06298557634116377
2023-05-24 07:00:00+02:00,0.06610735825935889
2023-05-24 07:15:00+02:00,0.04491619572709689
2023-05-24 07:30:00+02:00,0.032043385278047246
2023-05-24 07:45:00+02:00,0.01952646102634593
2023-05-24 08:00:00+02:00,0.010704266306823267
2023-05-24 08:15:00+02:00,0.01261233242635507
2023-05-24 08:30:00+02:00,0.015802062457524867
2023-05-24 08:45:00+02:00,0.02079025486069193
2023-05-24 09:00:00+02:00,0.02609831168781632
2023-05-24 09:15:00+02:00,0.03377835313956176
2023-05-24 09:30:00+02:00,0.04160294850079243
2023-05-24 09:45:00+02:00,0.053354659306826736
2023-05-24 10:00:00+02:00,0.06696430323074927
2023-05-24 10:15:00+02:00,0.07079359751816462
2023-05-24 10:30:00+02:00,0.0746329036512297
2023-05-24 10:45:00+02:00,0.07848173953370208
2023-05-24 11:00:00+02:00,0.08233965244622742
2023-05-24 11:15:00+02:00,0.05286853481492336
2023-05-24 11:30:00+02:00,0.0318602827701994
2023-05-24 11:45:00+02:00,0.014479247709137324
2023-05-24 12:00:00+02:00,0.00619065988732297
2023-05-24 12:15:00+02:00,0.010902778389335059
2023-05-24 12:30:00+02:00,0.0178289811344572
2023-05-24 12:45:00+02:00,0.028259879560843526
2023-05-24 13:00:00+02:00,0.03872481912886754
2023-05-24 13:15:00+02:00,0.03935749150957832
2023-05-24 13:30:00+02:00,0.03999282093497506
2023-05-24 13:45:00+02:00,0.040630764317701504
2023-05-24 14:00:00+02:00,0.041271279325408396
2023-05-24 14:15:00+02:00,0.043382993331743606
2023-05-24 14:30:00+02:00,0.04692266529355484
2023-05-24 14:45:00+02:00,0.051324050115798624
2023-05-24 15:00:00+02:00,0.05610218890750515
2023-05-24 15:15:00+02:00,0.05582710616176274
2023-05-24 15:30:00+02:00,0.05583086374599239
2023-05-24 15:45:00+02:00,0.056113447163441604
2023-05-24 16:00:00+02:00,0.05667376907709208
2023-05-24 16:15:00+02:00,0.05569808250755713
2023-05-24 16:30:00+02:00,0.054989116797837446
2023-05-24 16:45:00+02:00,0.054549507278731466
2023-05-24 17:00:00+02:00,0.05438090547949046
2023-05-24 17:15:00+02:00,0.05720916491960254
2023-05-24 17:30:00+02:00,0.06029732458189476
2023-05-24 17:45:00+02:00,0.0636346521554468
2023-05-24 18:00:00+02:00,0.06721020276573661
2023-05-24 18:15:00+02:00,0.06366971770206925
2023-05-24 18:30:00+02:00,0.06069650464950337
2023-05-24 18:45:00+02:00,0.058313666268972976
2023-05-24 19:00:00+02:00,0.05654062900696887
2023-05-24 19:15:00+02:00,0.0497132010442018
2023-05-24 19:30:00+02:00,0.043369552626156084
2023-05-24 19:45:00+02:00,0.03935392846169698
2023-05-24 20:00:00+02:00,0.03534836802079207
2023-05-24 20:15:00+02:00,0.036518703780744094
2023-05-24 20:30:00+02:00,0.03772819122408765
2023-05-24 20:45:00+02:00,0.03897560443429007
2023-05-24 21:00:00+02:00,0.04025973206677693
2023-05-24 21:15:00+02:00,0.041158951763741194
2023-05-24 21:30:00+02:00,0.042058629631925845
2023-05-24 21:45:00+02:00,0.042958755354434684
2023-05-24 22:00:00+02:00,0.043859318916903034
2023-05-24 22:15:00+02:00,0.048375540769255355
2023-05-24 22:30:00+02:00,0.0531488687783602
2023-05-24 22:45:00+02:00,0.058040538019445816
2023-05-24 23:00:00+02:00,0.06304278727025545
2023-05-24 23:15:00+02:00,0.073764421047495
2023-05-24 23:30:00+02:00,0.08520477994846203
2023-05-24 23:45:00+02:00,0.09849580960934702
2023-05-25 00:00:00+02:00,0.1187196806453012
2023-05-25 00:15:00+02:00,0.12844130058527198
2023-05-25 00:30:00+02:00,0.13831606856424777
2023-05-25 00:45:00+02:00,0.14833420287772403
2023-05-25 01:00:00+02:00,0.15848661262608835
2023-05-25 01:15:00+02:00,0.16912108815592786
2023-05-25 01:30:00+02:00,0.18067829601939348
2023-05-25 01:45:00+02:00,0.1950241336145009
2023-05-25 02:00:00+02:00,0.20951523864207452
2023-05-25 02:15:00+02:00,0.2097025719508893
2023-05-25 02:30:00+02:00,0.2109210261876299
2023-05-25 02:45:00+02:00,0.21316510529953614
2023-05-25 03:00:00+02:00,0.21642478858907513
2023-05-25 03:15:00+02:00,0.21442217852855674
2023-05-25 03:30:00+02:00,0.21244996953803308
2023-05-25 03:45:00+02:00,0.21050842492388888
2023-05-25 04:00:00+02:00,0.20859780687693463
2023-05-25 04:15:00+02:00,0.20524114001636695
2023-05-25 04:30:00+02:00,0.2020761496773391
2023-05-25 04:45:00+02:00,0.19910554525400803
2023-05-25 05:00:00+02:00,0.1963319163746565
2023-05-25 05:15:00+02:00,0.18300466331143583
2023-05-25 05:30:00+02:00,0.171870999263726
2023-05-25 05:45:00+02:00,0.16244842818982044
2023-05-25 06:00:00+02:00,0.15339856435250288
2023-05-25 06:15:00+02:00,0.1360046434996815
2023-05-25 06:30:00+02:00,0.11908865454159043
2023-05-25 06:45:00+02:00,0.10270859995622618
2023-05-25 07:00:00+02:00,0.09006054370210459
2023-05-25 07:15:00+02:00,0.07292416864810249
2023-05-25 07:30:00+02:00,0.055792629882368036
2023-05-25 07:45:00+02:00,0.04086940270622398
2023-05-25 08:00:00+02:00,0.030758041806855565
2023-05-25 08:15:00+02:00,0.029944522373949945
2023-05-25 08:30:00+02:00,0.029145434660601852
2023-05-25 08:45:00+02:00,0.028361107326837606
2023-05-25 09:00:00+02:00,0.0275918727370711
2023-05-25 09:15:00+02:00,0.03307487085638723
2023-05-25 09:30:00+02:00,0.03859462418536029
2023-05-25 09:45:00+02:00,0.044214347009755725
2023-05-25 10:00:00+02:00,0.05365917055331186
2023-05-25 10:15:00+02:00,0.05795692481335495
2023-05-25 10:30:00+02:00,0.06240712795976048
2023-05-25 10:45:00+02:00,0.06700084230965297
2023-05-25 11:00:00+02:00,0.07172955951889226
2023-05-25 11:15:00+02:00,0.07871213015469246
2023-05-25 11:30:00+02:00,0.08574170411028814
2023-05-25 11:45:00+02:00,0.09281437164109543
2023-05-25 12:00:00+02:00,0.10276154941184641
2023-05-25 12:15:00+02:00,0.11096377609025612
2023-05-25 12:30:00+02:00,0.1192238831386243
2023-05-25 12:45:00+02:00,0.12753863299279122
2023-05-25 13:00:00+02:00,0.13590500598947425
2023-05-25 13:15:00+02:00,0.13903348476322008
2023-05-25 13:30:00+02:00,0.14216583625843632
2023-05-25 13:45:00+02:00,0.14530198149531498
2023-05-25 14:00:00+02:00,0.14844184353532625
2023-05-25 14:15:00+02:00,0.14999167750629636
2023-05-25 14:30:00+02:00,0.15154521277007083
2023-05-25 14:45:00+02:00,0.1531024125126212
2023-05-25 15:00:00+02:00,0.1546632403213977
2023-05-25 15:15:00+02:00,0.15382995283419404
2023-05-25 15:30:00+02:00,0.15300061753383543
2023-05-25 15:45:00+02:00,0.1521752554468032
2023-05-25 16:00:00+02:00,0.15135388764718744
2023-05-25 16:15:00+02:00,0.14928173974552522
2023-05-25 16:30:00+02:00,0.14724115897559606
2023-05-25 16:45:00+02:00,0.14523256479097346
2023-05-25 17:00:00+02:00,0.14325637735867755
2023-05-25 17:15:00+02:00,0.14209468420098895
2023-05-25 17:30:00+02:00,0.14094490479155433
2023-05-25 17:45:00+02:00,0.13980712939186504
2023-05-25 18:00:00+02:00,0.1386814482208265
2023-05-25 18:15:00+02:00,0.14019967823384807
2023-05-25 18:30:00+02:00,0.1417502326174033
2023-05-25 18:45:00+02:00,0.14333278364898025
2023-05-25 19:00:00+02:00,0.1449470013953061
2023-05-25 19:15:00+02:00,0.14353858885601034
2023-05-25 19:30:00+02:00,0.1421508126905447
2023-05-25 19:45:00+02:00,0.14078386120384717
2023-05-25 20:00:00+02:00,0.13943792212145156
2023-05-25 20:15:00+02:00,0.143464505026908
2023-05-25 20:30:00+02:00,0.1474940415168283
2023-05-25 20:45:00+02:00,0.15152645513612886
2023-05-25 21:00:00+02:00,0.15556167199409496
2023-05-25 21:15:00+02:00,0.16786037057193645
2023-05-25 21:30:00+02:00,0.18109143053786345
2023-05-25 21:45:00+02:00,0.19740123041884344
2023-05-25 22:00:00+02:00,0.21375114335591922
2023-05-25 22:15:00+02:00,0.23101295647326725
2023-05-25 22:30:00+02:00,0.2482791902022753
2023-05-25 22:45:00+02:00,0.2655495343402337
2023-05-25 23:00:00+02:00,0.28282370698028647
2023-05-25 23:15:00+02:00,0.3045818700921281
2023-05-25 23:30:00+02:00,0.32720986785877443
2023-05-25 23:45:00+02:00,0.3498492660082244
2023-05-26 00:00:00+02:00,0.372499340982073
2023-05-26 00:15:00+02:00,0.37554231578862646
2023-05-26 00:30:00+02:00,0.3789841178800942
2023-05-26 00:45:00+02:00,0.3828209358032259
2023-05-26 01:00:00+02:00,0.3870485776723451
2023-05-26 01:15:00+02:00,0.3807624986965959
2023-05-26 01:30:00+02:00,0.3749114858058616
2023-05-26 01:45:00+02:00,0.36950269540705827
2023-05-26 02:00:00+02:00,0.3645428832395109
2023-05-26 02:15:00+02:00,0.3495128548572867
2023-05-26 02:30:00+02:00,0.3346490647087029
2023-05-26 02:45:00+02:00,0.3199587975604512
2023-05-26 03:00:00+02:00,0.30544967734353956
2023-05-26 03:15:00+02:00,0.30582191551978366
2023-05-26 03:30:00+02:00,0.30625427225159496
2023-05-26 03:45:00+02:00,0.30674666989993904
2023-05-26 04:00:00+02:00,0.30729902020686073
2023-05-26 04:15:00+02:00,0.3095386680035396
2023-05-26 04:30:00+02:00,0.3118190824685987
2023-05-26 04:45:00+02:00,0.3141399879487915
2023-05-26 05:00:00+02:00,0.3165011064421307
2023-05-26 05:15:00+02:00,0.3180668966567054
2023-05-26 05:30:00+02:00,0.31964996311714866
2023-05-26 05:45:00+02:00,0.3212502252946472
2023-05-26 06:00:00+02:00,0.3228676022935193
2023-05-26 06:15:00+02:00,0.31226826649807304
2023-05-26 06:30:00+02:00,0.30167118995121794
2023-05-26 06:45:00+02:00,0.29107644529846943
2023-05-26 07:00:00+02:00,0.28168084382282677
2023-05-26 07:15:00+02:00,0.28352131634721456
2023-05-26 07:30:00+02:00,0.2858476916272972
2023-05-26 07:45:00+02:00,0.2894098748602338
2023-05-26 08:00:00+02:00,0.29355089591789507
2023-05-26 08:15:00+02:00,0.2708167837083657
2023-05-26 08:30:00+02:00,0.24987845994427602
2023-05-26 08:45:00+02:00,0.2289430406341479
2023-05-26 09:00:00+02:00,0.20801079379138526
2023-05-26 09:15:00+02:00,0.20961669675236552
2023-05-26 09:30:00+02:00,0.21123741809662847
2023-05-26 09:45:00+02:00,0.21287285271803824
2023-05-26 10:00:00+02:00,0.2145228955614406
2023-05-26 10:15:00+02:00,0.21459783603556726
2023-05-26 10:30:00+02:00,0.21467280054349458
2023-05-26 10:45:00+02:00,0.21474778907735886
2023-05-26 11:00:00+02:00,0.21482280162929762
2023-05-26 11:15:00+02:00,0.1818072811899273
2023-05-26 11:30:00+02:00,0.1557196454052881
2023-05-26 11:45:00+02:00,0.13072104998355316
2023-05-26 12:00:00+02:00,0.1057447654206225
2023-05-26 12:15:00+02:00,0.11147561434932686
2023-05-26 12:30:00+02:00,0.11762386691112328
2023-05-26 12:45:00+02:00,0.12417201193342713
2023-05-26 13:00:00+02:00,0.13110245899454695
2023-05-26 13:15:00+02:00,0.14346125105557223
2023-05-26 13:30:00+02:00,0.15582358438427682
2023-05-26 13:45:00+02:00,0.1681891874397081
2023-05-26 14:00:00+02:00,0.18157072862837909
2023-05-26 14:15:00+02:00,0.192094231034276
2023-05-26 14:30:00+02:00,0.202662334102166
2023-05-26 14:45:00+02:00,0.21327297623779762
2023-05-26 15:00:00+02:00,0.2239242134146333
2023-05-26 15:15:00+02:00,0.23154699651992608
2023-05-26 15:30:00+02:00,0.23923369459640298
2023-05-26 15:45:00+02:00,0.24698225944995097
2023-05-26 16:00:00+02:00,0.2547907140185005
2023-05-26 16:15:00+02:00,0.2613679360299878
2023-05-26 16:30:00+02:00,0.26795034315311267
2023-05-26 16:45:00+02:00,0.2745377983463179
2023-05-26 17:00:00+02:00,0.2811301692555052
2023-05-26 17:15:00+02:00,0.290666211014545
2023-05-26 17:30:00+02:00,0.3015623981590561
2023-05-26 17:45:00+02:00,0.31245860748151055
2023-05-26 18:00:00+02:00,0.3233548382718344
2023-05-26 18:15:00+02:00,0.33036441950191625
2023-05-26 18:30:00+02:00,0.33737773705929
2023-05-26 18:45:00+02:00,0.344394715501433
2023-05-26 19:00:00+02:00,0.35141528136550076
2023-05-26 19:15:00+02:00,0.35160424471724006
2023-05-26 19:30:00+02:00,0.35190033818457606
2023-05-26 19:45:00+02:00,0.35230347113074634
2023-05-26 20:00:00+02:00,0.35281352031755564
2023-05-26 20:15:00+02:00,0.3619804367843179
2023-05-26 20:30:00+02:00,0.3711473532712993
2023-05-26 20:45:00+02:00,0.3803142697779844
2023-05-26 21:00:00+02:00,0.38948118630387446
2023-05-26 21:15:00+02:00,0.4034130417364449
2023-05-26 21:30:00+02:00,0.4173505526765742
2023-05-26 21:45:00+02:00,0.43189895430472797
2023-05-26 22:00:00+02:00,0.44750202962275626
2023-05-26 22:15:00+02:00,0.4582428357215204
2023-05-26 22:30:00+02:00,0.4690066289588793
2023-05-26 22:45:00+02:00,0.4797928430262574
2023-05-26 23:00:00+02:00,0.49060092894280033
2023-05-26 23:15:00+02:00,0.4866932392964997
2023-05-26 23:30:00+02:00,0.4830939568679729
2023-05-26 23:45:00+02:00,0.47980562227666324
2023-05-27 00:00:00+02:00,0.4768305810985772
2023-05-27 00:15:00+02:00,0.46649437458603626
2023-05-27 00:30:00+02:00,0.45644032904830406
2023-05-27 00:45:00+02:00,0.44667510573848024
2023-05-27 01:00:00+02:00,0.43720537674673965
2023-05-27 01:15:00+02:00,0.42293500208099183
2023-05-27 01:30:00+02:00,0.41014742867779386
2023-05-27 01:45:00+02:00,0.397685426734288
2023-05-27 02:00:00+02:00,0.38556023342961904
2023-05-27 02:15:00+02:00,0.3796025291375435
2023-05-27 02:30:00+02:00,0.3737972266354547
2023-05-27 02:45:00+02:00,0.3681468163564483
2023-05-27 03:00:00+02:00,0.3626537746602297
2023-05-27 03:15:00+02:00,0.35854757954453315
2023-05-27 03:30:00+02:00,0.35460988321856357
2023-05-27 03:45:00+02:00,0.3508425841714389
2023-05-27 04:00:00+02:00,0.34724752552290894
2023-05-27 04:15:00+02:00,0.33555299510521863
2023-05-27 04:30:00+02:00,0.3238593357244323
2023-05-27 04:45:00+02:00,0.31216657764125705
2023-05-27 05:00:00+02:00,0.3004747525320398
2023-05-27 05:15:00+02:00,0.29278771722768254
2023-05-27 05:30:00+02:00,0.2852528701399054
2023-05-27 05:45:00+02:00,0.2793485856649536
2023-05-27 06:00:00+02:00,0.2734566532147864
2023-05-27 06:15:00+02:00,0.2677567574151552
2023-05-27 06:30:00+02:00,0.2621804741508383
2023-05-27 06:45:00+02:00,0.25673063868672186
2023-05-27 07:00:00+02:00,0.2514101063818513
2023-05-27 07:15:00+02:00,0.2116428745397779
2023-05-27 07:30:00+02:00,0.1734836465060315
2023-05-27 07:45:00+02:00,0.14393862386926531
2023-05-27 08:00:00+02:00,0.11479291698008863
2023-05-27 08:15:00+02:00,0.10112333371891959
2023-05-27 08:30:00+02:00,0.0907563696946493
2023-05-27 08:45:00+02:00,0.08301347526736427
2023-05-27 09:00:00+02:00,0.07571695960942301
2023-05-27 09:15:00+02:00,0.06864058883392717
2023-05-27 09:30:00+02:00,0.06162627140411015
2023-05-27 09:45:00+02:00,0.05468006970710472
2023-05-27 10:00:00+02:00,0.047808790951246294
2023-05-27 10:15:00+02:00,0.04510095195870329
2023-05-27 10:30:00+02:00,0.0431039920699389
2023-05-27 10:45:00+02:00,0.041573185315244406
2023-05-27 11:00:00+02:00,0.04007877493181535
2023-05-27 11:15:00+02:00,0.03945471948380286
2023-05-27 11:30:00+02:00,0.03896879534057761
2023-05-27 11:45:00+02:00,0.038622745511500134
2023-05-27 12:00:00+02:00,0.03841782917084778
2023-05-27 12:15:00+02:00,0.041106991873998286
2023-05-27 12:30:00+02:00,0.043818737131993364
2023-05-27 12:45:00+02:00,0.04828660274854748
2023-05-27 13:00:00+02:00,0.05294645504347728
2023-05-27 13:15:00+02:00,0.057759745673718374
2023-05-27 13:30:00+02:00,0.06259215434471123
2023-05-27 13:45:00+02:00,0.0674424662871475
2023-05-27 14:00:00+02:00,0.07230956355224279
2023-05-27 14:15:00+02:00,0.0740859127878266
2023-05-27 14:30:00+02:00,0.07598068235881951
2023-05-27 14:45:00+02:00,0.07799105232925428
2023-05-27 15:00:00+02:00,0.0801141277146295
2023-05-27 15:15:00+02:00,0.07904722931351901
2023-05-27 15:30:00+02:00,0.07798704714960057
2023-05-27 15:45:00+02:00,0.07693367110922965
2023-05-27 16:00:00+02:00,0.07588719209727593
2023-05-27 16:15:00+02:00,0.07477039522425735
2023-05-27 16:30:00+02:00,0.0736886003122437
2023-05-27 16:45:00+02:00,0.07264229414823081
2023-05-27 17:00:00+02:00,0.07163195617359618
2023-05-27 17:15:00+02:00,0.07228122269525983
2023-05-27 17:30:00+02:00,0.07301638495053134
2023-05-27 17:45:00+02:00,0.0738366352615865
2023-05-27 18:00:00+02:00,0.07474108437235437
2023-05-27 18:15:00+02:00,0.07582562065267699
2023-05-27 18:30:00+02:00,0.07706117055094064
2023-05-27 18:45:00+02:00,0.07844539357294672
2023-05-27 19:00:00+02:00,0.07997572464758504
2023-05-27 19:15:00+02:00,0.08434440680650396
2023-05-27 19:30:00+02:00,0.08913602873948942
2023-05-27 19:45:00+02:00,0.09432675342638182
2023-05-27 20:00:00+02:00,0.10270716703389483
2023-05-27 20:15:00+02:00,0.12376349024550075
2023-05-27 20:30:00+02:00,0.1448441711100006
2023-05-27 20:45:00+02:00,0.16594600989418432
2023-05-27 21:00:00+02:00,0.19015443636005624
2023-05-27 21:15:00+02:00,0.20883945893003444
2023-05-27 21:30:00+02:00,0.22790620555585936
2023-05-27 21:45:00+02:00,0.24732434850927681
2023-05-27 22:00:00+02:00,0.26706621384501544
2023-05-27 22:15:00+02:00,0.26398446806924397
2023-05-27 22:30:00+02:00,0.26136536507713065
2023-05-27 22:45:00+02:00,0.2592138720401914
2023-05-27 23:00:00+02:00,0.2575341225941543
2023-05-27 23:15:00+02:00,0.25211846210882544
2023-05-27 23:30:00+02:00,0.2467653775162317
2023-05-27 23:45:00+02:00,0.24147627608385985
2023-05-28 00:00:00+02:00,0.2362525900051356
2023-05-28 00:15:00+02:00,0.21433735327880923
2023-05-28 00:30:00+02:00,0.19250288238048904
2023-05-28 00:45:00+02:00,0.17235869859725644
2023-05-28 01:00:00+02:00,0.1559449210858487
2023-05-28 01:15:00+02:00,0.14248919820902847
2023-05-28 01:30:00+02:00,0.12904915469839465
2023-05-28 01:45:00+02:00,0.11562625701550451
2023-05-28 02:00:00+02:00,0.10222215812700969
2023-05-28 02:15:00+02:00,0.09462971476014252
2023-05-28 02:30:00+02:00,0.08983142409600409
2023-05-28 02:45:00+02:00,0.08520512101512319
2023-05-28 03:00:00+02:00,0.08076069080231386
2023-05-28 03:15:00+02:00,0.07586257801331843
2023-05-28 03:30:00+02:00,0.07100036375601487
2023-05-28 03:45:00+02:00,0.06617635593396932
2023-05-28 04:00:00+02:00,0.06139304400814223
2023-05-28 04:15:00+02:00,0.05571708657101915
2023-05-28 04:30:00+02:00,0.05039073213807961
2023-05-28 04:45:00+02:00,0.04544108015298725
2023-05-28 05:00:00+02:00,0.042185892554646956
2023-05-28 05:15:00+02:00,0.043536533671319225
2023-05-28 05:30:00+02:00,0.0462836143263662
2023-05-28 05:45:00+02:00,0.0501635925683111
2023-05-28 06:00:00+02:00,0.0547802699121343
2023-05-28 06:15:00+02:00,0.056507104815981875
2023-05-28 06:30:00+02:00,0.05823600251026919
2023-05-28 06:45:00+02:00,0.059966914513024286
2023-05-28 07:00:00+02:00,0.061699793795879976
2023-05-28 07:15:00+02:00,0.049658865578506566
2023-05-28 07:30:00+02:00,0.040279004380665555
2023-05-28 07:45:00+02:00,0.03323089213890377
2023-05-28 08:00:00+02:00,0.026225019581381806
2023-05-28 08:15:00+02:00,0.022055588087566365
2023-05-28 08:30:00+02:00,0.01822633850688056
2023-05-28 08:45:00+02:00,0.01477990428406953
2023-05-28 09:00:00+02:00,0.012873948613249558
2023-05-28 09:15:00+02:00,0.015077568722315493
2023-05-28 09:30:00+02:00,0.01839889002539759
2023-05-28 09:45:00+02:00,0.021724426915761662
2023-05-28 10:00:00+02:00,0.02505376690032371
2023-05-28 10:15:00+02:00,0.029719492299202097
2023-05-28 10:30:00+02:00,0.03450017495678504
2023-05-28 10:45:00+02:00,0.03938163761736045
2023-05-28 11:00:00+02:00,0.04456241782469808
2023-05-28 11:15:00+02:00,0.05410381230120803
2023-05-28 11:30:00+02:00,0.06369737170887398
2023-05-28 11:45:00+02:00,0.07333668154087808
2023-05-28 12:00:00+02:00,0.08301631370236277
2023-05-28 12:15:00+02:00,0.0866963034374971
2023-05-28 12:30:00+02:00,0.09040982443077447
2023-05-28 12:45:00+02:00,0.09415541100768024
2023-05-28 13:00:00+02:00,0.09956034326717304
2023-05-28 13:15:00+02:00,0.1012567142955325
2023-05-28 13:30:00+02:00,0.10308466088306331
2023-05-28 13:45:00+02:00,0.10504246720147127
2023-05-28 14:00:00+02:00,0.10712832844521823
2023-05-28 14:15:00+02:00,0.11380166906362015
2023-05-28 14:30:00+02:00,0.12052268872900707
2023-05-28 14:45:00+02:00,0.127289216194336
2023-05-28 15:00:00+02:00,0.13409919666023395
2023-05-28 15:15:00+02:00,0.1394472978675212
2023-05-28 15:30:00+02:00,0.14479889538738938
2023-05-28 15:45:00+02:00,0.15015386866798672
2023-05-28 16:00:00+02:00,0.15551210256564654
2023-05-28 16:15:00+02:00,0.15937495677563757
2023-05-28 16:30:00+02:00,0.16324181917733324
2023-05-28 16:45:00+02:00,0.16711259342085075
2023-05-28 17:00:00+02:00,0.17098718612698116
2023-05-28 17:15:00+02:00,0.18099669569828486
2023-05-28 17:30:00+02:00,0.1931007919856513
2023-05-28 17:45:00+02:00,0.20525788335764802
2023-05-28 18:00:00+02:00,0.21746516900491059
2023-05-28 18:15:00+02:00,0.22792757054626422
2023-05-28 18:30:00+02:00,0.23864922760985074
2023-05-28 18:45:00+02:00,0.24961859430098685
2023-05-28 19:00:00+02:00,0.2608245564843733
2023-05-28 19:15:00+02:00,0.2815833535824784
2023-05-28 19:30:00+02:00,0.3081882591469625
2023-05-28 19:45:00+02:00,0.3368577422307435
2023-05-28 20:00:00+02:00,0.36629832473718527
2023-05-28 20:15:00+02:00,0.41858043059481176
2023-05-28 20:30:00+02:00,0.4762979573145317
2023-05-28 20:45:00+02:00,0.5350362920112091
2023-05-28 21:00:00+02:00,0.5940377312953992
2023-05-28 21:15:00+02:00,0.636941220881701
2023-05-28 21:30:00+02:00,0.680216729279809
2023-05-28 21:45:00+02:00,0.7238336150775742
2023-05-28 22:00:00+02:00,0.7629315738545553
2023-05-28 22:15:00+02:00,0.7623375584859565
2023-05-28 22:30:00+02:00,0.7621760748316291
2023-05-28 22:45:00+02:00,0.762447283421496
2023-05-28 23:00:00+02:00,0.7631509146940328
2023-05-28 23:15:00+02:00,0.7338897011947048
2023-05-28 23:30:00+02:00,0.7001614381919251
2023-05-28 23:45:00+02:00,0.6668795354793926
2023-05-29 00:00:00+02:00,0.634073975539523
2023-05-29 00:15:00+02:00,0.6093574632182778
2023-05-29 00:30:00+02:00,0.5852555170917665
2023-05-29 00:45:00+02:00,0.5621209593579549
2023-05-29 01:00:00+02:00,0.5396836206602013
2023-05-29 01:15:00+02:00,0.5212177866089691
2023-05-29 01:30:00+02:00,0.5028434495232675
2023-05-29 01:45:00+02:00,0.4845644433302016
2023-05-29 02:00:00+02:00,0.4663847975682259
2023-05-29 02:15:00+02:00,0.4746264783099722
2023-05-29 02:30:00+02:00,0.4841967801707963
2023-05-29 02:45:00+02:00,0.49506693622306586
2023-05-29 03:00:00+02:00,0.5072052698164332
2023-05-29 03:15:00+02:00,0.5239410327346135
2023-05-29 03:30:00+02:00,0.54076115747777
2023-05-29 03:45:00+02:00,0.5576625784555956
2023-05-29 04:00:00+02:00,0.5746423630579803
2023-05-29 04:15:00+02:00,0.5663865496530667
2023-05-29 04:30:00+02:00,0.5585360727890528
2023-05-29 04:45:00+02:00,0.5510978397976124
2023-05-29 05:00:00+02:00,0.5440785407976039
2023-05-29 05:15:00+02:00,0.5157349907948712
2023-05-29 05:30:00+02:00,0.48763874921991135
2023-05-29 05:45:00+02:00,0.459805965836504
2023-05-29 06:00:00+02:00,0.43225405543555906
2023-05-29 06:15:00+02:00,0.40735578761430413
2023-05-29 06:30:00+02:00,0.3835368015249232
2023-05-29 06:45:00+02:00,0.36018345528803886
2023-05-29 07:00:00+02:00,0.33732727058001766
2023-05-29 07:15:00+02:00,0.3373576425284785
2023-05-29 07:30:00+02:00,0.33753658610658144
2023-05-29 07:45:00+02:00,0.33786402428958645
2023-05-29 08:00:00+02:00,0.3383398162722877
2023-05-29 08:15:00+02:00,0.32353398844545134
2023-05-29 08:30:00+02:00,0.30884737388839617
2023-05-29 08:45:00+02:00,0.29428526800307586
2023-05-29 09:00:00+02:00,0.2811943232534643
2023-05-29 09:15:00+02:00,0.2701503765710199
2023-05-29 09:30:00+02:00,0.2591083321516074
2023-05-29 09:45:00+02:00,0.24806827743206725
2023-05-29 10:00:00+02:00,0.23703030527402222
2023-05-29 10:15:00+02:00,0.24706973317570102
2023-05-29 10:30:00+02:00,0.2573743052117237
2023-05-29 10:45:00+02:00,0.2679329532474616
2023-05-29 11:00:00+02:00,0.27873496590099034
2023-05-29 11:15:00+02:00,0.27416711779963715
2023-05-29 11:30:00+02:00,0.26973229452152214
2023-05-29 11:45:00+02:00,0.26543289403828285
2023-05-29 12:00:00+02:00,0.2612712964239124
2023-05-29 12:15:00+02:00,0.2564348579792283
2023-05-29 12:30:00+02:00,0.25185010036872424
2023-05-29 12:45:00+02:00,0.2475218305663105
2023-05-29 13:00:00+02:00,0.2434546995679665
2023-05-29 13:15:00+02:00,0.24615898038247572
2023-05-29 13:30:00+02:00,0.2489669489305115
2023-05-29 13:45:00+02:00,0.25187739960925765
2023-05-29 14:00:00+02:00,0.25488910245750485
2023-05-29 14:15:00+02:00,0.2604236130959296
2023-05-29 14:30:00+02:00,0.26599939792667604
2023-05-29 14:45:00+02:00,0.271615529275006
2023-05-29 15:00:00+02:00,0.27727110064332505
2023-05-29 15:15:00+02:00,0.28349972499737347
2023-05-29 15:30:00+02:00,0.29091996114353263
2023-05-29 15:45:00+02:00,0.29899787541524725
2023-05-29 16:00:00+02:00,0.3070763856176414
2023-05-29 16:15:00+02:00,0.312503710221239
2023-05-29 16:30:00+02:00,0.3179871474484623
2023-05-29 16:45:00+02:00,0.32352579334357257
2023-05-29 17:00:00+02:00,0.32911875445218985
2023-05-29 17:15:00+02:00,0.3373362798122132
2023-05-29 17:30:00+02:00,0.3455803924413166
2023-05-29 17:45:00+02:00,0.3538504669622377
2023-05-29 18:00:00+02:00,0.36214589557967236
2023-05-29 18:15:00+02:00,0.3718348745177865
2023-05-29 18:30:00+02:00,0.38152592953330206
2023-05-29 18:45:00+02:00,0.3912190051926863
2023-05-29 19:00:00+02:00,0.4009140480075552
2023-05-29 19:15:00+02:00,0.4005775184710413
2023-05-29 19:30:00+02:00,0.4003879985843407
2023-05-29 19:45:00+02:00,0.4003455644735502
2023-05-29 20:00:00+02:00,0.4004502331907466
2023-05-29 20:15:00+02:00,0.4185227963890793
2023-05-29 20:30:00+02:00,0.43785904804020165
2023-05-29 20:45:00+02:00,0.45813285885016675
2023-05-29 21:00:00+02:00,0.47843321117780474
2023-05-29 21:15:00+02:00,0.4967584219710778
2023-05-29 21:30:00+02:00,0.5151966106687841
2023-05-29 21:45:00+02:00,0.5337431979981733
2023-05-29 22:00:00+02:00,0.5523938240495273
2023-05-29 22:15:00+02:00,0.5579952613784572
2023-05-29 22:30:00+02:00,0.5637532259441445
2023-05-29 22:45:00+02:00,0.5696657872897046
2023-05-29 23:00:00+02:00,0.5757309960163036
2023-05-29 23:15:00+02:00,0.5580788523587337
2023-05-29 23:30:00+02:00,0.540453163645288
2023-05-29 23:45:00+02:00,0.5228549631547191
2023-05-30 00:00:00+02:00,0.5052853369440539
2023-05-30 00:15:00+02:00,0.5086965250828163
2023-05-30 00:30:00+02:00,0.5123478629305184
2023-05-30 00:45:00+02:00,0.5162373978288948
2023-05-30 01:00:00+02:00,0.5203630729487264
2023-05-30 01:15:00+02:00,0.5001404047533444
2023-05-30 01:30:00+02:00,0.4801472230167352
2023-05-30 01:45:00+02:00,0.46039418680640276
2023-05-30 02:00:00+02:00,0.4408924852797719
2023-05-30 02:15:00+02:00,0.4155111844043909
2023-05-30 02:30:00+02:00,0.39177048249073665
2023-05-30 02:45:00+02:00,0.36811650842461646
2023-05-30 03:00:00+02:00,0.34455516754519167
2023-05-30 03:15:00+02:00,0.34247071273283225
2023-05-30 03:30:00+02:00,0.3403927470584852
2023-05-30 03:45:00+02:00,0.3383213095713279
2023-05-30 04:00:00+02:00,0.3362564395103178
2023-05-30 04:15:00+02:00,0.33843784583502595
2023-05-30 04:30:00+02:00,0.34082213734881783
2023-05-30 04:45:00+02:00,0.3434079200327325
2023-05-30 05:00:00+02:00,0.3461936964572512
2023-05-30 05:15:00+02:00,0.3421954782623188
2023-05-30 05:30:00+02:00,0.33824124665645106
2023-05-30 05:45:00+02:00,0.33433150728365113
2023-05-30 06:00:00+02:00,0.3304667677467158
2023-05-30 06:15:00+02:00,0.3120614528848764
2023-05-30 06:30:00+02:00,0.2936653824788851
2023-05-30 06:45:00+02:00,0.2776667972758684
2023-05-30 07:00:00+02:00,0.26349549977528425
2023-05-30 07:15:00+02:00,0.27918380821905525
2023-05-30 07:30:00+02:00,0.29909454124843676
2023-05-30 07:45:00+02:00,0.3223514280622234
2023-05-30 08:00:00+02:00,0.3469227746339347
2023-05-30 08:15:00+02:00,0.2972784320743406
2023-05-30 08:30:00+02:00,0.2563560816645868
2023-05-30 08:45:00+02:00,0.21808994249541244
2023-05-30 09:00:00+02:00,0.17983577183974758
2023-05-30 09:15:00+02:00,0.17222548384733752
2023-05-30 09:30:00+02:00,0.16529016962589618
2023-05-30 09:45:00+02:00,0.15843993442001003
2023-05-30 10:00:00+02:00,0.1516785209743506
2023-05-30 10:15:00+02:00,0.15017306942498113
2023-05-30 10:30:00+02:00,0.14878755235529378
2023-05-30 10:45:00+02:00,0.14752304647200093
2023-05-30 11:00:00+02:00,0.14638054571657688
2023-05-30 11:15:00+02:00,0.13901126667923933
2023-05-30 11:30:00+02:00,0.13179245429342834
2023-05-30 11:45:00+02:00,0.12473151097161952
2023-05-30 12:00:00+02:00,0.11783615434143264
2023-05-30 12:15:00+02:00,0.12056801085564438
2023-05-30 12:30:00+02:00,0.12330418589220098
2023-05-30 12:45:00+02:00,0.12604459916338645
2023-05-30 13:00:00+02:00,0.1287891722396335
2023-05-30 13:15:00+02:00,0.12851383294160096
2023-05-30 13:30:00+02:00,0.12826951375635376
2023-05-30 13:45:00+02:00,0.12805626594604183
2023-05-30 14:00:00+02:00,0.1278741343458848
2023-05-30 14:15:00+02:00,0.13006146009631708
2023-05-30 14:30:00+02:00,0.13230437996715946
2023-05-30 14:45:00+02:00,0.1346020628159962
2023-05-30 15:00:00+02:00,0.1369536742957885
2023-05-30 15:15:00+02:00,0.14698554355489754
2023-05-30 15:30:00+02:00,0.15705615103560716
2023-05-30 15:45:00+02:00,0.16716307184333437
2023-05-30 16:00:00+02:00,0.1773040716246566
2023-05-30 16:15:00+02:00,0.18801761522337757
2023-05-30 16:30:00+02:00,0.19902588349746816
2023-05-30 16:45:00+02:00,0.21029129670872107
2023-05-30 17:00:00+02:00,0.22180134017041142
2023-05-30 17:15:00+02:00,0.2277802794376673
2023-05-30 17:30:00+02:00,0.23380826170019708
2023-05-30 17:45:00+02:00,0.23988404220530457
2023-05-30 18:00:00+02:00,0.24600640859104378
2023-05-30 18:15:00+02:00,0.24800560912692107
2023-05-30 18:30:00+02:00,0.25017085533006533
2023-05-30 18:45:00+02:00,0.25250065973829017
2023-05-30 19:00:00+02:00,0.2549934416145102
2023-05-30 19:15:00+02:00,0.2629187719950566
2023-05-30 19:30:00+02:00,0.27123084100640976
2023-05-30 19:45:00+02:00,0.27991683369489945
2023-05-30 20:00:00+02:00,0.2899281441013506
2023-05-30 20:15:00+02:00,0.3314241774856147
2023-05-30 20:30:00+02:00,0.3731485937677242
2023-05-30 20:45:00+02:00,0.41507570117614717
2023-05-30 21:00:00+02:00,0.46086055201715354
2023-05-30 21:15:00+02:00,0.4715950493848651
2023-05-30 21:30:00+02:00,0.4827233677968897
2023-05-30 21:45:00+02:00,0.49423558590693645
2023-05-30 22:00:00+02:00,0.5061217876143769
2023-05-30 22:15:00+02:00,0.49512187088818316
2023-05-30 22:30:00+02:00,0.485036946376754
2023-05-30 22:45:00+02:00,0.47588819731167
2023-05-30 23:00:00+02:00,0.4676954094259417
2023-05-30 23:15:00+02:00,0.45085120076899476
2023-05-30 23:30:00+02:00,0.4362808061460952
2023-05-30 23:45:00+02:00,0.42428901969093397
2023-05-31 00:00:00+02:00,0.41553278474902333
2023-05-31 00:15:00+02:00,0.4059821404138998
2023-05-31 00:30:00+02:00,0.396438190366692
2023-05-31 00:45:00+02:00,0.3869011113398124
2023-05-31 01:00:00+02:00,0.3773710862078776
2023-05-31 01:15:00+02:00,0.37101478338583394
2023-05-31 01:30:00+02:00,0.36468702576579365
2023-05-31 01:45:00+02:00,0.358388326489524
2023-05-31 02:00:00+02:00,0.3521192086297438
2023-05-31 02:15:00+02:00,0.3502016460581419
2023-05-31 02:30:00+02:00,0.34831819331737496
2023-05-31 02:45:00+02:00,0.3464690350018112
2023-05-31 03:00:00+02:00,0.3446543536427151
2023-05-31 03:15:00+02:00,0.3447502900334559
2023-05-31 03:30:00+02:00,0.3448785502671147
2023-05-31 03:45:00+02:00,0.3450391224149589
2023-05-31 04:00:00+02:00,0.3452319915513853
2023-05-31 04:15:00+02:00,0.33674213617448684
2023-05-31 04:30:00+02:00,0.32832994102998747
2023-05-31 04:45:00+02:00,0.31999733207051856
2023-05-31 05:00:00+02:00,0.3117462803204093
2023-05-31 05:15:00+02:00,0.3035647573538491
2023-05-31 05:30:00+02:00,0.29539468935357327
2023-05-31 05:45:00+02:00,0.2872363614006191
2023-05-31 06:00:00+02:00,0.28060577858956703
2023-05-31 06:15:00+02:00,0.2685770388939406
2023-05-31 06:30:00+02:00,0.2565531611152786
2023-05-31 06:45:00+02:00,0.24453438980001513
2023-05-31 07:00:00+02:00,0.23252098605980606
2023-05-31 07:15:00+02:00,0.20103856145460702
2023-05-31 07:30:00+02:00,0.17145110888654105
2023-05-31 07:45:00+02:00,0.14758684053453197
2023-05-31 08:00:00+02:00,0.12372694769371048
2023-05-31 08:15:00+02:00,0.11709869561328702
2023-05-31 08:30:00+02:00,0.1104920095291919
2023-05-31 08:45:00+02:00,0.10390790864988773
2023-05-31 09:00:00+02:00,0.09734747360718618
2023-05-31 09:15:00+02:00,0.09479182749612657
2023-05-31 09:30:00+02:00,0.09304693638413404
2023-05-31 09:45:00+02:00,0.09131829263403159
2023-05-31 10:00:00+02:00,0.08960623284530721
2023-05-31 10:15:00+02:00,0.09103190699023857
2023-05-31 10:30:00+02:00,0.09246567031309139
2023-05-31 10:45:00+02:00,0.0939073861644978
2023-05-31 11:00:00+02:00,0.09542876788833701
2023-05-31 11:15:00+02:00,0.09763840120860505
2023-05-31 11:30:00+02:00,0.09985009703974063
2023-05-31 11:45:00+02:00,0.10206382260658689
2023-05-31 12:00:00+02:00,0.10427954579562661
2023-05-31 12:15:00+02:00,0.12301228372593213
2023-05-31 12:30:00+02:00,0.1417542097798787
2023-05-31 12:45:00+02:00,0.16050423860021024
2023-05-31 13:00:00+02:00,0.1798610275387533
2023-05-31 13:15:00+02:00,0.18961928767487118
2023-05-31 13:30:00+02:00,0.19940409241178866
2023-05-31 13:45:00+02:00,0.2092142989474444
2023-05-31 14:00:00+02:00,0.21904882643057982
2023-05-31 14:15:00+02:00,0.22375138923557703
2023-05-31 14:30:00+02:00,0.22848996764260363
2023-05-31 14:45:00+02:00,0.23326383633587328
2023-05-31 15:00:00+02:00,0.2380722841580906
2023-05-31 15:15:00+02:00,0.24411864402102668
2023-05-31 15:30:00+02:00,0.25016701170942796
2023-05-31 15:45:00+02:00,0.25621733723649354
2023-05-31 16:00:00+02:00,0.2622695722456681
2023-05-31 16:15:00+02:00,0.2697300121299349
2023-05-31 16:30:00+02:00,0.27719422325167187
2023-05-31 16:45:00+02:00,0.28466209409624144
2023-05-31 17:00:00+02:00,0.2940381246698191
2023-05-31 17:15:00+02:00,0.30045021989196413
2023-05-31 17:30:00+02:00,0.30686572308889987
2023-05-31 17:45:00+02:00,0.3132845693764809
2023-05-31 18:00:00+02:00,0.3197066954747268
2023-05-31 18:15:00+02:00,0.3206971031340774
2023-05-31 18:30:00+02:00,0.32178048780080376
2023-05-31 18:45:00+02:00,0.3229565533777341
2023-05-31 19:00:00+02:00,0.32422497985865983
2023-05-31 19:15:00+02:00,0.3167940440131603
2023-05-31 19:30:00+02:00,0.31006223119842896
2023-05-31 19:45:00+02:00,0.30404363717314015
2023-05-31 20:00:00+02:00,0.29875118665755923
2023-05-31 20:15:00+02:00,0.3083051236692781
2023-05-31 20:30:00+02:00,0.31809638598361917
2023-05-31 20:45:00+02:00,0.3281181773962418
2023-05-31 21:00:00+02:00,0.33836380771802005
2023-05-31 21:15:00+02:00,0.355239794043404
2023-05-31 21:30:00+02:00,0.3722893350228526
2023-05-31 21:45:00+02:00,0.38950426502499985
2023-05-31 22:00:00+02:00,0.4068768507015755
2023-05-31 22:15:00+02:00,0.4214666660414001
2023-05-31 22:30:00+02:00,0.43743133084979596
2023-05-31 22:45:00+02:00,0.45415287270732035
2023-05-31 23:00:00+02:00,0.47106327163661166
2023-05-31 23:15:00+02:00,0.47470607834493017
2023-05-31 23:30:00+02:00,0.4783521414555447
2023-05-31 23:45:00+02:00,0.48200143383943933
2023-06-01 00:00:00+02:00,0.4856539286444815
2023-06-01 00:15:00+02:00,0.4758577781651732
2023-06-01 00:30:00+02:00,0.4661277813990456
2023-06-01 00:45:00+02:00,0.4564654382689226
2023-06-01 01:00:00+02:00,0.44687228347605606
2023-06-01 01:15:00+02:00,0.4419499364694727
2023-06-01 01:30:00+02:00,0.43711558232334863
2023-06-01 01:45:00+02:00,0.4323702312044035
2023-06-01 02:00:00+02:00,0.4277148897745095
2023-06-01 02:15:00+02:00,0.4129886956155494
2023-06-01 02:30:00+02:00,0.3984380763849533
2023-06-01 02:45:00+02:00,0.3839019126658166
2023-06-01 03:00:00+02:00,0.3693807952578684
2023-06-01 03:15:00+02:00,0.35338007271653404
2023-06-01 03:30:00+02:00,0.3373971031959326
2023-06-01 03:45:00+02:00,0.32143272201998097
2023-06-01 04:00:00+02:00,0.3054878166859983
2023-06-01 04:15:00+02:00,0.28645093714045694
2023-06-01 04:30:00+02:00,0.2716053461155437
2023-06-01 04:45:00+02:00,0.2569324974013093
2023-06-01 05:00:00+02:00,0.24226409294300635
2023-06-01 05:15:00+02:00,0.22906388746477868
2023-06-01 05:30:00+02:00,0.21590850090829672
2023-06-01 05:45:00+02:00,0.20280055214063433
2023-06-01 06:00:00+02:00,0.18974285750776199
2023-06-01 06:15:00+02:00,0.17152592523888074
2023-06-01 06:30:00+02:00,0.15629828438396876
2023-06-01 06:45:00+02:00,0.14107141243448063
2023-06-01 07:00:00+02:00,0.12584538897881206
2023-06-01 07:15:00+02:00,0.11317895382089992
2023-06-01 07:30:00+02:00,0.10055391145704516
2023-06-01 07:45:00+02:00,0.0907112874021078
2023-06-01 08:00:00+02:00,0.08290266577251416
2023-06-01 08:15:00+02:00,0.07757442664834091
2023-06-01 08:30:00+02:00,0.07232277069921453
2023-06-01 08:45:00+02:00,0.06715299302272969
2023-06-01 09:00:00+02:00,0.062070793702783685
2023-06-01 09:15:00+02:00,0.06130281657444532
2023-06-01 09:30:00+02:00,0.0606105859895737
2023-06-01 09:45:00+02:00,0.05999481466221643
2023-06-01 10:00:00+02:00,0.059456144115675846
2023-06-01 10:15:00+02:00,0.059331280331835004
2023-06-01 10:30:00+02:00,0.05924495337554295
2023-06-01 10:45:00+02:00,0.05919720863006686
2023-06-01 11:00:00+02:00,0.05918807122607806
2023-06-01 11:15:00+02:00,0.05717751861418045
2023-06-01 11:30:00+02:00,0.055196751377079106
2023-06-01 11:45:00+02:00,0.05324659674087123
2023-06-01 12:00:00+02:00,0.051327899340662626
2023-06-01 12:15:00+02:00,0.05492546075504517
2023-06-01 12:30:00+02:00,0.058717175644646714
2023-06-01 12:45:00+02:00,0.06269315859577967
2023-06-01 13:00:00+02:00,0.06684375100266325
2023-06-01 13:15:00+02:00,0.07070000902537563
2023-06-01 13:30:00+02:00,0.07459706090254
2023-06-01 13:45:00+02:00,0.07853291319257588
2023-06-01 14:00:00+02:00,0.08250568226597998
2023-06-01 14:15:00+02:00,0.0856954834132174
2023-06-01 14:30:00+02:00,0.08892543099581203
2023-06-01 14:45:00+02:00,0.09219398686137918
2023-06-01 15:00:00+02:00,0.09565783697351195
2023-06-01 15:15:00+02:00,0.10377166729815926
2023-06-01 15:30:00+02:00,0.11204675986964352
2023-06-01 15:45:00+02:00,0.1204739316697814
2023-06-01 16:00:00+02:00,0.12904453348212575
2023-06-01 16:15:00+02:00,0.14153592130395068
2023-06-01 16:30:00+02:00,0.1540792755144315
2023-06-01 16:45:00+02:00,0.16667054031455444
2023-06-01 17:00:00+02:00,0.179919859815821
2023-06-01 17:15:00+02:00,0.19857111704007435
2023-06-01 17:30:00+02:00,0.21722237779732853
2023-06-01 17:45:00+02:00,0.2358736418085624
2023-06-01 18:00:00+02:00,0.25452490882338163
2023-06-01 18:15:00+02:00,0.26449486231461894
2023-06-01 18:30:00+02:00,0.27451079277709195
2023-06-01 18:45:00+02:00,0.28457087569526834
2023-06-01 19:00:00+02:00,0.29733156555271484
2023-06-01 19:15:00+02:00,0.29852348799988265
2023-06-01 19:30:00+02:00,0.29972651125882155
2023-06-01 19:45:00+02:00,0.3009405952081385
2023-06-01 20:00:00+02:00,0.3021656995533414
2023-06-01 20:15:00+02:00,0.30962200063316714
2023-06-01 20:30:00+02:00,0.31708678295402665
2023-06-01 20:45:00+02:00,0.3245598607051631
2023-06-01 21:00:00+02:00,0.3320410532666123
2023-06-01 21:15:00+02:00,0.3397150762585427
2023-06-01 21:30:00+02:00,0.34777537973142775
2023-06-01 21:45:00+02:00,0.35621310024867114
2023-06-01 22:00:00+02:00,0.3650192473774537
2023-06-01 22:15:00+02:00,0.34287184867450093
2023-06-01 22:30:00+02:00,0.32099065510527724
2023-06-01 22:45:00+02:00,0.2993931938485426
2023-06-01 23:00:00+02:00,0.2798409456524621
2023-06-01 23:15:00+02:00,0.2313158419087674
2023-06-01 23:30:00+02:00,0.1832208458271966
2023-06-01 23:45:00+02:00,0.1457448590306072
2023-06-02 00:00:00+02:00,0.1101867735649607
2023-06-02 00:15:00+02:00,0.1277529493629138
2023-06-02 00:30:00+02:00,0.14590789057295053
2023-06-02 00:45:00+02:00,0.1645848040707971
2023-06-02 01:00:00+02:00,0.18574788056696895
2023-06-02 01:15:00+02:00,0.17764438378156472
2023-06-02 01:30:00+02:00,0.17152379363207368
2023-06-02 01:45:00+02:00,0.16555770190384123
2023-06-02 02:00:00+02:00,0.15968584256788387
2023-06-02 02:15:00+02:00,0.15483263986558246
2023-06-02 02:30:00+02:00,0.1499816862896065
2023-06-02 02:45:00+02:00,0.1451330529006768
2023-06-02 03:00:00+02:00,0.14028681374870827
2023-06-02 03:15:00+02:00,0.1395945821570128
2023-06-02 03:30:00+02:00,0.1389100416972171
2023-06-02 03:45:00+02:00,0.13823322718163278
2023-06-02 04:00:00+02:00,0.13756417323652154
2023-06-02 04:15:00+02:00,0.1388859447302243
2023-06-02 04:30:00+02:00,0.14021870009714046
2023-06-02 04:45:00+02:00,0.14156234324812172
2023-06-02 05:00:00+02:00,0.14291677844024062
2023-06-02 05:15:00+02:00,0.1357033784966505
2023-06-02 05:30:00+02:00,0.128521271434263
2023-06-02 05:45:00+02:00,0.12137200069007528
2023-06-02 06:00:00+02:00,0.11425720511398206
2023-06-02 06:15:00+02:00,0.10526743160527283
2023-06-02 06:30:00+02:00,0.0962776580990025
2023-06-02 06:45:00+02:00,0.09028361614188199
2023-06-02 07:00:00+02:00,0.0846812935253869
2023-06-02 07:15:00+02:00,0.08449812791787521
2023-06-02 07:30:00+02:00,0.08432262629393403
2023-06-02 07:45:00+02:00,0.08415480513226585
2023-06-02 08:00:00+02:00,0.08399468023463078
2023-06-02 08:15:00+02:00,0.08017029657312685
2023-06-02 08:30:00+02:00,0.07641475637282877
2023-06-02 08:45:00+02:00,0.07273138219990322
2023-06-02 09:00:00+02:00,0.06912364367081188
2023-06-02 09:15:00+02:00,0.0654932865893334
2023-06-02 09:30:00+02:00,0.061888033611413866
2023-06-02 09:45:00+02:00,0.05830912442508749
2023-06-02 10:00:00+02:00,0.05475787171491704
2023-06-02 10:15:00+02:00,0.05532996849851794
2023-06-02 10:30:00+02:00,0.055902165408890314
2023-06-02 10:45:00+02:00,0.05647446165466408
2023-06-02 11:00:00+02:00,0.05704685645265151
2023-06-02 11:15:00+02:00,0.055850156122298045
2023-06-02 11:30:00+02:00,0.05522263619313026
2023-06-02 11:45:00+02:00,0.05516926012101925
2023-06-02 12:00:00+02:00,0.05569045274288243
2023-06-02 12:15:00+02:00,0.05903421408554612
2023-06-02 12:30:00+02:00,0.06238447860595355
2023-06-02 12:45:00+02:00,0.06574095767287515
2023-06-02 13:00:00+02:00,0.06910337899675967
2023-06-02 13:15:00+02:00,0.0726588940844834
2023-06-02 13:30:00+02:00,0.07621633263279955
2023-06-02 13:45:00+02:00,0.0797756092835481
2023-06-02 14:00:00+02:00,0.08333664361522851
2023-06-02 14:15:00+02:00,0.08862175377454315
2023-06-02 14:30:00+02:00,0.09400145854061438
2023-06-02 14:45:00+02:00,0.10202865013085367
2023-06-02 15:00:00+02:00,0.11093716190222618
2023-06-02 15:15:00+02:00,0.11867927958424719
2023-06-02 15:30:00+02:00,0.12653231124694275
2023-06-02 15:45:00+02:00,0.13449044975726965
2023-06-02 16:00:00+02:00,0.1425482164780425
2023-06-02 16:15:00+02:00,0.1524910871742159
2023-06-02 16:30:00+02:00,0.16243495908475686
2023-06-02 16:45:00+02:00,0.17237977098700408
2023-06-02 17:00:00+02:00,0.18390197830748292
2023-06-02 17:15:00+02:00,0.19575212279910817
2023-06-02 17:30:00+02:00,0.20762630539371194
2023-06-02 17:45:00+02:00,0.21952328892133463
2023-06-02 18:00:00+02:00,0.231441917535613
2023-06-02 18:15:00+02:00,0.23903930607026366
2023-06-02 18:30:00+02:00,0.2467558689978126
2023-06-02 18:45:00+02:00,0.25458781256566837
2023-06-02 19:00:00+02:00,0.2625314491517677
2023-06-02 19:15:00+02:00,0.2623939906397392
2023-06-02 19:30:00+02:00,0.262444955629885
2023-06-02 19:45:00+02:00,0.26268430494245054
2023-06-02 20:00:00+02:00,0.26311185472086923
2023-06-02 20:15:00+02:00,0.2562629015096243
2023-06-02 20:30:00+02:00,0.24941493410000573
2023-06-02 20:45:00+02:00,0.24256798080937922
2023-06-02 21:00:00+02:00,0.23572207104571805
2023-06-02 21:15:00+02:00,0.24044394334743455
2023-06-02 21:30:00+02:00,0.24516583673532127
2023-06-02 21:45:00+02:00,0.24988775079595657
2023-06-02 22:00:00+02:00,0.2546096851266543
2023-06-02 22:15:00+02:00,0.2584246410573274
2023-06-02 22:30:00+02:00,0.26225927792329506
2023-06-02 22:45:00+02:00,0.26611328924322153
2023-06-02 23:00:00+02:00,0.2699863733655937
2023-06-02 23:15:00+02:00,0.2671121875689942
2023-06-02 23:30:00+02:00,0.2642807700228088
2023-06-02 23:45:00+02:00,0.26149261558969195
2023-06-03 00:00:00+02:00,0.2587482190591435
2023-06-03 00:15:00+02:00,0.2618103036514738
2023-06-03 00:30:00+02:00,0.2654148713109088
2023-06-03 00:45:00+02:00,0.26955401792479167
2023-06-03 01:00:00+02:00,0.27421885526921014
2023-06-03 01:15:00+02:00,0.2718216227651131
2023-06-03 01:30:00+02:00,0.26960634126167865
2023-06-03 01:45:00+02:00,0.2675746444115659
2023-06-03 02:00:00+02:00,0.26572804771641534
2023-06-03 02:15:00+02:00,0.26943228766996125
2023-06-03 02:30:00+02:00,0.2731366887109558
2023-06-03 02:45:00+02:00,0.27684124845074926
2023-06-03 03:00:00+02:00,0.2805459645475877
2023-06-03 03:15:00+02:00,0.29133923472028955
2023-06-03 03:30:00+02:00,0.3037758354853496
2023-06-03 03:45:00+02:00,0.3163182659431524
2023-06-03 04:00:00+02:00,0.3289626471260694
2023-06-03 04:15:00+02:00,0.34081104051532696
2023-06-03 04:30:00+02:00,0.3526627382836204
2023-06-03 04:45:00+02:00,0.3645176298166554
2023-06-03 05:00:00+02:00,0.3763756093548759
2023-06-03 05:15:00+02:00,0.37894447503162004
2023-06-03 05:30:00+02:00,0.3817441130573001
2023-06-03 05:45:00+02:00,0.3847727327350896
2023-06-03 06:00:00+02:00,0.388028417703331
2023-06-03 06:15:00+02:00,0.37033440144779006
2023-06-03 06:30:00+02:00,0.3528548512788071
2023-06-03 06:45:00+02:00,0.33560065197858485
2023-06-03 07:00:00+02:00,0.318583282375644
2023-06-03 07:15:00+02:00,0.28437361149860435
2023-06-03 07:30:00+02:00,0.2576892114148506
2023-06-03 07:45:00+02:00,0.2310097104529629
2023-06-03 08:00:00+02:00,0.20433568785188722
2023-06-03 08:15:00+02:00,0.19373792763023037
2023-06-03 08:30:00+02:00,0.18326008261350052
2023-06-03 08:45:00+02:00,0.17398936705530282
2023-06-03 09:00:00+02:00,0.16623999315522872
2023-06-03 09:15:00+02:00,0.15932435844269677
2023-06-03 09:30:00+02:00,0.15254864926775188
2023-06-03 09:45:00+02:00,0.14591903020063698
2023-06-03 10:00:00+02:00,0.13944188829393545
2023-06-03 10:15:00+02:00,0.14707469959403616
2023-06-03 10:30:00+02:00,0.15490536530598942
2023-06-03 10:45:00+02:00,0.1629241698265777
2023-06-03 11:00:00+02:00,0.17112181204542037
2023-06-03 11:15:00+02:00,0.18867487674293015
2023-06-03 11:30:00+02:00,0.20830677173521675
2023-06-03 11:45:00+02:00,0.22801483844842235
2023-06-03 12:00:00+02:00,0.24779282549677623
2023-06-03 12:15:00+02:00,0.24393332703905357
2023-06-03 12:30:00+02:00,0.24010200452046065
2023-06-03 12:45:00+02:00,0.23629931476854144
2023-06-03 13:00:00+02:00,0.23252572101397867
2023-06-03 13:15:00+02:00,0.22907144006958963
2023-06-03 13:30:00+02:00,0.225898522065168
2023-06-03 13:45:00+02:00,0.2230108170827205
2023-06-03 14:00:00+02:00,0.220411890388116
2023-06-03 14:15:00+02:00,0.22467044093413416
2023-06-03 14:30:00+02:00,0.22901700380239734
2023-06-03 14:45:00+02:00,0.2334499535824256
2023-06-03 15:00:00+02:00,0.23796767351839765
2023-06-03 15:15:00+02:00,0.23773372937110548
2023-06-03 15:30:00+02:00,0.23750022185196124
2023-06-03 15:45:00+02:00,0.2372671513918336
2023-06-03 16:00:00+02:00,0.23703451842135026
2023-06-03 16:15:00+02:00,0.23517786768962723
2023-06-03 16:30:00+02:00,0.2333517748911169
2023-06-03 16:45:00+02:00,0.23155647775758825
2023-06-03 17:00:00+02:00,0.22979221242155332
2023-06-03 17:15:00+02:00,0.23263939548855306
2023-06-03 17:30:00+02:00,0.23561470898452364
2023-06-03 17:45:00+02:00,0.23871654511238194
2023-06-03 18:00:00+02:00,0.24194325621166787
2023-06-03 18:15:00+02:00,0.2507751629751324
2023-06-03 18:30:00+02:00,0.2597552308329003
2023-06-03 18:45:00+02:00,0.2688780767896471
2023-06-03 19:00:00+02:00,0.2781384959502678
2023-06-03 19:15:00+02:00,0.2837817383263351
2023-06-03 19:30:00+02:00,0.29104464555203996
2023-06-03 19:45:00+02:00,0.2993874050168425
2023-06-03 20:00:00+02:00,0.3082240214556554
2023-06-03 20:15:00+02:00,0.3287273853603404
2023-06-03 20:30:00+02:00,0.3492316877941363
2023-06-03 20:45:00+02:00,0.36973687466856947
2023-06-03 21:00:00+02:00,0.39024289597098777
2023-06-03 21:15:00+02:00,0.40176271947110126
2023-06-03 21:30:00+02:00,0.4138195005869436
2023-06-03 21:45:00+02:00,0.4264203398543108
2023-06-03 22:00:00+02:00,0.44105096858047
2023-06-03 22:15:00+02:00,0.436037773819923
2023-06-03 22:30:00+02:00,0.4314083428690013
2023-06-03 22:45:00+02:00,0.4271669120772926
2023-06-03 23:00:00+02:00,0.4236221359600273
2023-06-03 23:15:00+02:00,0.42144475743835547
2023-06-03 23:30:00+02:00,0.4193934626728548
2023-06-03 23:45:00+02:00,0.41746894748761454
2023-06-04 00:00:00+02:00,0.41567186936387956
2023-06-04 00:15:00+02:00,0.3952330598057267
2023-06-04 00:30:00+02:00,0.3748576629135968
2023-06-04 00:45:00+02:00,0.3545493626809103
2023-06-04 01:00:00+02:00,0.33431212048153225
2023-06-04 01:15:00+02:00,0.3207452004697608
2023-06-04 01:30:00+02:00,0.30725410778897183
2023-06-04 01:45:00+02:00,0.29384193785641954
2023-06-04 02:00:00+02:00,0.28170230512112887
2023-06-04 02:15:00+02:00,0.28438545162178475
2023-06-04 02:30:00+02:00,0.2878857736307366
2023-06-04 02:45:00+02:00,0.29219080888448307
2023-06-04 03:00:00+02:00,0.2969009578072439
2023-06-04 03:15:00+02:00,0.3071342772749348
2023-06-04 03:30:00+02:00,0.3177071234224909
2023-06-04 03:45:00+02:00,0.32860900225202677
2023-06-04 04:00:00+02:00,0.33982954103798224
2023-06-04 04:15:00+02:00,0.33736495963548024
2023-06-04 04:30:00+02:00,0.33501420943567606
2023-06-04 04:45:00+02:00,0.3327780695231168
2023-06-04 05:00:00+02:00,0.33065728760945007
2023-06-04 05:15:00+02:00,0.320215197172977
2023-06-04 05:30:00+02:00,0.3098537521122281
2023-06-04 05:45:00+02:00,0.2995754662908623
2023-06-04 06:00:00+02:00,0.28938293768406775
2023-06-04 06:15:00+02:00,0.2713784646503984
2023-06-04 06:30:00+02:00,0.2542341400370463
2023-06-04 06:45:00+02:00,0.2371120274281696
2023-06-04 07:00:00+02:00,0.22001377409003506
2023-06-04 07:15:00+02:00,0.18158788686501492
2023-06-04 07:30:00+02:00,0.15143588253796353
2023-06-04 07:45:00+02:00,0.12230234175033852
2023-06-04 08:00:00+02:00,0.093949595959742
2023-06-04 08:15:00+02:00,0.08515927816552205
2023-06-04 08:30:00+02:00,0.07638760416836778
2023-06-04 08:45:00+02:00,0.06763672247746139
2023-06-04 09:00:00+02:00,0.05890911851154386
2023-06-04 09:15:00+02:00,0.0556413066704565
2023-06-04 09:30:00+02:00,0.05239396284280542
2023-06-04 09:45:00+02:00,0.04916803708708024
2023-06-04 10:00:00+02:00,0.04596453231124459
2023-06-04 10:15:00+02:00,0.050731487885440574
2023-06-04 10:30:00+02:00,0.055504498896646666
2023-06-04 10:45:00+02:00,0.06028317299679648
2023-06-04 11:00:00+02:00,0.0650671506075913
2023-06-04 11:15:00+02:00,0.06921970355723171
2023-06-04 11:30:00+02:00,0.07343855708082932
2023-06-04 11:45:00+02:00,0.0777201918423977
2023-06-04 12:00:00+02:00,0.08206128620018507
2023-06-04 12:15:00+02:00,0.08394206589646087
2023-06-04 12:30:00+02:00,0.08585667217110252
2023-06-04 12:45:00+02:00,0.08780432321773841
2023-06-04 13:00:00+02:00,0.08978424825837567
2023-06-04 13:15:00+02:00,0.09000747408285813
2023-06-04 13:30:00+02:00,0.09026768988928068
2023-06-04 13:45:00+02:00,0.09056478076107775
2023-06-04 14:00:00+02:00,0.0908986160780498
2023-06-04 14:15:00+02:00,0.09204812453949701
2023-06-04 14:30:00+02:00,0.09325488846318211
2023-06-04 14:45:00+02:00,0.0945180957219454
2023-06-04 15:00:00+02:00,0.09619898816563834
2023-06-04 15:15:00+02:00,0.09833623659484468
2023-06-04 15:30:00+02:00,0.10052606657989874
2023-06-04 15:45:00+02:00,0.10276765220628234
2023-06-04 16:00:00+02:00,0.10506016585527145
2023-06-04 16:15:00+02:00,0.10784615825096444
2023-06-04 16:30:00+02:00,0.11065980279775382
2023-06-04 16:45:00+02:00,0.11350055538730112
2023-06-04 17:00:00+02:00,0.11636788105432577
2023-06-04 17:15:00+02:00,0.1227016067739315
2023-06-04 17:30:00+02:00,0.12906345996372615
2023-06-04 17:45:00+02:00,0.1354522501292747
2023-06-04 18:00:00+02:00,0.14186684839492722
2023-06-04 18:15:00+02:00,0.1489945909206895
2023-06-04 18:30:00+02:00,0.15612654032847967
2023-06-04 18:45:00+02:00,0.16326250860385047
2023-06-04 19:00:00+02:00,0.17040231867472086
2023-06-04 19:15:00+02:00,0.16916858606026208
2023-06-04 19:30:00+02:00,0.1680469809881692
2023-06-04 19:45:00+02:00,0.16703828538061302
2023-06-04 20:00:00+02:00,0.16614320866519364
2023-06-04 20:15:00+02:00,0.17414078151242562
2023-06-04 20:30:00+02:00,0.1837401798747606
2023-06-04 20:45:00+02:00,0.19445358576797162
2023-06-04 21:00:00+02:00,0.20524406499643177
2023-06-04 21:15:00+02:00,0.2270233834351853
2023-06-04 21:30:00+02:00,0.2488787220821172
2023-06-04 21:45:00+02:00,0.27080337637795593
2023-06-04 22:00:00+02:00,0.29489118997681907
2023-06-04 22:15:00+02:00,0.322213731764051
2023-06-04 22:30:00+02:00,0.349567827518488
2023-06-04 22:45:00+02:00,0.37695106754365615
2023-06-04 23:00:00+02:00,0.4043612792133623
2023-06-04 23:15:00+02:00,0.4169611206284289
2023-06-04 23:30:00+02:00,0.4299635527495134
2023-06-04 23:45:00+02:00,0.4440636060677862
2023-06-05 00:00:00+02:00,0.4581661865581732
2023-06-05 00:15:00+02:00,0.45003862943763
2023-06-05 00:30:00+02:00,0.4420589626692171
2023-06-05 00:45:00+02:00,0.4342299845460478
2023-06-05 01:00:00+02:00,0.42655450954039914
2023-06-05 01:15:00+02:00,0.41654101492787954
2023-06-05 01:30:00+02:00,0.4066630343934958
2023-06-05 01:45:00+02:00,0.3968845820541313
2023-06-05 02:00:00+02:00,0.3872083493045316
2023-06-05 02:15:00+02:00,0.37798746594063126
2023-06-05 02:30:00+02:00,0.36876658307380145
2023-06-05 02:45:00+02:00,0.35954570071704867
2023-06-05 03:00:00+02:00,0.3503248188838376
2023-06-05 03:15:00+02:00,0.3456216460497523
2023-06-05 03:30:00+02:00,0.3409251899576532
2023-06-05 03:45:00+02:00,0.3362355421432905
2023-06-05 04:00:00+02:00,0.3315527956769124
2023-06-05 04:15:00+02:00,0.32134353586346065
2023-06-05 04:30:00+02:00,0.3111411874100639
2023-06-05 04:45:00+02:00,0.3009459621570436
2023-06-05 05:00:00+02:00,0.29075808053435026
2023-06-05 05:15:00+02:00,0.2784560714413913
2023-06-05 05:30:00+02:00,0.2673096780463799
2023-06-05 05:45:00+02:00,0.2561648817706195
2023-06-05 06:00:00+02:00,0.24502175702279572
2023-06-05 06:15:00+02:00,0.23356198694769809
2023-06-05 06:30:00+02:00,0.2221290709528689
2023-06-05 06:45:00+02:00,0.21072435691440317
2023-06-05 07:00:00+02:00,0.19934928077315303
2023-06-05 07:15:00+02:00,0.16799177578235494
2023-06-05 07:30:00+02:00,0.1419453160591592
2023-06-05 07:45:00+02:00,0.11589888092864499
2023-06-05 08:00:00+02:00,0.09188183922981952
2023-06-05 08:15:00+02:00,0.08518695023342222
2023-06-05 08:30:00+02:00,0.07849986999582224
2023-06-05 08:45:00+02:00,0.0718212721929866
2023-06-05 09:00:00+02:00,0.0651519092730346
2023-06-05 09:15:00+02:00,0.06253305858620677
2023-06-05 09:30:00+02:00,0.05996381142736529
2023-06-05 09:45:00+02:00,0.0574459203283428
2023-06-05 10:00:00+02:00,0.05498118379012734
2023-06-05 10:15:00+02:00,0.05667936591844581
2023-06-05 10:30:00+02:00,0.05845915561650205
2023-06-05 10:45:00+02:00,0.0603185815440244
2023-06-05 11:00:00+02:00,0.062255651365047474
2023-06-05 11:15:00+02:00,0.05963778884602601
2023-06-05 11:30:00+02:00,0.0571047290599743
2023-06-05 11:45:00+02:00,0.05465946418051968
2023-06-05 12:00:00+02:00,0.05230501764246602
2023-06-05 12:15:00+02:00,0.05760472404137979
2023-06-05 12:30:00+02:00,0.06292901768262504
2023-06-05 12:45:00+02:00,0.06827618352703596
2023-06-05 13:00:00+02:00,0.07364465601384307
2023-06-05 13:15:00+02:00,0.07710203573695709
2023-06-05 13:30:00+02:00,0.08091779931877514
2023-06-05 13:45:00+02:00,0.08507525611855753
2023-06-05 14:00:00+02:00,0.08955737832206648
2023-06-05 14:15:00+02:00,0.08900210714455428
2023-06-05 14:30:00+02:00,0.088536111129187
2023-06-05 14:45:00+02:00,0.08815989175722086
2023-06-05 15:00:00+02:00,0.08787385663949117
2023-06-05 15:15:00+02:00,0.08852751530338929
2023-06-05 15:30:00+02:00,0.08919337013563315
2023-06-05 15:45:00+02:00,0.08987132391344854
2023-06-05 16:00:00+02:00,0.09056127870621146
2023-06-05 16:15:00+02:00,0.0902469558609362
2023-06-05 16:30:00+02:00,0.089932854008175
2023-06-05 16:45:00+02:00,0.08961897397978896
2023-06-05 17:00:00+02:00,0.08930531661122747
2023-06-05 17:15:00+02:00,0.08985111598341668
2023-06-05 17:30:00+02:00,0.09039973121854637
2023-06-05 17:45:00+02:00,0.09095114390139043
2023-06-05 18:00:00+02:00,0.09150533568427138
2023-06-05 18:15:00+02:00,0.0938791850462911
2023-06-05 18:30:00+02:00,0.09689211637923775
2023-06-05 18:45:00+02:00,0.1007514102110584
2023-06-05 19:00:00+02:00,0.10463471931854391
2023-06-05 19:15:00+02:00,0.11031322137736445
2023-06-05 19:30:00+02:00,0.11661821814336897
2023-06-05 19:45:00+02:00,0.12352271689105053
2023-06-05 20:00:00+02:00,0.13099890555339788
2023-06-05 20:15:00+02:00,0.15444497036113372
2023-06-05 20:30:00+02:00,0.18032652242214411
2023-06-05 20:45:00+02:00,0.2154649869882503
2023-06-05 21:00:00+02:00,0.2522647947635912
2023-06-05 21:15:00+02:00,0.2905510241212561
2023-06-05 21:30:00+02:00,0.3387731556599419
2023-06-05 21:45:00+02:00,0.3870051042296504
2023-06-05 22:00:00+02:00,0.43631995455956896
2023-06-05 22:15:00+02:00,0.45407698105471156
2023-06-05 22:30:00+02:00,0.4727546583755628
2023-06-05 22:45:00+02:00,0.4923140026123738
2023-06-05 23:00:00+02:00,0.5127165119145676
2023-06-05 23:15:00+02:00,0.48673524714844957
2023-06-05 23:30:00+02:00,0.461842926866966
2023-06-05 23:45:00+02:00,0.4381036310768256
2023-06-06 00:00:00+02:00,0.41670824709860366
2023-06-06 00:15:00+02:00,0.4018996029485934
2023-06-06 00:30:00+02:00,0.3870924775990478
2023-06-06 00:45:00+02:00,0.37228693410897384
2023-06-06 01:00:00+02:00,0.3574830390699087
2023-06-06 01:15:00+02:00,0.35125300206543925
2023-06-06 01:30:00+02:00,0.34503377918468053
2023-06-06 01:45:00+02:00,0.33882556509925627
2023-06-06 02:00:00+02:00,0.332628558824329
2023-06-06 02:15:00+02:00,0.32913256791647977
2023-06-06 02:30:00+02:00,0.32566138852098525
2023-06-06 02:45:00+02:00,0.3222152739884713
2023-06-06 03:00:00+02:00,0.31879447926359494
2023-06-06 03:15:00+02:00,0.3146595447226718
2023-06-06 03:30:00+02:00,0.3105249719985202
2023-06-06 03:45:00+02:00,0.30639076556108974
2023-06-06 04:00:00+02:00,0.302256929953859
2023-06-06 04:15:00+02:00,0.2884698253547227
2023-06-06 04:30:00+02:00,0.2772915922584538
2023-06-06 04:45:00+02:00,0.2668321884075185
2023-06-06 05:00:00+02:00,0.2564649102723259
2023-06-06 05:15:00+02:00,0.24504208680586673
2023-06-06 05:30:00+02:00,0.23363099977728843
2023-06-06 05:45:00+02:00,0.2222322274063104
2023-06-06 06:00:00+02:00,0.21084638584132273
2023-06-06 06:15:00+02:00,0.2042942876700565
2023-06-06 06:30:00+02:00,0.19780607895259336
2023-06-06 06:45:00+02:00,0.19138363255198693
2023-06-06 07:00:00+02:00,0.18502887513245625
2023-06-06 07:15:00+02:00,0.1600907900162661
2023-06-06 07:30:00+02:00,0.1370218325565937
2023-06-06 07:45:00+02:00,0.11397630633059169
2023-06-06 08:00:00+02:00,0.09257091235982504
2023-06-06 08:15:00+02:00,0.08624233093826558
2023-06-06 08:30:00+02:00,0.0799390433814488
2023-06-06 08:45:00+02:00,0.07366309043920659
2023-06-06 09:00:00+02:00,0.06741672807314836
2023-06-06 09:15:00+02:00,0.0643908026799727
2023-06-06 09:30:00+02:00,0.061364903213248584
2023-06-06 09:45:00+02:00,0.05833903074738348
2023-06-06 10:00:00+02:00,0.055313186416971256
2023-06-06 10:15:00+02:00,0.05503369511727215
2023-06-06 10:30:00+02:00,0.054757220458657274
2023-06-06 10:45:00+02:00,0.05448377406797171
2023-06-06 11:00:00+02:00,0.054213367503555404
2023-06-06 11:15:00+02:00,0.04639371925278751
2023-06-06 11:30:00+02:00,0.040814411303678355
2023-06-06 11:45:00+02:00,0.03619537251587918
2023-06-06 12:00:00+02:00,0.03157633924416904
2023-06-06 12:15:00+02:00,0.03564317680349323
2023-06-06 12:30:00+02:00,0.03974815993970325
2023-06-06 12:45:00+02:00,0.043887399714301036
2023-06-06 13:00:00+02:00,0.0508359866968942
2023-06-06 13:15:00+02:00,0.05824305910754045
2023-06-06 13:30:00+02:00,0.0658374438188838
2023-06-06 13:45:00+02:00,0.07360092861543588
2023-06-06 14:00:00+02:00,0.08151725514520486
2023-06-06 14:15:00+02:00,0.08187480404693634
2023-06-06 14:30:00+02:00,0.0827751780051259
2023-06-06 14:45:00+02:00,0.08421239066198895
2023-06-06 15:00:00+02:00,0.08617706700237647
2023-06-06 15:15:00+02:00,0.08318301834660435
2023-06-06 15:30:00+02:00,0.0802870045745609
2023-06-06 15:45:00+02:00,0.07749260130710005
2023-06-06 16:00:00+02:00,0.07480342537929902
2023-06-06 16:15:00+02:00,0.07434648892466703
2023-06-06 16:30:00+02:00,0.07388987237866634
2023-06-06 16:45:00+02:00,0.07343357761287803
2023-06-06 17:00:00+02:00,0.07297760651217658
2023-06-06 17:15:00+02:00,0.07339742434097052
2023-06-06 17:30:00+02:00,0.07381863370379053
2023-06-06 17:45:00+02:00,0.07424122711674568
2023-06-06 18:00:00+02:00,0.0746651971251871
2023-06-06 18:15:00+02:00,0.07692404566575822
2023-06-06 18:30:00+02:00,0.07919447830083916
2023-06-06 18:45:00+02:00,0.0814761692427533
2023-06-06 19:00:00+02:00,0.08376880328000345
2023-06-06 19:15:00+02:00,0.09352355551392096
2023-06-06 19:30:00+02:00,0.10901031031779586
2023-06-06 19:45:00+02:00,0.12630658077140822
2023-06-06 20:00:00+02:00,0.14428845693894646
2023-06-06 20:15:00+02:00,0.17596565743560633
2023-06-06 20:30:00+02:00,0.21736548004728493
2023-06-06 20:45:00+02:00,0.2592777779004212
2023-06-06 21:00:00+02:00,0.3058482815231608
2023-06-06 21:15:00+02:00,0.33428831768155715
2023-06-06 21:30:00+02:00,0.3631456082061611
2023-06-06 21:45:00+02:00,0.3923870138846534
2023-06-06 22:00:00+02:00,0.42198243851883094
2023-06-06 22:15:00+02:00,0.4167558788223821
2023-06-06 22:30:00+02:00,0.41172407437684927
2023-06-06 22:45:00+02:00,0.40688968692175753
2023-06-06 23:00:00+02:00,0.4022553196399241
2023-06-06 23:15:00+02:00,0.38413483216626126
2023-06-06 23:30:00+02:00,0.36678694018466534
2023-06-06 23:45:00+02:00,0.3502500162810244
2023-06-07 00:00:00+02:00,0.334563039538937
2023-06-07 00:15:00+02:00,0.3485719925078872
2023-06-07 00:30:00+02:00,0.3626498543219036
2023-06-07 00:45:00+02:00,0.37679391627956027
2023-06-07 01:00:00+02:00,0.39100159803895185
2023-06-07 01:15:00+02:00,0.3815927593020689
2023-06-07 01:30:00+02:00,0.3723127982370743
2023-06-07 01:45:00+02:00,0.3631650971956643
2023-06-07 02:00:00+02:00,0.3541531071452413
2023-06-07 02:15:00+02:00,0.328807951854187
2023-06-07 02:30:00+02:00,0.3039294174361033
2023-06-07 02:45:00+02:00,0.2809628972718195
2023-06-07 03:00:00+02:00,0.2625812961791316
2023-06-07 03:15:00+02:00,0.2542047949760395
2023-06-07 03:30:00+02:00,0.24582917804265467
2023-06-07 03:45:00+02:00,0.23745447666998007
2023-06-07 04:00:00+02:00,0.22908072363933438
2023-06-07 04:15:00+02:00,0.22757920030836554
2023-06-07 04:30:00+02:00,0.2261082794805399
2023-06-07 04:45:00+02:00,0.22466815482296687
2023-06-07 05:00:00+02:00,0.22325901753435942
2023-06-07 05:15:00+02:00,0.21748768228615295
2023-06-07 05:30:00+02:00,0.21190525072222488
2023-06-07 05:45:00+02:00,0.206516381171952
2023-06-07 06:00:00+02:00,0.20132571682312836
2023-06-07 06:15:00+02:00,0.19962163456676463
2023-06-07 06:30:00+02:00,0.19792176224813313
2023-06-07 06:45:00+02:00,0.19622613196594807
2023-06-07 07:00:00+02:00,0.19453477606473946
2023-06-07 07:15:00+02:00,0.16845144490469552
2023-06-07 07:30:00+02:00,0.14652884270676367
2023-06-07 07:45:00+02:00,0.12462193117021894
2023-06-07 08:00:00+02:00,0.10273317605722586
2023-06-07 08:15:00+02:00,0.09092351320054494
2023-06-07 08:30:00+02:00,0.08198111654082654
2023-06-07 08:45:00+02:00,0.07308669052607981
2023-06-07 09:00:00+02:00,0.06424592518584735
2023-06-07 09:15:00+02:00,0.062457648130806794
2023-06-07 09:30:00+02:00,0.060669495236028534
2023-06-07 09:45:00+02:00,0.05888146953459762
2023-06-07 10:00:00+02:00,0.0570935741589765
2023-06-07 10:15:00+02:00,0.05493858451056796
2023-06-07 10:30:00+02:00,0.05285881298004451
2023-06-07 10:45:00+02:00,0.05085647779431482
2023-06-07 11:00:00+02:00,0.04893379773357175
2023-06-07 11:15:00+02:00,0.04281733426856526
2023-06-07 11:30:00+02:00,0.03874679358561086
2023-06-07 11:45:00+02:00,0.034727283352143465
2023-06-07 12:00:00+02:00,0.03076451892698875
2023-06-07 12:15:00+02:00,0.03529720496621009
2023-06-07 12:30:00+02:00,0.03992368629963867
2023-06-07 12:45:00+02:00,0.045039045129967654
2023-06-07 13:00:00+02:00,0.05313685573915926
2023-06-07 13:15:00+02:00,0.05731360182776844
2023-06-07 13:30:00+02:00,0.061492262950316
2023-06-07 13:45:00+02:00,0.06567273306349564
2023-06-07 14:00:00+02:00,0.06985491377043117
2023-06-07 14:15:00+02:00,0.06841245181086021
2023-06-07 14:30:00+02:00,0.0669747935410354
2023-06-07 14:45:00+02:00,0.06554203053054217
2023-06-07 15:00:00+02:00,0.06411425636733721
2023-06-07 15:15:00+02:00,0.07288906277181799
2023-06-07 15:30:00+02:00,0.08168859797740954
2023-06-07 15:45:00+02:00,0.09051026350202117
2023-06-07 16:00:00+02:00,0.10183916810896969
2023-06-07 16:15:00+02:00,0.11464706904589038
2023-06-07 16:30:00+02:00,0.12815068277381964
2023-06-07 16:45:00+02:00,0.1422884448705178
2023-06-07 17:00:00+02:00,0.15700343288916901
2023-06-07 17:15:00+02:00,0.17032292468788462
2023-06-07 17:30:00+02:00,0.18572661523939762
2023-06-07 17:45:00+02:00,0.2034616041638908
2023-06-07 18:00:00+02:00,0.2212713017563552
2023-06-07 18:15:00+02:00,0.20896269661925296
2023-06-07 18:30:00+02:00,0.1969067652822609
2023-06-07 18:45:00+02:00,0.18511740198901516
2023-06-07 19:00:00+02:00,0.17452104932801601
2023-06-07 19:15:00+02:00,0.16444583972070295
2023-06-07 19:30:00+02:00,0.15437236742761803
2023-06-07 19:45:00+02:00,0.1443007466397146
2023-06-07 20:00:00+02:00,0.13423110175564668
2023-06-07 20:15:00+02:00,0.1298840477324447
2023-06-07 20:30:00+02:00,0.12599515082493504
2023-06-07 20:45:00+02:00,0.122576613333326
2023-06-07 21:00:00+02:00,0.1196395217001729
2023-06-07 21:15:00+02:00,0.12601548010899535
2023-06-07 21:30:00+02:00,0.13239187843873915
2023-06-07 21:45:00+02:00,0.1387686981634214
2023-06-07 22:00:00+02:00,0.1451459217817581
2023-06-07 22:15:00+02:00,0.1545481651949761
2023-06-07 22:30:00+02:00,0.16462038935987364
2023-06-07 22:45:00+02:00,0.175321347658983
2023-06-07 23:00:00+02:00,0.18955370424192788
2023-06-07 23:15:00+02:00,0.19355657862552675
2023-06-07 23:30:00+02:00,0.1975903779102627
2023-06-07 23:45:00+02:00,0.20165454707754835
2023-06-08 00:00:00+02:00,0.20574854028044376
2023-06-08 00:15:00+02:00,0.21340208652767115
2023-06-08 00:30:00+02:00,0.22113941087033515
2023-06-08 00:45:00+02:00,0.2289577414792073
2023-06-08 01:00:00+02:00,0.23685440031505794
2023-06-08 01:15:00+02:00,0.2381926099275386
2023-06-08 01:30:00+02:00,0.23955851468073952
2023-06-08 01:45:00+02:00,0.24095195553406049
2023-06-08 02:00:00+02:00,0.24237277149297784
2023-06-08 02:15:00+02:00,0.24962482158277088
2023-06-08 02:30:00+02:00,0.2568795337424513
2023-06-08 02:45:00+02:00,0.2641368293331496
2023-06-08 03:00:00+02:00,0.27139663275677506
2023-06-08 03:15:00+02:00,0.2823140420818793
2023-06-08 03:30:00+02:00,0.29546669712578855
2023-06-08 03:45:00+02:00,0.3096328877986048
2023-06-08 04:00:00+02:00,0.3238035562104494
2023-06-08 04:15:00+02:00,0.3186140109103804
2023-06-08 04:30:00+02:00,0.31366607928696383
2023-06-08 04:45:00+02:00,0.308963324357298
2023-06-08 05:00:00+02:00,0.304509197799038
2023-06-08 05:15:00+02:00,0.2854427069498785
2023-06-08 05:30:00+02:00,0.2707604036913824
2023-06-08 05:45:00+02:00,0.25616681342622416
2023-06-08 06:00:00+02:00,0.24166737366223726
2023-06-08 06:15:00+02:00,0.2335018866546054
2023-06-08 06:30:00+02:00,0.22541096815570785
2023-06-08 06:45:00+02:00,0.21739724127263596
2023-06-08 07:00:00+02:00,0.20946342676329197
2023-06-08 07:15:00+02:00,0.17781332969470623
2023-06-08 07:30:00+02:00,0.15377868304434553
2023-06-08 07:45:00+02:00,0.1299278868116207
2023-06-08 08:00:00+02:00,0.10616987079657263
2023-06-08 08:15:00+02:00,0.09607245031978602
2023-06-08 08:30:00+02:00,0.08955633635079445
2023-06-08 08:45:00+02:00,0.0834524178456155
2023-06-08 09:00:00+02:00,0.07745381975106959
2023-06-08 09:15:00+02:00,0.07494343853237588
2023-06-08 09:30:00+02:00,0.07244205777761956
2023-06-08 09:45:00+02:00,0.06994997029681754
2023-06-08 10:00:00+02:00,0.06746748057968652
2023-06-08 10:15:00+02:00,0.06845120210987073
2023-06-08 10:30:00+02:00,0.06944681872956252
2023-06-08 10:45:00+02:00,0.0704541767463671
2023-06-08 11:00:00+02:00,0.07147312333821712
2023-06-08 11:15:00+02:00,0.06938919042674867
2023-06-08 11:30:00+02:00,0.06765718874448771
2023-06-08 11:45:00+02:00,0.06628517412069736
2023-06-08 12:00:00+02:00,0.06527970311923904
2023-06-08 12:15:00+02:00,0.06388960265859871
2023-06-08 12:30:00+02:00,0.06253276886856093
2023-06-08 12:45:00+02:00,0.06120981192267545
2023-06-08 13:00:00+02:00,0.059921341210306935
2023-06-08 13:15:00+02:00,0.06293627275452414
2023-06-08 13:30:00+02:00,0.06613423527917496
2023-06-08 13:45:00+02:00,0.06950760157912124
2023-06-08 14:00:00+02:00,0.07304877817619154
2023-06-08 14:15:00+02:00,0.07868332693971662
2023-06-08 14:30:00+02:00,0.08431818484744456
2023-06-08 14:45:00+02:00,0.0899533310512467
2023-06-08 15:00:00+02:00,0.0958007682501498
2023-06-08 15:15:00+02:00,0.10558892460991239
2023-06-08 15:30:00+02:00,0.11577696571861336
2023-06-08 15:45:00+02:00,0.1263372288941454
2023-06-08 16:00:00+02:00,0.13724366723457768
2023-06-08 16:15:00+02:00,0.14421971542648118
2023-06-08 16:30:00+02:00,0.15121209322713808
2023-06-08 16:45:00+02:00,0.15822007749781364
2023-06-08 17:00:00+02:00,0.16524298569977755
2023-06-08 17:15:00+02:00,0.18048494774388782
2023-06-08 17:30:00+02:00,0.1995969912356235
2023-06-08 17:45:00+02:00,0.21870903941767927
2023-06-08 18:00:00+02:00,0.23782109191152248
2023-06-08 18:15:00+02:00,0.21860682534004697
2023-06-08 18:30:00+02:00,0.2010837739030891
2023-06-08 18:45:00+02:00,0.1853870653409251
2023-06-08 19:00:00+02:00,0.17303565833658988
2023-06-08 19:15:00+02:00,0.15547674162323638
2023-06-08 19:30:00+02:00,0.13808998937048228
2023-06-08 19:45:00+02:00,0.12089598115423286
2023-06-08 20:00:00+02:00,0.10391842354655692
2023-06-08 20:15:00+02:00,0.11226925970616153
2023-06-08 20:30:00+02:00,0.12147842060168555
2023-06-08 20:45:00+02:00,0.13149285570355795
2023-06-08 21:00:00+02:00,0.14225971422602032
2023-06-08 21:15:00+02:00,0.15538177251196553
2023-06-08 21:30:00+02:00,0.16855471846625408
2023-06-08 21:45:00+02:00,0.183175351588986
2023-06-08 22:00:00+02:00,0.20066712593499872
2023-06-08 22:15:00+02:00,0.20685042496641304
2023-06-08 22:30:00+02:00,0.21316852355813268
2023-06-08 22:45:00+02:00,0.21961773074197335
2023-06-08 23:00:00+02:00,0.2261944166038536
2023-06-08 23:15:00+02:00,0.25165101403782886
2023-06-08 23:30:00+02:00,0.2773769469244235
2023-06-08 23:45:00+02:00,0.30857664538312035
2023-06-09 00:00:00+02:00,0.34253402695704355
2023-06-09 00:15:00+02:00,0.32940115862011093
2023-06-09 00:30:00+02:00,0.316363643421418
2023-06-09 00:45:00+02:00,0.303425206981376
2023-06-09 01:00:00+02:00,0.290589740967698
2023-06-09 01:15:00+02:00,0.27321297939146516
2023-06-09 01:30:00+02:00,0.25715418051301125
2023-06-09 01:45:00+02:00,0.241311431738455
2023-06-09 02:00:00+02:00,0.2256994378062292
2023-06-09 02:15:00+02:00,0.22141245069934337
2023-06-09 02:30:00+02:00,0.21724330060735783
2023-06-09 02:45:00+02:00,0.21319413657457198
2023-06-09 03:00:00+02:00,0.20926709610151142
2023-06-09 03:15:00+02:00,0.20688455560258093
2023-06-09 03:30:00+02:00,0.20551527919180906
2023-06-09 03:45:00+02:00,0.20516540795824476
2023-06-09 04:00:00+02:00,0.20583651898804822
2023-06-09 04:15:00+02:00,0.20261062648076344
2023-06-09 04:30:00+02:00,0.19989069717023333
2023-06-09 04:45:00+02:00,0.197682890327559
2023-06-09 05:00:00+02:00,0.19599227917719694
2023-06-09 05:15:00+02:00,0.19751340407448353
2023-06-09 05:30:00+02:00,0.19919311332900236
2023-06-09 05:45:00+02:00,0.20103022067637033
2023-06-09 06:00:00+02:00,0.2030234421968114
2023-06-09 06:15:00+02:00,0.19107730878264928
2023-06-09 06:30:00+02:00,0.17922143235299437
2023-06-09 06:45:00+02:00,0.16985910004156632
2023-06-09 07:00:00+02:00,0.1610180142205947
2023-06-09 07:15:00+02:00,0.13368394844273013
2023-06-09 07:30:00+02:00,0.10635298107778804
2023-06-09 07:45:00+02:00,0.08513475345478334
2023-06-09 08:00:00+02:00,0.06810759661823484
2023-06-09 08:15:00+02:00,0.06281226387113328
2023-06-09 08:30:00+02:00,0.05751698699218876
2023-06-09 08:45:00+02:00,0.05222177014937607
2023-06-09 09:00:00+02:00,0.04692661793578351
2023-06-09 09:15:00+02:00,0.049317216163588556
2023-06-09 09:30:00+02:00,0.05171575675648928
2023-06-09 09:45:00+02:00,0.05412197369691495
2023-06-09 10:00:00+02:00,0.05653561191988986
2023-06-09 10:15:00+02:00,0.06076787328187875
2023-06-09 10:30:00+02:00,0.06502242457388933
2023-06-09 10:45:00+02:00,0.06929802890481314
2023-06-09 11:00:00+02:00,0.07359353376198738
2023-06-09 11:15:00+02:00,0.06477502795973625
2023-06-09 11:30:00+02:00,0.05606220777917307
2023-06-09 11:45:00+02:00,0.04746834304743426
2023-06-09 12:00:00+02:00,0.041071194401361054
2023-06-09 12:15:00+02:00,0.053735436796777655
2023-06-09 12:30:00+02:00,0.06847648806401614
2023-06-09 12:45:00+02:00,0.08322933244720072
2023-06-09 13:00:00+02:00,0.09965707538375732
2023-06-09 13:15:00+02:00,0.11062959918917784
2023-06-09 13:30:00+02:00,0.12160363131199659
2023-06-09 13:45:00+02:00,0.13257906092444288
2023-06-09 14:00:00+02:00,0.14355578778482506
2023-06-09 14:15:00+02:00,0.15053980209509676
2023-06-09 14:30:00+02:00,0.15759509263057722
2023-06-09 14:45:00+02:00,0.16471851771046384
2023-06-09 15:00:00+02:00,0.17190708985126346
2023-06-09 15:15:00+02:00,0.17356490085278478
2023-06-09 15:30:00+02:00,0.17522291983601138
2023-06-09 15:45:00+02:00,0.17688114469980096
2023-06-09 16:00:00+02:00,0.1789089887590822
2023-06-09 16:15:00+02:00,0.1829292216583931
2023-06-09 16:30:00+02:00,0.1869562003854864
2023-06-09 16:45:00+02:00,0.19098980213321815
2023-06-09 17:00:00+02:00,0.19502990686264424
2023-06-09 17:15:00+02:00,0.20483049771172096
2023-06-09 17:30:00+02:00,0.2146875522174291
2023-06-09 17:45:00+02:00,0.22459867558528784
2023-06-09 18:00:00+02:00,0.23456159449669975
2023-06-09 18:15:00+02:00,0.23823001495101032
2023-06-09 18:30:00+02:00,0.24200234103771193
2023-06-09 18:45:00+02:00,0.24587693614856934
2023-06-09 19:00:00+02:00,0.24985215488674867
2023-06-09 19:15:00+02:00,0.24763529783583074
2023-06-09 19:30:00+02:00,0.24574941748498502
2023-06-09 19:45:00+02:00,0.24419712615079456
2023-06-09 20:00:00+02:00,0.2429805947180442
2023-06-09 20:15:00+02:00,0.2622763285711143
2023-06-09 20:30:00+02:00,0.28208866044371844
2023-06-09 20:45:00+02:00,0.30732214239316874
2023-06-09 21:00:00+02:00,0.3342025499637102
2023-06-09 21:15:00+02:00,0.36960116253385034
2023-06-09 21:30:00+02:00,0.4051987525036154
2023-06-09 21:45:00+02:00,0.44273094992681017
2023-06-09 22:00:00+02:00,0.48293696617884624
2023-06-09 22:15:00+02:00,0.4969539100634424
2023-06-09 22:30:00+02:00,0.5110176764655773
2023-06-09 22:45:00+02:00,0.525126808610601
2023-06-09 23:00:00+02:00,0.5392799051209365
2023-06-09 23:15:00+02:00,0.5553983129540795
2023-06-09 23:30:00+02:00,0.572663849859383
2023-06-09 23:45:00+02:00,0.5911514195391022
2023-06-10 00:00:00+02:00,0.6108798381193464
2023-06-10 00:15:00+02:00,0.5844154134354388
2023-06-10 00:30:00+02:00,0.5595219351073005
2023-06-10 00:45:00+02:00,0.5359018046465995
2023-06-10 01:00:00+02:00,0.5136051296074884
2023-06-10 01:15:00+02:00,0.48236211080692243
2023-06-10 01:30:00+02:00,0.4513459442724039
2023-06-10 01:45:00+02:00,0.42116923644801646
2023-06-10 02:00:00+02:00,0.3938948748800891
2023-06-10 02:15:00+02:00,0.36992863563701506
2023-06-10 02:30:00+02:00,0.34600694498664164
2023-06-10 02:45:00+02:00,0.32213293804213405
2023-06-10 03:00:00+02:00,0.29831004397258004
2023-06-10 03:15:00+02:00,0.289978347362554
2023-06-10 03:30:00+02:00,0.2828618607968023
2023-06-10 03:45:00+02:00,0.2770125205839976
2023-06-10 04:00:00+02:00,0.27146152554334185
2023-06-10 04:15:00+02:00,0.2761737981112124
2023-06-10 04:30:00+02:00,0.28098818190715674
2023-06-10 04:45:00+02:00,0.2859586454319198
2023-06-10 05:00:00+02:00,0.2924587382257396
2023-06-10 05:15:00+02:00,0.2834374077163977
2023-06-10 05:30:00+02:00,0.2761751639303487
2023-06-10 05:45:00+02:00,0.2691351250620786
2023-06-10 06:00:00+02:00,0.2623236766624691
2023-06-10 06:15:00+02:00,0.24093448282178848
2023-06-10 06:30:00+02:00,0.2197084465605314
2023-06-10 06:45:00+02:00,0.19866104530157458
2023-06-10 07:00:00+02:00,0.17780962077450735
2023-06-10 07:15:00+02:00,0.15586639475997383
2023-06-10 07:30:00+02:00,0.13418492723392333
2023-06-10 07:45:00+02:00,0.11268560629204842
2023-06-10 08:00:00+02:00,0.09284456054136403
2023-06-10 08:15:00+02:00,0.08601414238839637
2023-06-10 08:30:00+02:00,0.07923059282936933
2023-06-10 08:45:00+02:00,0.07249800176307529
2023-06-10 09:00:00+02:00,0.06582091267064981
2023-06-10 09:15:00+02:00,0.06538122733455817
2023-06-10 09:30:00+02:00,0.06494972844730035
2023-06-10 09:45:00+02:00,0.0645264630577868
2023-06-10 10:00:00+02:00,0.06411147766809443
2023-06-10 10:15:00+02:00,0.06579674650205873
2023-06-10 10:30:00+02:00,0.06751673914832429
2023-06-10 10:45:00+02:00,0.06927067653942434
2023-06-10 11:00:00+02:00,0.07105778804509366
2023-06-10 11:15:00+02:00,0.06723541839266686
2023-06-10 11:30:00+02:00,0.06453706541952953
2023-06-10 11:45:00+02:00,0.0630034045344057
2023-06-10 12:00:00+02:00,0.06265842710052437
2023-06-10 12:15:00+02:00,0.07543589903439431
2023-06-10 12:30:00+02:00,0.08853044227828834
2023-06-10 12:45:00+02:00,0.1059195122275331
2023-06-10 13:00:00+02:00,0.12773425595099222
2023-06-10 13:15:00+02:00,0.1386651907973218
2023-06-10 13:30:00+02:00,0.15122133999296336
2023-06-10 13:45:00+02:00,0.1652753795734165
2023-06-10 14:00:00+02:00,0.18175830510059077
2023-06-10 14:15:00+02:00,0.18405005159741117
2023-06-10 14:30:00+02:00,0.18651147051367117
2023-06-10 14:45:00+02:00,0.18914066855957767
2023-06-10 15:00:00+02:00,0.1919356543690436
2023-06-10 15:15:00+02:00,0.18881099940738438
2023-06-10 15:30:00+02:00,0.18570815919315048
2023-06-10 15:45:00+02:00,0.18262744362967992
2023-06-10 16:00:00+02:00,0.1795691662450502
2023-06-10 16:15:00+02:00,0.17378873177818394
2023-06-10 16:30:00+02:00,0.16867181426974903
2023-06-10 16:45:00+02:00,0.16369370380625223
2023-06-10 17:00:00+02:00,0.15885877071695023
2023-06-10 17:15:00+02:00,0.1582490276770903
2023-06-10 17:30:00+02:00,0.15783285473253883
2023-06-10 17:45:00+02:00,0.1576107627323872
2023-06-10 18:00:00+02:00,0.15758302502827606
2023-06-10 18:15:00+02:00,0.15686831711984184
2023-06-10 18:30:00+02:00,0.156635074108666
2023-06-10 18:45:00+02:00,0.15688400921153095
2023-06-10 19:00:00+02:00,0.15761436127841066
2023-06-10 19:15:00+02:00,0.17322713550130492
2023-06-10 19:30:00+02:00,0.1937081999721735
2023-06-10 19:45:00+02:00,0.21661309857549954
2023-06-10 20:00:00+02:00,0.24051149679442918
2023-06-10 20:15:00+02:00,0.2817497903734741
2023-06-10 20:30:00+02:00,0.3340614287166266
2023-06-10 20:45:00+02:00,0.38756134898079264
2023-06-10 21:00:00+02:00,0.44283713522769996
2023-06-10 21:15:00+02:00,0.47847493313323225
2023-06-10 21:30:00+02:00,0.5157819768877564
2023-06-10 21:45:00+02:00,0.5546234382185355
2023-06-10 22:00:00+02:00,0.5950487811607712
2023-06-10 22:15:00+02:00,0.5783062659661458
2023-06-10 22:30:00+02:00,0.5643736513269335
2023-06-10 22:45:00+02:00,0.553155656178669
2023-06-10 23:00:00+02:00,0.5447186917237635
2023-06-10 23:15:00+02:00,0.5212672356288163
2023-06-10 23:30:00+02:00,0.4985416583925543
2023-06-10 23:45:00+02:00,0.4765798089986252
2023-06-11 00:00:00+02:00,0.45542080470568574
2023-06-11 00:15:00+02:00,0.4254850771036457
2023-06-11 00:30:00+02:00,0.401041162921084
2023-06-11 00:45:00+02:00,0.3791517660313362
2023-06-11 01:00:00+02:00,0.35997551348875084
2023-06-11 01:15:00+02:00,0.33871630728212904
2023-06-11 01:30:00+02:00,0.31820470054971894
2023-06-11 01:45:00+02:00,0.2984868776024014
2023-06-11 02:00:00+02:00,0.28100742874724494
2023-06-11 02:15:00+02:00,0.2798130514340656
2023-06-11 02:30:00+02:00,0.2786186982526132
2023-06-11 02:45:00+02:00,0.27742436931816855
2023-06-11 03:00:00+02:00,0.2762300647467453
2023-06-11 03:15:00+02:00,0.2753290232309633
2023-06-11 03:30:00+02:00,0.2745207707956056
2023-06-11 03:45:00+02:00,0.27380560886566435
2023-06-11 04:00:00+02:00,0.27318380523897856
2023-06-11 04:15:00+02:00,0.2763720335420839
2023-06-11 04:30:00+02:00,0.2805816556330799
2023-06-11 04:45:00+02:00,0.2858198089429506
2023-06-11 05:00:00+02:00,0.293856578013601
2023-06-11 05:15:00+02:00,0.29491503396970775
2023-06-11 05:30:00+02:00,0.2967474233947096
2023-06-11 05:45:00+02:00,0.2993494789187814
2023-06-11 06:00:00+02:00,0.30271519442568257
2023-06-11 06:15:00+02:00,0.287795402164195
2023-06-11 06:30:00+02:00,0.2759339682711785
2023-06-11 06:45:00+02:00,0.2646750086253826
2023-06-11 07:00:00+02:00,0.25354820967122954
2023-06-11 07:15:00+02:00,0.232483519573939
2023-06-11 07:30:00+02:00,0.21146618487051982
2023-06-11 07:45:00+02:00,0.19050070831119087
2023-06-11 08:00:00+02:00,0.17147517139546994
2023-06-11 08:15:00+02:00,0.16905627080418287
2023-06-11 08:30:00+02:00,0.16663983611890204
2023-06-11 08:45:00+02:00,0.16422590460463704
2023-06-11 09:00:00+02:00,0.16181451424128326
2023-06-11 09:15:00+02:00,0.17078080843861979
2023-06-11 09:30:00+02:00,0.18050341705016154
2023-06-11 09:45:00+02:00,0.19233220824578706
2023-06-11 10:00:00+02:00,0.2041626945074993
2023-06-11 10:15:00+02:00,0.21739637688154387
2023-06-11 10:30:00+02:00,0.230634767502242
2023-06-11 10:45:00+02:00,0.2438776053930905
2023-06-11 11:00:00+02:00,0.2571246484370224
2023-06-11 11:15:00+02:00,0.2556501521751347
2023-06-11 11:30:00+02:00,0.25475856171380257
2023-06-11 11:45:00+02:00,0.2544520214679541
2023-06-11 12:00:00+02:00,0.25473127114247424
2023-06-11 12:15:00+02:00,0.2621206565860778
2023-06-11 12:30:00+02:00,0.2695804560211722
2023-06-11 12:45:00+02:00,0.2771085675903355
2023-06-11 13:00:00+02:00,0.2847029541389331
2023-06-11 13:15:00+02:00,0.28585059005768815
2023-06-11 13:30:00+02:00,0.28736858351698846
2023-06-11 13:45:00+02:00,0.28895654463970144
2023-06-11 14:00:00+02:00,0.2906141361393076
2023-06-11 14:15:00+02:00,0.29285925681524383
2023-06-11 14:30:00+02:00,0.2951097170305527
2023-06-11 14:45:00+02:00,0.2973654805542566
2023-06-11 15:00:00+02:00,0.2996265113981998
2023-06-11 15:15:00+02:00,0.29949751958314486
2023-06-11 15:30:00+02:00,0.2993811300475547
2023-06-11 15:45:00+02:00,0.29927734720544985
2023-06-11 16:00:00+02:00,0.2991861749944851
2023-06-11 16:15:00+02:00,0.29016547907458007
2023-06-11 16:30:00+02:00,0.2821964209024734
2023-06-11 16:45:00+02:00,0.2752520990697354
2023-06-11 17:00:00+02:00,0.26831419571445203
2023-06-11 17:15:00+02:00,0.26349600859370237
2023-06-11 17:30:00+02:00,0.2587509236983963
2023-06-11 17:45:00+02:00,0.25408037302337655
2023-06-11 18:00:00+02:00,0.24948580282482566
2023-06-11 18:15:00+02:00,0.2452382403293487
2023-06-11 18:30:00+02:00,0.24153236934005154
2023-06-11 18:45:00+02:00,0.2383766601645899
2023-06-11 19:00:00+02:00,0.23577846528371993
2023-06-11 19:15:00+02:00,0.2296026749045923
2023-06-11 19:30:00+02:00,0.22370064103387832
2023-06-11 19:45:00+02:00,0.21807938147410313
2023-06-11 20:00:00+02:00,0.21274580486624223
2023-06-11 20:15:00+02:00,0.21822897275253464
2023-06-11 20:30:00+02:00,0.22381857144621473
2023-06-11 20:45:00+02:00,0.2295120590953995
2023-06-11 21:00:00+02:00,0.2353069291268434
2023-06-11 21:15:00+02:00,0.2571140042019694
2023-06-11 21:30:00+02:00,0.27892519789247416
2023-06-11 21:45:00+02:00,0.3051983886722077
2023-06-11 22:00:00+02:00,0.3334904105895237
2023-06-11 22:15:00+02:00,0.3495211630016244
2023-06-11 22:30:00+02:00,0.36555224387561575
2023-06-11 22:45:00+02:00,0.38158363857402716
2023-06-11 23:00:00+02:00,0.3976153333161289
2023-06-11 23:15:00+02:00,0.3917907107060836
2023-06-11 23:30:00+02:00,0.38602113907500946
2023-06-11 23:45:00+02:00,0.3803075023997327
2023-06-12 00:00:00+02:00,0.3746506948362727
2023-06-12 00:15:00+02:00,0.3712854400115378
2023-06-12 00:30:00+02:00,0.3682981167168031
2023-06-12 00:45:00+02:00,0.36569191030066056
2023-06-12 01:00:00+02:00,0.3634696290219972
2023-06-12 01:15:00+02:00,0.34155256857872973
2023-06-12 01:30:00+02:00,0.32000584393922904
2023-06-12 01:45:00+02:00,0.2988534787054494
2023-06-12 02:00:00+02:00,0.2798585395136585
2023-06-12 02:15:00+02:00,0.25923693104953877
2023-06-12 02:30:00+02:00,0.23865092838805604
2023-06-12 02:45:00+02:00,0.21810371507640142
2023-06-12 03:00:00+02:00,0.19759885867891006
2023-06-12 03:15:00+02:00,0.1833435228117333
2023-06-12 03:30:00+02:00,0.1712991343292004
2023-06-12 03:45:00+02:00,0.16091611105774048
2023-06-12 04:00:00+02:00,0.15076764152251662
2023-06-12 04:15:00+02:00,0.14347883261829367
2023-06-12 04:30:00+02:00,0.1364341236068119
2023-06-12 04:45:00+02:00,0.1296451043746138
2023-06-12 05:00:00+02:00,0.12312364843034052
2023-06-12 05:15:00+02:00,0.12480617856056862
2023-06-12 05:30:00+02:00,0.12696765125867823
2023-06-12 05:45:00+02:00,0.12960108877124585
2023-06-12 06:00:00+02:00,0.13269817149043692
2023-06-12 06:15:00+02:00,0.13303011540865758
2023-06-12 06:30:00+02:00,0.13361326728383094
2023-06-12 06:45:00+02:00,0.1344466503335919
2023-06-12 07:00:00+02:00,0.13552887740213995
2023-06-12 07:15:00+02:00,0.1177856725662196
2023-06-12 07:30:00+02:00,0.10005449752722825
2023-06-12 07:45:00+02:00,0.08719825786635696
2023-06-12 08:00:00+02:00,0.07616658219294972
2023-06-12 08:15:00+02:00,0.06552597618710203
2023-06-12 08:30:00+02:00,0.054885700072673266
2023-06-12 08:45:00+02:00,0.044245805227512605
2023-06-12 09:00:00+02:00,0.03787998823142764
2023-06-12 09:15:00+02:00,0.03869195075617993
2023-06-12 09:30:00+02:00,0.039509933698612235
2023-06-12 09:45:00+02:00,0.04033381104397876
2023-06-12 10:00:00+02:00,0.04116345939931779
2023-06-12 10:15:00+02:00,0.04584642845061242
2023-06-12 10:30:00+02:00,0.05254158059191216
2023-06-12 10:45:00+02:00,0.05924919107865155
2023-06-12 11:00:00+02:00,0.0659681539734922
2023-06-12 11:15:00+02:00,0.07300563094073674
2023-06-12 11:30:00+02:00,0.08034303444740014
2023-06-12 11:45:00+02:00,0.08795381628054524
2023-06-12 12:00:00+02:00,0.09616165259345714
2023-06-12 12:15:00+02:00,0.09548665351296888
2023-06-12 12:30:00+02:00,0.09514866342036787
2023-06-12 12:45:00+02:00,0.09508115937096914
2023-06-12 13:00:00+02:00,0.09519062165782144
2023-06-12 13:15:00+02:00,0.09133482307456366
2023-06-12 13:30:00+02:00,0.087560045649752
2023-06-12 13:45:00+02:00,0.08387004071761602
2023-06-12 14:00:00+02:00,0.08026870249632291
2023-06-12 14:15:00+02:00,0.07868053623353204
2023-06-12 14:30:00+02:00,0.07709346601325548
2023-06-12 14:45:00+02:00,0.0755075139269749
2023-06-12 15:00:00+02:00,0.07392270264767607
2023-06-12 15:15:00+02:00,0.07560485473859781
2023-06-12 15:30:00+02:00,0.07731229822083974
2023-06-12 15:45:00+02:00,0.07904449275665636
2023-06-12 16:00:00+02:00,0.08080090578833705
2023-06-12 16:15:00+02:00,0.08338703676655518
2023-06-12 16:30:00+02:00,0.08608255890833877
2023-06-12 16:45:00+02:00,0.08888392814733971
2023-06-12 17:00:00+02:00,0.0917876215628377
2023-06-12 17:15:00+02:00,0.10130664695477565
2023-06-12 17:30:00+02:00,0.11297288994315934
2023-06-12 17:45:00+02:00,0.12469517659673843
2023-06-12 18:00:00+02:00,0.13646914605578536
2023-06-12 18:15:00+02:00,0.14258817777949429
2023-06-12 18:30:00+02:00,0.14880937633561778
2023-06-12 18:45:00+02:00,0.15512868993395607
2023-06-12 19:00:00+02:00,0.16154221924584364
2023-06-12 19:15:00+02:00,0.16654012960345568
2023-06-12 19:30:00+02:00,0.1720207091516255
2023-06-12 19:45:00+02:00,0.17815501032393344
2023-06-12 20:00:00+02:00,0.18659176380740738
2023-06-12 20:15:00+02:00,0.20091660022026442
2023-06-12 20:30:00+02:00,0.21601273037889845
2023-06-12 20:45:00+02:00,0.2318305702929769
2023-06-12 21:00:00+02:00,0.24832261745079431
2023-06-12 21:15:00+02:00,0.2734720650998429
2023-06-12 21:30:00+02:00,0.3025570347383513
2023-06-12 21:45:00+02:00,0.33537015399563447
2023-06-12 22:00:00+02:00,0.36827026424439097
2023-06-12 22:15:00+02:00,0.38659169364687646
2023-06-12 22:30:00+02:00,0.40500208039598773
2023-06-12 22:45:00+02:00,0.4234970420661138
2023-06-12 23:00:00+02:00,0.44395676451581545
2023-06-12 23:15:00+02:00,0.45952284310848557
2023-06-12 23:30:00+02:00,0.4764634998611882
2023-06-12 23:45:00+02:00,0.4947260392024388
2023-06-13 00:00:00+02:00,0.5142566246288776
2023-06-13 00:15:00+02:00,0.4821305208252523
2023-06-13 00:30:00+02:00,0.45111878932058413
2023-06-13 00:45:00+02:00,0.4218224629268724
2023-06-13 01:00:00+02:00,0.39631846720544445
2023-06-13 01:15:00+02:00,0.36242860014081146
2023-06-13 01:30:00+02:00,0.32861248475723775
2023-06-13 01:45:00+02:00,0.29487765963337026
2023-06-13 02:00:00+02:00,0.2668344224646841
2023-06-13 02:15:00+02:00,0.25851734574317103
2023-06-13 02:30:00+02:00,0.25040732658544346
2023-06-13 02:45:00+02:00,0.24251140950651123
2023-06-13 03:00:00+02:00,0.23483676332511863
2023-06-13 03:15:00+02:00,0.22314903869716055
2023-06-13 03:30:00+02:00,0.21149673400785057
2023-06-13 03:45:00+02:00,0.19988169040527443
2023-06-13 04:00:00+02:00,0.18830587236275056
2023-06-13 04:15:00+02:00,0.18121654359275535
2023-06-13 04:30:00+02:00,0.17497553223180096
2023-06-13 04:45:00+02:00,0.16972553332268306
2023-06-13 05:00:00+02:00,0.16454135203680906
2023-06-13 05:15:00+02:00,0.1761815953896845
2023-06-13 05:30:00+02:00,0.19145659658752756
2023-06-13 05:45:00+02:00,0.2073986596555133
2023-06-13 06:00:00+02:00,0.2236058269954679
2023-06-13 06:15:00+02:00,0.23244409644054467
2023-06-13 06:30:00+02:00,0.24129381345986284
2023-06-13 06:45:00+02:00,0.2501545575575891
2023-06-13 07:00:00+02:00,0.25902592809640756
2023-06-13 07:15:00+02:00,0.23442692703063497
2023-06-13 07:30:00+02:00,0.21021072173866065
2023-06-13 07:45:00+02:00,0.1864195107734137
2023-06-13 08:00:00+02:00,0.16655330447203748
2023-06-13 08:15:00+02:00,0.1517357595180414
2023-06-13 08:30:00+02:00,0.13721820383034483
2023-06-13 08:45:00+02:00,0.12303043348459806
2023-06-13 09:00:00+02:00,0.10920550218337671
2023-06-13 09:15:00+02:00,0.10525018307266584
2023-06-13 09:30:00+02:00,0.1013132388536429
2023-06-13 09:45:00+02:00,0.09739519516919948
2023-06-13 10:00:00+02:00,0.09415281262607555
2023-06-13 10:15:00+02:00,0.09702419638946194
2023-06-13 10:30:00+02:00,0.10088860671802767
2023-06-13 10:45:00+02:00,0.10508054170788564
2023-06-13 11:00:00+02:00,0.1095903114886337
2023-06-13 11:15:00+02:00,0.11076707933684242
2023-06-13 11:30:00+02:00,0.112305390255684
2023-06-13 11:45:00+02:00,0.11420136112533044
2023-06-13 12:00:00+02:00,0.11645028205282165
2023-06-13 12:15:00+02:00,0.12059295700535934
2023-06-13 12:30:00+02:00,0.12500010525201258
2023-06-13 12:45:00+02:00,0.12966387153892053
2023-06-13 13:00:00+02:00,0.1345762781565433
2023-06-13 13:15:00+02:00,0.13276270611867103
2023-06-13 13:30:00+02:00,0.13096956225728607
2023-06-13 13:45:00+02:00,0.12919709370216256
2023-06-13 14:00:00+02:00,0.127445548666499
2023-06-13 14:15:00+02:00,0.12351455475690104
2023-06-13 14:30:00+02:00,0.11958793814438819
2023-06-13 14:45:00+02:00,0.11566581842739557
2023-06-13 15:00:00+02:00,0.11174831945671844
2023-06-13 15:15:00+02:00,0.1093112568565644
2023-06-13 15:30:00+02:00,0.10691042937584264
2023-06-13 15:45:00+02:00,0.104546458369152
2023-06-13 16:00:00+02:00,0.10221996960979109
2023-06-13 16:15:00+02:00,0.10357813234940579
2023-06-13 16:30:00+02:00,0.10509919543428121
2023-06-13 16:45:00+02:00,0.10678139846134801
2023-06-13 17:00:00+02:00,0.10862282393391426
2023-06-13 17:15:00+02:00,0.11528913858017847
2023-06-13 17:30:00+02:00,0.12209687001046944
2023-06-13 17:45:00+02:00,0.12903952090360196
2023-06-13 18:00:00+02:00,0.13611086859050178
2023-06-13 18:15:00+02:00,0.14084164343686148
2023-06-13 18:30:00+02:00,0.14559172696022643
2023-06-13 18:45:00+02:00,0.15036052849588538
2023-06-13 19:00:00+02:00,0.15514747903868037
2023-06-13 19:15:00+02:00,0.15927751698634737
2023-06-13 19:30:00+02:00,0.16342694879655367
2023-06-13 19:45:00+02:00,0.16759527470803642
2023-06-13 20:00:00+02:00,0.17178200982347008
2023-06-13 20:15:00+02:00,0.17808110480624104
2023-06-13 20:30:00+02:00,0.18619197745378702
2023-06-13 20:45:00+02:00,0.19432848693709887
2023-06-13 21:00:00+02:00,0.20248970632012556
2023-06-13 21:15:00+02:00,0.21904438738609716
2023-06-13 21:30:00+02:00,0.23560180128405897
2023-06-13 21:45:00+02:00,0.2521617607216985
2023-06-13 22:00:00+02:00,0.26872409511392564
2023-06-13 22:15:00+02:00,0.277579347133719
2023-06-13 22:30:00+02:00,0.28672365634493424
2023-06-13 22:45:00+02:00,0.2983543436559277
2023-06-13 23:00:00+02:00,0.31005522812077696
2023-06-13 23:15:00+02:00,0.3301745697743206
2023-06-13 23:30:00+02:00,0.35045333032079096
2023-06-13 23:45:00+02:00,0.37088243311251773
2023-06-14 00:00:00+02:00,0.3914534177062788
2023-06-14 00:15:00+02:00,0.36893116616404786
2023-06-14 00:30:00+02:00,0.34641307239589514
2023-06-14 00:45:00+02:00,0.3238994113606088
2023-06-14 01:00:00+02:00,0.30139048274620117
2023-06-14 01:15:00+02:00,0.2822866346542187
2023-06-14 01:30:00+02:00,0.26754977091333226
2023-06-14 01:45:00+02:00,0.2536404521723023
2023-06-14 02:00:00+02:00,0.24060709636135472
2023-06-14 02:15:00+02:00,0.2499672137138859
2023-06-14 02:30:00+02:00,0.259560157200562
2023-06-14 02:45:00+02:00,0.2693768965522546
2023-06-14 03:00:00+02:00,0.2794086677320993
2023-06-14 03:15:00+02:00,0.2909289478830286
2023-06-14 03:30:00+02:00,0.30483423104388874
2023-06-14 03:45:00+02:00,0.31923252886359965
2023-06-14 04:00:00+02:00,0.3341032006099489
2023-06-14 04:15:00+02:00,0.3212273805432183
2023-06-14 04:30:00+02:00,0.3089430907185795
2023-06-14 04:45:00+02:00,0.2972722429037525
2023-06-14 05:00:00+02:00,0.2862366679454483
2023-06-14 05:15:00+02:00,0.27494820856260066
2023-06-14 05:30:00+02:00,0.26390735070161764
2023-06-14 05:45:00+02:00,0.2530004124533799
2023-06-14 06:00:00+02:00,0.2422335237218749
2023-06-14 06:15:00+02:00,0.23775917401064298
2023-06-14 06:30:00+02:00,0.23332574594079555
2023-06-14 06:45:00+02:00,0.2289340153193105
2023-06-14 07:00:00+02:00,0.22458477011116854
2023-06-14 07:15:00+02:00,0.21048344802096836
2023-06-14 07:30:00+02:00,0.1964129611608752
2023-06-14 07:45:00+02:00,0.18237529672678768
2023-06-14 08:00:00+02:00,0.17055045188533088
2023-06-14 08:15:00+02:00,0.1752440061615002
2023-06-14 08:30:00+02:00,0.18094053678942498
2023-06-14 08:45:00+02:00,0.18750079441741796
2023-06-14 09:00:00+02:00,0.194238051310288
2023-06-14 09:15:00+02:00,0.20778650122874634
2023-06-14 09:30:00+02:00,0.22136104073209523
2023-06-14 09:45:00+02:00,0.23496016827654798
2023-06-14 10:00:00+02:00,0.24858249295166268
2023-06-14 10:15:00+02:00,0.2473157770841752
2023-06-14 10:30:00+02:00,0.24687447843881336
2023-06-14 10:45:00+02:00,0.24726011500319886
2023-06-14 11:00:00+02:00,0.24847136005259712
2023-06-14 11:15:00+02:00,0.225638009268383
2023-06-14 11:30:00+02:00,0.20373137127076357
2023-06-14 11:45:00+02:00,0.18284436932658077
2023-06-14 12:00:00+02:00,0.16653549080000077
2023-06-14 12:15:00+02:00,0.17168725176431268
2023-06-14 12:30:00+02:00,0.17689153170707622
2023-06-14 12:45:00+02:00,0.18366619112378146
2023-06-14 13:00:00+02:00,0.19066188559913982
2023-06-14 13:15:00+02:00,0.197250451232821
2023-06-14 13:30:00+02:00,0.2041020356991219
2023-06-14 13:45:00+02:00,0.211208733124452
2023-06-14 14:00:00+02:00,0.21856267437585702
2023-06-14 14:15:00+02:00,0.21413847551042614
2023-06-14 14:30:00+02:00,0.21002710012617654
2023-06-14 14:45:00+02:00,0.20623423195558607
2023-06-14 15:00:00+02:00,0.20276523710221728
2023-06-14 15:15:00+02:00,0.1917157630954053
2023-06-14 15:30:00+02:00,0.18078940542102828
2023-06-14 15:45:00+02:00,0.17177867692474458
2023-06-14 16:00:00+02:00,0.16369511270234716
2023-06-14 16:15:00+02:00,0.16264632588462202
2023-06-14 16:30:00+02:00,0.16161299912879443
2023-06-14 16:45:00+02:00,0.1605952331044061
2023-06-14 17:00:00+02:00,0.15959312782119134
2023-06-14 17:15:00+02:00,0.1697163651920389
2023-06-14 17:30:00+02:00,0.18064473077249685
2023-06-14 17:45:00+02:00,0.19403681216601526
2023-06-14 18:00:00+02:00,0.20744765028871892
2023-06-14 18:15:00+02:00,0.22767006670831322
2023-06-14 18:30:00+02:00,0.24790419933357574
2023-06-14 18:45:00+02:00,0.26814908807823523
2023-06-14 19:00:00+02:00,0.28920188440262007
2023-06-14 19:15:00+02:00,0.3094041613060644
2023-06-14 19:30:00+02:00,0.32969160731399927
2023-06-14 19:45:00+02:00,0.3500592747449886
2023-06-14 20:00:00+02:00,0.37050257445940105
2023-06-14 20:15:00+02:00,0.37646356970318684
2023-06-14 20:30:00+02:00,0.38259943711549643
2023-06-14 20:45:00+02:00,0.3889072140685079
2023-06-14 21:00:00+02:00,0.3953839242695935
2023-06-14 21:15:00+02:00,0.38785784403820195
2023-06-14 21:30:00+02:00,0.3803392206181461
2023-06-14 21:45:00+02:00,0.37282821113522513
2023-06-14 22:00:00+02:00,0.3653249769949984
2023-06-14 22:15:00+02:00,0.3570478276559279
2023-06-14 22:30:00+02:00,0.34888841772145
2023-06-14 22:45:00+02:00,0.34084952248601014
2023-06-14 23:00:00+02:00,0.33293396220151994
2023-06-14 23:15:00+02:00,0.30878454524668375
2023-06-14 23:30:00+02:00,0.28518301335397706
2023-06-14 23:45:00+02:00,0.2671835908420691
2023-06-15 00:00:00+02:00,0.2495316660118271
2023-06-15 00:15:00+02:00,0.25252323381071573
2023-06-15 00:30:00+02:00,0.25556354293725436
2023-06-15 00:45:00+02:00,0.25865198545552714
2023-06-15 01:00:00+02:00,0.2617879541117152
2023-06-15 01:15:00+02:00,0.24620619593160212
2023-06-15 01:30:00+02:00,0.2307348960235297
2023-06-15 01:45:00+02:00,0.21538150616482338
2023-06-15 02:00:00+02:00,0.20015409889743813
2023-06-15 02:15:00+02:00,0.18163004921119583
2023-06-15 02:30:00+02:00,0.1665733053518998
2023-06-15 02:45:00+02:00,0.1525614924358885
2023-06-15 03:00:00+02:00,0.1385689927997283
2023-06-15 03:15:00+02:00,0.1351405868282758
2023-06-15 03:30:00+02:00,0.13189223215602905
2023-06-15 03:45:00+02:00,0.12882787792358724
2023-06-15 04:00:00+02:00,0.12595135609597993
2023-06-15 04:15:00+02:00,0.12458575484845603
2023-06-15 04:30:00+02:00,0.12323282784070516
2023-06-15 04:45:00+02:00,0.1218926926896239
2023-06-15 05:00:00+02:00,0.12056546733912059
2023-06-15 05:15:00+02:00,0.11515833763953787
2023-06-15 05:30:00+02:00,0.11010761619999809
2023-06-15 05:45:00+02:00,0.10542613364300835
2023-06-15 06:00:00+02:00,0.10112633788543506
2023-06-15 06:15:00+02:00,0.08875091828093465
2023-06-15 06:30:00+02:00,0.07904049073363982
2023-06-15 06:45:00+02:00,0.06983268893888353
2023-06-15 07:00:00+02:00,0.06119009026955963
2023-06-15 07:15:00+02:00,0.042250414437501584
2023-06-15 07:30:00+02:00,0.030389310776891845
2023-06-15 07:45:00+02:00,0.018613469821143713
2023-06-15 08:00:00+02:00,0.010680854178705346
2023-06-15 08:15:00+02:00,0.00890424281996105
2023-06-15 08:30:00+02:00,0.007131012933437612
2023-06-15 08:45:00+02:00,0.005361709944191362
2023-06-15 09:00:00+02:00,0.0035970015804178356
2023-06-15 09:15:00+02:00,0.005046834697668611
2023-06-15 09:30:00+02:00,0.006502880346599583
2023-06-15 09:45:00+02:00,0.0079643758996814
2023-06-15 10:00:00+02:00,0.009430676417587457
2023-06-15 10:15:00+02:00,0.012250674907738322
2023-06-15 10:30:00+02:00,0.016844518544080107
2023-06-15 10:45:00+02:00,0.02351369023158885
2023-06-15 11:00:00+02:00,0.03036251495283234
2023-06-15 11:15:00+02:00,0.02789659268601296
2023-06-15 11:30:00+02:00,0.026503536778570074
2023-06-15 11:45:00+02:00,0.026226831809305018
2023-06-15 12:00:00+02:00,0.027075390433690876
2023-06-15 12:15:00+02:00,0.027588564330584646
2023-06-15 12:30:00+02:00,0.028257318469878324
2023-06-15 12:45:00+02:00,0.029078707765347597
2023-06-15 13:00:00+02:00,0.030049215634667437
2023-06-15 13:15:00+02:00,0.028734627366761002
2023-06-15 13:30:00+02:00,0.027683486781704198
2023-06-15 13:45:00+02:00,0.026903797012265473
2023-06-15 14:00:00+02:00,0.026401704441948226
2023-06-15 14:15:00+02:00,0.025807610811664144
2023-06-15 14:30:00+02:00,0.025387232644196123
2023-06-15 14:45:00+02:00,0.02514271679188235
2023-06-15 15:00:00+02:00,0.025075328248424573
2023-06-15 15:15:00+02:00,0.02622847212344425
2023-06-15 15:30:00+02:00,0.027459849057701515
2023-06-15 15:45:00+02:00,0.028766724165704877
2023-06-15 16:00:00+02:00,0.030146332447889477
2023-06-15 16:15:00+02:00,0.030646244455678637
2023-06-15 16:30:00+02:00,0.031189561108069662
2023-06-15 16:45:00+02:00,0.03177563143956129
2023-06-15 17:00:00+02:00,0.032403767765922284
2023-06-15 17:15:00+02:00,0.03342250851858697
2023-06-15 17:30:00+02:00,0.03445072952816245
2023-06-15 17:45:00+02:00,0.03548817060600978
2023-06-15 18:00:00+02:00,0.03653457879049734
2023-06-15 18:15:00+02:00,0.03745423173379922
2023-06-15 18:30:00+02:00,0.03841731607794283
2023-06-15 18:45:00+02:00,0.039422753112317396
2023-06-15 19:00:00+02:00,0.04046945445225494
2023-06-15 19:15:00+02:00,0.03805994053346115
2023-06-15 19:30:00+02:00,0.03569987663419294
2023-06-15 19:45:00+02:00,0.033392437093047136
2023-06-15 20:00:00+02:00,0.03114099352102999
2023-06-15 20:15:00+02:00,0.029777061563176496
2023-06-15 20:30:00+02:00,0.028419980997979006
2023-06-15 20:45:00+02:00,0.027070020099252703
2023-06-15 21:00:00+02:00,0.025727459810477325
2023-06-15 21:15:00+02:00,0.0271950863040177
2023-06-15 21:30:00+02:00,0.028785277990279298
2023-06-15 21:45:00+02:00,0.030492590678899853
2023-06-15 22:00:00+02:00,0.03231153186124551
2023-06-15 22:15:00+02:00,0.03853878937464992
2023-06-15 22:30:00+02:00,0.04526897615998371
2023-06-15 22:45:00+02:00,0.05582067744574453
2023-06-15 23:00:00+02:00,0.06637614188561351
2023-06-15 23:15:00+02:00,0.07457221338393391
2023-06-15 23:30:00+02:00,0.08471718933484612
2023-06-15 23:45:00+02:00,0.09739241240476512
2023-06-16 00:00:00+02:00,0.11882420255153149
2023-06-16 00:15:00+02:00,0.13584904049006546
2023-06-16 00:30:00+02:00,0.15381336569591844
2023-06-16 00:45:00+02:00,0.17261345463057237
2023-06-16 01:00:00+02:00,0.19686748967663334
2023-06-16 01:15:00+02:00,0.2046351448407364
2023-06-16 01:30:00+02:00,0.21343657255614382
2023-06-16 01:45:00+02:00,0.22323254714020727
2023-06-16 02:00:00+02:00,0.23398170603852503
2023-06-16 02:15:00+02:00,0.23461534867675757
2023-06-16 02:30:00+02:00,0.23592303606923298
2023-06-16 02:45:00+02:00,0.2379010465582846
2023-06-16 03:00:00+02:00,0.2405438025920353
2023-06-16 03:15:00+02:00,0.2391475398553204
2023-06-16 03:30:00+02:00,0.2381682217664469
2023-06-16 03:45:00+02:00,0.23760757307883715
2023-06-16 04:00:00+02:00,0.23746658547547936
2023-06-16 04:15:00+02:00,0.2317769209348665
2023-06-16 04:30:00+02:00,0.22650193438175426
2023-06-16 04:45:00+02:00,0.22165107791101646
2023-06-16 05:00:00+02:00,0.21723329868724967
2023-06-16 05:15:00+02:00,0.195689660205109
2023-06-16 05:30:00+02:00,0.17507745290490698
2023-06-16 05:45:00+02:00,0.159056170557612
2023-06-16 06:00:00+02:00,0.1432167845841717
2023-06-16 06:15:00+02:00,0.11808501078839231
2023-06-16 06:30:00+02:00,0.09388595393387189
2023-06-16 06:45:00+02:00,0.07838167238890391
2023-06-16 07:00:00+02:00,0.06298102301064278
2023-06-16 07:15:00+02:00,0.04000849111759085
2023-06-16 07:30:00+02:00,0.024785958597060065
2023-06-16 07:45:00+02:00,0.011870719152398415
2023-06-16 08:00:00+02:00,0.004919642109886368
2023-06-16 08:15:00+02:00,0.0022721627672262785
2023-06-16 08:30:00+02:00,0.0
2023-06-16 08:45:00+02:00,0.0
2023-06-16 09:00:00+02:00,0.0
2023-06-16 09:15:00+02:00,0.0
2023-06-16 09:30:00+02:00,0.0
2023-06-16 09:45:00+02:00,0.0
2023-06-16 10:00:00+02:00,0.0
2023-06-16 10:15:00+02:00,0.0
2023-06-16 10:30:00+02:00,0.0
2023-06-16 10:45:00+02:00,0.0
2023-06-16 11:00:00+02:00,0.0
2023-06-16 11:15:00+02:00,0.0
2023-06-16 11:30:00+02:00,0.0
2023-06-16 11:45:00+02:00,0.0
2023-06-16 12:00:00+02:00,0.0
2023-06-16 12:15:00+02:00,0.0
2023-06-16 12:30:00+02:00,0.0
2023-06-16 12:45:00+02:00,0.0
2023-06-16 13:00:00+02:00,0.0
2023-06-16 13:15:00+02:00,0.0
2023-06-16 13:30:00+02:00,0.0
2023-06-16 13:45:00+02:00,0.0
2023-06-16 14:00:00+02:00,0.0
2023-06-16 14:15:00+02:00,0.0
2023-06-16 14:30:00+02:00,0.0
2023-06-16 14:45:00+02:00,0.0
2023-06-16 15:00:00+02:00,0.0
2023-06-16 15:15:00+02:00,0.0
2023-06-16 15:30:00+02:00,0.0
2023-06-16 15:45:00+02:00,0.0
2023-06-16 16:00:00+02:00,0.0
2023-06-16 16:15:00+02:00,0.0
2023-06-16 16:30:00+02:00,0.0
2023-06-16 16:45:00+02:00,0.0012694648960569945
2023-06-16 17:00:00+02:00,0.00320865326218607
2023-06-16 17:15:00+02:00,0.004808782413390797
2023-06-16 17:30:00+02:00,0.00640891445709855
2023-06-16 17:45:00+02:00,0.008009049003584326
2023-06-16 18:00:00+02:00,0.00960918573012681
2023-06-16 18:15:00+02:00,0.010272619464210863
2023-06-16 18:30:00+02:00,0.010939934914938117
2023-06-16 18:45:00+02:00,0.01161093399481184
2023-06-16 19:00:00+02:00,0.012285430882131878
2023-06-16 19:15:00+02:00,0.014432407527557607
2023-06-16 19:30:00+02:00,0.018693276613117735
2023-06-16 19:45:00+02:00,0.02321650366669597
2023-06-16 20:00:00+02:00,0.027968147244366928
2023-06-16 20:15:00+02:00,0.039051653938397844
2023-06-16 20:30:00+02:00,0.056433495695858336
2023-06-16 20:45:00+02:00,0.07881486837179347
2023-06-16 21:00:00+02:00,0.10663704021810097
2023-06-16 21:15:00+02:00,0.13518581781091657
2023-06-16 21:30:00+02:00,0.164774051219558
2023-06-16 21:45:00+02:00,0.20090926795925804
2023-06-16 22:00:00+02:00,0.24200581715450456
2023-06-16 22:15:00+02:00,0.2397877552265893
2023-06-16 22:30:00+02:00,0.23833211314389852
2023-06-16 22:45:00+02:00,0.2376435785277409
2023-06-16 23:00:00+02:00,0.23772438204930585
2023-06-16 23:15:00+02:00,0.21828746395164197
2023-06-16 23:30:00+02:00,0.1998298827131395
2023-06-16 23:45:00+02:00,0.18243442851505326
2023-06-17 00:00:00+02:00,0.16889389454795004
2023-06-17 00:15:00+02:00,0.1415829107336283
2023-06-17 00:30:00+02:00,0.11437270057669964
2023-06-17 00:45:00+02:00,0.09028100162907149
2023-06-17 01:00:00+02:00,0.07349130663347717
2023-06-17 01:15:00+02:00,0.055341985415666615
2023-06-17 01:30:00+02:00,0.040098343854182546
2023-06-17 01:45:00+02:00,0.029607341306074415
2023-06-17 02:00:00+02:00,0.019288654654435057
2023-06-17 02:15:00+02:00,0.013418955423224034
2023-06-17 02:30:00+02:00,0.010609479024728453
2023-06-17 02:45:00+02:00,0.00790316225413847
2023-06-17 03:00:00+02:00,0.005325437935591813
2023-06-17 03:15:00+02:00,0.0044718235398336125
2023-06-17 03:30:00+02:00,0.0036463619212809533
2023-06-17 03:45:00+02:00,0.0028513411941182903
2023-06-17 04:00:00+02:00,0.002089205339331268
2023-06-17 04:15:00+02:00,0.0015403431938103254
2023-06-17 04:30:00+02:00,0.0010104603331296251
2023-06-17 04:45:00+02:00,0.0005006297059043022
2023-06-17 05:00:00+02:00,1.1961309398873415e-05
2023-06-17 05:15:00+02:00,0.0004963831402812631
2023-06-17 05:30:00+02:00,0.0011080850002404866
2023-06-17 05:45:00+02:00,0.001839139012762219
2023-06-17 06:00:00+02:00,0.0026809074982085007
2023-06-17 06:15:00+02:00,0.002108946954611116
2023-06-17 06:30:00+02:00,0.0015729307882891292
2023-06-17 06:45:00+02:00,0.001074873444420373
2023-06-17 07:00:00+02:00,0.0006167836837108468
2023-06-17 07:15:00+02:00,0.0
2023-06-17 07:30:00+02:00,0.0
2023-06-17 07:45:00+02:00,0.0
2023-06-17 08:00:00+02:00,0.0
2023-06-17 08:15:00+02:00,0.0
2023-06-17 08:30:00+02:00,0.0
2023-06-17 08:45:00+02:00,0.0
2023-06-17 09:00:00+02:00,0.0
2023-06-17 09:15:00+02:00,0.0
2023-06-17 09:30:00+02:00,0.0
2023-06-17 09:45:00+02:00,0.0
2023-06-17 10:00:00+02:00,0.0
2023-06-17 10:15:00+02:00,0.0
2023-06-17 10:30:00+02:00,0.0
2023-06-17 10:45:00+02:00,0.0
2023-06-17 11:00:00+02:00,0.0
2023-06-17 11:15:00+02:00,0.0
2023-06-17 11:30:00+02:00,0.0
2023-06-17 11:45:00+02:00,0.0
2023-06-17 12:00:00+02:00,0.0
2023-06-17 12:15:00+02:00,0.0
2023-06-17 12:30:00+02:00,0.0
2023-06-17 12:45:00+02:00,0.0
2023-06-17 13:00:00+02:00,0.0
2023-06-17 13:15:00+02:00,0.0
2023-06-17 13:30:00+02:00,0.0
2023-06-17 13:45:00+02:00,0.0
2023-06-17 14:00:00+02:00,0.0
2023-06-17 14:15:00+02:00,0.0
2023-06-17 14:30:00+02:00,0.0
2023-06-17 14:45:00+02:00,0.0
2023-06-17 15:00:00+02:00,0.0
2023-06-17 15:15:00+02:00,0.0
2023-06-17 15:30:00+02:00,0.0
2023-06-17 15:45:00+02:00,0.0
2023-06-17 16:00:00+02:00,0.0
2023-06-17 16:15:00+02:00,0.0
2023-06-17 16:30:00+02:00,0.0
2023-06-17 16:45:00+02:00,0.0
2023-06-17 17:00:00+02:00,0.0
2023-06-17 17:15:00+02:00,0.0
2023-06-17 17:30:00+02:00,0.0
2023-06-17 17:45:00+02:00,0.0
2023-06-17 18:00:00+02:00,0.0
2023-06-17 18:15:00+02:00,0.0
2023-06-17 18:30:00+02:00,0.0
2023-06-17 18:45:00+02:00,0.0
2023-06-17 19:00:00+02:00,0.0
2023-06-17 19:15:00+02:00,0.0
2023-06-17 19:30:00+02:00,0.0
2023-06-17 19:45:00+02:00,0.0
2023-06-17 20:00:00+02:00,0.0
2023-06-17 20:15:00+02:00,0.0
2023-06-17 20:30:00+02:00,0.0
2023-06-17 20:45:00+02:00,0.0
2023-06-17 21:00:00+02:00,0.0
2023-06-17 21:15:00+02:00,0.0
2023-06-17 21:30:00+02:00,0.0
2023-06-17 21:45:00+02:00,0.0
2023-06-17 22:00:00+02:00,0.0
2023-06-17 22:15:00+02:00,0.0
2023-06-17 22:30:00+02:00,0.0
2023-06-17 22:45:00+02:00,0.0
2023-06-17 23:00:00+02:00,0.0
2023-06-17 23:15:00+02:00,0.0
2023-06-17 23:30:00+02:00,0.0
2023-06-17 23:45:00+02:00,0.0
2023-06-18 00:00:00+02:00,0.0
2023-06-18 00:15:00+02:00,0.0
2023-06-18 00:30:00+02:00,0.0
2023-06-18 00:45:00+02:00,0.0
2023-06-18 01:00:00+02:00,0.0
2023-06-18 01:15:00+02:00,0.0
2023-06-18 01:30:00+02:00,0.0
2023-06-18 01:45:00+02:00,0.0017764643259764049
2023-06-18 02:00:00+02:00,0.006077505588418571
2023-06-18 02:15:00+02:00,0.007102489465014008
2023-06-18 02:30:00+02:00,0.009188275608388533
2023-06-18 02:45:00+02:00,0.012168380233615614
2023-06-18 03:00:00+02:00,0.018297815306413907
2023-06-18 03:15:00+02:00,0.025542670357655693
2023-06-18 03:30:00+02:00,0.03383539541618917
2023-06-18 03:45:00+02:00,0.04295869752541201
2023-06-18 04:00:00+02:00,0.0587585716725981
2023-06-18 04:15:00+02:00,0.06945496359683949
2023-06-18 04:30:00+02:00,0.08077055623692929
2023-06-18 04:45:00+02:00,0.09262239110301314
2023-06-18 05:00:00+02:00,0.11080419190189203
2023-06-18 05:15:00+02:00,0.12623527593644718
2023-06-18 05:30:00+02:00,0.14352142777796845
2023-06-18 05:45:00+02:00,0.16246140629578137
2023-06-18 06:00:00+02:00,0.18461575461392332
2023-06-18 06:15:00+02:00,0.19102229558351802
2023-06-18 06:30:00+02:00,0.19745382538182463
2023-06-18 06:45:00+02:00,0.20390963132813877
2023-06-18 07:00:00+02:00,0.2103890250468994
2023-06-18 07:15:00+02:00,0.19299285422987122
2023-06-18 07:30:00+02:00,0.17603517408888117
2023-06-18 07:45:00+02:00,0.1628595182783785
2023-06-18 08:00:00+02:00,0.14969223671549178
2023-06-18 08:15:00+02:00,0.11225308270872843
2023-06-18 08:30:00+02:00,0.08276559660590278
2023-06-18 08:45:00+02:00,0.06002533738372136
2023-06-18 09:00:00+02:00,0.040319552314899226
2023-06-18 09:15:00+02:00,0.032837521133028395
2023-06-18 09:30:00+02:00,0.025787624959027835
2023-06-18 09:45:00+02:00,0.019264946135645496
2023-06-18 10:00:00+02:00,0.01361510774061679
2023-06-18 10:15:00+02:00,0.00977619970702592
2023-06-18 10:30:00+02:00,0.007252133055974484
2023-06-18 10:45:00+02:00,0.006337391026670466
2023-06-18 11:00:00+02:00,0.007159192331665161
2023-06-18 11:15:00+02:00,0.004293498926003305
2023-06-18 11:30:00+02:00,0.004360571699949887
2023-06-18 11:45:00+02:00,0.007343535930559017
2023-06-18 12:00:00+02:00,0.01259872478340798
2023-06-18 12:15:00+02:00,0.008123318165125877
2023-06-18 12:30:00+02:00,0.004093980864158673
2023-06-18 12:45:00+02:00,0.0007017505370198035
2023-06-18 13:00:00+02:00,0.0
2023-06-18 13:15:00+02:00,0.0
2023-06-18 13:30:00+02:00,0.0
2023-06-18 13:45:00+02:00,0.0
2023-06-18 14:00:00+02:00,0.0
2023-06-18 14:15:00+02:00,0.0017679309684540286
2023-06-18 14:30:00+02:00,0.0047670551384417885
2023-06-18 14:45:00+02:00,0.008501794024417031
2023-06-18 15:00:00+02:00,0.01276858858490769
2023-06-18 15:15:00+02:00,0.01296737691397208
2023-06-18 15:30:00+02:00,0.013195854320045108
2023-06-18 15:45:00+02:00,0.01345352534531387
2023-06-18 16:00:00+02:00,0.013739844353775248
2023-06-18 16:15:00+02:00,0.01371602876001481
2023-06-18 16:30:00+02:00,0.01387818646658963
2023-06-18 16:45:00+02:00,0.014474181849978819
2023-06-18 17:00:00+02:00,0.01538653821972151
2023-06-18 17:15:00+02:00,0.021815457115707405
2023-06-18 17:30:00+02:00,0.02884640557583751
2023-06-18 17:45:00+02:00,0.03636733271191124
2023-06-18 18:00:00+02:00,0.044452957403280674
2023-06-18 18:15:00+02:00,0.048336243032318114
2023-06-18 18:30:00+02:00,0.053708010957908545
2023-06-18 18:45:00+02:00,0.06045983318594687
2023-06-18 19:00:00+02:00,0.06846977187389336
2023-06-18 19:15:00+02:00,0.06609686717784972
2023-06-18 19:30:00+02:00,0.06606987178475596
2023-06-18 19:45:00+02:00,0.06838961495406458
2023-06-18 20:00:00+02:00,0.07298622498898419
2023-06-18 20:15:00+02:00,0.0751697577839135
2023-06-18 20:30:00+02:00,0.07863069067194717
2023-06-18 20:45:00+02:00,0.08331467964795833
2023-06-18 21:00:00+02:00,0.0891529522749773
2023-06-18 21:15:00+02:00,0.07433501031383571
2023-06-18 21:30:00+02:00,0.06650313428320433
2023-06-18 21:45:00+02:00,0.06638126638082678
2023-06-18 22:00:00+02:00,0.07398141739192791
2023-06-18 22:15:00+02:00,0.08417824380319737
2023-06-18 22:30:00+02:00,0.10855231219421521
2023-06-18 22:45:00+02:00,0.15138808838122617
2023-06-18 23:00:00+02:00,0.21128516140934595
2023-06-18 23:15:00+02:00,0.23634164474914948
2023-06-18 23:30:00+02:00,0.26321339117761217
2023-06-18 23:45:00+02:00,0.29348760630974785
2023-06-19 00:00:00+02:00,0.33231693258110523
2023-06-19 00:15:00+02:00,0.3578509711793905
2023-06-19 00:30:00+02:00,0.389553136799304
2023-06-19 00:45:00+02:00,0.4269862841548792
2023-06-19 01:00:00+02:00,0.4744764106695955
2023-06-19 01:15:00+02:00,0.45358408199294775
2023-06-19 01:30:00+02:00,0.4372008313077222
2023-06-19 01:45:00+02:00,0.42557596432189776
2023-06-19 02:00:00+02:00,0.41942503121554936
2023-06-19 02:15:00+02:00,0.41149820534492915
2023-06-19 02:30:00+02:00,0.4061355640444996
2023-06-19 02:45:00+02:00,0.4033745762943711
2023-06-19 03:00:00+02:00,0.40323481743785566
2023-06-19 03:15:00+02:00,0.41429996520762474
2023-06-19 03:30:00+02:00,0.4323359910899089
2023-06-19 03:45:00+02:00,0.4585317830559018
2023-06-19 04:00:00+02:00,0.491075470339727
2023-06-19 04:15:00+02:00,0.4831651692490071
2023-06-19 04:30:00+02:00,0.4807546458291792
2023-06-19 04:45:00+02:00,0.4838741493072179
2023-06-19 05:00:00+02:00,0.4924845754027095
2023-06-19 05:15:00+02:00,0.4881458356938772
2023-06-19 05:30:00+02:00,0.4840868658147355
2023-06-19 05:45:00+02:00,0.48031026382245023
2023-06-19 06:00:00+02:00,0.4768184759990652
2023-06-19 06:15:00+02:00,0.4555845281015948
2023-06-19 06:30:00+02:00,0.43436461773231305
2023-06-19 06:45:00+02:00,0.41454154031312634
2023-06-19 07:00:00+02:00,0.3955992942770984
2023-06-19 07:15:00+02:00,0.3824609599835766
2023-06-19 07:30:00+02:00,0.36943091956065705
2023-06-19 07:45:00+02:00,0.35651318885042493
2023-06-19 08:00:00+02:00,0.3437119474736046
2023-06-19 08:15:00+02:00,0.32386483037779157
2023-06-19 08:30:00+02:00,0.30402129342062517
2023-06-19 08:45:00+02:00,0.28453226355276734
2023-06-19 09:00:00+02:00,0.2692352348264247
2023-06-19 09:15:00+02:00,0.2596172614154105
2023-06-19 09:30:00+02:00,0.25001656175334314
2023-06-19 09:45:00+02:00,0.24043383357314468
2023-06-19 10:00:00+02:00,0.23086981128267461
2023-06-19 10:15:00+02:00,0.21989527868183575
2023-06-19 10:30:00+02:00,0.2089620166961393
2023-06-19 10:45:00+02:00,0.19807204364578843
2023-06-19 11:00:00+02:00,0.18722750282957593
2023-06-19 11:15:00+02:00,0.15561454189635712
2023-06-19 11:30:00+02:00,0.12683724581410044
2023-06-19 11:45:00+02:00,0.09861004019633111
2023-06-19 12:00:00+02:00,0.08016651012010767
2023-06-19 12:15:00+02:00,0.0829401044660993
2023-06-19 12:30:00+02:00,0.08572930525631968
2023-06-19 12:45:00+02:00,0.08853358856099483
2023-06-19 13:00:00+02:00,0.09135245099437293
2023-06-19 13:15:00+02:00,0.08324574540389403
2023-06-19 13:30:00+02:00,0.07514785782545287
2023-06-19 13:45:00+02:00,0.06705972876252736
2023-06-19 14:00:00+02:00,0.05898243599624121
2023-06-19 14:15:00+02:00,0.052849159116248434
2023-06-19 14:30:00+02:00,0.046736199178072285
2023-06-19 14:45:00+02:00,0.04203794004349128
2023-06-19 15:00:00+02:00,0.03845444234224797
2023-06-19 15:15:00+02:00,0.03539847198208938
2023-06-19 15:30:00+02:00,0.03235998464945188
2023-06-19 15:45:00+02:00,0.02934048033619019
2023-06-19 16:00:00+02:00,0.026341624566101493
2023-06-19 16:15:00+02:00,0.021714690079999648
2023-06-19 16:30:00+02:00,0.017088134046087826
2023-06-19 16:45:00+02:00,0.01319412619613573
2023-06-19 17:00:00+02:00,0.011081642904128946
2023-06-19 17:15:00+02:00,0.009850653262321043
2023-06-19 17:30:00+02:00,0.00862909521752343
2023-06-19 17:45:00+02:00,0.007417955275811151
2023-06-19 18:00:00+02:00,0.0062183521392212265
2023-06-19 18:15:00+02:00,0.003424935836229338
2023-06-19 18:30:00+02:00,0.000639442515222988
2023-06-19 18:45:00+02:00,0.0
2023-06-19 19:00:00+02:00,0.0
2023-06-19 19:15:00+02:00,0.0
2023-06-19 19:30:00+02:00,0.0
2023-06-19 19:45:00+02:00,0.0
2023-06-19 20:00:00+02:00,0.0
2023-06-19 20:15:00+02:00,0.0
2023-06-19 20:30:00+02:00,0.003071878896796455
2023-06-19 20:45:00+02:00,0.009515535814859467
2023-06-19 21:00:00+02:00,0.0191907970687
2023-06-19 21:15:00+02:00,0.024071864752158414
2023-06-19 21:30:00+02:00,0.029108669736363446
2023-06-19 21:45:00+02:00,0.03428004877714541
2023-06-19 22:00:00+02:00,0.039568078041480936
2023-06-19 22:15:00+02:00,0.04389869053885481
2023-06-19 22:30:00+02:00,0.051127465505085276
2023-06-19 22:45:00+02:00,0.05845999069947655
2023-06-19 23:00:00+02:00,0.06579301760001886
2023-06-19 23:15:00+02:00,0.08389302364183769
2023-06-19 23:30:00+02:00,0.11206882718307871
2023-06-19 23:45:00+02:00,0.15174997350170666
2023-06-20 00:00:00+02:00,0.20061034197659844
2023-06-20 00:15:00+02:00,0.20540804886557185
2023-06-20 00:30:00+02:00,0.21158866179923366
2023-06-20 00:45:00+02:00,0.21911511316489804
2023-06-20 01:00:00+02:00,0.2279440275366007
2023-06-20 01:15:00+02:00,0.18250383225255826
2023-06-20 01:30:00+02:00,0.1481982799824728
2023-06-20 01:45:00+02:00,0.11683734985951368
2023-06-20 02:00:00+02:00,0.09046627528660746
2023-06-20 02:15:00+02:00,0.06907964775533343
2023-06-20 02:30:00+02:00,0.049206640433016716
2023-06-20 02:45:00+02:00,0.03652811748090882
2023-06-20 03:00:00+02:00,0.027489716564771827
2023-06-20 03:15:00+02:00,0.020396168902628964
2023-06-20 03:30:00+02:00,0.016095058765843613
2023-06-20 03:45:00+02:00,0.01497936981158122
2023-06-20 04:00:00+02:00,0.01716251288030452
2023-06-20 04:15:00+02:00,0.016297948948993418
2023-06-20 04:30:00+02:00,0.01772360464513626
2023-06-20 04:45:00+02:00,0.0213398283876745
2023-06-20 05:00:00+02:00,0.026917974564515994
2023-06-20 05:15:00+02:00,0.02828452479136794
2023-06-20 05:30:00+02:00,0.029659999922445914
2023-06-20 05:45:00+02:00,0.03104405879706841
2023-06-20 06:00:00+02:00,0.03243637545222623
2023-06-20 06:15:00+02:00,0.03531359763756017
2023-06-20 06:30:00+02:00,0.038555220320940865
2023-06-20 06:45:00+02:00,0.04213147690547998
2023-06-20 07:00:00+02:00,0.04737511415768967
2023-06-20 07:15:00+02:00,0.039154926255783894
2023-06-20 07:30:00+02:00,0.03235262880056204
2023-06-20 07:45:00+02:00,0.02561740548061822
2023-06-20 08:00:00+02:00,0.018963394231169908
2023-06-20 08:15:00+02:00,0.019793632278953466
2023-06-20 08:30:00+02:00,0.02102094406654536
2023-06-20 08:45:00+02:00,0.022630642438178205
2023-06-20 09:00:00+02:00,0.024604537772214354
2023-06-20 09:15:00+02:00,0.023098754351854132
2023-06-20 09:30:00+02:00,0.02175638662438347
2023-06-20 09:45:00+02:00,0.020584185248844325
2023-06-20 10:00:00+02:00,0.019588351983084423
2023-06-20 10:15:00+02:00,0.019194920643449524
2023-06-20 10:30:00+02:00,0.019082742290916676
2023-06-20 10:45:00+02:00,0.01925280126797081
2023-06-20 11:00:00+02:00,0.01970360712543664
2023-06-20 11:15:00+02:00,0.01625466191275338
2023-06-20 11:30:00+02:00,0.013734269107259127
2023-06-20 11:45:00+02:00,0.012959293965653049
2023-06-20 12:00:00+02:00,0.01262537049211039
2023-06-20 12:15:00+02:00,0.014091732093408221
2023-06-20 12:30:00+02:00,0.017220276003419292
2023-06-20 12:45:00+02:00,0.02057786915442444
2023-06-20 13:00:00+02:00,0.024141681431823152
2023-06-20 13:15:00+02:00,0.028295358818478198
2023-06-20 13:30:00+02:00,0.032621969873795405
2023-06-20 13:45:00+02:00,0.037101827521888966
2023-06-20 14:00:00+02:00,0.04171757063004792
2023-06-20 14:15:00+02:00,0.048929579285217455
2023-06-20 14:30:00+02:00,0.057906632240819655
2023-06-20 14:45:00+02:00,0.06701640783653351
2023-06-20 15:00:00+02:00,0.07624359911916428
2023-06-20 15:15:00+02:00,0.07786031308026162
2023-06-20 15:30:00+02:00,0.07952082960443406
2023-06-20 15:45:00+02:00,0.08122424679221811
2023-06-20 16:00:00+02:00,0.08296966498330391
2023-06-20 16:15:00+02:00,0.08565850028748297
2023-06-20 16:30:00+02:00,0.08909313703802839
2023-06-20 16:45:00+02:00,0.09324331737572893
2023-06-20 17:00:00+02:00,0.09978972513303014
2023-06-20 17:15:00+02:00,0.0863897623166708
2023-06-20 17:30:00+02:00,0.08883701594894305
2023-06-20 17:45:00+02:00,0.11094463685693563
2023-06-20 18:00:00+02:00,0.1553376458769163
2023-06-20 18:15:00+02:00,0.12597830375291838
2023-06-20 18:30:00+02:00,0.09765477828554292
2023-06-20 18:45:00+02:00,0.07988087261397123
2023-06-20 19:00:00+02:00,0.06398262284606084
2023-06-20 19:15:00+02:00,0.04022070177430234
2023-06-20 19:30:00+02:00,0.024618283480448484
2023-06-20 19:45:00+02:00,0.011620335766859802
2023-06-20 20:00:00+02:00,0.004494933536459511
2023-06-20 20:15:00+02:00,0.012589359401393971
2023-06-20 20:30:00+02:00,0.029924324986912106
2023-06-20 20:45:00+02:00,0.052939091747289974
2023-06-20 21:00:00+02:00,0.08634028727023654
2023-06-20 21:15:00+02:00,0.10986323295796828
2023-06-20 21:30:00+02:00,0.138858876345836
2023-06-20 21:45:00+02:00,0.1679304798230473
2023-06-20 22:00:00+02:00,0.20334122886673459
2023-06-20 22:15:00+02:00,0.18130721794764246
2023-06-20 22:30:00+02:00,0.16374402297623578
2023-06-20 22:45:00+02:00,0.14723318503098048
2023-06-20 23:00:00+02:00,0.13083694493948758
2023-06-20 23:15:00+02:00,0.10910664962765507
2023-06-20 23:30:00+02:00,0.09035760077952826
2023-06-20 23:45:00+02:00,0.07685645459363534
2023-06-21 00:00:00+02:00,0.06338136809051924
2023-06-21 00:15:00+02:00,0.07619979604393867
2023-06-21 00:30:00+02:00,0.09033302385145724
2023-06-21 00:45:00+02:00,0.1118200598558416
2023-06-21 01:00:00+02:00,0.13775990637987276
2023-06-21 01:15:00+02:00,0.14748666783709113
2023-06-21 01:30:00+02:00,0.15721882506799267
2023-06-21 01:45:00+02:00,0.1669560515241286
2023-06-21 02:00:00+02:00,0.17669804633534775
2023-06-21 02:15:00+02:00,0.17707605105040464
2023-06-21 02:30:00+02:00,0.17805325987734466
2023-06-21 02:45:00+02:00,0.1797007337722432
2023-06-21 03:00:00+02:00,0.18191693071276827
2023-06-21 03:15:00+02:00,0.17535398533785765
2023-06-21 03:30:00+02:00,0.17016185789764443
2023-06-21 03:45:00+02:00,0.16525282309523434
2023-06-21 04:00:00+02:00,0.1606356376405589
2023-06-21 04:15:00+02:00,0.15733540473503843
2023-06-21 04:30:00+02:00,0.1541370532829564
2023-06-21 04:45:00+02:00,0.15104267871998242
2023-06-21 05:00:00+02:00,0.14805436339534317
2023-06-21 05:15:00+02:00,0.14425454939578639
2023-06-21 05:30:00+02:00,0.14048986078245432
2023-06-21 05:45:00+02:00,0.13676117476904046
2023-06-21 06:00:00+02:00,0.1330693892076105
2023-06-21 06:15:00+02:00,0.11788509873830057
2023-06-21 06:30:00+02:00,0.1027012111713412
2023-06-21 06:45:00+02:00,0.09042687933704807
2023-06-21 07:00:00+02:00,0.08096504840470432
2023-06-21 07:15:00+02:00,0.07776852802914454
2023-06-21 07:30:00+02:00,0.07459554432420673
2023-06-21 07:45:00+02:00,0.07144706232944022
2023-06-21 08:00:00+02:00,0.06832409248725323
2023-06-21 08:15:00+02:00,0.06661494063757421
2023-06-21 08:30:00+02:00,0.06490673833596472
2023-06-21 08:45:00+02:00,0.06319950731427405
2023-06-21 09:00:00+02:00,0.06149326995967023
2023-06-21 09:15:00+02:00,0.055358278947518054
2023-06-21 09:30:00+02:00,0.049317851027711655
2023-06-21 09:45:00+02:00,0.04365348397026851
2023-06-21 10:00:00+02:00,0.04021251696065596
2023-06-21 10:15:00+02:00,0.042468857856822126
2023-06-21 10:30:00+02:00,0.04522449997985723
2023-06-21 10:45:00+02:00,0.04910224394858289
2023-06-21 11:00:00+02:00,0.053006612363159206
2023-06-21 11:15:00+02:00,0.04122127428314217
2023-06-21 11:30:00+02:00,0.03439007309038489
2023-06-21 11:45:00+02:00,0.02909522679928297
2023-06-21 12:00:00+02:00,0.025575150036301397
2023-06-21 12:15:00+02:00,0.02722584268254346
2023-06-21 12:30:00+02:00,0.028898503361802337
2023-06-21 12:45:00+02:00,0.0305921066054219
2023-06-21 13:00:00+02:00,0.03230567810444281
2023-06-21 13:15:00+02:00,0.03758212783794825
2023-06-21 13:30:00+02:00,0.042869329942879696
2023-06-21 13:45:00+02:00,0.05101954720888084
2023-06-21 14:00:00+02:00,0.06000017396428671
2023-06-21 14:15:00+02:00,0.06264136914640615
2023-06-21 14:30:00+02:00,0.06528302391224272
2023-06-21 14:45:00+02:00,0.0679251223319775
2023-06-21 15:00:00+02:00,0.07056764920108648
2023-06-21 15:15:00+02:00,0.06729711694576986
2023-06-21 15:30:00+02:00,0.0642380682390938
2023-06-21 15:45:00+02:00,0.061399241196346495
2023-06-21 16:00:00+02:00,0.0587891803302093
2023-06-21 16:15:00+02:00,0.056585729959276895
2023-06-21 16:30:00+02:00,0.05471422619228688
2023-06-21 16:45:00+02:00,0.05318338233563938
2023-06-21 17:00:00+02:00,0.05200055339309181
2023-06-21 17:15:00+02:00,0.04710303972614543
2023-06-21 17:30:00+02:00,0.04299176227684785
2023-06-21 17:45:00+02:00,0.040165704031339455
2023-06-21 18:00:00+02:00,0.03737684319681209
2023-06-21 18:15:00+02:00,0.036581253646934084
2023-06-21 18:30:00+02:00,0.035966359141652575
2023-06-21 18:45:00+02:00,0.035535124194503546
2023-06-21 19:00:00+02:00,0.03528966658892088
2023-06-21 19:15:00+02:00,0.034256608686462214
2023-06-21 19:30:00+02:00,0.03462956164737632
2023-06-21 19:45:00+02:00,0.03639464162661097
2023-06-21 20:00:00+02:00,0.039488531899971174
2023-06-21 20:15:00+02:00,0.042555185737237114
2023-06-21 20:30:00+02:00,0.05006298085780228
2023-06-21 20:45:00+02:00,0.06156933955397291
2023-06-21 21:00:00+02:00,0.07560752118142469
2023-06-21 21:15:00+02:00,0.08532978191649038
2023-06-21 21:30:00+02:00,0.09642371258255072
2023-06-21 21:45:00+02:00,0.1148161304744228
2023-06-21 22:00:00+02:00,0.13435562102124196
2023-06-21 22:15:00+02:00,0.14236657977525538
2023-06-21 22:30:00+02:00,0.1516014983198589
2023-06-21 22:45:00+02:00,0.16198936213853413
2023-06-21 23:00:00+02:00,0.1734566903565407
2023-06-21 23:15:00+02:00,0.20719664875689087
2023-06-21 23:30:00+02:00,0.24385529238137454
2023-06-21 23:45:00+02:00,0.2819384142534742
2023-06-22 00:00:00+02:00,0.331781938984236
2023-06-22 00:15:00+02:00,0.313897513025972
2023-06-22 00:30:00+02:00,0.29651998746294667
2023-06-22 00:45:00+02:00,0.2810579521438457
2023-06-22 01:00:00+02:00,0.26850182709434944
2023-06-22 01:15:00+02:00,0.26358535110617126
2023-06-22 01:30:00+02:00,0.25892250205125544
2023-06-22 01:45:00+02:00,0.25451815917960935
2023-06-22 02:00:00+02:00,0.25037704680548917
2023-06-22 02:15:00+02:00,0.24200714070024382
2023-06-22 02:30:00+02:00,0.23403647521381468
2023-06-22 02:45:00+02:00,0.22647870613818874
2023-06-22 03:00:00+02:00,0.21934736276981068
2023-06-22 03:15:00+02:00,0.21296009549077247
2023-06-22 03:30:00+02:00,0.20659410496436326
2023-06-22 03:45:00+02:00,0.2002499950866966
2023-06-22 04:00:00+02:00,0.19392839062937958
2023-06-22 04:15:00+02:00,0.18535168819625994
2023-06-22 04:30:00+02:00,0.1777844240123959
2023-06-22 04:45:00+02:00,0.1727414509054567
2023-06-22 05:00:00+02:00,0.16861269110061652
2023-06-22 05:15:00+02:00,0.154872319026633
2023-06-22 05:30:00+02:00,0.14142421583808698
2023-06-22 05:45:00+02:00,0.12829495320279688
2023-06-22 06:00:00+02:00,0.11551367066620516
2023-06-22 06:15:00+02:00,0.11516663425036489
2023-06-22 06:30:00+02:00,0.11551495356319459
2023-06-22 06:45:00+02:00,0.11655694675204972
2023-06-22 07:00:00+02:00,0.11828761478787134
2023-06-22 07:15:00+02:00,0.11391315459656859
2023-06-22 07:30:00+02:00,0.10972350299197642
2023-06-22 07:45:00+02:00,0.10572417484581312
2023-06-22 08:00:00+02:00,0.10192064100185462
2023-06-22 08:15:00+02:00,0.09382992020506634
2023-06-22 08:30:00+02:00,0.08847939766352819
2023-06-22 08:45:00+02:00,0.08336562165045401
2023-06-22 09:00:00+02:00,0.07850377547350755
2023-06-22 09:15:00+02:00,0.07663619356952796
2023-06-22 09:30:00+02:00,0.07520096769331076
2023-06-22 09:45:00+02:00,0.07420602230694526
2023-06-22 10:00:00+02:00,0.07365696467175196
2023-06-22 10:15:00+02:00,0.06489862605715684
2023-06-22 10:30:00+02:00,0.05623658186730284
2023-06-22 10:45:00+02:00,0.047682839905912114
2023-06-22 11:00:00+02:00,0.04121444388315809
2023-06-22 11:15:00+02:00,0.035760586073521686
2023-06-22 11:30:00+02:00,0.030640596871185446
2023-06-22 11:45:00+02:00,0.02590436927290877
2023-06-22 12:00:00+02:00,0.021607269912922836
2023-06-22 12:15:00+02:00,0.03164227321784207
2023-06-22 12:30:00+02:00,0.04204837569570808
2023-06-22 12:45:00+02:00,0.05875671071545276
2023-06-22 13:00:00+02:00,0.07721855813845967
2023-06-22 13:15:00+02:00,0.09856744220310773
2023-06-22 13:30:00+02:00,0.13239782009874115
2023-06-22 13:45:00+02:00,0.1674809908483798
2023-06-22 14:00:00+02:00,0.21191087058630295
2023-06-22 14:15:00+02:00,0.2404289209376034
2023-06-22 14:30:00+02:00,0.2703592646099429
2023-06-22 14:45:00+02:00,0.3062330951577121
2023-06-22 15:00:00+02:00,0.3480939924521892
2023-06-22 15:15:00+02:00,0.4024314194180673
2023-06-22 15:30:00+02:00,0.46041516973895175
2023-06-22 15:45:00+02:00,0.5212336927466937
2023-06-22 16:00:00+02:00,0.5820660640183054
2023-06-22 16:15:00+02:00,0.6313306784668192
2023-06-22 16:30:00+02:00,0.6808396655882403
2023-06-22 16:45:00+02:00,0.7305526965777231
2023-06-22 17:00:00+02:00,0.7731567780321132
2023-06-22 17:15:00+02:00,0.76542091753429
2023-06-22 17:30:00+02:00,0.7584747805238805
2023-06-22 17:45:00+02:00,0.7523310730023385
2023-06-22 18:00:00+02:00,0.7470012611445166
2023-06-22 18:15:00+02:00,0.7795431853906911
2023-06-22 18:30:00+02:00,0.8243417934745454
2023-06-22 18:45:00+02:00,0.8769765376759839
2023-06-22 19:00:00+02:00,0.9183735684270251
2023-06-22 19:15:00+02:00,0.9558447399433131
2023-06-22 19:30:00+02:00,0.9750639541618156
2023-06-22 19:45:00+02:00,0.9903779238931646
2023-06-22 20:00:00+02:00,0.9971977209269542
2023-06-22 20:15:00+02:00,0.999101401230337
2023-06-22 20:30:00+02:00,1.0
2023-06-22 20:45:00+02:00,1.0
2023-06-22 21:00:00+02:00,1.0
2023-06-22 21:15:00+02:00,1.0
2023-06-22 21:30:00+02:00,0.996940838578823
2023-06-22 21:45:00+02:00,0.9929975696644558
2023-06-22 22:00:00+02:00,0.9890554170403587
2023-06-22 22:15:00+02:00,0.9720556369095208
2023-06-22 22:30:00+02:00,0.9532906028563828
2023-06-22 22:45:00+02:00,0.9123084872294679
2023-06-22 23:00:00+02:00,0.870161333235766
2023-06-22 23:15:00+02:00,0.7469596301876592
2023-06-22 23:30:00+02:00,0.5991291346417152
2023-06-22 23:45:00+02:00,0.45763936778687003
2023-06-23 00:00:00+02:00,0.3345620542461807
2023-06-23 00:15:00+02:00,0.3613290687893785
2023-06-23 00:30:00+02:00,0.3889908075728867
2023-06-23 00:45:00+02:00,0.4174806876125435
2023-06-23 01:00:00+02:00,0.44917456473659984
2023-06-23 01:15:00+02:00,0.42072325782615455
2023-06-23 01:30:00+02:00,0.3947803005813135
2023-06-23 01:45:00+02:00,0.36891314176165335
2023-06-23 02:00:00+02:00,0.34312743316209937
2023-06-23 02:15:00+02:00,0.33623222582842993
2023-06-23 02:30:00+02:00,0.3297498543777128
2023-06-23 02:45:00+02:00,0.3236881798113261
2023-06-23 03:00:00+02:00,0.3180547344800248
2023-06-23 03:15:00+02:00,0.31887065931163083
2023-06-23 03:30:00+02:00,0.32143824544880256
2023-06-23 03:45:00+02:00,0.3257443083888308
2023-06-23 04:00:00+02:00,0.33176703150326897
2023-06-23 04:15:00+02:00,0.34940443523471526
2023-06-23 04:30:00+02:00,0.3675774720611489
2023-06-23 04:45:00+02:00,0.38625919995562963
2023-06-23 05:00:00+02:00,0.40542377282242303
2023-06-23 05:15:00+02:00,0.38825997917283017
2023-06-23 05:30:00+02:00,0.3711900465916666
2023-06-23 05:45:00+02:00,0.35421854481175685
2023-06-23 06:00:00+02:00,0.33735031607042154
2023-06-23 06:15:00+02:00,0.3134213699859567
2023-06-23 06:30:00+02:00,0.2896044918347294
2023-06-23 06:45:00+02:00,0.27043994062615934
2023-06-23 07:00:00+02:00,0.25226537663201204
2023-06-23 07:15:00+02:00,0.2371190906141761
2023-06-23 07:30:00+02:00,0.22264659078256016
2023-06-23 07:45:00+02:00,0.20889080393079454
2023-06-23 08:00:00+02:00,0.19589597413831047
2023-06-23 08:15:00+02:00,0.16627058259551925
2023-06-23 08:30:00+02:00,0.1413977218106943
2023-06-23 08:45:00+02:00,0.11684893658705728
2023-06-23 09:00:00+02:00,0.09364560619957947
2023-06-23 09:15:00+02:00,0.0857869000819677
2023-06-23 09:30:00+02:00,0.07819452550864706
2023-06-23 09:45:00+02:00,0.07089467580797658
2023-06-23 10:00:00+02:00,0.06391587150276436
2023-06-23 10:15:00+02:00,0.062423207160186525
2023-06-23 10:30:00+02:00,0.0609326206565343
2023-06-23 10:45:00+02:00,0.059444154195944246
2023-06-23 11:00:00+02:00,0.05795785107080859
2023-06-23 11:15:00+02:00,0.0427337896426266
2023-06-23 11:30:00+02:00,0.03320521575751714
2023-06-23 11:45:00+02:00,0.02367920670760472
2023-06-23 12:00:00+02:00,0.014156567425723009
2023-06-23 12:15:00+02:00,0.017387249297152324
2023-06-23 12:30:00+02:00,0.02061818562074347
2023-06-23 12:45:00+02:00,0.023849351917536763
2023-06-23 13:00:00+02:00,0.027080726749495222
2023-06-23 13:15:00+02:00,0.031802935868101116
2023-06-23 13:30:00+02:00,0.036571207880139726
2023-06-23 13:45:00+02:00,0.04137997228062642
2023-06-23 14:00:00+02:00,0.047732864418651856
2023-06-23 14:15:00+02:00,0.051841448863621235
2023-06-23 14:30:00+02:00,0.056084044008582135
2023-06-23 14:45:00+02:00,0.06045293790747643
2023-06-23 15:00:00+02:00,0.06494079489271794
2023-06-23 15:15:00+02:00,0.06040139346299451
2023-06-23 15:30:00+02:00,0.05588332981907297
2023-06-23 15:45:00+02:00,0.051387967536059384
2023-06-23 16:00:00+02:00,0.046916781121678276
2023-06-23 16:15:00+02:00,0.04969839177284816
2023-06-23 16:30:00+02:00,0.05251878047673745
2023-06-23 16:45:00+02:00,0.055376428859946834
2023-06-23 17:00:00+02:00,0.05826987825935913
2023-06-23 17:15:00+02:00,0.05543008268166649
2023-06-23 17:30:00+02:00,0.052593015747464944
2023-06-23 17:45:00+02:00,0.049758787798844274
2023-06-23 18:00:00+02:00,0.04692751508890711
2023-06-23 18:15:00+02:00,0.04416777216815843
2023-06-23 18:30:00+02:00,0.04249197015992765
2023-06-23 18:45:00+02:00,0.04086904489145216
2023-06-23 19:00:00+02:00,0.03924997240873967
2023-06-23 19:15:00+02:00,0.037282796277172854
2023-06-23 19:30:00+02:00,0.03534594890740309
2023-06-23 19:45:00+02:00,0.03344102735015635
2023-06-23 20:00:00+02:00,0.031569713567195755
2023-06-23 20:15:00+02:00,0.030214968014319776
2023-06-23 20:30:00+02:00,0.028953106199331134
2023-06-23 20:45:00+02:00,0.027787486775529734
2023-06-23 21:00:00+02:00,0.02672135748853778
2023-06-23 21:15:00+02:00,0.025545871717496095
2023-06-23 21:30:00+02:00,0.024372822518281084
2023-06-23 21:45:00+02:00,0.023202295545788298
2023-06-23 22:00:00+02:00,0.02203438031976734
2023-06-23 22:15:00+02:00,0.016974690843497293
2023-06-23 22:30:00+02:00,0.012944897437206504
2023-06-23 22:45:00+02:00,0.010635456946689015
2023-06-23 23:00:00+02:00,0.008326845694213648
2023-06-23 23:15:00+02:00,0.0014880279191490321
2023-06-23 23:30:00+02:00,0.0
2023-06-23 23:45:00+02:00,0.0
2023-06-24 00:00:00+02:00,0.0
2023-06-24 00:15:00+02:00,0.0
2023-06-24 00:30:00+02:00,0.0
2023-06-24 00:45:00+02:00,0.0
2023-06-24 01:00:00+02:00,0.0
2023-06-24 01:15:00+02:00,0.0
2023-06-24 01:30:00+02:00,0.0
2023-06-24 01:45:00+02:00,0.0
2023-06-24 02:00:00+02:00,0.0
2023-06-24 02:15:00+02:00,0.0
2023-06-24 02:30:00+02:00,0.004315985705198895
2023-06-24 02:45:00+02:00,0.010180726320475569
2023-06-24 03:00:00+02:00,0.018891985824258252
2023-06-24 03:15:00+02:00,0.028002558495847617
2023-06-24 03:30:00+02:00,0.037256618179887076
2023-06-24 03:45:00+02:00,0.04840568910099627
2023-06-24 04:00:00+02:00,0.06440887455766404
2023-06-24 04:15:00+02:00,0.07174945949353329
2023-06-24 04:30:00+02:00,0.07921079991140624
2023-06-24 04:45:00+02:00,0.08678197470226959
2023-06-24 05:00:00+02:00,0.0944532072371031
2023-06-24 05:15:00+02:00,0.10130531181195472
2023-06-24 05:30:00+02:00,0.10879818528360057
2023-06-24 05:45:00+02:00,0.11644859552243023
2023-06-24 06:00:00+02:00,0.12424832004186631
2023-06-24 06:15:00+02:00,0.11676334730473574
2023-06-24 06:30:00+02:00,0.1092799670776945
2023-06-24 06:45:00+02:00,0.10179826504075197
2023-06-24 07:00:00+02:00,0.09466491014445637
2023-06-24 07:15:00+02:00,0.07733572869736074
2023-06-24 07:30:00+02:00,0.06011359131107952
2023-06-24 07:45:00+02:00,0.043443941412983085
2023-06-24 08:00:00+02:00,0.03345115042106804
2023-06-24 08:15:00+02:00,0.0298150618542251
2023-06-24 08:30:00+02:00,0.02628213514406656
2023-06-24 08:45:00+02:00,0.022863330206469204
2023-06-24 09:00:00+02:00,0.019570780208241774
2023-06-24 09:15:00+02:00,0.020011297580422315
2023-06-24 09:30:00+02:00,0.020455968485624587
2023-06-24 09:45:00+02:00,0.020904736274296492
2023-06-24 10:00:00+02:00,0.021357544814574143
2023-06-24 10:15:00+02:00,0.022756353372745983
2023-06-24 10:30:00+02:00,0.024215370543155385
2023-06-24 10:45:00+02:00,0.02573202869971736
2023-06-24 11:00:00+02:00,0.02730381114115831
2023-06-24 11:15:00+02:00,0.021953818434980035
2023-06-24 11:30:00+02:00,0.017029944965586415
2023-06-24 11:45:00+02:00,0.013258303740054286
2023-06-24 12:00:00+02:00,0.011498250054105201
2023-06-24 12:15:00+02:00,0.011613815483920415
2023-06-24 12:30:00+02:00,0.011819888482282274
2023-06-24 12:45:00+02:00,0.012115060875993535
2023-06-24 13:00:00+02:00,0.012497365961044364
2023-06-24 13:15:00+02:00,0.01168532028457829
2023-06-24 13:30:00+02:00,0.010995373624352918
2023-06-24 13:45:00+02:00,0.010434167928480039
2023-06-24 14:00:00+02:00,0.010007464216824597
2023-06-24 14:15:00+02:00,0.008284864990191054
2023-06-24 14:30:00+02:00,0.0065919838632560335
2023-06-24 14:45:00+02:00,0.004933457602962615
2023-06-24 15:00:00+02:00,0.003314812535956386
2023-06-24 15:15:00+02:00,0.0017498261853955237
2023-06-24 15:30:00+02:00,0.0002002401513513212
2023-06-24 15:45:00+02:00,0.0
2023-06-24 16:00:00+02:00,0.0
2023-06-24 16:15:00+02:00,0.0
2023-06-24 16:30:00+02:00,0.0
2023-06-24 16:45:00+02:00,0.0
2023-06-24 17:00:00+02:00,0.0
2023-06-24 17:15:00+02:00,0.0
2023-06-24 17:30:00+02:00,0.0
2023-06-24 17:45:00+02:00,0.0
2023-06-24 18:00:00+02:00,0.0
2023-06-24 18:15:00+02:00,0.0
2023-06-24 18:30:00+02:00,0.0
2023-06-24 18:45:00+02:00,0.0
2023-06-24 19:00:00+02:00,0.0
2023-06-24 19:15:00+02:00,0.0
2023-06-24 19:30:00+02:00,0.0
2023-06-24 19:45:00+02:00,0.0
2023-06-24 20:00:00+02:00,0.0
2023-06-24 20:15:00+02:00,0.0
2023-06-24 20:30:00+02:00,0.0
2023-06-24 20:45:00+02:00,0.0
2023-06-24 21:00:00+02:00,6.519379177804144e-06
2023-06-24 21:15:00+02:00,0.0016986818230528137
2023-06-24 21:30:00+02:00,0.003747255420615317
2023-06-24 21:45:00+02:00,0.006087317835874097
2023-06-24 22:00:00+02:00,0.008662512119399625
2023-06-24 22:15:00+02:00,0.00982045119572531
2023-06-24 22:30:00+02:00,0.011143239794074868
2023-06-24 22:45:00+02:00,0.012614621602673992
2023-06-24 23:00:00+02:00,0.014705964944232545
2023-06-24 23:15:00+02:00,0.024480713738355836
2023-06-24 23:30:00+02:00,0.03529128447436787
2023-06-24 23:45:00+02:00,0.04881983920423886
2023-06-25 00:00:00+02:00,0.06937983175226667
2023-06-25 00:15:00+02:00,0.0732024560050994
2023-06-25 00:30:00+02:00,0.07817234031234448
2023-06-25 00:45:00+02:00,0.08421965845440697
2023-06-25 01:00:00+02:00,0.09126685007081459
2023-06-25 01:15:00+02:00,0.09031552389827512
2023-06-25 01:30:00+02:00,0.09001853175753449
2023-06-25 01:45:00+02:00,0.09037819549784622
2023-06-25 02:00:00+02:00,0.09139170470609641
2023-06-25 02:15:00+02:00,0.08884192792226264
2023-06-25 02:30:00+02:00,0.08641581054312748
2023-06-25 02:45:00+02:00,0.08411702874651819
2023-06-25 03:00:00+02:00,0.0819492013574836
2023-06-25 03:15:00+02:00,0.08113927709113519
2023-06-25 03:30:00+02:00,0.0803305507701978
2023-06-25 03:45:00+02:00,0.07952303449283349
2023-06-25 04:00:00+02:00,0.07871674050219107
2023-06-25 04:15:00+02:00,0.08185717373580231
2023-06-25 04:30:00+02:00,0.08502131344580782
2023-06-25 04:45:00+02:00,0.08820825561041745
2023-06-25 05:00:00+02:00,0.09141713556176409
2023-06-25 05:15:00+02:00,0.09448321737805897
2023-06-25 05:30:00+02:00,0.09894683457414329
2023-06-25 05:45:00+02:00,0.1038669505410116
2023-06-25 06:00:00+02:00,0.10878712538078097
2023-06-25 06:15:00+02:00,0.10822616053912461
2023-06-25 06:30:00+02:00,0.10774109192445996
2023-06-25 06:45:00+02:00,0.10733218075362827
2023-06-25 07:00:00+02:00,0.10699964816333009
2023-06-25 07:15:00+02:00,0.09109838845382935
2023-06-25 07:30:00+02:00,0.0798153611429119
2023-06-25 07:45:00+02:00,0.06874616692203632
2023-06-25 08:00:00+02:00,0.05792328606181595
2023-06-25 08:15:00+02:00,0.041285810205876294
2023-06-25 08:30:00+02:00,0.0304066749269547
2023-06-25 08:45:00+02:00,0.019633248583613327
2023-06-25 09:00:00+02:00,0.011615473045928339
2023-06-25 09:15:00+02:00,0.010860991842946574
2023-06-25 09:30:00+02:00,0.01015716024164528
2023-06-25 09:45:00+02:00,0.009506858993766075
2023-06-25 10:00:00+02:00,0.008912946871588836
2023-06-25 10:15:00+02:00,0.009309002893153869
2023-06-25 10:30:00+02:00,0.00975802503567952
2023-06-25 10:45:00+02:00,0.01025812965538813
2023-06-25 11:00:00+02:00,0.010807322346882656
2023-06-25 11:15:00+02:00,0.008712105738006492
2023-06-25 11:30:00+02:00,0.006626731397305078
2023-06-25 11:45:00+02:00,0.004553113286116715
2023-06-25 12:00:00+02:00,0.002493680169489695
2023-06-25 12:15:00+02:00,0.003932685497638138
2023-06-25 12:30:00+02:00,0.005449125563892183
2023-06-25 12:45:00+02:00,0.007032835732908152
2023-06-25 13:00:00+02:00,0.008675010974729357
2023-06-25 13:15:00+02:00,0.009503911292199857
2023-06-25 13:30:00+02:00,0.010360147262903742
2023-06-25 13:45:00+02:00,0.011241912043237236
2023-06-25 14:00:00+02:00,0.012147507478215212
2023-06-25 14:15:00+02:00,0.012559487938691745
2023-06-25 14:30:00+02:00,0.012995783952438741
2023-06-25 14:45:00+02:00,0.013455620685768624
2023-06-25 15:00:00+02:00,0.01409131686788595
2023-06-25 15:15:00+02:00,0.015016086686374046
2023-06-25 15:30:00+02:00,0.015966235373819616
2023-06-25 15:45:00+02:00,0.01694099208234827
2023-06-25 16:00:00+02:00,0.017939598093011655
2023-06-25 16:15:00+02:00,0.019995197558389813
2023-06-25 16:30:00+02:00,0.022090464377351012
2023-06-25 16:45:00+02:00,0.024222932973773422
2023-06-25 17:00:00+02:00,0.02639029934387015
2023-06-25 17:15:00+02:00,0.028297240214236845
2023-06-25 17:30:00+02:00,0.03021730978120761
2023-06-25 17:45:00+02:00,0.03214981459573708
2023-06-25 18:00:00+02:00,0.03409410516185903
2023-06-25 18:15:00+02:00,0.0353258488512045
2023-06-25 18:30:00+02:00,0.03658042805807102
2023-06-25 18:45:00+02:00,0.037857093869717875
2023-06-25 19:00:00+02:00,0.03915511742640017
2023-06-25 19:15:00+02:00,0.04033890685537926
2023-06-25 19:30:00+02:00,0.04168403960040259
2023-06-25 19:45:00+02:00,0.04318509413913846
2023-06-25 20:00:00+02:00,0.0453827928543557
2023-06-25 20:15:00+02:00,0.05605870518835141
2023-06-25 20:30:00+02:00,0.06673799652014639
2023-06-25 20:45:00+02:00,0.07742021225033012
2023-06-25 21:00:00+02:00,0.088104975731645
2023-06-25 21:15:00+02:00,0.09751699847244219
2023-06-25 21:30:00+02:00,0.11203741179095955
2023-06-25 21:45:00+02:00,0.12727492181151134
2023-06-25 22:00:00+02:00,0.14315806036389658
2023-06-25 22:15:00+02:00,0.14536574641633365
2023-06-25 22:30:00+02:00,0.14906031500203953
2023-06-25 22:45:00+02:00,0.15420667956791134
2023-06-25 23:00:00+02:00,0.16075777646828376
2023-06-25 23:15:00+02:00,0.1654220126878439
2023-06-25 23:30:00+02:00,0.1822530943228927
2023-06-25 23:45:00+02:00,0.21608783392210495
2023-06-26 00:00:00+02:00,0.2612911496523883
2023-06-26 00:15:00+02:00,0.2609619859290194
2023-06-26 00:30:00+02:00,0.2620625639428983
2023-06-26 00:45:00+02:00,0.26458648031493426
2023-06-26 01:00:00+02:00,0.2685191938237614
2023-06-26 01:15:00+02:00,0.2778401415922089
2023-06-26 01:30:00+02:00,0.28763207095129695
2023-06-26 01:45:00+02:00,0.2998004734741525
2023-06-26 02:00:00+02:00,0.3120076115358499
2023-06-26 02:15:00+02:00,0.33230283688194245
2023-06-26 02:30:00+02:00,0.35665233977628963
2023-06-26 02:45:00+02:00,0.3847825419933915
2023-06-26 03:00:00+02:00,0.41640708175099955
2023-06-26 03:15:00+02:00,0.43162331587118397
2023-06-26 03:30:00+02:00,0.4609986179904122
2023-06-26 03:45:00+02:00,0.5025134913431863
2023-06-26 04:00:00+02:00,0.5550775382530455
2023-06-26 04:15:00+02:00,0.5370725329640204
2023-06-26 04:30:00+02:00,0.5199627197291552
2023-06-26 04:45:00+02:00,0.5037825250843497
2023-06-26 05:00:00+02:00,0.4885661469684688
2023-06-26 05:15:00+02:00,0.46589217152093815
2023-06-26 05:30:00+02:00,0.4437934065390772
2023-06-26 05:45:00+02:00,0.4227128771664891
2023-06-26 06:00:00+02:00,0.40406905673878846
2023-06-26 06:15:00+02:00,0.410149112717655
2023-06-26 06:30:00+02:00,0.4163073869517306
2023-06-26 06:45:00+02:00,0.4225425893882971
2023-06-26 07:00:00+02:00,0.42916938776608177
2023-06-26 07:15:00+02:00,0.4574984942263702
2023-06-26 07:30:00+02:00,0.4876410502892638
2023-06-26 07:45:00+02:00,0.5194756287883544
2023-06-26 08:00:00+02:00,0.5528854619631154
2023-06-26 08:15:00+02:00,0.5476790898472419
2023-06-26 08:30:00+02:00,0.5463091128324721
2023-06-26 08:45:00+02:00,0.5487869587183674
2023-06-26 09:00:00+02:00,0.5550919912799422
2023-06-26 09:15:00+02:00,0.5192640660479619
2023-06-26 09:30:00+02:00,0.4841160944647097
2023-06-26 09:45:00+02:00,0.4497040623038492
2023-06-26 10:00:00+02:00,0.4171602754235531
2023-06-26 10:15:00+02:00,0.404221500217868
2023-06-26 10:30:00+02:00,0.39134584356960056
2023-06-26 10:45:00+02:00,0.3785355710279052
2023-06-26 11:00:00+02:00,0.3657930455219639
2023-06-26 11:15:00+02:00,0.3482776608432804
2023-06-26 11:30:00+02:00,0.3314059946370958
2023-06-26 11:45:00+02:00,0.3152102165179659
2023-06-26 12:00:00+02:00,0.29972325414024925
2023-06-26 12:15:00+02:00,0.3259906117874557
2023-06-26 12:30:00+02:00,0.35240679609633324
2023-06-26 12:45:00+02:00,0.37896085178379324
2023-06-26 13:00:00+02:00,0.4056428237489419
2023-06-26 13:15:00+02:00,0.426552647570012
2023-06-26 13:30:00+02:00,0.4501926592897148
2023-06-26 13:45:00+02:00,0.4741091160076188
2023-06-26 14:00:00+02:00,0.49828709592556947
2023-06-26 14:15:00+02:00,0.5065446437224648
2023-06-26 14:30:00+02:00,0.5154668479762325
2023-06-26 14:45:00+02:00,0.5250405887693418
2023-06-26 15:00:00+02:00,0.5352521691542681
2023-06-26 15:15:00+02:00,0.5328829825878356
2023-06-26 15:30:00+02:00,0.5310106880163976
2023-06-26 15:45:00+02:00,0.5296373367465468
2023-06-26 16:00:00+02:00,0.5287644406183672
2023-06-26 16:15:00+02:00,0.5222969781121101
2023-06-26 16:30:00+02:00,0.5161713214839417
2023-06-26 16:45:00+02:00,0.5103921536226581
2023-06-26 17:00:00+02:00,0.5049639712621594
2023-06-26 17:15:00+02:00,0.49171925327792526
2023-06-26 17:30:00+02:00,0.47875538499390924
2023-06-26 17:45:00+02:00,0.4660807877298486
2023-06-26 18:00:00+02:00,0.4537040234776116
2023-06-26 18:15:00+02:00,0.43231900267435047
2023-06-26 18:30:00+02:00,0.4128043920827862
2023-06-26 18:45:00+02:00,0.3942051516056901
2023-06-26 19:00:00+02:00,0.37588507953754924
2023-06-26 19:15:00+02:00,0.34038523918014646
2023-06-26 19:30:00+02:00,0.3053703301688461
2023-06-26 19:45:00+02:00,0.27428427222664076
2023-06-26 20:00:00+02:00,0.24815619481496076
2023-06-26 20:15:00+02:00,0.22476518338170695
2023-06-26 20:30:00+02:00,0.20150744327509604
2023-06-26 20:45:00+02:00,0.17839725811838789
2023-06-26 21:00:00+02:00,0.16075268320639885
2023-06-26 21:15:00+02:00,0.14722477503319115
2023-06-26 21:30:00+02:00,0.1336968868857727
2023-06-26 21:45:00+02:00,0.12016902062969786
2023-06-26 22:00:00+02:00,0.1066411783696643
2023-06-26 22:15:00+02:00,0.09526206091676201
2023-06-26 22:30:00+02:00,0.088240353497006
2023-06-26 22:45:00+02:00,0.08131317111942366
2023-06-26 23:00:00+02:00,0.0744790376044285
2023-06-26 23:15:00+02:00,0.06877368119304521
2023-06-26 23:30:00+02:00,0.06314209032490682
2023-06-26 23:45:00+02:00,0.05758997385964423
2023-06-27 00:00:00+02:00,0.05212355142804294
2023-06-27 00:15:00+02:00,0.05065181625660403
2023-06-27 00:30:00+02:00,0.051248675592526396
2023-06-27 00:45:00+02:00,0.05389687110235825
2023-06-27 01:00:00+02:00,0.05852208000783536
2023-06-27 01:15:00+02:00,0.0628676727182185
2023-06-27 01:30:00+02:00,0.06903010179322157
2023-06-27 01:45:00+02:00,0.07686803353338151
2023-06-27 02:00:00+02:00,0.08622197452348604
2023-06-27 02:15:00+02:00,0.09332884278496656
2023-06-27 02:30:00+02:00,0.10452107497631176
2023-06-27 02:45:00+02:00,0.11772976998138106
2023-06-27 03:00:00+02:00,0.13172411867555514
2023-06-27 03:15:00+02:00,0.14563344057361213
2023-06-27 03:30:00+02:00,0.15962710953025464
2023-06-27 03:45:00+02:00,0.17369788691937674
2023-06-27 04:00:00+02:00,0.19117385328201936
2023-06-27 04:15:00+02:00,0.19462319051345295
2023-06-27 04:30:00+02:00,0.1983071708213025
2023-06-27 04:45:00+02:00,0.2022219514425489
2023-06-27 05:00:00+02:00,0.206363540242691
2023-06-27 05:15:00+02:00,0.20151653459551255
2023-06-27 05:30:00+02:00,0.1966781112189581
2023-06-27 05:45:00+02:00,0.19184845759246455
2023-06-27 06:00:00+02:00,0.18702776634120902
2023-06-27 06:15:00+02:00,0.18079489081288713
2023-06-27 06:30:00+02:00,0.17525566404551438
2023-06-27 06:45:00+02:00,0.17055428596152247
2023-06-27 07:00:00+02:00,0.16586577510669986
2023-06-27 07:15:00+02:00,0.1413596855112101
2023-06-27 07:30:00+02:00,0.11686734470353582
2023-06-27 07:45:00+02:00,0.09346396153310482
2023-06-27 08:00:00+02:00,0.07822277848063305
2023-06-27 08:15:00+02:00,0.07218820445853677
2023-06-27 08:30:00+02:00,0.06620529703370626
2023-06-27 08:45:00+02:00,0.0602782525388195
2023-06-27 09:00:00+02:00,0.054411688346922865
2023-06-27 09:15:00+02:00,0.05031709904032258
2023-06-27 09:30:00+02:00,0.04646209100483074
2023-06-27 09:45:00+02:00,0.04334625782911475
2023-06-27 10:00:00+02:00,0.04137630465855028
2023-06-27 10:15:00+02:00,0.04391098945169169
2023-06-27 10:30:00+02:00,0.0482914900064092
2023-06-27 10:45:00+02:00,0.0529392616517488
2023-06-27 11:00:00+02:00,0.05774861614596533
2023-06-27 11:15:00+02:00,0.060470184366206506
2023-06-27 11:30:00+02:00,0.06349774715472672
2023-06-27 11:45:00+02:00,0.06681909013330839
2023-06-27 12:00:00+02:00,0.07042154908601181
2023-06-27 12:15:00+02:00,0.07785737354240027
2023-06-27 12:30:00+02:00,0.08541644332750556
2023-06-27 12:45:00+02:00,0.09308774671117885
2023-06-27 13:00:00+02:00,0.10426155278515803
2023-06-27 13:15:00+02:00,0.10713809497841761
2023-06-27 13:30:00+02:00,0.11010220857627653
2023-06-27 13:45:00+02:00,0.11315207682239213
2023-06-27 14:00:00+02:00,0.11628588246709433
2023-06-27 14:15:00+02:00,0.12106154833997132
2023-06-27 14:30:00+02:00,0.12600539633187216
2023-06-27 14:45:00+02:00,0.13111184101569212
2023-06-27 15:00:00+02:00,0.1363753698336274
2023-06-27 15:15:00+02:00,0.1398100316068907
2023-06-27 15:30:00+02:00,0.1432935711500196
2023-06-27 15:45:00+02:00,0.14682488355032738
2023-06-27 16:00:00+02:00,0.15040288246998906
2023-06-27 16:15:00+02:00,0.14896415811462954
2023-06-27 16:30:00+02:00,0.1477198412857087
2023-06-27 16:45:00+02:00,0.14667150229270756
2023-06-27 17:00:00+02:00,0.1458204772703892
2023-06-27 17:15:00+02:00,0.14966305584395054
2023-06-27 17:30:00+02:00,0.153665555110031
2023-06-27 17:45:00+02:00,0.15782391794060735
2023-06-27 18:00:00+02:00,0.1621340732266177
2023-06-27 18:15:00+02:00,0.15781704568272253
2023-06-27 18:30:00+02:00,0.15490936370416722
2023-06-27 18:45:00+02:00,0.15343724562649003
2023-06-27 19:00:00+02:00,0.1534142128399339
2023-06-27 19:15:00+02:00,0.14221998443657247
2023-06-27 19:30:00+02:00,0.13187200555711992
2023-06-27 19:45:00+02:00,0.12243027238477927
2023-06-27 20:00:00+02:00,0.11395456493522683
2023-06-27 20:15:00+02:00,0.11124717598743485
2023-06-27 20:30:00+02:00,0.10925073924981099
2023-06-27 20:45:00+02:00,0.10797531057026899
2023-06-27 21:00:00+02:00,0.10742741343150973
2023-06-27 21:15:00+02:00,0.09821180182620164
2023-06-27 21:30:00+02:00,0.09149559063446325
2023-06-27 21:45:00+02:00,0.08605731065150633
2023-06-27 22:00:00+02:00,0.08078706856525358
2023-06-27 22:15:00+02:00,0.06840484297082952
2023-06-27 22:30:00+02:00,0.05602657919327183
2023-06-27 22:45:00+02:00,0.04381451679289032
2023-06-27 23:00:00+02:00,0.03650877078211273
2023-06-27 23:15:00+02:00,0.027343897363499937
2023-06-27 23:30:00+02:00,0.018278887772880333
2023-06-27 23:45:00+02:00,0.011770714880931456
2023-06-28 00:00:00+02:00,0.00777152250735959
2023-06-28 00:15:00+02:00,0.005405324067882907
2023-06-28 00:30:00+02:00,0.0033348164064788913
2023-06-28 00:45:00+02:00,0.0016228772877515706
2023-06-28 01:00:00+02:00,0.00033546092159453635
2023-06-28 01:15:00+02:00,0.0014692444416094439
2023-06-28 01:30:00+02:00,0.0029983271613476226
2023-06-28 01:45:00+02:00,0.004866937944886364
2023-06-28 02:00:00+02:00,0.007020172837783103
2023-06-28 02:15:00+02:00,0.006176312545944635
2023-06-28 02:30:00+02:00,0.005350072631319262
2023-06-28 02:45:00+02:00,0.004542811127948611
2023-06-28 03:00:00+02:00,0.0037559929804050775
2023-06-28 03:15:00+02:00,0.00333918932940526
2023-06-28 03:30:00+02:00,0.003014374973535283
2023-06-28 03:45:00+02:00,0.0027844983411681305
2023-06-28 04:00:00+02:00,0.002651722384606088
2023-06-28 04:15:00+02:00,0.0016683367706930292
2023-06-28 04:30:00+02:00,0.0010922994616613627
2023-06-28 04:45:00+02:00,0.000948262667425583
2023-06-28 05:00:00+02:00,0.0012426949104069943
2023-06-28 05:15:00+02:00,0.0030330096201279686
2023-06-28 05:30:00+02:00,0.005208773956236547
2023-06-28 05:45:00+02:00,0.007698822517634147
2023-06-28 06:00:00+02:00,0.010441520661420465
2023-06-28 06:15:00+02:00,0.012972673753697296
2023-06-28 06:30:00+02:00,0.01760482661781973
2023-06-28 06:45:00+02:00,0.0233035248392044
2023-06-28 07:00:00+02:00,0.02906175410896712
2023-06-28 07:15:00+02:00,0.03377835125665919
2023-06-28 07:30:00+02:00,0.03852766994199513
2023-06-28 07:45:00+02:00,0.04330583190853167
2023-06-28 08:00:00+02:00,0.05092408238508826
2023-06-28 08:15:00+02:00,0.04964862893690155
2023-06-28 08:30:00+02:00,0.04840390896023202
2023-06-28 08:45:00+02:00,0.047190474457112316
2023-06-28 09:00:00+02:00,0.046008876351637085
2023-06-28 09:15:00+02:00,0.04337478676511155
2023-06-28 09:30:00+02:00,0.041549666438276345
2023-06-28 09:45:00+02:00,0.0397310602858918
2023-06-28 10:00:00+02:00,0.03791927782677633
2023-06-28 10:15:00+02:00,0.03851194360613696
2023-06-28 10:30:00+02:00,0.03921070070357716
2023-06-28 10:45:00+02:00,0.04001364698599824
2023-06-28 11:00:00+02:00,0.04091865237858306
2023-06-28 11:15:00+02:00,0.03286581313966912
2023-06-28 11:30:00+02:00,0.02481837624457078
2023-06-28 11:45:00+02:00,0.016777733906751507
2023-06-28 12:00:00+02:00,0.011496956898567319
2023-06-28 12:15:00+02:00,0.01352929054224243
2023-06-28 12:30:00+02:00,0.017648569501415284
2023-06-28 12:45:00+02:00,0.02210343541111947
2023-06-28 13:00:00+02:00,0.02656022236696945
2023-06-28 13:15:00+02:00,0.023149878592510782
2023-06-28 13:30:00+02:00,0.019912151840869297
2023-06-28 13:45:00+02:00,0.016864924438539663
2023-06-28 14:00:00+02:00,0.014027349882631247
2023-06-28 14:15:00+02:00,0.011518090886326332
2023-06-28 14:30:00+02:00,0.00923072680588737
2023-06-28 14:45:00+02:00,0.007067402452402546
2023-06-28 15:00:00+02:00,0.005052766541795368
2023-06-28 15:15:00+02:00,0.004010251893049848
2023-06-28 15:30:00+02:00,0.0029679128980083253
2023-06-28 15:45:00+02:00,0.0019257681478271347
2023-06-28 16:00:00+02:00,0.0008838389489100868
2023-06-28 16:15:00+02:00,0.0
2023-06-28 16:30:00+02:00,0.0
2023-06-28 16:45:00+02:00,0.0
2023-06-28 17:00:00+02:00,0.0
2023-06-28 17:15:00+02:00,0.0
2023-06-28 17:30:00+02:00,0.0
2023-06-28 17:45:00+02:00,0.0
2023-06-28 18:00:00+02:00,0.0
2023-06-28 18:15:00+02:00,0.0
2023-06-28 18:30:00+02:00,0.0
2023-06-28 18:45:00+02:00,0.0
2023-06-28 19:00:00+02:00,0.0
2023-06-28 19:15:00+02:00,0.0
2023-06-28 19:30:00+02:00,0.0
2023-06-28 19:45:00+02:00,0.0
2023-06-28 20:00:00+02:00,0.0
2023-06-28 20:15:00+02:00,0.0
2023-06-28 20:30:00+02:00,0.0
2023-06-28 20:45:00+02:00,0.0015972975569770135
2023-06-28 21:00:00+02:00,0.003471609879458574
2023-06-28 21:15:00+02:00,0.004767604891129214
2023-06-28 21:30:00+02:00,0.006103865165267627
2023-06-28 21:45:00+02:00,0.007475791620079665
2023-06-28 22:00:00+02:00,0.008879362544956918
2023-06-28 22:15:00+02:00,0.007924416341128473
2023-06-28 22:30:00+02:00,0.0069858119193406155
2023-06-28 22:45:00+02:00,0.006064915399719011
2023-06-28 23:00:00+02:00,0.005163219130256229
2023-06-28 23:15:00+02:00,0.0016200056070057281
2023-06-28 23:30:00+02:00,0.0
2023-06-28 23:45:00+02:00,0.0
2023-06-29 00:00:00+02:00,0.0
2023-06-29 00:15:00+02:00,0.0
2023-06-29 00:30:00+02:00,0.0
2023-06-29 00:45:00+02:00,0.0
2023-06-29 01:00:00+02:00,0.0
2023-06-29 01:15:00+02:00,0.0
2023-06-29 01:30:00+02:00,0.0
2023-06-29 01:45:00+02:00,0.0
2023-06-29 02:00:00+02:00,0.0023113365529377553
2023-06-29 02:15:00+02:00,0.006270363163203263
2023-06-29 02:30:00+02:00,0.01023903375628729
2023-06-29 02:45:00+02:00,0.014696509106809358
2023-06-29 03:00:00+02:00,0.0234128108946681
2023-06-29 03:15:00+02:00,0.02678432140194935
2023-06-29 03:30:00+02:00,0.030155855608386684
2023-06-29 03:45:00+02:00,0.03352741134334862
2023-06-29 04:00:00+02:00,0.036898986693419684
2023-06-29 04:15:00+02:00,0.04023210430232521
2023-06-29 04:30:00+02:00,0.04379504264634327
2023-06-29 04:45:00+02:00,0.05000743414931301
2023-06-29 05:00:00+02:00,0.05671915662215187
2023-06-29 05:15:00+02:00,0.057528419881769405
2023-06-29 05:30:00+02:00,0.059108661784211786
2023-06-29 05:45:00+02:00,0.061443430670708184
2023-06-29 06:00:00+02:00,0.06450926246238894
2023-06-29 06:15:00+02:00,0.0628668711351171
2023-06-29 06:30:00+02:00,0.061665342759317635
2023-06-29 06:45:00+02:00,0.06091184776079144
2023-06-29 07:00:00+02:00,0.06061096213439933
2023-06-29 07:15:00+02:00,0.05606291470599999
2023-06-29 07:30:00+02:00,0.051584153396249055
2023-06-29 07:45:00+02:00,0.04717915625880795
2023-06-29 08:00:00+02:00,0.04334179018063328
2023-06-29 08:15:00+02:00,0.036805409923812954
2023-06-29 08:30:00+02:00,0.030270831283349335
2023-06-29 08:45:00+02:00,0.023738405186919727
2023-06-29 09:00:00+02:00,0.017208579861142447
2023-06-29 09:15:00+02:00,0.018996579362262116
2023-06-29 09:30:00+02:00,0.02082266483929859
2023-06-29 09:45:00+02:00,0.022684741266759387
2023-06-29 10:00:00+02:00,0.024580827558069767
2023-06-29 10:15:00+02:00,0.030146905965904348
2023-06-29 10:30:00+02:00,0.035734512069708756
2023-06-29 10:45:00+02:00,0.0413405940777531
2023-06-29 11:00:00+02:00,0.04898250284000342
2023-06-29 11:15:00+02:00,0.05682768938814799
2023-06-29 11:30:00+02:00,0.06480040464666
2023-06-29 11:45:00+02:00,0.07288759150710607
2023-06-29 12:00:00+02:00,0.08107776409249108
2023-06-29 12:15:00+02:00,0.08343269507904554
2023-06-29 12:30:00+02:00,0.08585634077838061
2023-06-29 12:45:00+02:00,0.08834669518240744
2023-06-29 13:00:00+02:00,0.09090177756310175
2023-06-29 13:15:00+02:00,0.0921874619237978
2023-06-29 13:30:00+02:00,0.09348893962888837
2023-06-29 13:45:00+02:00,0.09480596935101693
2023-06-29 14:00:00+02:00,0.09668262888417821
2023-06-29 14:15:00+02:00,0.10220413631021436
2023-06-29 14:30:00+02:00,0.10792023701310552
2023-06-29 14:45:00+02:00,0.1138231580621406
2023-06-29 15:00:00+02:00,0.11990530076868106
2023-06-29 15:15:00+02:00,0.10847914861415311
2023-06-29 15:30:00+02:00,0.09775723515073312
2023-06-29 15:45:00+02:00,0.09060010307239164
2023-06-29 16:00:00+02:00,0.08490202764299784
2023-06-29 16:15:00+02:00,0.07973205013394921
2023-06-29 16:30:00+02:00,0.07465770414870773
2023-06-29 16:45:00+02:00,0.06968530837149382
2023-06-29 17:00:00+02:00,0.06482160599992222
2023-06-29 17:15:00+02:00,0.06610405945397503
2023-06-29 17:30:00+02:00,0.06765481650636171
2023-06-29 17:45:00+02:00,0.06946845448121991
2023-06-29 18:00:00+02:00,0.07153881503877126
2023-06-29 18:15:00+02:00,0.073642786744303
2023-06-29 18:30:00+02:00,0.07632286766606619
2023-06-29 18:45:00+02:00,0.07955978035051131
2023-06-29 19:00:00+02:00,0.08333136909913261
2023-06-29 19:15:00+02:00,0.09140270506184894
2023-06-29 19:30:00+02:00,0.10359576406876381
2023-06-29 19:45:00+02:00,0.11951219765015553
2023-06-29 20:00:00+02:00,0.13668465929173512
2023-06-29 20:15:00+02:00,0.151871924306196
2023-06-29 20:30:00+02:00,0.16886942107890904
2023-06-29 20:45:00+02:00,0.1907179972344123
2023-06-29 21:00:00+02:00,0.21719666628496498
2023-06-29 21:15:00+02:00,0.2181607857025981
2023-06-29 21:30:00+02:00,0.22178400533714854
2023-06-29 21:45:00+02:00,0.22802507363076183
2023-06-29 22:00:00+02:00,0.23681490433488633
2023-06-29 22:15:00+02:00,0.2301474732094285
2023-06-29 22:30:00+02:00,0.2239240961405977
2023-06-29 22:45:00+02:00,0.21815677502430736
2023-06-29 23:00:00+02:00,0.21285702117362923
2023-06-29 23:15:00+02:00,0.2031737674345859
2023-06-29 23:30:00+02:00,0.19381740971519895
2023-06-29 23:45:00+02:00,0.1848019052306331
2023-06-30 00:00:00+02:00,0.17644112064069742
2023-06-30 00:15:00+02:00,0.17523393612579521
2023-06-30 00:30:00+02:00,0.17403444350418246
2023-06-30 00:45:00+02:00,0.17284269945830566
2023-06-30 01:00:00+02:00,0.1716587608573311
2023-06-30 01:15:00+02:00,0.15697003840625554
2023-06-30 01:30:00+02:00,0.14228522549875475
2023-06-30 01:45:00+02:00,0.12760471085125275
2023-06-30 02:00:00+02:00,0.11292893634012387
2023-06-30 02:15:00+02:00,0.09937585134360288
2023-06-30 02:30:00+02:00,0.0895346625284559
2023-06-30 02:45:00+02:00,0.08143355678658472
2023-06-30 03:00:00+02:00,0.0735321519303369
2023-06-30 03:15:00+02:00,0.0743876244927166
2023-06-30 03:30:00+02:00,0.07573164425489563
2023-06-30 03:45:00+02:00,0.07755594406112055
2023-06-30 04:00:00+02:00,0.07984959764662754
2023-06-30 04:15:00+02:00,0.08442713879645924
2023-06-30 04:30:00+02:00,0.0891407217518663
2023-06-30 04:45:00+02:00,0.09398279360140634
2023-06-30 05:00:00+02:00,0.10118825589977647
2023-06-30 05:15:00+02:00,0.09725061874303287
2023-06-30 05:30:00+02:00,0.09410708018907327
2023-06-30 05:45:00+02:00,0.09179252394064626
2023-06-30 06:00:00+02:00,0.08955056774502534
2023-06-30 06:15:00+02:00,0.07952605026537522
2023-06-30 06:30:00+02:00,0.06951253444688481
2023-06-30 06:45:00+02:00,0.0595115210085443
2023-06-30 07:00:00+02:00,0.04952479416196448
2023-06-30 07:15:00+02:00,0.04122340854288502
2023-06-30 07:30:00+02:00,0.03516491480205707
2023-06-30 07:45:00+02:00,0.02910767610992951
2023-06-30 08:00:00+02:00,0.023051920629483504
2023-06-30 08:15:00+02:00,0.022607009742340547
2023-06-30 08:30:00+02:00,0.022228116968953486
2023-06-30 08:45:00+02:00,0.021916001680574275
2023-06-30 09:00:00+02:00,0.02167129817951815
2023-06-30 09:15:00+02:00,0.02032689607623593
2023-06-30 09:30:00+02:00,0.019023070432083726
2023-06-30 09:45:00+02:00,0.017761497824226403
2023-06-30 10:00:00+02:00,0.01654388953775312
2023-06-30 10:15:00+02:00,0.016873163910979518
2023-06-30 10:30:00+02:00,0.017207446159357587
2023-06-30 10:45:00+02:00,0.0175466831113357
2023-06-30 11:00:00+02:00,0.01789082157399034
2023-06-30 11:15:00+02:00,0.012727270655520274
2023-06-30 11:30:00+02:00,0.009781320189133951
2023-06-30 11:45:00+02:00,0.006835624107661606
2023-06-30 12:00:00+02:00,0.0038902537558929006
2023-06-30 12:15:00+02:00,0.004867353103589133
2023-06-30 12:30:00+02:00,0.005991121331657045
2023-06-30 12:45:00+02:00,0.007247379615275678
2023-06-30 13:00:00+02:00,0.008622352815898094
2023-06-30 13:15:00+02:00,0.00966124870409261
2023-06-30 13:30:00+02:00,0.01118676748074426
2023-06-30 13:45:00+02:00,0.013144311913016963
2023-06-30 14:00:00+02:00,0.017456447494932945
2023-06-30 14:15:00+02:00,0.019177962791377446
2023-06-30 14:30:00+02:00,0.02168790117367597
2023-06-30 14:45:00+02:00,0.02492798097770118
2023-06-30 15:00:00+02:00,0.028831101997872973
2023-06-30 15:15:00+02:00,0.031536004486963094
2023-06-30 15:30:00+02:00,0.03443135537942688
2023-06-30 15:45:00+02:00,0.03750269634914052
2023-06-30 16:00:00+02:00,0.040736244093248955
2023-06-30 16:15:00+02:00,0.044486498790262605
2023-06-30 16:30:00+02:00,0.050825192654202975
2023-06-30 16:45:00+02:00,0.05743220779601963
2023-06-30 17:00:00+02:00,0.06428390789750804
2023-06-30 17:15:00+02:00,0.07310490777409119
2023-06-30 17:30:00+02:00,0.0819399382300781
2023-06-30 17:45:00+02:00,0.09078752062521062
2023-06-30 18:00:00+02:00,0.10231184703228034
2023-06-30 18:15:00+02:00,0.10208403845625716
2023-06-30 18:30:00+02:00,0.10215993055350317
2023-06-30 18:45:00+02:00,0.10253935791048394
2023-06-30 19:00:00+02:00,0.10322149532941265
2023-06-30 19:15:00+02:00,0.10641094744975022
2023-06-30 19:30:00+02:00,0.1102149077665502
2023-06-30 19:45:00+02:00,0.11461707153366087
2023-06-30 20:00:00+02:00,0.1195992809731125
2023-06-30 20:15:00+02:00,0.12242456867894469
2023-06-30 20:30:00+02:00,0.1252678495217247
2023-06-30 20:45:00+02:00,0.12812877752118618
2023-06-30 21:00:00+02:00,0.1310070134446881
2023-06-30 21:15:00+02:00,0.13277918780854317
2023-06-30 21:30:00+02:00,0.13464945637118889
2023-06-30 21:45:00+02:00,0.13661660171275736
2023-06-30 22:00:00+02:00,0.13867936498853334
2023-06-30 22:15:00+02:00,0.14134245011669647
2023-06-30 22:30:00+02:00,0.14421238331259428
2023-06-30 22:45:00+02:00,0.14728531612950532
2023-06-30 23:00:00+02:00,0.15055723296589751
2023-06-30 23:15:00+02:00,0.15534943982797436
2023-06-30 23:30:00+02:00,0.16195932933331977
2023-06-30 23:45:00+02:00,0.17031271021889732
2023-07-01 00:00:00+02:00,0.1812590202321237
2023-07-01 00:15:00+02:00,0.19242698879427178
2023-07-01 00:30:00+02:00,0.20366467715493466
2023-07-01 00:45:00+02:00,0.2149686668960509
2023-07-01 01:00:00+02:00,0.2263357412069838
2023-07-01 01:15:00+02:00,0.23968994040871136
2023-07-01 01:30:00+02:00,0.25316664593808275
2023-07-01 01:45:00+02:00,0.26675915902763636
2023-07-01 02:00:00+02:00,0.2804612089942266
2023-07-01 02:15:00+02:00,0.3040398632165984
2023-07-01 02:30:00+02:00,0.3296522448481064
2023-07-01 02:45:00+02:00,0.3557050903976884
2023-07-01 03:00:00+02:00,0.3821665180657046
2023-07-01 03:15:00+02:00,0.41131259070659293
2023-07-01 03:30:00+02:00,0.4424682520350169
2023-07-01 03:45:00+02:00,0.4756818974567732
2023-07-01 04:00:00+02:00,0.5091665831036063
2023-07-01 04:15:00+02:00,0.5325716189049287
2023-07-01 04:30:00+02:00,0.5559766763873547
2023-07-01 04:45:00+02:00,0.5793817544714646
2023-07-01 05:00:00+02:00,0.6030816024333973
2023-07-01 05:15:00+02:00,0.6291962235947274
2023-07-01 05:30:00+02:00,0.6553113673328957
2023-07-01 05:45:00+02:00,0.6814270069551823
2023-07-01 06:00:00+02:00,0.7075431175558914
2023-07-01 06:15:00+02:00,0.6996350107196642
2023-07-01 06:30:00+02:00,0.6917272408744587
2023-07-01 06:45:00+02:00,0.6838198132243759
2023-07-01 07:00:00+02:00,0.6759127330809912
2023-07-01 07:15:00+02:00,0.6907950712180035
2023-07-01 07:30:00+02:00,0.7056851858969775
2023-07-01 07:45:00+02:00,0.7205828562731742
2023-07-01 08:00:00+02:00,0.7354878696798839
2023-07-01 08:15:00+02:00,0.7675848422191338
2023-07-01 08:30:00+02:00,0.7982636261465995
2023-07-01 08:45:00+02:00,0.8289532974590277
2023-07-01 09:00:00+02:00,0.8596531414446954
2023-07-01 09:15:00+02:00,0.8542439183626844
2023-07-01 09:30:00+02:00,0.8488358327727944
2023-07-01 09:45:00+02:00,0.8434288979875483
2023-07-01 10:00:00+02:00,0.8380231275251174
2023-07-01 10:15:00+02:00,0.8512891072159985
2023-07-01 10:30:00+02:00,0.8645596551271967
2023-07-01 10:45:00+02:00,0.8754620240535881
2023-07-01 11:00:00+02:00,0.8838230679477176
2023-07-01 11:15:00+02:00,0.8803868182607661
2023-07-01 11:30:00+02:00,0.877001086930474
2023-07-01 11:45:00+02:00,0.8736664487488511
2023-07-01 12:00:00+02:00,0.8697687177766482
2023-07-01 12:15:00+02:00,0.869233439531589
2023-07-01 12:30:00+02:00,0.8690616674131229
2023-07-01 12:45:00+02:00,0.8692535340742088
2023-07-01 13:00:00+02:00,0.8698088913478644
2023-07-01 13:15:00+02:00,0.859395932629306
2023-07-01 13:30:00+02:00,0.8506565132632498
2023-07-01 13:45:00+02:00,0.8436222801582015
2023-07-01 14:00:00+02:00,0.8383192867361288
2023-07-01 14:15:00+02:00,0.7754081296082658
2023-07-01 14:30:00+02:00,0.7061741398678532
2023-07-01 14:45:00+02:00,0.6302436857487849
2023-07-01 15:00:00+02:00,0.5560509102425696
2023-07-01 15:15:00+02:00,0.5005726601378719
2023-07-01 15:30:00+02:00,0.44513259353547174
2023-07-01 15:45:00+02:00,0.3936023060594472
2023-07-01 16:00:00+02:00,0.34412534663512473
2023-07-01 16:15:00+02:00,0.3228934370690272
2023-07-01 16:30:00+02:00,0.30509177641839114
2023-07-01 16:45:00+02:00,0.2909057010204729
2023-07-01 17:00:00+02:00,0.28168734608972484
2023-07-01 17:15:00+02:00,0.3078042670244674
2023-07-01 17:30:00+02:00,0.33903148192138766
2023-07-01 17:45:00+02:00,0.37383189096858926
2023-07-01 18:00:00+02:00,0.4118693127707053
2023-07-01 18:15:00+02:00,0.39982493015238446
2023-07-01 18:30:00+02:00,0.3908158282378216
2023-07-01 18:45:00+02:00,0.38491779043528246
2023-07-01 19:00:00+02:00,0.38218179727602364
2023-07-01 19:15:00+02:00,0.3646526136310936
2023-07-01 19:30:00+02:00,0.3471277030368491
2023-07-01 19:45:00+02:00,0.32960728419340607
2023-07-01 20:00:00+02:00,0.31209159092230093
2023-07-01 20:15:00+02:00,0.28439664858256886
2023-07-01 20:30:00+02:00,0.26343794535508713
2023-07-01 20:45:00+02:00,0.24324154805168038
2023-07-01 21:00:00+02:00,0.22387377422435917
2023-07-01 21:15:00+02:00,0.21958282779230628
2023-07-01 21:30:00+02:00,0.21741924836035278
2023-07-01 21:45:00+02:00,0.21740304743651576
2023-07-01 22:00:00+02:00,0.2195343758089799
2023-07-01 22:15:00+02:00,0.23046895418777558
2023-07-01 22:30:00+02:00,0.24154050763859886
2023-07-01 22:45:00+02:00,0.25274276403524837
2023-07-01 23:00:00+02:00,0.2640697609063161
2023-07-01 23:15:00+02:00,0.2723494345753455
2023-07-01 23:30:00+02:00,0.2836625912834171
2023-07-01 23:45:00+02:00,0.3014839291622652
2023-07-02 00:00:00+02:00,0.3234706942310081
2023-07-02 00:15:00+02:00,0.3542219562374126
2023-07-02 00:30:00+02:00,0.38499915156949527
2023-07-02 00:45:00+02:00,0.41580012967800584
2023-07-02 01:00:00+02:00,0.44904716417329626
2023-07-02 01:15:00+02:00,0.48168458419769017
2023-07-02 01:30:00+02:00,0.5143224199184592
2023-07-02 01:45:00+02:00,0.5469606417965183
2023-07-02 02:00:00+02:00,0.5795992230264235
2023-07-02 02:15:00+02:00,0.588940871592895
2023-07-02 02:30:00+02:00,0.5984142545187141
2023-07-02 02:45:00+02:00,0.6079613317246927
2023-07-02 03:00:00+02:00,0.6175806673271388
2023-07-02 03:15:00+02:00,0.6065154188076334
2023-07-02 03:30:00+02:00,0.59575074504704
2023-07-02 03:45:00+02:00,0.585293397776342
2023-07-02 04:00:00+02:00,0.5752722683006414
2023-07-02 04:15:00+02:00,0.5468485773527921
2023-07-02 04:30:00+02:00,0.5194513065567073
2023-07-02 04:45:00+02:00,0.4931441713281743
2023-07-02 05:00:00+02:00,0.467993407860988
2023-07-02 05:15:00+02:00,0.4347484758804059
2023-07-02 05:30:00+02:00,0.4045666933790025
2023-07-02 05:45:00+02:00,0.3757738121906279
2023-07-02 06:00:00+02:00,0.3475019402055238
2023-07-02 06:15:00+02:00,0.32346566667535687
2023-07-02 06:30:00+02:00,0.2994493718730104
2023-07-02 06:45:00+02:00,0.27780210513751974
2023-07-02 07:00:00+02:00,0.25931541556798327
2023-07-02 07:15:00+02:00,0.25425482395222365
2023-07-02 07:30:00+02:00,0.24921480913260974
2023-07-02 07:45:00+02:00,0.2441958051433493
2023-07-02 08:00:00+02:00,0.23919825642491996
2023-07-02 08:15:00+02:00,0.25237051443871444
2023-07-02 08:30:00+02:00,0.26594297897873576
2023-07-02 08:45:00+02:00,0.27989399575959056
2023-07-02 09:00:00+02:00,0.29672150467143954
2023-07-02 09:15:00+02:00,0.3368942842923968
2023-07-02 09:30:00+02:00,0.3771141076435046
2023-07-02 09:45:00+02:00,0.41737588388674096
2023-07-02 10:00:00+02:00,0.4614107057759625
2023-07-02 10:15:00+02:00,0.5149718908087842
2023-07-02 10:30:00+02:00,0.5685370476482168
2023-07-02 10:45:00+02:00,0.6226931977097206
2023-07-02 11:00:00+02:00,0.6770767374885122
2023-07-02 11:15:00+02:00,0.6437522188685849
2023-07-02 11:30:00+02:00,0.6104885794948699
2023-07-02 11:45:00+02:00,0.5773802667189999
2023-07-02 12:00:00+02:00,0.5447459880579323
2023-07-02 12:15:00+02:00,0.5584238244886242
2023-07-02 12:30:00+02:00,0.572141802241365
2023-07-02 12:45:00+02:00,0.5859376254005191
2023-07-02 13:00:00+02:00,0.5999414417386356
2023-07-02 13:15:00+02:00,0.5827069218867199
2023-07-02 13:30:00+02:00,0.5657480898579911
2023-07-02 13:45:00+02:00,0.5488180887184401
2023-07-02 14:00:00+02:00,0.531917992907401
2023-07-02 14:15:00+02:00,0.5424142718535957
2023-07-02 14:30:00+02:00,0.5529517812683736
2023-07-02 14:45:00+02:00,0.5635295864684995
2023-07-02 15:00:00+02:00,0.574146777395434
2023-07-02 15:15:00+02:00,0.5624072506108467
2023-07-02 15:30:00+02:00,0.5506801807247099
2023-07-02 15:45:00+02:00,0.5389658876457488
2023-07-02 16:00:00+02:00,0.5272647019645967
2023-07-02 16:15:00+02:00,0.519053022888568
2023-07-02 16:30:00+02:00,0.5112350649897663
2023-07-02 16:45:00+02:00,0.5038177465461054
2023-07-02 17:00:00+02:00,0.49680778189805946
2023-07-02 17:15:00+02:00,0.4970554446091603
2023-07-02 17:30:00+02:00,0.4973891240956174
2023-07-02 17:45:00+02:00,0.4978087555556429
2023-07-02 18:00:00+02:00,0.49831425758761944
2023-07-02 18:15:00+02:00,0.4438540519312459
2023-07-02 18:30:00+02:00,0.3933340747343406
2023-07-02 18:45:00+02:00,0.3447303208599517
2023-07-02 19:00:00+02:00,0.29617566248994104
2023-07-02 19:15:00+02:00,0.29117687313961055
2023-07-02 19:30:00+02:00,0.2862746515430674
2023-07-02 19:45:00+02:00,0.2824414957838628
2023-07-02 20:00:00+02:00,0.27881326778506244
2023-07-02 20:15:00+02:00,0.2969061201185475
2023-07-02 20:30:00+02:00,0.31709916312030106
2023-07-02 20:45:00+02:00,0.3373417610994787
2023-07-02 21:00:00+02:00,0.3576310622578541
2023-07-02 21:15:00+02:00,0.3850095251545804
2023-07-02 21:30:00+02:00,0.4124102035329897
2023-07-02 21:45:00+02:00,0.4414499175049047
2023-07-02 22:00:00+02:00,0.4721460061875515
2023-07-02 22:15:00+02:00,0.502830149364667
2023-07-02 22:30:00+02:00,0.5335394443141929
2023-07-02 22:45:00+02:00,0.5642722302438835
2023-07-02 23:00:00+02:00,0.5952041649085269
2023-07-02 23:15:00+02:00,0.5838993744188056
2023-07-02 23:30:00+02:00,0.5744328692976506
2023-07-02 23:45:00+02:00,0.5666868845180187
2023-07-03 00:00:00+02:00,0.5606815607314439
2023-07-03 00:15:00+02:00,0.5488210486167825
2023-07-03 00:30:00+02:00,0.5369919133994759
2023-07-03 00:45:00+02:00,0.5251949761444449
2023-07-03 01:00:00+02:00,0.5134310844613262
2023-07-03 01:15:00+02:00,0.5192042858369944
2023-07-03 01:30:00+02:00,0.5253090995682104
2023-07-03 01:45:00+02:00,0.5317410688308423
2023-07-03 02:00:00+02:00,0.5384955839190043
2023-07-03 02:15:00+02:00,0.5458878845934542
2023-07-03 02:30:00+02:00,0.5538233261243755
2023-07-03 02:45:00+02:00,0.5622926279154762
2023-07-03 03:00:00+02:00,0.5712861167020361
2023-07-03 03:15:00+02:00,0.5693276298922161
2023-07-03 03:30:00+02:00,0.5674089620334223
2023-07-03 03:45:00+02:00,0.5655302772508854
2023-07-03 04:00:00+02:00,0.5636917371247532
2023-07-03 04:15:00+02:00,0.5550765896784461
2023-07-03 04:30:00+02:00,0.5465510288614411
2023-07-03 04:45:00+02:00,0.538116728314721
2023-07-03 05:00:00+02:00,0.5297753850353938
2023-07-03 05:15:00+02:00,0.5237933129622826
2023-07-03 05:30:00+02:00,0.5178769659992819
2023-07-03 05:45:00+02:00,0.512027212780621
2023-07-03 06:00:00+02:00,0.5062449272770185
2023-07-03 06:15:00+02:00,0.5038611070739671
2023-07-03 06:30:00+02:00,0.5015642804453928
2023-07-03 06:45:00+02:00,0.4993548979846164
2023-07-03 07:00:00+02:00,0.4972333960710504
2023-07-03 07:15:00+02:00,0.49824438730400294
2023-07-03 07:30:00+02:00,0.4992842206798831
2023-07-03 07:45:00+02:00,0.5003528286160908
2023-07-03 08:00:00+02:00,0.501450141879669
2023-07-03 08:15:00+02:00,0.5386933120145002
2023-07-03 08:30:00+02:00,0.5788277944643772
2023-07-03 08:45:00+02:00,0.6221939569808703
2023-07-03 09:00:00+02:00,0.668089560823404
2023-07-03 09:15:00+02:00,0.6351872344315721
2023-07-03 09:30:00+02:00,0.6023682189499074
2023-07-03 09:45:00+02:00,0.5698426863705075
2023-07-03 10:00:00+02:00,0.5376952075878867
2023-07-03 10:15:00+02:00,0.5482604053293347
2023-07-03 10:30:00+02:00,0.558830423835413
2023-07-03 10:45:00+02:00,0.569405153943493
2023-07-03 11:00:00+02:00,0.5799844897156298
2023-07-03 11:15:00+02:00,0.5709753742191943
2023-07-03 11:30:00+02:00,0.5619911542782156
2023-07-03 11:45:00+02:00,0.5530323147257667
2023-07-03 12:00:00+02:00,0.544099351642537
2023-07-03 12:15:00+02:00,0.5923283427171235
2023-07-03 12:30:00+02:00,0.6411803700703502
2023-07-03 12:45:00+02:00,0.6900582636942206
2023-07-03 13:00:00+02:00,0.7389596401494817
2023-07-03 13:15:00+02:00,0.7605736114296572
2023-07-03 13:30:00+02:00,0.7814502858663076
2023-07-03 13:45:00+02:00,0.8023450137500474
2023-07-03 14:00:00+02:00,0.8232569666982088
2023-07-03 14:15:00+02:00,0.8152864888833793
2023-07-03 14:30:00+02:00,0.8073437101599515
2023-07-03 14:45:00+02:00,0.7994291222437384
2023-07-03 15:00:00+02:00,0.7915432267503022
2023-07-03 15:15:00+02:00,0.7933870366013391
2023-07-03 15:30:00+02:00,0.7952509548954129
2023-07-03 15:45:00+02:00,0.7971348977204734
2023-07-03 16:00:00+02:00,0.7990387807367367
2023-07-03 16:15:00+02:00,0.8213722741429491
2023-07-03 16:30:00+02:00,0.8437314995392723
2023-07-03 16:45:00+02:00,0.8661152318900841
2023-07-03 17:00:00+02:00,0.8821913029460949
2023-07-03 17:15:00+02:00,0.8641786073121088
2023-07-03 17:30:00+02:00,0.8400166529923039
2023-07-03 17:45:00+02:00,0.8160461538939014
2023-07-03 18:00:00+02:00,0.7922774219998033
2023-07-03 18:15:00+02:00,0.7698711536940471
2023-07-03 18:30:00+02:00,0.7474793842613593
2023-07-03 18:45:00+02:00,0.7208287078894282
2023-07-03 19:00:00+02:00,0.6930852329682539
2023-07-03 19:15:00+02:00,0.6737032884489252
2023-07-03 19:30:00+02:00,0.6547053928587072
2023-07-03 19:45:00+02:00,0.6361062513777554
2023-07-03 20:00:00+02:00,0.6179209966574262
2023-07-03 20:15:00+02:00,0.6494497327927973
2023-07-03 20:30:00+02:00,0.680998072820124
2023-07-03 20:45:00+02:00,0.7125648311328096
2023-07-03 21:00:00+02:00,0.7438982728263449
2023-07-03 21:15:00+02:00,0.7653136227892934
2023-07-03 21:30:00+02:00,0.7873454164246498
2023-07-03 21:45:00+02:00,0.809963536196193
2023-07-03 22:00:00+02:00,0.8331390689673928
2023-07-03 22:15:00+02:00,0.8239044736197493
2023-07-03 22:30:00+02:00,0.8146703082585214
2023-07-03 22:45:00+02:00,0.8054365817183551
2023-07-03 23:00:00+02:00,0.796203303077153
2023-07-03 23:15:00+02:00,0.7985653154033399
2023-07-03 23:30:00+02:00,0.8012988668938107
2023-07-03 23:45:00+02:00,0.8044016960219282
2023-07-04 00:00:00+02:00,0.8078712579289398
2023-07-04 00:15:00+02:00,0.806437639021025
2023-07-04 00:30:00+02:00,0.8050143329406176
2023-07-04 00:45:00+02:00,0.8036013723919778
2023-07-04 01:00:00+02:00,0.8021987899785723
2023-07-04 01:15:00+02:00,0.7821225950743312
2023-07-04 01:30:00+02:00,0.7621077126927651
2023-07-04 01:45:00+02:00,0.7419884567396086
2023-07-04 02:00:00+02:00,0.7173181990509663
2023-07-04 02:15:00+02:00,0.6940444665917923
2023-07-04 02:30:00+02:00,0.6709698334010371
2023-07-04 02:45:00+02:00,0.6481034848255168
2023-07-04 03:00:00+02:00,0.6254550891722565
2023-07-04 03:15:00+02:00,0.6144629167496309
2023-07-04 03:30:00+02:00,0.6037080721276424
2023-07-04 03:45:00+02:00,0.5931958523509488
2023-07-04 04:00:00+02:00,0.5829375845712141
2023-07-04 04:15:00+02:00,0.5792135323090295
2023-07-04 04:30:00+02:00,0.5755625365844637
2023-07-04 04:45:00+02:00,0.5719851677632347
2023-07-04 05:00:00+02:00,0.5684819904819847
2023-07-04 05:15:00+02:00,0.5431072304776744
2023-07-04 05:30:00+02:00,0.5177837138322182
2023-07-04 05:45:00+02:00,0.4925143820554363
2023-07-04 06:00:00+02:00,0.46730239912664895
2023-07-04 06:15:00+02:00,0.4516202993707428
2023-07-04 06:30:00+02:00,0.43594423025281875
2023-07-04 06:45:00+02:00,0.42090187910917637
2023-07-04 07:00:00+02:00,0.4068998235043672
2023-07-04 07:15:00+02:00,0.4385432271961083
2023-07-04 07:30:00+02:00,0.47260543816578837
2023-07-04 07:45:00+02:00,0.5067877980177267
2023-07-04 08:00:00+02:00,0.5410813267417396
2023-07-04 08:15:00+02:00,0.5524307917934597
2023-07-04 08:30:00+02:00,0.5638845819037623
2023-07-04 08:45:00+02:00,0.57544014817634
2023-07-04 09:00:00+02:00,0.5871519975010454
2023-07-04 09:15:00+02:00,0.5787750187941882
2023-07-04 09:30:00+02:00,0.5704704352366619
2023-07-04 09:45:00+02:00,0.5621815272457337
2023-07-04 10:00:00+02:00,0.553908576293724
2023-07-04 10:15:00+02:00,0.5505450144740776
2023-07-04 10:30:00+02:00,0.5471842391290045
2023-07-04 10:45:00+02:00,0.5438262706939
2023-07-04 11:00:00+02:00,0.5404711297871557
2023-07-04 11:15:00+02:00,0.463888235480841
2023-07-04 11:30:00+02:00,0.3917686293436996
2023-07-04 11:45:00+02:00,0.3240542110416496
2023-07-04 12:00:00+02:00,0.2634416993366681
2023-07-04 12:15:00+02:00,0.2858051395381223
2023-07-04 12:30:00+02:00,0.31487695149040795
2023-07-04 12:45:00+02:00,0.3440404108455393
2023-07-04 13:00:00+02:00,0.37328803027052554
2023-07-04 13:15:00+02:00,0.3975227651750455
2023-07-04 13:30:00+02:00,0.42176757443692203
2023-07-04 13:45:00+02:00,0.44837468832067795
2023-07-04 14:00:00+02:00,0.47551644867816645
2023-07-04 14:15:00+02:00,0.46431052903135817
2023-07-04 14:30:00+02:00,0.4533187343632675
2023-07-04 14:45:00+02:00,0.44254660913747423
2023-07-04 15:00:00+02:00,0.4319997742605106
2023-07-04 15:15:00+02:00,0.40669059684348324
2023-07-04 15:30:00+02:00,0.3822384867285376
2023-07-04 15:45:00+02:00,0.3580440481866153
2023-07-04 16:00:00+02:00,0.33412540859538337
2023-07-04 16:15:00+02:00,0.26997961162228523
2023-07-04 16:30:00+02:00,0.2169759327079777
2023-07-04 16:45:00+02:00,0.16727550922047268
2023-07-04 17:00:00+02:00,0.12722583963906808
2023-07-04 17:15:00+02:00,0.11320129120274455
2023-07-04 17:30:00+02:00,0.09936307132296085
2023-07-04 17:45:00+02:00,0.08931304763871495
2023-07-04 18:00:00+02:00,0.08095900950284506
2023-07-04 18:15:00+02:00,0.06874866445974233
2023-07-04 18:30:00+02:00,0.05659004460385463
2023-07-04 18:45:00+02:00,0.04449234438924518
2023-07-04 19:00:00+02:00,0.03720697972409376
2023-07-04 19:15:00+02:00,0.01776225402438422
2023-07-04 19:30:00+02:00,0.0070564413780776535
2023-07-04 19:45:00+02:00,0.0
2023-07-04 20:00:00+02:00,0.0
2023-07-04 20:15:00+02:00,0.0
2023-07-04 20:30:00+02:00,0.0
2023-07-04 20:45:00+02:00,0.0
2023-07-04 21:00:00+02:00,0.0
2023-07-04 21:15:00+02:00,0.008507200314246566
2023-07-04 21:30:00+02:00,0.025806922750883712
2023-07-04 21:45:00+02:00,0.056312514699064176
2023-07-04 22:00:00+02:00,0.10459508738081644
2023-07-04 22:15:00+02:00,0.14415320241234295
2023-07-04 22:30:00+02:00,0.18574790603932412
2023-07-04 22:45:00+02:00,0.23795116338139258
2023-07-04 23:00:00+02:00,0.29148645475394586
2023-07-04 23:15:00+02:00,0.2842977594774212
2023-07-04 23:30:00+02:00,0.27843534120902724
2023-07-04 23:45:00+02:00,0.2725785798347613
2023-07-05 00:00:00+02:00,0.26672760978851184
2023-07-05 00:15:00+02:00,0.29187006452691333
2023-07-05 00:30:00+02:00,0.33586800812795936
2023-07-05 00:45:00+02:00,0.3914867626871494
2023-07-05 01:00:00+02:00,0.4607093659324516
2023-07-05 01:15:00+02:00,0.49878531054295977
2023-07-05 01:30:00+02:00,0.5456725267549776
2023-07-05 01:45:00+02:00,0.6007656235090353
2023-07-05 02:00:00+02:00,0.6636071789157072
2023-07-05 02:15:00+02:00,0.7068910131116563
2023-07-05 02:30:00+02:00,0.7566579787212308
2023-07-05 02:45:00+02:00,0.8065978728410296
2023-07-05 03:00:00+02:00,0.8629272500610593
2023-07-05 03:15:00+02:00,0.8917231494122527
2023-07-05 03:30:00+02:00,0.9257931009598089
2023-07-05 03:45:00+02:00,0.9590129280805663
2023-07-05 04:00:00+02:00,0.9803041026514323
2023-07-05 04:15:00+02:00,0.9863443867907262
2023-07-05 04:30:00+02:00,0.9909235911358057
2023-07-05 04:45:00+02:00,0.9956459311389513
2023-07-05 05:00:00+02:00,1.0
2023-07-05 05:15:00+02:00,1.0
2023-07-05 05:30:00+02:00,0.9997621821036279
2023-07-05 05:45:00+02:00,0.9988836850823123
2023-07-05 06:00:00+02:00,0.9980219243549149
2023-07-05 06:15:00+02:00,0.9977655888806308
2023-07-05 06:30:00+02:00,0.9976142921771616
2023-07-05 06:45:00+02:00,0.9975683245364912
2023-07-05 07:00:00+02:00,0.99762777436812
2023-07-05 07:15:00+02:00,0.9978992372918085
2023-07-05 07:30:00+02:00,0.9982097641396311
2023-07-05 07:45:00+02:00,0.9985591346604705
2023-07-05 08:00:00+02:00,0.9989471030265026
2023-07-05 08:15:00+02:00,1.0
2023-07-05 08:30:00+02:00,1.0
2023-07-05 08:45:00+02:00,1.0
2023-07-05 09:00:00+02:00,1.0
2023-07-05 09:15:00+02:00,1.0
2023-07-05 09:30:00+02:00,1.0
2023-07-05 09:45:00+02:00,1.0
2023-07-05 10:00:00+02:00,1.0
2023-07-05 10:15:00+02:00,1.0
2023-07-05 10:30:00+02:00,1.0
2023-07-05 10:45:00+02:00,1.0
2023-07-05 11:00:00+02:00,1.0
2023-07-05 11:15:00+02:00,1.0
2023-07-05 11:30:00+02:00,1.0
2023-07-05 11:45:00+02:00,0.9998929395388827
2023-07-05 12:00:00+02:00,0.9931387420627301
2023-07-05 12:15:00+02:00,0.9932731133498236
2023-07-05 12:30:00+02:00,0.993437212071732
2023-07-05 12:45:00+02:00,0.9936309469314132
2023-07-05 13:00:00+02:00,0.9938542106241129
2023-07-05 13:15:00+02:00,0.9931769207213832
2023-07-05 13:30:00+02:00,0.9925695536588663
2023-07-05 13:45:00+02:00,0.9920329122541459
2023-07-05 14:00:00+02:00,0.9915677160929778
2023-07-05 14:15:00+02:00,0.9916587495262014
2023-07-05 14:30:00+02:00,0.9917515828546978
2023-07-05 14:45:00+02:00,0.9918462129161323
2023-07-05 15:00:00+02:00,0.9919426364945848
2023-07-05 15:15:00+02:00,0.9817620449989216
2023-07-05 15:30:00+02:00,0.9638936826312756
2023-07-05 15:45:00+02:00,0.9379928002276854
2023-07-05 16:00:00+02:00,0.8975294515976582
2023-07-05 16:15:00+02:00,0.8477462330856487
2023-07-05 16:30:00+02:00,0.7834329821638976
2023-07-05 16:45:00+02:00,0.7145829166493307
2023-07-05 17:00:00+02:00,0.637328816892164
2023-07-05 17:15:00+02:00,0.5994920085327025
2023-07-05 17:30:00+02:00,0.5632611611741439
2023-07-05 17:45:00+02:00,0.5286557369776775
2023-07-05 18:00:00+02:00,0.49554290238886
2023-07-05 18:15:00+02:00,0.4943168747971569
2023-07-05 18:30:00+02:00,0.4938588276072453
2023-07-05 18:45:00+02:00,0.4941695572093151
2023-07-05 19:00:00+02:00,0.49524852322899915
2023-07-05 19:15:00+02:00,0.428765950700375
2023-07-05 19:30:00+02:00,0.37274708025608966
2023-07-05 19:45:00+02:00,0.321292164251943
2023-07-05 20:00:00+02:00,0.27730459551748005
2023-07-05 20:15:00+02:00,0.22700946699673666
2023-07-05 20:30:00+02:00,0.179098041724884
2023-07-05 20:45:00+02:00,0.1445902619033124
2023-07-05 21:00:00+02:00,0.11326707167066072
2023-07-05 21:15:00+02:00,0.13410498760405296
2023-07-05 21:30:00+02:00,0.1559406454529218
2023-07-05 21:45:00+02:00,0.1790437945247221
2023-07-05 22:00:00+02:00,0.20997424374544127
2023-07-05 22:15:00+02:00,0.208469276142821
2023-07-05 22:30:00+02:00,0.20704093569512952
2023-07-05 22:45:00+02:00,0.20568970647265114
2023-07-05 23:00:00+02:00,0.20441605017217307
2023-07-05 23:15:00+02:00,0.19409662638673805
2023-07-05 23:30:00+02:00,0.18385689937476676
2023-07-05 23:45:00+02:00,0.17459039880592647
2023-07-06 00:00:00+02:00,0.16695584479051379
2023-07-06 00:15:00+02:00,0.18215138686721163
2023-07-06 00:30:00+02:00,0.20160495042059015
2023-07-06 00:45:00+02:00,0.22191410353921678
2023-07-06 01:00:00+02:00,0.24300600606000716
2023-07-06 01:15:00+02:00,0.2581359267939977
2023-07-06 01:30:00+02:00,0.2732874577149763
2023-07-06 01:45:00+02:00,0.2892737653933862
2023-07-06 02:00:00+02:00,0.3089719574204621
2023-07-06 02:15:00+02:00,0.30880397014306804
2023-07-06 02:30:00+02:00,0.30896365661657127
2023-07-06 02:45:00+02:00,0.30945086096779567
2023-07-06 03:00:00+02:00,0.3102651082371042
2023-07-06 03:15:00+02:00,0.30375953587070537
2023-07-06 03:30:00+02:00,0.2972706837670024
2023-07-06 03:45:00+02:00,0.29079888122596076
2023-07-06 04:00:00+02:00,0.2846578988247461
2023-07-06 04:15:00+02:00,0.2816950208979471
2023-07-06 04:30:00+02:00,0.27895586194926064
2023-07-06 04:45:00+02:00,0.27644287625980274
2023-07-06 05:00:00+02:00,0.27415834712458187
2023-07-06 05:15:00+02:00,0.26769307553759775
2023-07-06 05:30:00+02:00,0.26133842748438346
2023-07-06 05:45:00+02:00,0.2550973009691868
2023-07-06 06:00:00+02:00,0.24897264157912194
2023-07-06 06:15:00+02:00,0.2450904186738746
2023-07-06 06:30:00+02:00,0.24126716625681435
2023-07-06 06:45:00+02:00,0.23750383680765008
2023-07-06 07:00:00+02:00,0.23380138801394798
2023-07-06 07:15:00+02:00,0.2089106517560409
2023-07-06 07:30:00+02:00,0.18402099536361086
2023-07-06 07:45:00+02:00,0.1635442489977825
2023-07-06 08:00:00+02:00,0.14467381597207843
2023-07-06 08:15:00+02:00,0.14053893401757978
2023-07-06 08:30:00+02:00,0.13654674800376274
2023-07-06 08:45:00+02:00,0.13270107118407065
2023-07-06 09:00:00+02:00,0.1290057063866452
2023-07-06 09:15:00+02:00,0.1196204557220236
2023-07-06 09:30:00+02:00,0.11052775275743262
2023-07-06 09:45:00+02:00,0.10174672475231306
2023-07-06 10:00:00+02:00,0.09402871251077818
2023-07-06 10:15:00+02:00,0.0900198464518056
2023-07-06 10:30:00+02:00,0.08601764900062747
2023-07-06 10:45:00+02:00,0.08202245000970532
2023-07-06 11:00:00+02:00,0.0780346008138118
2023-07-06 11:15:00+02:00,0.08156111599444517
2023-07-06 11:30:00+02:00,0.08508798745540895
2023-07-06 11:45:00+02:00,0.08861520007749378
2023-07-06 12:00:00+02:00,0.09214273958368552
2023-07-06 12:15:00+02:00,0.10550314650633123
2023-07-06 12:30:00+02:00,0.12118291198807567
2023-07-06 12:45:00+02:00,0.1372639073842001
2023-07-06 13:00:00+02:00,0.1537048785189859
2023-07-06 13:15:00+02:00,0.1557587972183295
2023-07-06 13:30:00+02:00,0.15796684483340787
2023-07-06 13:45:00+02:00,0.16032687558222616
2023-07-06 14:00:00+02:00,0.16283663978213297
2023-07-06 14:15:00+02:00,0.14924702343121354
2023-07-06 14:30:00+02:00,0.13572036740117724
2023-07-06 14:45:00+02:00,0.1222625083814751
2023-07-06 15:00:00+02:00,0.1088799918236298
2023-07-06 15:15:00+02:00,0.09463500006582053
2023-07-06 15:30:00+02:00,0.08554213061810413
2023-07-06 15:45:00+02:00,0.0764623040603521
2023-07-06 16:00:00+02:00,0.06739707788949638
2023-07-06 16:15:00+02:00,0.06303806617522761
2023-07-06 16:30:00+02:00,0.059151066487292375
2023-07-06 16:45:00+02:00,0.05576150640363908
2023-07-06 17:00:00+02:00,0.05289306762160863
2023-07-06 17:15:00+02:00,0.04739526008412311
2023-07-06 17:30:00+02:00,0.04280294683988069
2023-07-06 17:45:00+02:00,0.03960836646449473
2023-07-06 18:00:00+02:00,0.03644364988831655
2023-07-06 18:15:00+02:00,0.03241648215477462
2023-07-06 18:30:00+02:00,0.02868248267438422
2023-07-06 18:45:00+02:00,0.025273797007019073
2023-07-06 19:00:00+02:00,0.022223989994676292
2023-07-06 19:15:00+02:00,0.01820586405903303
2023-07-06 19:30:00+02:00,0.014190715186841214
2023-07-06 19:45:00+02:00,0.012151468839109482
2023-07-06 20:00:00+02:00,0.010321098345524433
2023-07-06 20:15:00+02:00,0.007780139408766213
2023-07-06 20:30:00+02:00,0.005370366488239726
2023-07-06 20:45:00+02:00,0.0031226452190000523
2023-07-06 21:00:00+02:00,0.0010750832869493082
2023-07-06 21:15:00+02:00,0.0
2023-07-06 21:30:00+02:00,0.0
2023-07-06 21:45:00+02:00,0.0
2023-07-06 22:00:00+02:00,0.0
2023-07-06 22:15:00+02:00,0.0
2023-07-06 22:30:00+02:00,0.0
2023-07-06 22:45:00+02:00,0.0
2023-07-06 23:00:00+02:00,0.0
2023-07-06 23:15:00+02:00,0.0
2023-07-06 23:30:00+02:00,0.0
2023-07-06 23:45:00+02:00,0.0
2023-07-07 00:00:00+02:00,0.0
2023-07-07 00:15:00+02:00,0.0020189766019665613
2023-07-07 00:30:00+02:00,0.005272931844415806
2023-07-07 00:45:00+02:00,0.008734953424716857
2023-07-07 01:00:00+02:00,0.012351012630103995
2023-07-07 01:15:00+02:00,0.016684448669339408
2023-07-07 01:30:00+02:00,0.022992219772769797
2023-07-07 01:45:00+02:00,0.02949666603525199
2023-07-07 02:00:00+02:00,0.036163850424487456
2023-07-07 02:15:00+02:00,0.04087617069774476
2023-07-07 02:30:00+02:00,0.04728434018093104
2023-07-07 02:45:00+02:00,0.056443540410442146
2023-07-07 03:00:00+02:00,0.06608918588000248
2023-07-07 03:15:00+02:00,0.07738661493200301
2023-07-07 03:30:00+02:00,0.08933251523402323
2023-07-07 03:45:00+02:00,0.10582926141109243
2023-07-07 04:00:00+02:00,0.12667305241340787
2023-07-07 04:15:00+02:00,0.13108375449043058
2023-07-07 04:30:00+02:00,0.1358486081779781
2023-07-07 04:45:00+02:00,0.14095652228961006
2023-07-07 05:00:00+02:00,0.14639611509771774
2023-07-07 05:15:00+02:00,0.13786467193468932
2023-07-07 05:30:00+02:00,0.12933373013204064
2023-07-07 05:45:00+02:00,0.12080331910034181
2023-07-07 06:00:00+02:00,0.112273470594343
2023-07-07 06:15:00+02:00,0.11220292890787643
2023-07-07 06:30:00+02:00,0.11254265215623004
2023-07-07 06:45:00+02:00,0.11329166515171649
2023-07-07 07:00:00+02:00,0.11444782870766684
2023-07-07 07:15:00+02:00,0.11034210395449193
2023-07-07 07:30:00+02:00,0.10627100538809164
2023-07-07 07:45:00+02:00,0.10223554543003356
2023-07-07 08:00:00+02:00,0.09823676696540709
2023-07-07 08:15:00+02:00,0.07887926058896348
2023-07-07 08:30:00+02:00,0.060663158852387704
2023-07-07 08:45:00+02:00,0.04311076878296322
2023-07-07 09:00:00+02:00,0.03237029363693879
2023-07-07 09:15:00+02:00,0.029667392203759427
2023-07-07 09:30:00+02:00,0.026968747688240983
2023-07-07 09:45:00+02:00,0.024274700710699197
2023-07-07 10:00:00+02:00,0.02158562854673299
2023-07-07 10:15:00+02:00,0.021266251226400457
2023-07-07 10:30:00+02:00,0.02094947640339399
2023-07-07 10:45:00+02:00,0.02063532943361784
2023-07-07 11:00:00+02:00,0.020323835788967782
2023-07-07 11:15:00+02:00,0.02014600380049475
2023-07-07 11:30:00+02:00,0.02007736992201786
2023-07-07 11:45:00+02:00,0.020118165893568025
2023-07-07 12:00:00+02:00,0.02026825389003467
2023-07-07 12:15:00+02:00,0.025022115681571915
2023-07-07 12:30:00+02:00,0.030011341463879897
2023-07-07 12:45:00+02:00,0.035204512260044174
2023-07-07 13:00:00+02:00,0.04057458503407723
2023-07-07 13:15:00+02:00,0.043858660598198686
2023-07-07 13:30:00+02:00,0.04929100835306933
2023-07-07 13:45:00+02:00,0.05485763147528067
2023-07-07 14:00:00+02:00,0.06042734563403426
2023-07-07 14:15:00+02:00,0.06223702172436969
2023-07-07 14:30:00+02:00,0.0640713899289211
2023-07-07 14:45:00+02:00,0.06592985070379524
2023-07-07 15:00:00+02:00,0.06781181626004017
2023-07-07 15:15:00+02:00,0.06786146627306339
2023-07-07 15:30:00+02:00,0.06791860726091005
2023-07-07 15:45:00+02:00,0.06798323360863036
2023-07-07 16:00:00+02:00,0.06805533897248696
2023-07-07 16:15:00+02:00,0.06802618648545186
2023-07-07 16:30:00+02:00,0.06814108025021086
2023-07-07 16:45:00+02:00,0.06839980356239099
2023-07-07 17:00:00+02:00,0.06880187002463165
2023-07-07 17:15:00+02:00,0.06939719685362666
2023-07-07 17:30:00+02:00,0.0700534368344491
2023-07-07 17:45:00+02:00,0.07077007191566859
2023-07-07 18:00:00+02:00,0.07154654305516218
2023-07-07 18:15:00+02:00,0.07227781084464444
2023-07-07 18:30:00+02:00,0.07335641244221476
2023-07-07 18:45:00+02:00,0.07477757531345337
2023-07-07 19:00:00+02:00,0.07653514354411128
2023-07-07 19:15:00+02:00,0.07711288549302739
2023-07-07 19:30:00+02:00,0.07968402052104558
2023-07-07 19:45:00+02:00,0.08418577249817276
2023-07-07 20:00:00+02:00,0.0905143790105441
2023-07-07 20:15:00+02:00,0.10982188469719767
2023-07-07 20:30:00+02:00,0.1332666611310244
2023-07-07 20:45:00+02:00,0.15780216505856665
2023-07-07 21:00:00+02:00,0.18514430256551678
2023-07-07 21:15:00+02:00,0.20905737166801786
2023-07-07 21:30:00+02:00,0.23311925669630232
2023-07-07 21:45:00+02:00,0.25731524089165986
2023-07-07 22:00:00+02:00,0.2816324188755276
2023-07-07 22:15:00+02:00,0.30150282445768994
2023-07-07 22:30:00+02:00,0.3227049730367676
2023-07-07 22:45:00+02:00,0.34402039457758876
2023-07-07 23:00:00+02:00,0.36544227540024954
2023-07-07 23:15:00+02:00,0.3773346768325578
2023-07-07 23:30:00+02:00,0.39060490855254654
2023-07-07 23:45:00+02:00,0.4052032334941291
2023-07-08 00:00:00+02:00,0.42107766039171807
2023-07-08 00:15:00+02:00,0.40243056624579515
2023-07-08 00:30:00+02:00,0.38413362115447486
2023-07-08 00:45:00+02:00,0.36620489214611435
2023-07-08 01:00:00+02:00,0.34866330825850755
2023-07-08 01:15:00+02:00,0.32566023029850744
2023-07-08 01:30:00+02:00,0.30487982678742453
2023-07-08 01:45:00+02:00,0.2864629133643853
2023-07-08 02:00:00+02:00,0.2740154586381663
2023-07-08 02:15:00+02:00,0.25986691771957177
2023-07-08 02:30:00+02:00,0.24717846820010422
2023-07-08 02:45:00+02:00,0.23602854393691944
2023-07-08 03:00:00+02:00,0.2264907614481696
2023-07-08 03:15:00+02:00,0.21509958967606346
2023-07-08 03:30:00+02:00,0.20412489517054602
2023-07-08 03:45:00+02:00,0.1935872606609639
2023-07-08 04:00:00+02:00,0.18350774451192134
2023-07-08 04:15:00+02:00,0.17745373558242944
2023-07-08 04:30:00+02:00,0.17332621827938838
2023-07-08 04:45:00+02:00,0.16970898829916603
2023-07-08 05:00:00+02:00,0.16659554057447742
2023-07-08 05:15:00+02:00,0.1687510521396657
2023-07-08 05:30:00+02:00,0.1709100538167507
2023-07-08 05:45:00+02:00,0.17307249933507035
2023-07-08 06:00:00+02:00,0.17523834316641124
2023-07-08 06:15:00+02:00,0.17858925235279485
2023-07-08 06:30:00+02:00,0.18263684628042354
2023-07-08 06:45:00+02:00,0.1866977249270576
2023-07-08 07:00:00+02:00,0.19077164432957341
2023-07-08 07:15:00+02:00,0.18481127574963535
2023-07-08 07:30:00+02:00,0.17894303394113184
2023-07-08 07:45:00+02:00,0.174187600519337
2023-07-08 08:00:00+02:00,0.16988351356875886
2023-07-08 08:15:00+02:00,0.14649573957426854
2023-07-08 08:30:00+02:00,0.12337127834321285
2023-07-08 08:45:00+02:00,0.10055403981309258
2023-07-08 09:00:00+02:00,0.08455625062923378
2023-07-08 09:15:00+02:00,0.07670191310152968
2023-07-08 09:30:00+02:00,0.06934771256797836
2023-07-08 09:45:00+02:00,0.06254307873013931
2023-07-08 10:00:00+02:00,0.05633970442475252
2023-07-08 10:15:00+02:00,0.04474459308472993
2023-07-08 10:30:00+02:00,0.03761532312774539
2023-07-08 10:45:00+02:00,0.030777527813471744
2023-07-08 11:00:00+02:00,0.023947195456508114
2023-07-08 11:15:00+02:00,0.021658560892776287
2023-07-08 11:30:00+02:00,0.021149334996646674
2023-07-08 11:45:00+02:00,0.02244688256263866
2023-07-08 12:00:00+02:00,0.025482535249570337
2023-07-08 12:15:00+02:00,0.02705391045812659
2023-07-08 12:30:00+02:00,0.029251097898725043
2023-07-08 12:45:00+02:00,0.03203623888033776
2023-07-08 13:00:00+02:00,0.03536558504303597
2023-07-08 13:15:00+02:00,0.03441856972367837
2023-07-08 13:30:00+02:00,0.035568017533656425
2023-07-08 13:45:00+02:00,0.038751438331200906
2023-07-08 14:00:00+02:00,0.04380802026891587
2023-07-08 14:15:00+02:00,0.044145903856151705
2023-07-08 14:30:00+02:00,0.04503273293320266
2023-07-08 14:45:00+02:00,0.04629756506839524
2023-07-08 15:00:00+02:00,0.047933525961894305
2023-07-08 15:15:00+02:00,0.04280935079860291
2023-07-08 15:30:00+02:00,0.03934104777438433
2023-07-08 15:45:00+02:00,0.035944132774003386
2023-07-08 16:00:00+02:00,0.032625247988099265
2023-07-08 16:15:00+02:00,0.029812811509047465
2023-07-08 16:30:00+02:00,0.0270008442790696
2023-07-08 16:45:00+02:00,0.024189385455129043
2023-07-08 17:00:00+02:00,0.021378478667135076
2023-07-08 17:15:00+02:00,0.018370343454116526
2023-07-08 17:30:00+02:00,0.015376395770907452
2023-07-08 17:45:00+02:00,0.013164919465429093
2023-07-08 18:00:00+02:00,0.01181260478026748
2023-07-08 18:15:00+02:00,0.01091337977590068
2023-07-08 18:30:00+02:00,0.010436879171273927
2023-07-08 18:45:00+02:00,0.01039900098566727
2023-07-08 19:00:00+02:00,0.01080104254830381
2023-07-08 19:15:00+02:00,0.010958500557415816
2023-07-08 19:30:00+02:00,0.011204625151025206
2023-07-08 19:45:00+02:00,0.011537744392280712
2023-07-08 20:00:00+02:00,0.01195566151556957
2023-07-08 20:15:00+02:00,0.012110753386704457
2023-07-08 20:30:00+02:00,0.0126629301124652
2023-07-08 20:45:00+02:00,0.013596235093871646
2023-07-08 21:00:00+02:00,0.01616569305199028
2023-07-08 21:15:00+02:00,0.021413636967124214
2023-07-08 21:30:00+02:00,0.026813369051592758
2023-07-08 21:45:00+02:00,0.03234238443280407
2023-07-08 22:00:00+02:00,0.0379820190502172
2023-07-08 22:15:00+02:00,0.04133311940636221
2023-07-08 22:30:00+02:00,0.045458748100206475
2023-07-08 22:45:00+02:00,0.05177043560136043
2023-07-08 23:00:00+02:00,0.05836089607016108
2023-07-08 23:15:00+02:00,0.0947544303564742
2023-07-08 23:30:00+02:00,0.15412568355423298
2023-07-08 23:45:00+02:00,0.2265029162751367
2023-07-09 00:00:00+02:00,0.313394280480769
2023-07-09 00:15:00+02:00,0.28323615987737716
2023-07-09 00:30:00+02:00,0.26106463206101665
2023-07-09 00:45:00+02:00,0.2407002953802548
2023-07-09 01:00:00+02:00,0.2223020446667562
2023-07-09 01:15:00+02:00,0.18376240791680945
2023-07-09 01:30:00+02:00,0.15305710099046158
2023-07-09 01:45:00+02:00,0.1239662984904706
2023-07-09 02:00:00+02:00,0.09506633774633123
2023-07-09 02:15:00+02:00,0.0794370388356114
2023-07-09 02:30:00+02:00,0.06380905133947644
2023-07-09 02:45:00+02:00,0.04818266958656036
2023-07-09 03:00:00+02:00,0.037260894997709924
2023-07-09 03:15:00+02:00,0.027247148167441646
2023-07-09 03:30:00+02:00,0.017240333363190464
2023-07-09 03:45:00+02:00,0.010810604067153558
2023-07-09 04:00:00+02:00,0.006250890243528864
2023-07-09 04:15:00+02:00,0.004139606850582527
2023-07-09 04:30:00+02:00,0.0020842681932466793
2023-07-09 04:45:00+02:00,9.732300167746457e-05
2023-07-09 05:00:00+02:00,0.0
2023-07-09 05:15:00+02:00,0.000393568270325556
2023-07-09 05:30:00+02:00,0.002801031139828466
2023-07-09 05:45:00+02:00,0.005371351777365323
2023-07-09 06:00:00+02:00,0.008069359894897597
2023-07-09 06:15:00+02:00,0.012061764870427124
2023-07-09 06:30:00+02:00,0.018838888777424546
2023-07-09 06:45:00+02:00,0.02778058579374318
2023-07-09 07:00:00+02:00,0.03678749108999581
2023-07-09 07:15:00+02:00,0.042109034000761734
2023-07-09 07:30:00+02:00,0.04989476087491854
2023-07-09 07:45:00+02:00,0.05912888708498563
2023-07-09 08:00:00+02:00,0.06845543344806555
2023-07-09 08:15:00+02:00,0.05537841877171573
2023-07-09 08:30:00+02:00,0.0431167272103996
2023-07-09 08:45:00+02:00,0.035613801285041
2023-07-09 09:00:00+02:00,0.028257829287783427
2023-07-09 09:15:00+02:00,0.026113995305194374
2023-07-09 09:30:00+02:00,0.023982605282664667
2023-07-09 09:45:00+02:00,0.02186446482659686
2023-07-09 10:00:00+02:00,0.019760444919532834
2023-07-09 10:15:00+02:00,0.019932208856093467
2023-07-09 10:30:00+02:00,0.020146661721650364
2023-07-09 10:45:00+02:00,0.020403521276616935
2023-07-09 11:00:00+02:00,0.02070245273391627
2023-07-09 11:15:00+02:00,0.013272476803603717
2023-07-09 11:30:00+02:00,0.010074518435503265
2023-07-09 11:45:00+02:00,0.007496915693344085
2023-07-09 12:00:00+02:00,0.0056840249412078115
2023-07-09 12:15:00+02:00,0.009778466342912304
2023-07-09 12:30:00+02:00,0.013970252385793273
2023-07-09 12:45:00+02:00,0.02297362400911967
2023-07-09 13:00:00+02:00,0.03198903999574815
2023-07-09 13:15:00+02:00,0.0347921434592858
2023-07-09 13:30:00+02:00,0.04283202966314892
2023-07-09 13:45:00+02:00,0.06285261397916203
2023-07-09 14:00:00+02:00,0.08915758786785773
2023-07-09 14:15:00+02:00,0.11874826844490478
2023-07-09 14:30:00+02:00,0.17333272597664717
2023-07-09 14:45:00+02:00,0.26394662526561224
2023-07-09 15:00:00+02:00,0.3940615886959216
2023-07-09 15:15:00+02:00,0.3389536300481529
2023-07-09 15:30:00+02:00,0.2878385255850006
2023-07-09 15:45:00+02:00,0.2515154723510578
2023-07-09 16:00:00+02:00,0.21981717635721773
2023-07-09 16:15:00+02:00,0.14117642159737265
2023-07-09 16:30:00+02:00,0.08191053730334968
2023-07-09 16:45:00+02:00,0.042262102423856286
2023-07-09 17:00:00+02:00,0.019220828792456852
2023-07-09 17:15:00+02:00,0.011880728897741655
2023-07-09 17:30:00+02:00,0.007701594602967805
2023-07-09 17:45:00+02:00,0.0038316341692270902
2023-07-09 18:00:00+02:00,0.0003992535213031995
2023-07-09 18:15:00+02:00,0.0017388845869813908
2023-07-09 18:30:00+02:00,0.004740820522548854
2023-07-09 18:45:00+02:00,0.008998487073699353
2023-07-09 19:00:00+02:00,0.014510038013028302
2023-07-09 19:15:00+02:00,0.01019532695119767
2023-07-09 19:30:00+02:00,0.008518691007772975
2023-07-09 19:45:00+02:00,0.009407486281354268
2023-07-09 20:00:00+02:00,0.01269237883785715
2023-07-09 20:15:00+02:00,0.024355985126013873
2023-07-09 20:30:00+02:00,0.03799824468669221
2023-07-09 20:45:00+02:00,0.05765282451212994
2023-07-09 21:00:00+02:00,0.08202894706794744
2023-07-09 21:15:00+02:00,0.08818665914372549
2023-07-09 21:30:00+02:00,0.09455044736188539
2023-07-09 21:45:00+02:00,0.104652888897172
2023-07-09 22:00:00+02:00,0.11545523827949886
2023-07-09 22:15:00+02:00,0.11936004149736075
2023-07-09 22:30:00+02:00,0.12343349360877384
2023-07-09 22:45:00+02:00,0.1276709439264153
2023-07-09 23:00:00+02:00,0.13206773415466638
2023-07-09 23:15:00+02:00,0.11676739425267256
2023-07-09 23:30:00+02:00,0.10395468682950587
2023-07-09 23:45:00+02:00,0.09438132272774073
2023-07-10 00:00:00+02:00,0.0899160430424235
2023-07-10 00:15:00+02:00,0.08594171157769871
2023-07-10 00:30:00+02:00,0.0826916030994253
2023-07-10 00:45:00+02:00,0.08019503087592807
2023-07-10 01:00:00+02:00,0.07847559143860924
2023-07-10 01:15:00+02:00,0.08142202632985124
2023-07-10 01:30:00+02:00,0.08437364422577502
2023-07-10 01:45:00+02:00,0.08733026010021584
2023-07-10 02:00:00+02:00,0.09029169733868939
2023-07-10 02:15:00+02:00,0.08256623241630155
2023-07-10 02:30:00+02:00,0.07502606975896012
2023-07-10 02:45:00+02:00,0.06768956192993936
2023-07-10 03:00:00+02:00,0.060576965269545896
2023-07-10 03:15:00+02:00,0.06332413670184327
2023-07-10 03:30:00+02:00,0.06645092073622035
2023-07-10 03:45:00+02:00,0.06994187975927954
2023-07-10 04:00:00+02:00,0.07378074976943391
2023-07-10 04:15:00+02:00,0.07020095980864521
2023-07-10 04:30:00+02:00,0.0666242065154028
2023-07-10 04:45:00+02:00,0.06305063550789554
2023-07-10 05:00:00+02:00,0.059480401723486
2023-07-10 05:15:00+02:00,0.056237233103810284
2023-07-10 05:30:00+02:00,0.05322336321261389
2023-07-10 05:45:00+02:00,0.050448610431060054
2023-07-10 06:00:00+02:00,0.04792251534880776
2023-07-10 06:15:00+02:00,0.04384760632410641
2023-07-10 06:30:00+02:00,0.04158892987627955
2023-07-10 06:45:00+02:00,0.03957387602337163
2023-07-10 07:00:00+02:00,0.03781528315257995
2023-07-10 07:15:00+02:00,0.033978809670558816
2023-07-10 07:30:00+02:00,0.030286262728769598
2023-07-10 07:45:00+02:00,0.02675302452741983
2023-07-10 08:00:00+02:00,0.023395932127730175
2023-07-10 08:15:00+02:00,0.02284326508143278
2023-07-10 08:30:00+02:00,0.022332890015774837
2023-07-10 08:45:00+02:00,0.02186546253858219
2023-07-10 09:00:00+02:00,0.02144159502471205
2023-07-10 09:15:00+02:00,0.023268813244639378
2023-07-10 09:30:00+02:00,0.025109300124170793
2023-07-10 09:45:00+02:00,0.026962350318453614
2023-07-10 10:00:00+02:00,0.02882730327914575
2023-07-10 10:15:00+02:00,0.02918817575349709
2023-07-10 10:30:00+02:00,0.02955030996415002
2023-07-10 10:45:00+02:00,0.029913693078550855
2023-07-10 11:00:00+02:00,0.030278312394213452
2023-07-10 11:15:00+02:00,0.023901648902001124
2023-07-10 11:30:00+02:00,0.01755538714326559
2023-07-10 11:45:00+02:00,0.012638823360690906
2023-07-10 12:00:00+02:00,0.009778199419857424
2023-07-10 12:15:00+02:00,0.012512283059917141
2023-07-10 12:30:00+02:00,0.017069397692105755
2023-07-10 12:45:00+02:00,0.02326269646861865
2023-07-10 13:00:00+02:00,0.02953269206687901
2023-07-10 13:15:00+02:00,0.03173238384964729
2023-07-10 13:30:00+02:00,0.034033282980908755
2023-07-10 13:45:00+02:00,0.036429225513559135
2023-07-10 14:00:00+02:00,0.03891431312568369
2023-07-10 14:15:00+02:00,0.03630474209580001
2023-07-10 14:30:00+02:00,0.03393389546904454
2023-07-10 14:45:00+02:00,0.03181739157847459
2023-07-10 15:00:00+02:00,0.029970342141345876
2023-07-10 15:15:00+02:00,0.027247598818555048
2023-07-10 15:30:00+02:00,0.02454953208284699
2023-07-10 15:45:00+02:00,0.021878163936291585
2023-07-10 16:00:00+02:00,0.019235719952906342
2023-07-10 16:15:00+02:00,0.017127017706104516
2023-07-10 16:30:00+02:00,0.015180411932737843
2023-07-10 16:45:00+02:00,0.013625413142417395
2023-07-10 17:00:00+02:00,0.012898771297489656
2023-07-10 17:15:00+02:00,0.011691441700061728
2023-07-10 17:30:00+02:00,0.01060791057650622
2023-07-10 17:45:00+02:00,0.00965897455064023
2023-07-10 18:00:00+02:00,0.00885514027465555
2023-07-10 18:15:00+02:00,0.010832995773718233
2023-07-10 18:30:00+02:00,0.01283624149849781
2023-07-10 18:45:00+02:00,0.016112519495912154
2023-07-10 19:00:00+02:00,0.020587886334553784
2023-07-10 19:15:00+02:00,0.020553407430304576
2023-07-10 19:30:00+02:00,0.02051970073171594
2023-07-10 19:45:00+02:00,0.020486767040556894
2023-07-10 20:00:00+02:00,0.02045460714128164
2023-07-10 20:15:00+02:00,0.015937412788815216
2023-07-10 20:30:00+02:00,0.012721271569855891
2023-07-10 20:45:00+02:00,0.010664626547636395
2023-07-10 21:00:00+02:00,0.008611959401151056
2023-07-10 21:15:00+02:00,0.007896930970037307
2023-07-10 21:30:00+02:00,0.00735927642263344
2023-07-10 21:45:00+02:00,0.007007259180424893
2023-07-10 22:00:00+02:00,0.006846567776000802
2023-07-10 22:15:00+02:00,0.008258807706252294
2023-07-10 22:30:00+02:00,0.010042351184376653
2023-07-10 22:45:00+02:00,0.012147269985448354
2023-07-10 23:00:00+02:00,0.01537712908782586
2023-07-10 23:15:00+02:00,0.028485089223037434
2023-07-10 23:30:00+02:00,0.04159997971200764
2023-07-10 23:45:00+02:00,0.062114576802324864
2023-07-11 00:00:00+02:00,0.08433116480717111
2023-07-11 00:15:00+02:00,0.0924280456833453
2023-07-11 00:30:00+02:00,0.10497777833653121
2023-07-11 00:45:00+02:00,0.12035958752179288
2023-07-11 01:00:00+02:00,0.13675878090408608
2023-07-11 01:15:00+02:00,0.14791304992575668
2023-07-11 01:30:00+02:00,0.15979257816410422
2023-07-11 01:45:00+02:00,0.1723443834165312
2023-07-11 02:00:00+02:00,0.18811234047171124
2023-07-11 02:15:00+02:00,0.1905979977082719
2023-07-11 02:30:00+02:00,0.19337423628353098
2023-07-11 02:45:00+02:00,0.196437438920216
2023-07-11 03:00:00+02:00,0.19978368374324332
2023-07-11 03:15:00+02:00,0.1945204122992359
2023-07-11 03:30:00+02:00,0.18933848128355635
2023-07-11 03:45:00+02:00,0.18423981577233356
2023-07-11 04:00:00+02:00,0.17922636965025046
2023-07-11 04:15:00+02:00,0.18772595257019056
2023-07-11 04:30:00+02:00,0.19624905919919405
2023-07-11 04:45:00+02:00,0.20479480162384092
2023-07-11 05:00:00+02:00,0.21336233387557346
2023-07-11 05:15:00+02:00,0.23118844196984242
2023-07-11 05:30:00+02:00,0.24903047155506583
2023-07-11 05:45:00+02:00,0.266887270221246
2023-07-11 06:00:00+02:00,0.2847577933299324
2023-07-11 06:15:00+02:00,0.28649474599892133
2023-07-11 06:30:00+02:00,0.2887078363099879
2023-07-11 06:45:00+02:00,0.2911119782469541
2023-07-11 07:00:00+02:00,0.29370578180659307
2023-07-11 07:15:00+02:00,0.2804597365205259
2023-07-11 07:30:00+02:00,0.26985337340421556
2023-07-11 07:45:00+02:00,0.26009335466966055
2023-07-11 08:00:00+02:00,0.25121391694098827
2023-07-11 08:15:00+02:00,0.21394455042953958
2023-07-11 08:30:00+02:00,0.17781023190317652
2023-07-11 08:45:00+02:00,0.15132011181716018
2023-07-11 09:00:00+02:00,0.1261274642669852
2023-07-11 09:15:00+02:00,0.13082952394211228
2023-07-11 09:30:00+02:00,0.13669823729737934
2023-07-11 09:45:00+02:00,0.14368887255920762
2023-07-11 10:00:00+02:00,0.15175107399182913
2023-07-11 10:15:00+02:00,0.1649959863382763
2023-07-11 10:30:00+02:00,0.17983796495969842
2023-07-11 10:45:00+02:00,0.19984076566739956
2023-07-11 11:00:00+02:00,0.22095070375224257
2023-07-11 11:15:00+02:00,0.21302832795010498
2023-07-11 11:30:00+02:00,0.2053081665592635
2023-07-11 11:45:00+02:00,0.19779720540091805
2023-07-11 12:00:00+02:00,0.19050255314069314
2023-07-11 12:15:00+02:00,0.19807598172555402
2023-07-11 12:30:00+02:00,0.20575478997108135
2023-07-11 12:45:00+02:00,0.21353543995045715
2023-07-11 13:00:00+02:00,0.22141450649961936
2023-07-11 13:15:00+02:00,0.21764560566102736
2023-07-11 13:30:00+02:00,0.21389535103643223
2023-07-11 13:45:00+02:00,0.2101640498745033
2023-07-11 14:00:00+02:00,0.2064520146068731
2023-07-11 14:15:00+02:00,0.18822052390513874
2023-07-11 14:30:00+02:00,0.17194383641057792
2023-07-11 14:45:00+02:00,0.15846995083721716
2023-07-11 15:00:00+02:00,0.14519430294870206
2023-07-11 15:15:00+02:00,0.1289645992156398
2023-07-11 15:30:00+02:00,0.11340150380680843
2023-07-11 15:45:00+02:00,0.09858019076571851
2023-07-11 16:00:00+02:00,0.0885980337070177
2023-07-11 16:15:00+02:00,0.080846511910096
2023-07-11 16:30:00+02:00,0.07329822028784652
2023-07-11 16:45:00+02:00,0.06597346134020642
2023-07-11 17:00:00+02:00,0.058894603100939205
2023-07-11 17:15:00+02:00,0.07791760837534764
2023-07-11 17:30:00+02:00,0.09856646896898782
2023-07-11 17:45:00+02:00,0.13015966809607324
2023-07-11 18:00:00+02:00,0.1621307974889948
2023-07-11 18:15:00+02:00,0.15993090113901273
2023-07-11 18:30:00+02:00,0.15779608751620128
2023-07-11 18:45:00+02:00,0.1557272412042474
2023-07-11 19:00:00+02:00,0.1537252348114641
2023-07-11 19:15:00+02:00,0.10865159029956194
2023-07-11 19:30:00+02:00,0.07780490061680931
2023-07-11 19:45:00+02:00,0.05513462999115544
2023-07-11 20:00:00+02:00,0.039686799931650335
2023-07-11 20:15:00+02:00,0.029236208972205344
2023-07-11 20:30:00+02:00,0.021681163963001092
2023-07-11 20:45:00+02:00,0.0177178016461718
2023-07-11 21:00:00+02:00,0.017798141746311502
2023-07-11 21:15:00+02:00,0.01308933557839963
2023-07-11 21:30:00+02:00,0.01126409027674942
2023-07-11 21:45:00+02:00,0.010259084469743005
2023-07-11 22:00:00+02:00,0.010139870483661753
2023-07-11 22:15:00+02:00,0.011971261813032435
2023-07-11 22:30:00+02:00,0.014472875535568584
2023-07-11 22:45:00+02:00,0.019741102012321925
2023-07-11 23:00:00+02:00,0.0254996115403402
2023-07-11 23:15:00+02:00,0.08250771218561083
2023-07-11 23:30:00+02:00,0.19435903228706353
2023-07-11 23:45:00+02:00,0.3672216181040963
2023-07-12 00:00:00+02:00,0.5854466319308731
2023-07-12 00:15:00+02:00,0.5775462907231167
2023-07-12 00:30:00+02:00,0.5698629445488553
2023-07-12 00:45:00+02:00,0.5623681196396091
2023-07-12 01:00:00+02:00,0.5550648742591053
2023-07-12 01:15:00+02:00,0.44405508619209233
2023-07-12 01:30:00+02:00,0.34714296623285
2023-07-12 01:45:00+02:00,0.2640359705280413
2023-07-12 02:00:00+02:00,0.200510971784474
2023-07-12 02:15:00+02:00,0.18339842678040694
2023-07-12 02:30:00+02:00,0.17509874162520273
2023-07-12 02:45:00+02:00,0.17464128747616278
2023-07-12 03:00:00+02:00,0.18161180497931584
2023-07-12 03:15:00+02:00,0.20854407744294887
2023-07-12 03:30:00+02:00,0.2356299168051759
2023-07-12 03:45:00+02:00,0.2628523566400586
2023-07-12 04:00:00+02:00,0.2915267412299579
2023-07-12 04:15:00+02:00,0.2822900161518402
2023-07-12 04:30:00+02:00,0.27708689534183184
2023-07-12 04:45:00+02:00,0.2746438877732568
2023-07-12 05:00:00+02:00,0.274988052176175
2023-07-12 05:15:00+02:00,0.31717663987243233
2023-07-12 05:30:00+02:00,0.36274360754794016
2023-07-12 05:45:00+02:00,0.40848223928461347
2023-07-12 06:00:00+02:00,0.4577156690902566
2023-07-12 06:15:00+02:00,0.44444433110806925
2023-07-12 06:30:00+02:00,0.43126532751542673
2023-07-12 06:45:00+02:00,0.4190310091357901
2023-07-12 07:00:00+02:00,0.4074227903580847
2023-07-12 07:15:00+02:00,0.43437974830480636
2023-07-12 07:30:00+02:00,0.4635783719434045
2023-07-12 07:45:00+02:00,0.4927909946800607
2023-07-12 08:00:00+02:00,0.5220167097307923
2023-07-12 08:15:00+02:00,0.5789382264267657
2023-07-12 08:30:00+02:00,0.6382707336286184
2023-07-12 08:45:00+02:00,0.6990994717391857
2023-07-12 09:00:00+02:00,0.7576378533318596
2023-07-12 09:15:00+02:00,0.7595780688733968
2023-07-12 09:30:00+02:00,0.7615287499135087
2023-07-12 09:45:00+02:00,0.7634898495698981
2023-07-12 10:00:00+02:00,0.765461320991714
2023-07-12 10:15:00+02:00,0.7555007820448654
2023-07-12 10:30:00+02:00,0.7456301247083733
2023-07-12 10:45:00+02:00,0.7341648700394103
2023-07-12 11:00:00+02:00,0.7221487856974949
2023-07-12 11:15:00+02:00,0.6285345105847056
2023-07-12 11:30:00+02:00,0.5356460118882119
2023-07-12 11:45:00+02:00,0.44343604359529454
2023-07-12 12:00:00+02:00,0.35918113178359734
2023-07-12 12:15:00+02:00,0.3592219972715701
2023-07-12 12:30:00+02:00,0.3594328025579688
2023-07-12 12:45:00+02:00,0.35981344600735243
2023-07-12 13:00:00+02:00,0.36036374430545765
2023-07-12 13:15:00+02:00,0.36476840208325634
2023-07-12 13:30:00+02:00,0.3694979073028047
2023-07-12 13:45:00+02:00,0.3745479611060551
2023-07-12 14:00:00+02:00,0.3799140565756724
2023-07-12 14:15:00+02:00,0.381277750590848
2023-07-12 14:30:00+02:00,0.383303956274328
2023-07-12 14:45:00+02:00,0.38598895720116966
2023-07-12 15:00:00+02:00,0.38932787126949037
2023-07-12 15:15:00+02:00,0.3917954684073827
2023-07-12 15:30:00+02:00,0.39443920533673416
2023-07-12 15:45:00+02:00,0.39725780611404876
2023-07-12 16:00:00+02:00,0.40024992393632464
2023-07-12 16:15:00+02:00,0.39963531887212916
2023-07-12 16:30:00+02:00,0.39909358172156606
2023-07-12 16:45:00+02:00,0.39862482051331105
2023-07-12 17:00:00+02:00,0.3982291288961734
2023-07-12 17:15:00+02:00,0.40080075230679374
2023-07-12 17:30:00+02:00,0.4034452504845355
2023-07-12 17:45:00+02:00,0.40616209963767475
2023-07-12 18:00:00+02:00,0.40895076685820275
2023-07-12 18:15:00+02:00,0.3996552286088709
2023-07-12 18:30:00+02:00,0.3903639474347487
2023-07-12 18:45:00+02:00,0.381077033339995
2023-07-12 19:00:00+02:00,0.3717946000973104
2023-07-12 19:15:00+02:00,0.35098994843955267
2023-07-12 19:30:00+02:00,0.3303882933341201
2023-07-12 19:45:00+02:00,0.3100020861597837
2023-07-12 20:00:00+02:00,0.2898446707865603
2023-07-12 20:15:00+02:00,0.28210606154630546
2023-07-12 20:30:00+02:00,0.2753207532964944
2023-07-12 20:45:00+02:00,0.2685438834928953
2023-07-12 21:00:00+02:00,0.2617756857411889
2023-07-12 21:15:00+02:00,0.24920715967375792
2023-07-12 21:30:00+02:00,0.23676727937535022
2023-07-12 21:45:00+02:00,0.22446293218168728
2023-07-12 22:00:00+02:00,0.21230142254055037
2023-07-12 22:15:00+02:00,0.20455451755959897
2023-07-12 22:30:00+02:00,0.1971001130422837
2023-07-12 22:45:00+02:00,0.1899480816472053
2023-07-12 23:00:00+02:00,0.18310831741795797
2023-07-12 23:15:00+02:00,0.2139149749190159
2023-07-12 23:30:00+02:00,0.24547316612652037
2023-07-12 23:45:00+02:00,0.27768806768609444
2023-07-13 00:00:00+02:00,0.3178263016283766
2023-07-13 00:15:00+02:00,0.3207876007450838
2023-07-13 00:30:00+02:00,0.32583895280574465
2023-07-13 00:45:00+02:00,0.33294962496515984
2023-07-13 01:00:00+02:00,0.3420773658919576
2023-07-13 01:15:00+02:00,0.34114533264105906
2023-07-13 01:30:00+02:00,0.3414019648452979
2023-07-13 01:45:00+02:00,0.3428463829472242
2023-07-13 02:00:00+02:00,0.34547365261436663
2023-07-13 02:15:00+02:00,0.3419834453495823
2023-07-13 02:30:00+02:00,0.33873845486194293
2023-07-13 02:45:00+02:00,0.3357409912669031
2023-07-13 03:00:00+02:00,0.33299321431062745
2023-07-13 03:15:00+02:00,0.3255958902688391
2023-07-13 03:30:00+02:00,0.3192499167901971
2023-07-13 03:45:00+02:00,0.3139750801937106
2023-07-13 04:00:00+02:00,0.30978820620459246
2023-07-13 04:15:00+02:00,0.31776617106147803
2023-07-13 04:30:00+02:00,0.3259032456500448
2023-07-13 04:45:00+02:00,0.33419566567411735
2023-07-13 05:00:00+02:00,0.3426397161331268
2023-07-13 05:15:00+02:00,0.3454346868829764
2023-07-13 05:30:00+02:00,0.3483267886992042
2023-07-13 05:45:00+02:00,0.35131521815827366
2023-07-13 06:00:00+02:00,0.35439915435731645
2023-07-13 06:15:00+02:00,0.3546863472020715
2023-07-13 06:30:00+02:00,0.35499623308765377
2023-07-13 06:45:00+02:00,0.35532879197816297
2023-07-13 07:00:00+02:00,0.355684002397986
2023-07-13 07:15:00+02:00,0.36885156697377386
2023-07-13 07:30:00+02:00,0.3824943175932697
2023-07-13 07:45:00+02:00,0.3965944804165206
2023-07-13 08:00:00+02:00,0.41113460467134944
2023-07-13 08:15:00+02:00,0.4226415097836535
2023-07-13 08:30:00+02:00,0.4370429224542782
2023-07-13 08:45:00+02:00,0.45374823861333313
2023-07-13 09:00:00+02:00,0.47226399075911935
2023-07-13 09:15:00+02:00,0.4622223942362007
2023-07-13 09:30:00+02:00,0.45218487889734077
2023-07-13 09:45:00+02:00,0.4421515412742094
2023-07-13 10:00:00+02:00,0.4321224809248821
2023-07-13 10:15:00+02:00,0.4143451142836489
2023-07-13 10:30:00+02:00,0.3971988869070169
2023-07-13 10:45:00+02:00,0.380054741631439
2023-07-13 11:00:00+02:00,0.3629127794322288
2023-07-13 11:15:00+02:00,0.3226399487045944
2023-07-13 11:30:00+02:00,0.2835500008964298
2023-07-13 11:45:00+02:00,0.25337895229107593
2023-07-13 12:00:00+02:00,0.2237387790528808
2023-07-13 12:15:00+02:00,0.23826600300114148
2023-07-13 12:30:00+02:00,0.25311290075985227
2023-07-13 12:45:00+02:00,0.26826025420747
2023-07-13 13:00:00+02:00,0.283690010985046
2023-07-13 13:15:00+02:00,0.30301134364365867
2023-07-13 13:30:00+02:00,0.32301018402966686
2023-07-13 13:45:00+02:00,0.34308148994446186
2023-07-13 14:00:00+02:00,0.3632211482096891
2023-07-13 14:15:00+02:00,0.3751434080645731
2023-07-13 14:30:00+02:00,0.3871446533593904
2023-07-13 14:45:00+02:00,0.3992222914059771
2023-07-13 15:00:00+02:00,0.41137382631011615
2023-07-13 15:15:00+02:00,0.3942229315535527
2023-07-13 15:30:00+02:00,0.3778625551675677
2023-07-13 15:45:00+02:00,0.3623293029020732
2023-07-13 16:00:00+02:00,0.3476600495619269
2023-07-13 16:15:00+02:00,0.3112970762007683
2023-07-13 16:30:00+02:00,0.2782767917018986
2023-07-13 16:45:00+02:00,0.25208475871249775
2023-07-13 17:00:00+02:00,0.22697675578534487
2023-07-13 17:15:00+02:00,0.21518149317020296
2023-07-13 17:30:00+02:00,0.2035181602727524
2023-07-13 17:45:00+02:00,0.19199370285918277
2023-07-13 18:00:00+02:00,0.1806154711546799
2023-07-13 18:15:00+02:00,0.17435674820886643
2023-07-13 18:30:00+02:00,0.1691544253320203
2023-07-13 18:45:00+02:00,0.16423545930934627
2023-07-13 19:00:00+02:00,0.15960865174126668
2023-07-13 19:15:00+02:00,0.12867020546206684
2023-07-13 19:30:00+02:00,0.09870663727474013
2023-07-13 19:45:00+02:00,0.07947596968686958
2023-07-13 20:00:00+02:00,0.06248213826721127
2023-07-13 20:15:00+02:00,0.04321805825411719
2023-07-13 20:30:00+02:00,0.03150097600754126
2023-07-13 20:45:00+02:00,0.01978622020987403
2023-07-13 21:00:00+02:00,0.011190494619362291
2023-07-13 21:15:00+02:00,0.009380387092178977
2023-07-13 21:30:00+02:00,0.007890219322673496
2023-07-13 21:45:00+02:00,0.006761618141219269
2023-07-13 22:00:00+02:00,0.006030983392716115
2023-07-13 22:15:00+02:00,0.0070035613496193605
2023-07-13 22:30:00+02:00,0.008201567998012875
2023-07-13 22:45:00+02:00,0.009603243299924557
2023-07-13 23:00:00+02:00,0.011186523707907745
2023-07-13 23:15:00+02:00,0.007357033805698992
2023-07-13 23:30:00+02:00,0.004550119784238642
2023-07-13 23:45:00+02:00,0.0030478652477844603
2023-07-14 00:00:00+02:00,0.0030426371343078604
2023-07-14 00:15:00+02:00,0.00992575989397181
2023-07-14 00:30:00+02:00,0.02044302605700347
2023-07-14 00:45:00+02:00,0.03561996346130077
2023-07-14 01:00:00+02:00,0.05551641912997182
2023-07-14 01:15:00+02:00,0.06354020097796813
2023-07-14 01:30:00+02:00,0.07193277020328265
2023-07-14 01:45:00+02:00,0.08065566103543335
2023-07-14 02:00:00+02:00,0.08967435320960075
2023-07-14 02:15:00+02:00,0.09199028267891357
2023-07-14 02:30:00+02:00,0.0947441420270698
2023-07-14 02:45:00+02:00,0.09954473451638565
2023-07-14 03:00:00+02:00,0.10529954308484356
2023-07-14 03:15:00+02:00,0.10712544689986167
2023-07-14 03:30:00+02:00,0.1097746822145052
2023-07-14 03:45:00+02:00,0.1132319857785435
2023-07-14 04:00:00+02:00,0.11747799982955755
2023-07-14 04:15:00+02:00,0.12193776199170105
2023-07-14 04:30:00+02:00,0.12672205175003315
2023-07-14 04:45:00+02:00,0.13182045577374826
2023-07-14 05:00:00+02:00,0.13722236128759163
2023-07-14 05:15:00+02:00,0.12723120326452594
2023-07-14 05:30:00+02:00,0.1172809862741638
2023-07-14 05:45:00+02:00,0.10737460051011567
2023-07-14 06:00:00+02:00,0.09751520011097374
2023-07-14 06:15:00+02:00,0.09130511189705323
2023-07-14 06:30:00+02:00,0.08615714660729783
2023-07-14 06:45:00+02:00,0.08122629241808639
2023-07-14 07:00:00+02:00,0.07652608716505999
2023-07-14 07:15:00+02:00,0.06207187238512324
2023-07-14 07:30:00+02:00,0.04783416103306485
2023-07-14 07:45:00+02:00,0.038030103150823766
2023-07-14 08:00:00+02:00,0.029967994922568013
2023-07-14 08:15:00+02:00,0.026755415733646034
2023-07-14 08:30:00+02:00,0.023570979904380684
2023-07-14 08:45:00+02:00,0.020417450072192145
2023-07-14 09:00:00+02:00,0.017297930116195615
2023-07-14 09:15:00+02:00,0.018743542482444416
2023-07-14 09:30:00+02:00,0.020283231636985023
2023-07-14 09:45:00+02:00,0.021912600201116385
2023-07-14 10:00:00+02:00,0.0236272878447014
2023-07-14 10:15:00+02:00,0.03563393153969919
2023-07-14 10:30:00+02:00,0.050301563253267935
2023-07-14 10:45:00+02:00,0.07092504070077983
2023-07-14 11:00:00+02:00,0.09164354492448977
2023-07-14 11:15:00+02:00,0.0855123936055477
2023-07-14 11:30:00+02:00,0.07941231756819522
2023-07-14 11:45:00+02:00,0.07334574647839473
2023-07-14 12:00:00+02:00,0.0673153544797951
2023-07-14 12:15:00+02:00,0.06221072549255149
2023-07-14 12:30:00+02:00,0.05710621407222101
2023-07-14 12:45:00+02:00,0.05200182868250197
2023-07-14 13:00:00+02:00,0.0468975786192334
2023-07-14 13:15:00+02:00,0.04063106833653332
2023-07-14 13:30:00+02:00,0.035630791121289106
2023-07-14 13:45:00+02:00,0.030744151237697546
2023-07-14 14:00:00+02:00,0.025987340844338788
2023-07-14 14:15:00+02:00,0.021656237317483666
2023-07-14 14:30:00+02:00,0.018126107042670342
2023-07-14 14:45:00+02:00,0.015488805316020038
2023-07-14 15:00:00+02:00,0.013822225261785268
2023-07-14 15:15:00+02:00,0.019426085377979564
2023-07-14 15:30:00+02:00,0.02560777118847991
2023-07-14 15:45:00+02:00,0.032269173213769195
2023-07-14 16:00:00+02:00,0.0393278417072521
2023-07-14 16:15:00+02:00,0.0519090098861501
2023-07-14 16:30:00+02:00,0.06841811520512935
2023-07-14 16:45:00+02:00,0.08545250305063648
2023-07-14 17:00:00+02:00,0.10754941666264459
2023-07-14 17:15:00+02:00,0.12641077288404132
2023-07-14 17:30:00+02:00,0.14531483710514964
2023-07-14 17:45:00+02:00,0.16425656057422675
2023-07-14 18:00:00+02:00,0.1850970927666936
2023-07-14 18:15:00+02:00,0.18472159590292267
2023-07-14 18:30:00+02:00,0.1850488709789075
2023-07-14 18:45:00+02:00,0.18607787047392593
2023-07-14 19:00:00+02:00,0.1878053143502268
2023-07-14 19:15:00+02:00,0.167388860231746
2023-07-14 19:30:00+02:00,0.15001877336283365
2023-07-14 19:45:00+02:00,0.1332359906830533
2023-07-14 20:00:00+02:00,0.11710887361959305
2023-07-14 20:15:00+02:00,0.13003771527663727
2023-07-14 20:30:00+02:00,0.1451536824238184
2023-07-14 20:45:00+02:00,0.16224920810019852
2023-07-14 21:00:00+02:00,0.18231201900313945
2023-07-14 21:15:00+02:00,0.22460936395532505
2023-07-14 21:30:00+02:00,0.26721941923553905
2023-07-14 21:45:00+02:00,0.3173238012363243
2023-07-14 22:00:00+02:00,0.3732021032036426
2023-07-14 22:15:00+02:00,0.40959241763852794
2023-07-14 22:30:00+02:00,0.4487232244302965
2023-07-14 22:45:00+02:00,0.49017894231728754
2023-07-14 23:00:00+02:00,0.5319578570312965
2023-07-14 23:15:00+02:00,0.5388192581514213
2023-07-14 23:30:00+02:00,0.5504288196970506
2023-07-14 23:45:00+02:00,0.5666682225893559
2023-07-15 00:00:00+02:00,0.587439735020356
2023-07-15 00:15:00+02:00,0.5709187409936062
2023-07-15 00:30:00+02:00,0.5655234301368872
2023-07-15 00:45:00+02:00,0.571320231037604
2023-07-15 01:00:00+02:00,0.5882453117263845
2023-07-15 01:15:00+02:00,0.6046502013526603
2023-07-15 01:30:00+02:00,0.6237375814791974
2023-07-15 01:45:00+02:00,0.6454049008040966
2023-07-15 02:00:00+02:00,0.6695419730452296
2023-07-15 02:15:00+02:00,0.677850937610525
2023-07-15 02:30:00+02:00,0.688133557109192
2023-07-15 02:45:00+02:00,0.7003506217638197
2023-07-15 03:00:00+02:00,0.7144568820282795
2023-07-15 03:15:00+02:00,0.6799367908487705
2023-07-15 03:30:00+02:00,0.6469776649424788
2023-07-15 03:45:00+02:00,0.615684642445251
2023-07-15 04:00:00+02:00,0.5861664567536163
2023-07-15 04:15:00+02:00,0.5422832830439829
2023-07-15 04:30:00+02:00,0.4984450666274933
2023-07-15 04:45:00+02:00,0.45460979541559376
2023-07-15 05:00:00+02:00,0.4124124610799893
2023-07-15 05:15:00+02:00,0.398940128494313
2023-07-15 05:30:00+02:00,0.3856102589317782
2023-07-15 05:45:00+02:00,0.3724281765076141
2023-07-15 06:00:00+02:00,0.3593994103986848
2023-07-15 06:15:00+02:00,0.34381816994505415
2023-07-15 06:30:00+02:00,0.32850052212040926
2023-07-15 06:45:00+02:00,0.3134584471428892
2023-07-15 07:00:00+02:00,0.29870442654133617
2023-07-15 07:15:00+02:00,0.29311429359177926
2023-07-15 07:30:00+02:00,0.2875728851438082
2023-07-15 07:45:00+02:00,0.2829123666207934
2023-07-15 08:00:00+02:00,0.27871598035434225
2023-07-15 08:15:00+02:00,0.2643419425557995
2023-07-15 08:30:00+02:00,0.25012836344687456
2023-07-15 08:45:00+02:00,0.23608489744460226
2023-07-15 09:00:00+02:00,0.2222218591202967
2023-07-15 09:15:00+02:00,0.27753126775465825
2023-07-15 09:30:00+02:00,0.34715297240295095
2023-07-15 09:45:00+02:00,0.4194685452521172
2023-07-15 10:00:00+02:00,0.49980965516627346
2023-07-15 10:15:00+02:00,0.5099692528913479
2023-07-15 10:30:00+02:00,0.521524443126489
2023-07-15 10:45:00+02:00,0.5344397940126219
2023-07-15 11:00:00+02:00,0.5486771067963111
2023-07-15 11:15:00+02:00,0.5003302035368308
2023-07-15 11:30:00+02:00,0.45605954275570965
2023-07-15 11:45:00+02:00,0.4173483225120093
2023-07-15 12:00:00+02:00,0.3862337745308375
2023-07-15 12:15:00+02:00,0.4532970774496478
2023-07-15 12:30:00+02:00,0.5413927054678573
2023-07-15 12:45:00+02:00,0.643763408045577
2023-07-15 13:00:00+02:00,0.7548538492824425
2023-07-15 13:15:00+02:00,0.7815467471651015
2023-07-15 13:30:00+02:00,0.808312194478715
2023-07-15 13:45:00+02:00,0.8351459637691127
2023-07-15 14:00:00+02:00,0.8620441401698965
2023-07-15 14:15:00+02:00,0.8231681160048299
2023-07-15 14:30:00+02:00,0.7847908086097162
2023-07-15 14:45:00+02:00,0.7469567354240231
2023-07-15 15:00:00+02:00,0.701736488278957
2023-07-15 15:15:00+02:00,0.7008971345981152
2023-07-15 15:30:00+02:00,0.7026225339391681
2023-07-15 15:45:00+02:00,0.7069041723792501
2023-07-15 16:00:00+02:00,0.7137210841995135
2023-07-15 16:15:00+02:00,0.7233370628175705
2023-07-15 16:30:00+02:00,0.7343533954660109
2023-07-15 16:45:00+02:00,0.7459875296949467
2023-07-15 17:00:00+02:00,0.757051532749271
2023-07-15 17:15:00+02:00,0.7817322401034884
2023-07-15 17:30:00+02:00,0.8099788227947473
2023-07-15 17:45:00+02:00,0.8415730339465093
2023-07-15 18:00:00+02:00,0.8744902947504478
2023-07-15 18:15:00+02:00,0.8740839463902857
2023-07-15 18:30:00+02:00,0.8754391667708301
2023-07-15 18:45:00+02:00,0.8785479768982253
2023-07-15 19:00:00+02:00,0.883392254159581
2023-07-15 19:15:00+02:00,0.8723037807791618
2023-07-15 19:30:00+02:00,0.8577714528219837
2023-07-15 19:45:00+02:00,0.8453716188287289
2023-07-15 20:00:00+02:00,0.8356905465247111
2023-07-15 20:15:00+02:00,0.8028900258673605
2023-07-15 20:30:00+02:00,0.7703708281836097
2023-07-15 20:45:00+02:00,0.7370222312499107
2023-07-15 21:00:00+02:00,0.6974546651700204
2023-07-15 21:15:00+02:00,0.6146945396594811
2023-07-15 21:30:00+02:00,0.5327739869986124
2023-07-15 21:45:00+02:00,0.45140773767576553
2023-07-15 22:00:00+02:00,0.3760894296830007
2023-07-15 22:15:00+02:00,0.3489429281493469
2023-07-15 22:30:00+02:00,0.32181571476297066
2023-07-15 22:45:00+02:00,0.2947093713613779
2023-07-15 23:00:00+02:00,0.27176457988782116
2023-07-15 23:15:00+02:00,0.24706185308325998
2023-07-15 23:30:00+02:00,0.22605324433313723
2023-07-15 23:45:00+02:00,0.20908037516080719
2023-07-16 00:00:00+02:00,0.1964504504644401
2023-07-16 00:15:00+02:00,0.20670602373392313
2023-07-16 00:30:00+02:00,0.2177340976536347
2023-07-16 00:45:00+02:00,0.22949827243735849
2023-07-16 01:00:00+02:00,0.24196219365071328
2023-07-16 01:15:00+02:00,0.25429916386806106
2023-07-16 01:30:00+02:00,0.26669909877229614
2023-07-16 01:45:00+02:00,0.2791588827236692
2023-07-16 02:00:00+02:00,0.2934443269367097
2023-07-16 02:15:00+02:00,0.30992799650996733
2023-07-16 02:30:00+02:00,0.327037198410617
2023-07-16 02:45:00+02:00,0.3447411308074466
2023-07-16 03:00:00+02:00,0.3630100125420624
2023-07-16 03:15:00+02:00,0.3986838137901242
2023-07-16 03:30:00+02:00,0.43550287010073013
2023-07-16 03:45:00+02:00,0.47574548000361927
2023-07-16 04:00:00+02:00,0.5161337972276978
2023-07-16 04:15:00+02:00,0.5553238397992539
2023-07-16 04:30:00+02:00,0.5947639700051749
2023-07-16 04:45:00+02:00,0.6347026830252912
2023-07-16 05:00:00+02:00,0.6747097711146383
2023-07-16 05:15:00+02:00,0.7033929420244843
2023-07-16 05:30:00+02:00,0.7321624884033456
2023-07-16 05:45:00+02:00,0.7574908581403708
2023-07-16 06:00:00+02:00,0.7808065649712189
2023-07-16 06:15:00+02:00,0.7892418937754668
2023-07-16 06:30:00+02:00,0.7977263133579925
2023-07-16 06:45:00+02:00,0.8062588975420873
2023-07-16 07:00:00+02:00,0.8148387382413695
2023-07-16 07:15:00+02:00,0.8117997185076022
2023-07-16 07:30:00+02:00,0.80920732548121
2023-07-16 07:45:00+02:00,0.8070641322746099
2023-07-16 08:00:00+02:00,0.8053722810812963
2023-07-16 08:15:00+02:00,0.8829761141113569
2023-07-16 08:30:00+02:00,0.9382257662034379
2023-07-16 08:45:00+02:00,0.9712900632661629
2023-07-16 09:00:00+02:00,0.9910965214047996
2023-07-16 09:15:00+02:00,0.9890025939544053
2023-07-16 09:30:00+02:00,0.9845644301955078
2023-07-16 09:45:00+02:00,0.9783416545859109
2023-07-16 10:00:00+02:00,0.9721502321652327
2023-07-16 10:15:00+02:00,0.9675542545799956
2023-07-16 10:30:00+02:00,0.9629807735488398
2023-07-16 10:45:00+02:00,0.9584304992605497
2023-07-16 11:00:00+02:00,0.9539041682772085
2023-07-16 11:15:00+02:00,0.905756542216249
2023-07-16 11:30:00+02:00,0.8472534283306798
2023-07-16 11:45:00+02:00,0.7695462331460035
2023-07-16 12:00:00+02:00,0.6810152452792859
2023-07-16 12:15:00+02:00,0.716374304506998
2023-07-16 12:30:00+02:00,0.7501683889346031
2023-07-16 12:45:00+02:00,0.7789710605199469
2023-07-16 13:00:00+02:00,0.807911373856981
2023-07-16 13:15:00+02:00,0.8012087904277118
2023-07-16 13:30:00+02:00,0.7951062946624213
2023-07-16 13:45:00+02:00,0.7896121315026517
2023-07-16 14:00:00+02:00,0.7847338536241285
2023-07-16 14:15:00+02:00,0.7741352901323117
2023-07-16 14:30:00+02:00,0.7640676157454774
2023-07-16 14:45:00+02:00,0.7545431894340267
2023-07-16 15:00:00+02:00,0.7455740587573018
2023-07-16 15:15:00+02:00,0.7229915579765228
2023-07-16 15:30:00+02:00,0.6997941687972228
2023-07-16 15:45:00+02:00,0.6766377469954967
2023-07-16 16:00:00+02:00,0.6535241824482994
2023-07-16 16:15:00+02:00,0.6359807828145105
2023-07-16 16:30:00+02:00,0.6186352818992743
2023-07-16 16:45:00+02:00,0.601494762826815
2023-07-16 17:00:00+02:00,0.5845665609467984
2023-07-16 17:15:00+02:00,0.5718112471374137
2023-07-16 17:30:00+02:00,0.5591001047090962
2023-07-16 17:45:00+02:00,0.546415440602422
2023-07-16 18:00:00+02:00,0.5337579931470313
2023-07-16 18:15:00+02:00,0.5162595239059986
2023-07-16 18:30:00+02:00,0.49884040341291275
2023-07-16 18:45:00+02:00,0.48150379105799446
2023-07-16 19:00:00+02:00,0.4642530000148714
2023-07-16 19:15:00+02:00,0.39954958249467026
2023-07-16 19:30:00+02:00,0.3389009059288382
2023-07-16 19:45:00+02:00,0.2799759415000895
2023-07-16 20:00:00+02:00,0.23324032699230635
2023-07-16 20:15:00+02:00,0.22751809851352378
2023-07-16 20:30:00+02:00,0.22192202086298432
2023-07-16 20:45:00+02:00,0.21645516751836044
2023-07-16 21:00:00+02:00,0.21112063813268506
2023-07-16 21:15:00+02:00,0.21128434810157662
2023-07-16 21:30:00+02:00,0.21280784645952602
2023-07-16 21:45:00+02:00,0.2156821039242837
2023-07-16 22:00:00+02:00,0.21989030173822127
2023-07-16 22:15:00+02:00,0.18480269057624552
2023-07-16 22:30:00+02:00,0.15654630461720798
2023-07-16 22:45:00+02:00,0.130252386594677
2023-07-16 23:00:00+02:00,0.10415828939707014
2023-07-16 23:15:00+02:00,0.09705195192414623
2023-07-16 23:30:00+02:00,0.09194485305342072
2023-07-16 23:45:00+02:00,0.08752647261178968
2023-07-17 00:00:00+02:00,0.08311361302380507
2023-07-17 00:15:00+02:00,0.10185604525931495
2023-07-17 00:30:00+02:00,0.12855329577512092
2023-07-17 00:45:00+02:00,0.15576828532066733
2023-07-17 01:00:00+02:00,0.18534060296888352
2023-07-17 01:15:00+02:00,0.20520907034591868
2023-07-17 01:30:00+02:00,0.2251834347918011
2023-07-17 01:45:00+02:00,0.2452548568142011
2023-07-17 02:00:00+02:00,0.2654154177864715
2023-07-17 02:15:00+02:00,0.27315123797293306
2023-07-17 02:30:00+02:00,0.2810038977018831
2023-07-17 02:45:00+02:00,0.28993569954677617
2023-07-17 03:00:00+02:00,0.3004073501208182
2023-07-17 03:15:00+02:00,0.3056218984309012
2023-07-17 03:30:00+02:00,0.31099839913606386
2023-07-17 03:45:00+02:00,0.316534276483588
2023-07-17 04:00:00+02:00,0.3222269351156352
2023-07-17 04:15:00+02:00,0.3201483646632299
2023-07-17 04:30:00+02:00,0.3181153182498733
2023-07-17 04:45:00+02:00,0.3161280697678261
2023-07-17 05:00:00+02:00,0.3141868890669037
2023-07-17 05:15:00+02:00,0.314407787394386
2023-07-17 05:30:00+02:00,0.3146500239665637
2023-07-17 05:45:00+02:00,0.31491358346866105
2023-07-17 06:00:00+02:00,0.3151984492544589
2023-07-17 06:15:00+02:00,0.313169984644085
2023-07-17 06:30:00+02:00,0.3111615756939067
2023-07-17 06:45:00+02:00,0.3091733424285793
2023-07-17 07:00:00+02:00,0.3072054046122167
2023-07-17 07:15:00+02:00,0.3028608111645254
2023-07-17 07:30:00+02:00,0.29855659655461775
2023-07-17 07:45:00+02:00,0.29429328643145586
2023-07-17 08:00:00+02:00,0.2900714104809074
2023-07-17 08:15:00+02:00,0.3116975912013381
2023-07-17 08:30:00+02:00,0.33415258338944615
2023-07-17 08:45:00+02:00,0.3573834663516238
2023-07-17 09:00:00+02:00,0.38134012454235033
2023-07-17 09:15:00+02:00,0.37098105946902604
2023-07-17 09:30:00+02:00,0.36062265035105323
2023-07-17 09:45:00+02:00,0.3502649166409308
2023-07-17 10:00:00+02:00,0.33990787856664867
2023-07-17 10:15:00+02:00,0.366361650326755
2023-07-17 10:30:00+02:00,0.39293946432993887
2023-07-17 10:45:00+02:00,0.41963246824915257
2023-07-17 11:00:00+02:00,0.44883420710663696
2023-07-17 11:15:00+02:00,0.4121686796887272
2023-07-17 11:30:00+02:00,0.3779964276252992
2023-07-17 11:45:00+02:00,0.34392486575376136
2023-07-17 12:00:00+02:00,0.309964208682597
2023-07-17 12:15:00+02:00,0.313636053414969
2023-07-17 12:30:00+02:00,0.31730953951403323
2023-07-17 12:45:00+02:00,0.32098464922154485
2023-07-17 13:00:00+02:00,0.324661365026832
2023-07-17 13:15:00+02:00,0.32427652935715345
2023-07-17 13:30:00+02:00,0.32389337221484965
2023-07-17 13:45:00+02:00,0.32351189548941317
2023-07-17 14:00:00+02:00,0.3231321010648682
2023-07-17 14:15:00+02:00,0.3260925270233785
2023-07-17 14:30:00+02:00,0.3290777572575072
2023-07-17 14:45:00+02:00,0.3320875760364894
2023-07-17 15:00:00+02:00,0.33512176837785745
2023-07-17 15:15:00+02:00,0.3238571988786768
2023-07-17 15:30:00+02:00,0.3127810662813563
2023-07-17 15:45:00+02:00,0.3018996350770596
2023-07-17 16:00:00+02:00,0.29121933291890273
2023-07-17 16:15:00+02:00,0.30659922605471024
2023-07-17 16:30:00+02:00,0.32929601635314293
2023-07-17 16:45:00+02:00,0.35883822322678943
2023-07-17 17:00:00+02:00,0.394670561738462
2023-07-17 17:15:00+02:00,0.35023964150386383
2023-07-17 17:30:00+02:00,0.30751817347133337
2023-07-17 17:45:00+02:00,0.27107646404072755
2023-07-17 18:00:00+02:00,0.24131473449525018
2023-07-17 18:15:00+02:00,0.1804712705935937
2023-07-17 18:30:00+02:00,0.13368511783257317
2023-07-17 18:45:00+02:00,0.09058632772895332
2023-07-17 19:00:00+02:00,0.06208493960417563
2023-07-17 19:15:00+02:00,0.07258324286980875
2023-07-17 19:30:00+02:00,0.08315651718214212
2023-07-17 19:45:00+02:00,0.09379541898911545
2023-07-17 20:00:00+02:00,0.1100874650790997
2023-07-17 20:15:00+02:00,0.11164686929673075
2023-07-17 20:30:00+02:00,0.11346596809729813
2023-07-17 20:45:00+02:00,0.11554147339071613
2023-07-17 21:00:00+02:00,0.11786970102456927
2023-07-17 21:15:00+02:00,0.09842573438116083
2023-07-17 21:30:00+02:00,0.08514704534901567
2023-07-17 21:45:00+02:00,0.07311535312066866
2023-07-17 22:00:00+02:00,0.06113697941035156
2023-07-17 22:15:00+02:00,0.05182835914871243
2023-07-17 22:30:00+02:00,0.04324202708106667
2023-07-17 22:45:00+02:00,0.037950969023732996
2023-07-17 23:00:00+02:00,0.03278651565381427
2023-07-17 23:15:00+02:00,0.02679173278721867
2023-07-17 23:30:00+02:00,0.021331467164779593
2023-07-17 23:45:00+02:00,0.016499506967870642
2023-07-18 00:00:00+02:00,0.013164844742750708
2023-07-18 00:15:00+02:00,0.01713238132710896
2023-07-18 00:30:00+02:00,0.0223065075996347
2023-07-18 00:45:00+02:00,0.027855155550697237
2023-07-18 01:00:00+02:00,0.033721985462288544
2023-07-18 01:15:00+02:00,0.037920955855981126
2023-07-18 01:30:00+02:00,0.04221503124662675
2023-07-18 01:45:00+02:00,0.048358915100318
2023-07-18 02:00:00+02:00,0.05590202797084345
2023-07-18 02:15:00+02:00,0.059249557529743986
2023-07-18 02:30:00+02:00,0.06273820527164292
2023-07-18 02:45:00+02:00,0.0663614671390992
2023-07-18 03:00:00+02:00,0.07011300416502905
2023-07-18 03:15:00+02:00,0.07107933113899705
2023-07-18 03:30:00+02:00,0.07211144307866381
2023-07-18 03:45:00+02:00,0.07320846921809375
2023-07-18 04:00:00+02:00,0.07436950078636691
2023-07-18 04:15:00+02:00,0.07837300871793884
2023-07-18 04:30:00+02:00,0.08240175642591004
2023-07-18 04:45:00+02:00,0.08645450972005093
2023-07-18 05:00:00+02:00,0.09053010692078149
2023-07-18 05:15:00+02:00,0.09527680454008108
2023-07-18 05:30:00+02:00,0.10287771680038865
2023-07-18 05:45:00+02:00,0.1104857503125118
2023-07-18 06:00:00+02:00,0.11810053020370172
2023-07-18 06:15:00+02:00,0.10785466074764456
2023-07-18 06:30:00+02:00,0.09761157370311811
2023-07-18 06:45:00+02:00,0.09033571264697601
2023-07-18 07:00:00+02:00,0.08395621805445351
2023-07-18 07:15:00+02:00,0.06596741804820327
2023-07-18 07:30:00+02:00,0.04798214535049543
2023-07-18 07:45:00+02:00,0.035750548871316935
2023-07-18 08:00:00+02:00,0.025132870922436126
2023-07-18 08:15:00+02:00,0.015959294948824084
2023-07-18 08:30:00+02:00,0.01060797236948846
2023-07-18 08:45:00+02:00,0.006433080351666653
2023-07-18 09:00:00+02:00,0.002270171834555917
2023-07-18 09:15:00+02:00,0.003696990815687497
2023-07-18 09:30:00+02:00,0.005160500245074031
2023-07-18 09:45:00+02:00,0.006656000511290255
2023-07-18 10:00:00+02:00,0.008179482542510873
2023-07-18 10:15:00+02:00,0.010115080790180715
2023-07-18 10:30:00+02:00,0.012080188044711665
2023-07-18 10:45:00+02:00,0.014381259959253042
2023-07-18 11:00:00+02:00,0.01878754294040337
2023-07-18 11:15:00+02:00,0.01890219673259301
2023-07-18 11:30:00+02:00,0.01943561593991284
2023-07-18 11:45:00+02:00,0.020380912509946385
2023-07-18 12:00:00+02:00,0.021726244642619692
2023-07-18 12:15:00+02:00,0.021936178439867126
2023-07-18 12:30:00+02:00,0.022432549486266825
2023-07-18 12:45:00+02:00,0.02321109743386991
2023-07-18 13:00:00+02:00,0.02426530806829887
2023-07-18 13:15:00+02:00,0.01988855633843663
2023-07-18 13:30:00+02:00,0.015512682572317981
2023-07-18 13:45:00+02:00,0.012589374553131697
2023-07-18 14:00:00+02:00,0.010591937778693813
2023-07-18 14:15:00+02:00,0.010532440526666301
2023-07-18 14:30:00+02:00,0.0104733001536943
2023-07-18 14:45:00+02:00,0.010414518324567365
2023-07-18 15:00:00+02:00,0.010356096704258503
2023-07-18 15:15:00+02:00,0.007405728721021373
2023-07-18 15:30:00+02:00,0.0045599410609138274
2023-07-18 15:45:00+02:00,0.0018490478531002278
2023-07-18 16:00:00+02:00,0.0
2023-07-18 16:15:00+02:00,0.00020655637018529593
2023-07-18 16:30:00+02:00,0.0011932374216897942
2023-07-18 16:45:00+02:00,0.0022645527037500803
2023-07-18 17:00:00+02:00,0.003411737648451754
2023-07-18 17:15:00+02:00,0.003655533818770233
2023-07-18 17:30:00+02:00,0.0042232828382501265
2023-07-18 17:45:00+02:00,0.005098124154209431
2023-07-18 18:00:00+02:00,0.006256273837403085
2023-07-18 18:15:00+02:00,0.005264203022355205
2023-07-18 18:30:00+02:00,0.0047364391891407745
2023-07-18 18:45:00+02:00,0.004695739481078385
2023-07-18 19:00:00+02:00,0.005143919110785784
2023-07-18 19:15:00+02:00,0.006118810156785435
2023-07-18 19:30:00+02:00,0.0073523697777427115
2023-07-18 19:45:00+02:00,0.00881833636024956
2023-07-18 20:00:00+02:00,0.01048989879573771
2023-07-18 20:15:00+02:00,0.01324374224543041
2023-07-18 20:30:00+02:00,0.018926966628401515
2023-07-18 20:45:00+02:00,0.025548896221997765
2023-07-18 21:00:00+02:00,0.03238817587355786
2023-07-18 21:15:00+02:00,0.03373903469322088
2023-07-18 21:30:00+02:00,0.03529924654072397
2023-07-18 21:45:00+02:00,0.03706021343885984
2023-07-18 22:00:00+02:00,0.03901278640923893
2023-07-18 22:15:00+02:00,0.04120783913709883
2023-07-18 22:30:00+02:00,0.044030696295076784
2023-07-18 22:45:00+02:00,0.0497882692499733
2023-07-18 23:00:00+02:00,0.05646909764528398
2023-07-18 23:15:00+02:00,0.035746976948439854
2023-07-18 23:30:00+02:00,0.020111447320824878
2023-07-18 23:45:00+02:00,0.009548696542294313
2023-07-19 00:00:00+02:00,0.0024128483132346214
2023-07-19 00:15:00+02:00,0.0
2023-07-19 00:30:00+02:00,0.0
2023-07-19 00:45:00+02:00,0.0
2023-07-19 01:00:00+02:00,0.0
2023-07-19 01:15:00+02:00,0.0
2023-07-19 01:30:00+02:00,0.0
2023-07-19 01:45:00+02:00,0.0
2023-07-19 02:00:00+02:00,0.0011199364401250577
2023-07-19 02:15:00+02:00,0.0009173340424995421
2023-07-19 02:30:00+02:00,0.0017868259073840372
2023-07-19 02:45:00+02:00,0.003639073938563734
2023-07-19 03:00:00+02:00,0.006313523381500304
2023-07-19 03:15:00+02:00,0.005632084761586357
2023-07-19 03:30:00+02:00,0.007355059574494758
2023-07-19 03:45:00+02:00,0.011163299948886811
2023-07-19 04:00:00+02:00,0.019745256458304165
2023-07-19 04:15:00+02:00,0.026381206063578484
2023-07-19 04:30:00+02:00,0.03530826533469564
2023-07-19 04:45:00+02:00,0.04740077649084305
2023-07-19 05:00:00+02:00,0.06786243584194476
2023-07-19 05:15:00+02:00,0.07272121310179294
2023-07-19 05:30:00+02:00,0.07896861942992328
2023-07-19 05:45:00+02:00,0.08649939993026726
2023-07-19 06:00:00+02:00,0.09520028237885621
2023-07-19 06:15:00+02:00,0.09202720074614479
2023-07-19 06:30:00+02:00,0.08887491698797416
2023-07-19 06:45:00+02:00,0.08574422914017137
2023-07-19 07:00:00+02:00,0.08263597069480991
2023-07-19 07:15:00+02:00,0.06490973139573984
2023-07-19 07:30:00+02:00,0.0477602233910742
2023-07-19 07:45:00+02:00,0.03654244244069547
2023-07-19 08:00:00+02:00,0.027396776992280946
2023-07-19 08:15:00+02:00,0.019742620547370984
2023-07-19 08:30:00+02:00,0.013289785652012463
2023-07-19 08:45:00+02:00,0.010394619988866542
2023-07-19 09:00:00+02:00,0.007915404942009931
2023-07-19 09:15:00+02:00,0.009706978506984381
2023-07-19 09:30:00+02:00,0.011500301481142915
2023-07-19 09:45:00+02:00,0.013295143828396543
2023-07-19 10:00:00+02:00,0.01661620233153636
2023-07-19 10:15:00+02:00,0.023356334722418465
2023-07-19 10:30:00+02:00,0.030096590160892698
2023-07-19 10:45:00+02:00,0.03683694677181412
2023-07-19 11:00:00+02:00,0.0435773875749497
2023-07-19 11:15:00+02:00,0.0387270863353527
2023-07-19 11:30:00+02:00,0.03389885470583975
2023-07-19 11:45:00+02:00,0.029095708485441973
2023-07-19 12:00:00+02:00,0.024321218625390342
2023-07-19 12:15:00+02:00,0.037392859293903305
2023-07-19 12:30:00+02:00,0.05501776106101186
2023-07-19 12:45:00+02:00,0.07733079311424985
2023-07-19 13:00:00+02:00,0.10239950406275207
2023-07-19 13:15:00+02:00,0.14170828867774582
2023-07-19 13:30:00+02:00,0.1824960788760786
2023-07-19 13:45:00+02:00,0.23490672755875372
2023-07-19 14:00:00+02:00,0.28804907779831285
2023-07-19 14:15:00+02:00,0.31978578819818204
2023-07-19 14:30:00+02:00,0.3519335252417497
2023-07-19 14:45:00+02:00,0.3844556555447766
2023-07-19 15:00:00+02:00,0.41731941706380743
2023-07-19 15:15:00+02:00,0.41985231224643604
2023-07-19 15:30:00+02:00,0.4227251083377038
2023-07-19 15:45:00+02:00,0.4259351980806692
2023-07-19 16:00:00+02:00,0.42986994637925025
2023-07-19 16:15:00+02:00,0.4259907627733851
2023-07-19 16:30:00+02:00,0.42269032593383393
2023-07-19 16:45:00+02:00,0.4195800596267687
2023-07-19 17:00:00+02:00,0.4166615563094762
2023-07-19 17:15:00+02:00,0.4106055285078334
2023-07-19 17:30:00+02:00,0.4046817934833293
2023-07-19 17:45:00+02:00,0.3988924953122263
2023-07-19 18:00:00+02:00,0.39323977440658503
2023-07-19 18:15:00+02:00,0.38341577246873126
2023-07-19 18:30:00+02:00,0.3736221403533517
2023-07-19 18:45:00+02:00,0.36385971867354927
2023-07-19 19:00:00+02:00,0.35412937652373416
2023-07-19 19:15:00+02:00,0.32479987991253023
2023-07-19 19:30:00+02:00,0.29580338276486734
2023-07-19 19:45:00+02:00,0.27141311476780644
2023-07-19 20:00:00+02:00,0.2496370069343686
2023-07-19 20:15:00+02:00,0.22438611556780985
2023-07-19 20:30:00+02:00,0.1991918682870849
2023-07-19 20:45:00+02:00,0.1748635390930444
2023-07-19 21:00:00+02:00,0.15586196646313516
2023-07-19 21:15:00+02:00,0.1484197883894831
2023-07-19 21:30:00+02:00,0.14105094557119655
2023-07-19 21:45:00+02:00,0.1337590467955801
2023-07-19 22:00:00+02:00,0.1265479000264938
2023-07-19 22:15:00+02:00,0.12628824253886453
2023-07-19 22:30:00+02:00,0.12632096498711465
2023-07-19 22:45:00+02:00,0.12664600245217766
2023-07-19 23:00:00+02:00,0.12726271112392581
2023-07-19 23:15:00+02:00,0.14003653144928482
2023-07-19 23:30:00+02:00,0.15786707014811097
2023-07-19 23:45:00+02:00,0.18111060928628328
2023-07-20 00:00:00+02:00,0.21576209569564028
2023-07-20 00:15:00+02:00,0.16209239806462045
2023-07-20 00:30:00+02:00,0.11801718635297774
2023-07-20 00:45:00+02:00,0.08222993634447799
2023-07-20 01:00:00+02:00,0.05538892058454708
2023-07-20 01:15:00+02:00,0.05064622435106258
2023-07-20 01:30:00+02:00,0.046598907012628296
2023-07-20 01:45:00+02:00,0.04359912693523967
2023-07-20 02:00:00+02:00,0.04210026036446911
2023-07-20 02:15:00+02:00,0.049217975677105855
2023-07-20 02:30:00+02:00,0.05842833755789703
2023-07-20 02:45:00+02:00,0.06829232937384788
2023-07-20 03:00:00+02:00,0.07872918492426774
2023-07-20 03:15:00+02:00,0.08110746678037023
2023-07-20 03:30:00+02:00,0.08559989278507292
2023-07-20 03:45:00+02:00,0.09209378235735956
2023-07-20 04:00:00+02:00,0.1035851328132587
2023-07-20 04:15:00+02:00,0.09128107502873072
2023-07-20 04:30:00+02:00,0.08281018121597929
2023-07-20 04:45:00+02:00,0.07510133444158523
2023-07-20 05:00:00+02:00,0.06823152443188801
2023-07-20 05:15:00+02:00,0.06638877937014154
2023-07-20 05:30:00+02:00,0.06455368664052927
2023-07-20 05:45:00+02:00,0.0627264347862805
2023-07-20 06:00:00+02:00,0.06090721774968085
2023-07-20 06:15:00+02:00,0.05947364373139885
2023-07-20 06:30:00+02:00,0.05805545892155045
2023-07-20 06:45:00+02:00,0.05665296453510806
2023-07-20 07:00:00+02:00,0.055266466234675266
2023-07-20 07:15:00+02:00,0.0544395554622805
2023-07-20 07:30:00+02:00,0.054341630683708786
2023-07-20 07:45:00+02:00,0.05497368480490893
2023-07-20 08:00:00+02:00,0.05632934059101355
2023-07-20 08:15:00+02:00,0.04692609812619237
2023-07-20 08:30:00+02:00,0.04033948327280635
2023-07-20 08:45:00+02:00,0.03509821958873029
2023-07-20 09:00:00+02:00,0.030048720163667896
2023-07-20 09:15:00+02:00,0.024455139137488313
2023-07-20 09:30:00+02:00,0.018924802547179216
2023-07-20 09:45:00+02:00,0.013654155892788322
2023-07-20 10:00:00+02:00,0.01120344484118082
2023-07-20 10:15:00+02:00,0.009546776371882308
2023-07-20 10:30:00+02:00,0.007969420450464202
2023-07-20 10:45:00+02:00,0.006482384618530518
2023-07-20 11:00:00+02:00,0.005097986725207886
2023-07-20 11:15:00+02:00,0.0020470256645683453
2023-07-20 11:30:00+02:00,0.0
2023-07-20 11:45:00+02:00,0.0
2023-07-20 12:00:00+02:00,0.0
2023-07-20 12:15:00+02:00,0.0
2023-07-20 12:30:00+02:00,0.0
2023-07-20 12:45:00+02:00,0.0
2023-07-20 13:00:00+02:00,0.0009477794342221725
2023-07-20 13:15:00+02:00,0.002075268720400073
2023-07-20 13:30:00+02:00,0.0032575562065506078
2023-07-20 13:45:00+02:00,0.0044885890223917155
2023-07-20 14:00:00+02:00,0.005762974841469107
2023-07-20 14:15:00+02:00,0.006824751661169257
2023-07-20 14:30:00+02:00,0.007888107010723134
2023-07-20 14:45:00+02:00,0.008952903199772377
2023-07-20 15:00:00+02:00,0.010019017942708906
2023-07-20 15:15:00+02:00,0.011138176783295001
2023-07-20 15:30:00+02:00,0.012264006229204599
2023-07-20 15:45:00+02:00,0.013395956975590843
2023-07-20 16:00:00+02:00,0.015394860601057204
2023-07-20 16:15:00+02:00,0.016338126837481117
2023-07-20 16:30:00+02:00,0.017395388120153527
2023-07-20 16:45:00+02:00,0.01856285719138214
2023-07-20 17:00:00+02:00,0.019836544187790888
2023-07-20 17:15:00+02:00,0.01981879970759162
2023-07-20 17:30:00+02:00,0.02007014857929532
2023-07-20 17:45:00+02:00,0.020588509564245027
2023-07-20 18:00:00+02:00,0.02136965758471889
2023-07-20 18:15:00+02:00,0.017299339393441443
2023-07-20 18:30:00+02:00,0.013788138095202003
2023-07-20 18:45:00+02:00,0.012446191020889
2023-07-20 19:00:00+02:00,0.011405651811602715
2023-07-20 19:15:00+02:00,0.00798942216469495
2023-07-20 19:30:00+02:00,0.0046132218905317384
2023-07-20 19:45:00+02:00,0.00129107859734855
2023-07-20 20:00:00+02:00,0.0
2023-07-20 20:15:00+02:00,0.0
2023-07-20 20:30:00+02:00,0.0
2023-07-20 20:45:00+02:00,0.0
2023-07-20 21:00:00+02:00,0.0
2023-07-20 21:15:00+02:00,0.0
2023-07-20 21:30:00+02:00,0.0
2023-07-20 21:45:00+02:00,0.0
2023-07-20 22:00:00+02:00,0.0
2023-07-20 22:15:00+02:00,0.0018381512151954354
2023-07-20 22:30:00+02:00,0.003736202271683882
2023-07-20 22:45:00+02:00,0.005638439293115688
2023-07-20 23:00:00+02:00,0.007544182937424561
2023-07-20 23:15:00+02:00,0.004982877353371203
2023-07-20 23:30:00+02:00,0.0053590613095363115
2023-07-20 23:45:00+02:00,0.008581273553043958
2023-07-21 00:00:00+02:00,0.014212477306120942
2023-07-21 00:15:00+02:00,0.010086456258551705
2023-07-21 00:30:00+02:00,0.007794212920013421
2023-07-21 00:45:00+02:00,0.007435057180670353
2023-07-21 01:00:00+02:00,0.00906580956440394
2023-07-21 01:15:00+02:00,0.011212794178144801
2023-07-21 01:30:00+02:00,0.013721855650371142
2023-07-21 01:45:00+02:00,0.019769289728886384
2023-07-21 02:00:00+02:00,0.026461399022464437
2023-07-21 02:15:00+02:00,0.019388929312833616
2023-07-21 02:30:00+02:00,0.013172239033591375
2023-07-21 02:45:00+02:00,0.01004278131545081
2023-07-21 03:00:00+02:00,0.00698439589199956
2023-07-21 03:15:00+02:00,0.0025189874112038855
2023-07-21 03:30:00+02:00,0.0
2023-07-21 03:45:00+02:00,0.0
2023-07-21 04:00:00+02:00,0.0
2023-07-21 04:15:00+02:00,0.0
2023-07-21 04:30:00+02:00,0.0
2023-07-21 04:45:00+02:00,0.0
2023-07-21 05:00:00+02:00,0.0
2023-07-21 05:15:00+02:00,0.0
2023-07-21 05:30:00+02:00,0.0
2023-07-21 05:45:00+02:00,0.0
2023-07-21 06:00:00+02:00,0.0
2023-07-21 06:15:00+02:00,0.0
2023-07-21 06:30:00+02:00,0.0
2023-07-21 06:45:00+02:00,0.0
2023-07-21 07:00:00+02:00,0.0
2023-07-21 07:15:00+02:00,0.0
2023-07-21 07:30:00+02:00,0.0
2023-07-21 07:45:00+02:00,0.0
2023-07-21 08:00:00+02:00,0.0
2023-07-21 08:15:00+02:00,0.0
2023-07-21 08:30:00+02:00,0.0
2023-07-21 08:45:00+02:00,0.0
2023-07-21 09:00:00+02:00,0.0
2023-07-21 09:15:00+02:00,0.0
2023-07-21 09:30:00+02:00,0.0
2023-07-21 09:45:00+02:00,0.0
2023-07-21 10:00:00+02:00,0.0
2023-07-21 10:15:00+02:00,0.0
2023-07-21 10:30:00+02:00,0.0009497277941455246
2023-07-21 10:45:00+02:00,0.0034415523724359858
2023-07-21 11:00:00+02:00,0.005934056060883737
2023-07-21 11:15:00+02:00,0.00451023911860167
2023-07-21 11:30:00+02:00,0.003436095861504145
2023-07-21 11:45:00+02:00,0.0027487540389409468
2023-07-21 12:00:00+02:00,0.0024747289650555618
2023-07-21 12:15:00+02:00,0.006101646840566352
2023-07-21 12:30:00+02:00,0.009804407213584608
2023-07-21 12:45:00+02:00,0.013562557490614958
2023-07-21 13:00:00+02:00,0.021588695649679752
2023-07-21 13:15:00+02:00,0.038288921440708217
2023-07-21 13:30:00+02:00,0.06257079159751275
2023-07-21 13:45:00+02:00,0.0908430153283429
2023-07-21 14:00:00+02:00,0.13355266561315718
2023-07-21 14:15:00+02:00,0.16162157203632135
2023-07-21 14:30:00+02:00,0.20133046301161847
2023-07-21 14:45:00+02:00,0.25235251922627766
2023-07-21 15:00:00+02:00,0.31517191138554
2023-07-21 15:15:00+02:00,0.29574036941380555
2023-07-21 15:30:00+02:00,0.2790580874988914
2023-07-21 15:45:00+02:00,0.2653020049418559
2023-07-21 16:00:00+02:00,0.25221400698721025
2023-07-21 16:15:00+02:00,0.2628633938702185
2023-07-21 16:30:00+02:00,0.2737348573907352
2023-07-21 16:45:00+02:00,0.2848188352484909
2023-07-21 17:00:00+02:00,0.2991894309291336
2023-07-21 17:15:00+02:00,0.32581802383933645
2023-07-21 17:30:00+02:00,0.3526486670902347
2023-07-21 17:45:00+02:00,0.379666264116694
2023-07-21 18:00:00+02:00,0.40685709526411157
2023-07-21 18:15:00+02:00,0.39389149009175983
2023-07-21 18:30:00+02:00,0.38137155630064373
2023-07-21 18:45:00+02:00,0.36931298322349587
2023-07-21 19:00:00+02:00,0.3577315856806994
2023-07-21 19:15:00+02:00,0.3439034482417548
2023-07-21 19:30:00+02:00,0.33038477768986974
2023-07-21 19:45:00+02:00,0.31718794171593606
2023-07-21 20:00:00+02:00,0.3043256572645171
2023-07-21 20:15:00+02:00,0.2731200025275324
2023-07-21 20:30:00+02:00,0.2461739765275632
2023-07-21 20:45:00+02:00,0.2192291729897657
2023-07-21 21:00:00+02:00,0.19228574053244116
2023-07-21 21:15:00+02:00,0.1700201441870607
2023-07-21 21:30:00+02:00,0.15138369554528114
2023-07-21 21:45:00+02:00,0.1327762562502272
2023-07-21 22:00:00+02:00,0.11420159511688259
2023-07-21 22:15:00+02:00,0.10106881854426146
2023-07-21 22:30:00+02:00,0.09108333282797991
2023-07-21 22:45:00+02:00,0.08372855875585031
2023-07-21 23:00:00+02:00,0.07684769012783345
2023-07-21 23:15:00+02:00,0.06905079673451502
2023-07-21 23:30:00+02:00,0.062259203692259395
2023-07-21 23:45:00+02:00,0.056567199834508794
2023-07-22 00:00:00+02:00,0.05206304875812746
2023-07-22 00:15:00+02:00,0.06268397273341055
2023-07-22 00:30:00+02:00,0.07505487234522634
2023-07-22 00:45:00+02:00,0.08891571270150492
2023-07-22 01:00:00+02:00,0.10935017429447835
2023-07-22 01:15:00+02:00,0.11973015548225598
2023-07-22 01:30:00+02:00,0.13074561379734417
2023-07-22 01:45:00+02:00,0.14235068219964792
2023-07-22 02:00:00+02:00,0.15450168535152567
2023-07-22 02:15:00+02:00,0.16201460348794416
2023-07-22 02:30:00+02:00,0.16958691833666148
2023-07-22 02:45:00+02:00,0.1772158912539699
2023-07-22 03:00:00+02:00,0.1872959673098306
2023-07-22 03:15:00+02:00,0.19908181172469397
2023-07-22 03:30:00+02:00,0.21114761151161818
2023-07-22 03:45:00+02:00,0.22347880901847614
2023-07-22 04:00:00+02:00,0.23606155044544624
2023-07-22 04:15:00+02:00,0.22971164894434237
2023-07-22 04:30:00+02:00,0.22337887598251122
2023-07-22 04:45:00+02:00,0.21706370339075043
2023-07-22 05:00:00+02:00,0.21076661910472988
2023-07-22 05:15:00+02:00,0.20413443301938866
2023-07-22 05:30:00+02:00,0.19750356918986436
2023-07-22 05:45:00+02:00,0.19087406725951606
2023-07-22 06:00:00+02:00,0.184245968463818
2023-07-22 06:15:00+02:00,0.177569881601102
2023-07-22 06:30:00+02:00,0.17260270536174632
2023-07-22 06:45:00+02:00,0.16782608595095855
2023-07-22 07:00:00+02:00,0.16319868544366367
2023-07-22 07:15:00+02:00,0.15116112664880058
2023-07-22 07:30:00+02:00,0.1395070391933794
2023-07-22 07:45:00+02:00,0.12826663760975965
2023-07-22 08:00:00+02:00,0.1174721439993022
2023-07-22 08:15:00+02:00,0.11721147210324175
2023-07-22 08:30:00+02:00,0.11696345382795069
2023-07-22 08:45:00+02:00,0.1167281109570803
2023-07-22 09:00:00+02:00,0.11650546420724775
2023-07-22 09:15:00+02:00,0.12658362346899538
2023-07-22 09:30:00+02:00,0.13669428993048416
2023-07-22 09:45:00+02:00,0.1468353308175072
2023-07-22 10:00:00+02:00,0.15700479032020379
2023-07-22 10:15:00+02:00,0.17724126300202742
2023-07-22 10:30:00+02:00,0.20437402283696796
2023-07-22 10:45:00+02:00,0.23198340118400268
2023-07-22 11:00:00+02:00,0.2599760095260393
2023-07-22 11:15:00+02:00,0.24190115834671572
2023-07-22 11:30:00+02:00,0.22385384004417025
2023-07-22 11:45:00+02:00,0.2058362517951196
2023-07-22 12:00:00+02:00,0.18785082670758216
2023-07-22 12:15:00+02:00,0.200706361941399
2023-07-22 12:30:00+02:00,0.21365077294217388
2023-07-22 12:45:00+02:00,0.22667912430277165
2023-07-22 13:00:00+02:00,0.2397868107790598
2023-07-22 13:15:00+02:00,0.26664837696787086
2023-07-22 13:30:00+02:00,0.2958381197866212
2023-07-22 13:45:00+02:00,0.33069841680047474
2023-07-22 14:00:00+02:00,0.3655710087016643
2023-07-22 14:15:00+02:00,0.4131104844389325
2023-07-22 14:30:00+02:00,0.46496011606732435
2023-07-22 14:45:00+02:00,0.5185570301670387
2023-07-22 15:00:00+02:00,0.5723269719576553
2023-07-22 15:15:00+02:00,0.5832998781190155
2023-07-22 15:30:00+02:00,0.5947001199668335
2023-07-22 15:45:00+02:00,0.6063563218748755
2023-07-22 16:00:00+02:00,0.618261902852262
2023-07-22 16:15:00+02:00,0.6181539460008587
2023-07-22 16:30:00+02:00,0.6184478647548177
2023-07-22 16:45:00+02:00,0.6191434183051453
2023-07-22 17:00:00+02:00,0.6202400375472514
2023-07-22 17:15:00+02:00,0.5698086087743545
2023-07-22 17:30:00+02:00,0.5201841536466338
2023-07-22 17:45:00+02:00,0.470845116843001
2023-07-22 18:00:00+02:00,0.4222882028968631
2023-07-22 18:15:00+02:00,0.41025683696938664
2023-07-22 18:30:00+02:00,0.39823138639079075
2023-07-22 18:45:00+02:00,0.38621204805912235
2023-07-22 19:00:00+02:00,0.37419902760210616
2023-07-22 19:15:00+02:00,0.34718627160182447
2023-07-22 19:30:00+02:00,0.3201740779791247
2023-07-22 19:45:00+02:00,0.2931624927311878
2023-07-22 20:00:00+02:00,0.2706277823073195
2023-07-22 20:15:00+02:00,0.25648580127513526
2023-07-22 20:30:00+02:00,0.24243662268426935
2023-07-22 20:45:00+02:00,0.228485825457259
2023-07-22 21:00:00+02:00,0.21463940080939006
2023-07-22 21:15:00+02:00,0.18017776282389916
2023-07-22 21:30:00+02:00,0.15426788321626378
2023-07-22 21:45:00+02:00,0.13008302798266716
2023-07-22 22:00:00+02:00,0.10712715896375732
2023-07-22 22:15:00+02:00,0.08066748497827467
2023-07-22 22:30:00+02:00,0.05948054589834373
2023-07-22 22:45:00+02:00,0.0412659246826098
2023-07-22 23:00:00+02:00,0.03019112201263035
2023-07-22 23:15:00+02:00,0.014617270930286442
2023-07-22 23:30:00+02:00,0.007152961222795194
2023-07-22 23:45:00+02:00,0.0002803291916993531
2023-07-23 00:00:00+02:00,0.0
2023-07-23 00:15:00+02:00,0.0
2023-07-23 00:30:00+02:00,0.0
2023-07-23 00:45:00+02:00,0.0
2023-07-23 01:00:00+02:00,0.0
2023-07-23 01:15:00+02:00,0.0006657116737898773
2023-07-23 01:30:00+02:00,0.008880402974874087
2023-07-23 01:45:00+02:00,0.021331818569108603
2023-07-23 02:00:00+02:00,0.03982090630893169
2023-07-23 02:15:00+02:00,0.05270823394724811
2023-07-23 02:30:00+02:00,0.06853434856263685
2023-07-23 02:45:00+02:00,0.08436855912135793
2023-07-23 03:00:00+02:00,0.10321529191079823
2023-07-23 03:15:00+02:00,0.13161846706077923
2023-07-23 03:30:00+02:00,0.16095714494110905
2023-07-23 03:45:00+02:00,0.19543304249763188
2023-07-23 04:00:00+02:00,0.23599357670018134
2023-07-23 04:15:00+02:00,0.2662605934696056
2023-07-23 04:30:00+02:00,0.3074253365104434
2023-07-23 04:45:00+02:00,0.3610291656016398
2023-07-23 05:00:00+02:00,0.4203414956907158
2023-07-23 05:15:00+02:00,0.4729305336654612
2023-07-23 05:30:00+02:00,0.5456280213804138
2023-07-23 05:45:00+02:00,0.6356348534131387
2023-07-23 06:00:00+02:00,0.7401316372608086
2023-07-23 06:15:00+02:00,0.7490940569404454
2023-07-23 06:30:00+02:00,0.7585270572169458
2023-07-23 06:45:00+02:00,0.7689379077082785
2023-07-23 07:00:00+02:00,0.7803035269463433
2023-07-23 07:15:00+02:00,0.7689130000459801
2023-07-23 07:30:00+02:00,0.7578283286112028
2023-07-23 07:45:00+02:00,0.7470573976241524
2023-07-23 08:00:00+02:00,0.7351037387593634
2023-07-23 08:15:00+02:00,0.7355264976105764
2023-07-23 08:30:00+02:00,0.7362940555633533
2023-07-23 08:45:00+02:00,0.7374059132049922
2023-07-23 09:00:00+02:00,0.7388613488123094
2023-07-23 09:15:00+02:00,0.7595099000926463
2023-07-23 09:30:00+02:00,0.7795070749681149
2023-07-23 09:45:00+02:00,0.7996226388380596
2023-07-23 10:00:00+02:00,0.8198513489301347
2023-07-23 10:15:00+02:00,0.8207464941798412
2023-07-23 10:30:00+02:00,0.8216462592033451
2023-07-23 10:45:00+02:00,0.8225506348677449
2023-07-23 11:00:00+02:00,0.8234596120175849
2023-07-23 11:15:00+02:00,0.7662044238991509
2023-07-23 11:30:00+02:00,0.7008409701968719
2023-07-23 11:45:00+02:00,0.6299194893039046
2023-07-23 12:00:00+02:00,0.5594321999869659
2023-07-23 12:15:00+02:00,0.6270227303467922
2023-07-23 12:30:00+02:00,0.6949818513187266
2023-07-23 12:45:00+02:00,0.7590486538142588
2023-07-23 13:00:00+02:00,0.8138302141899917
2023-07-23 13:15:00+02:00,0.8055478714870863
2023-07-23 13:30:00+02:00,0.7975002204746692
2023-07-23 13:45:00+02:00,0.7896915132747743
2023-07-23 14:00:00+02:00,0.7821259744964985
2023-07-23 14:15:00+02:00,0.8260357402104264
2023-07-23 14:30:00+02:00,0.875379333486829
2023-07-23 14:45:00+02:00,0.9122835997661103
2023-07-23 15:00:00+02:00,0.9526817711258752
2023-07-23 15:15:00+02:00,0.9529255477128874
2023-07-23 15:30:00+02:00,0.9534642256690127
2023-07-23 15:45:00+02:00,0.9542966979461991
2023-07-23 16:00:00+02:00,0.9554212645780921
2023-07-23 16:15:00+02:00,0.9323304111985387
2023-07-23 16:30:00+02:00,0.9055828917494201
2023-07-23 16:45:00+02:00,0.8790471373238934
2023-07-23 17:00:00+02:00,0.8417506700871675
2023-07-23 17:15:00+02:00,0.8539529812587752
2023-07-23 17:30:00+02:00,0.8662511674959816
2023-07-23 17:45:00+02:00,0.8759708259632332
2023-07-23 18:00:00+02:00,0.8838302021172164
2023-07-23 18:15:00+02:00,0.8689858981150906
2023-07-23 18:30:00+02:00,0.8468756404495457
2023-07-23 18:45:00+02:00,0.8247959184642495
2023-07-23 19:00:00+02:00,0.8027482353184159
2023-07-23 19:15:00+02:00,0.8018542943242633
2023-07-23 19:30:00+02:00,0.8009916817987099
2023-07-23 19:45:00+02:00,0.8001604581080456
2023-07-23 20:00:00+02:00,0.7993606815687594
2023-07-23 20:15:00+02:00,0.7981483759210629
2023-07-23 20:30:00+02:00,0.7969386236119474
2023-07-23 20:45:00+02:00,0.7957314315641694
2023-07-23 21:00:00+02:00,0.7945268067108016
2023-07-23 21:15:00+02:00,0.7837429220205601
2023-07-23 21:30:00+02:00,0.7729621963588873
2023-07-23 21:45:00+02:00,0.7621847080143564
2023-07-23 22:00:00+02:00,0.7514105378592999
2023-07-23 22:15:00+02:00,0.7410925360382706
2023-07-23 22:30:00+02:00,0.7287159685260389
2023-07-23 22:45:00+02:00,0.7163399998164971
2023-07-23 23:00:00+02:00,0.7039646441945777
2023-07-23 23:15:00+02:00,0.6642492144647136
2023-07-23 23:30:00+02:00,0.6245356571433189
2023-07-23 23:45:00+02:00,0.5848241274483351
2023-07-24 00:00:00+02:00,0.545685224129167
2023-07-24 00:15:00+02:00,0.5337048637823202
2023-07-24 00:30:00+02:00,0.5217536627530596
2023-07-24 00:45:00+02:00,0.5098324007839034
2023-07-24 01:00:00+02:00,0.49794188360822594
2023-07-24 01:15:00+02:00,0.4771598022049009
2023-07-24 01:30:00+02:00,0.45638584568171126
2023-07-24 01:45:00+02:00,0.43562041382444266
2023-07-24 02:00:00+02:00,0.41606523294950026
2023-07-24 02:15:00+02:00,0.4153190709522566
2023-07-24 02:30:00+02:00,0.4148725090049908
2023-07-24 02:45:00+02:00,0.4147259079400225
2023-07-24 03:00:00+02:00,0.41487938634067506
2023-07-24 03:15:00+02:00,0.40918486150666006
2023-07-24 03:30:00+02:00,0.4036763630736575
2023-07-24 03:45:00+02:00,0.39835669601464835
2023-07-24 04:00:00+02:00,0.39322862291878014
2023-07-24 04:15:00+02:00,0.3783596430935082
2023-07-24 04:30:00+02:00,0.36350457518823837
2023-07-24 04:45:00+02:00,0.34866401176510714
2023-07-24 05:00:00+02:00,0.33383857889370816
2023-07-24 05:15:00+02:00,0.3531047789760235
2023-07-24 05:30:00+02:00,0.3725243390059286
2023-07-24 05:45:00+02:00,0.39208905998549937
2023-07-24 06:00:00+02:00,0.411791262095224
2023-07-24 06:15:00+02:00,0.4173047055443676
2023-07-24 06:30:00+02:00,0.42374032799448297
2023-07-24 06:45:00+02:00,0.4316627477733939
2023-07-24 07:00:00+02:00,0.44087016429666726
2023-07-24 07:15:00+02:00,0.44868278488373264
2023-07-24 07:30:00+02:00,0.4574987919944313
2023-07-24 07:45:00+02:00,0.4672977447454994
2023-07-24 08:00:00+02:00,0.47805756899607377
2023-07-24 08:15:00+02:00,0.44634971107426796
2023-07-24 08:30:00+02:00,0.4158763295046909
2023-07-24 08:45:00+02:00,0.3875514247599814
2023-07-24 09:00:00+02:00,0.3592377304475366
2023-07-24 09:15:00+02:00,0.3292386865560649
2023-07-24 09:30:00+02:00,0.2992396426928638
2023-07-24 09:45:00+02:00,0.2730100017847216
2023-07-24 10:00:00+02:00,0.24987514597406904
2023-07-24 10:15:00+02:00,0.24480203900268202
2023-07-24 10:30:00+02:00,0.23981194346037174
2023-07-24 10:45:00+02:00,0.23490661575894548
2023-07-24 11:00:00+02:00,0.23008783109618158
2023-07-24 11:15:00+02:00,0.15033831299482966
2023-07-24 11:30:00+02:00,0.08781917417089251
2023-07-24 11:45:00+02:00,0.04606463554007644
2023-07-24 12:00:00+02:00,0.02057704234857365
2023-07-24 12:15:00+02:00,0.028721943740492653
2023-07-24 12:30:00+02:00,0.036979204915934726
2023-07-24 12:45:00+02:00,0.04621190328818127
2023-07-24 13:00:00+02:00,0.06046500240836419
2023-07-24 13:15:00+02:00,0.08646780000703001
2023-07-24 13:30:00+02:00,0.12698174974180684
2023-07-24 13:45:00+02:00,0.17574664263140288
2023-07-24 14:00:00+02:00,0.2423782167689322
2023-07-24 14:15:00+02:00,0.23836847540350634
2023-07-24 14:30:00+02:00,0.2353766518917704
2023-07-24 14:45:00+02:00,0.23341568663875972
2023-07-24 15:00:00+02:00,0.23249418034635244
2023-07-24 15:15:00+02:00,0.249052202997011
2023-07-24 15:30:00+02:00,0.26598666126682813
2023-07-24 15:45:00+02:00,0.28327225538090733
2023-07-24 16:00:00+02:00,0.30538677807578785
2023-07-24 16:15:00+02:00,0.3786951317919368
2023-07-24 16:30:00+02:00,0.45565252697551056
2023-07-24 16:45:00+02:00,0.5387253526325778
2023-07-24 17:00:00+02:00,0.6227850133070041
2023-07-24 17:15:00+02:00,0.5754038509111561
2023-07-24 17:30:00+02:00,0.5301133883981319
2023-07-24 17:45:00+02:00,0.48647969682723224
2023-07-24 18:00:00+02:00,0.44467280071205606
2023-07-24 18:15:00+02:00,0.41982576453928183
2023-07-24 18:30:00+02:00,0.3979374697069182
2023-07-24 18:45:00+02:00,0.37710867852864344
2023-07-24 19:00:00+02:00,0.35740214472977233
2023-07-24 19:15:00+02:00,0.3236781973437059
2023-07-24 19:30:00+02:00,0.28998229864595615
2023-07-24 19:45:00+02:00,0.263043822196266
2023-07-24 20:00:00+02:00,0.2371084732565992
2023-07-24 20:15:00+02:00,0.21328152021821659
2023-07-24 20:30:00+02:00,0.19436056588125344
2023-07-24 20:45:00+02:00,0.18077195437354113
2023-07-24 21:00:00+02:00,0.17394732601687368
2023-07-24 21:15:00+02:00,0.16063564198922942
2023-07-24 21:30:00+02:00,0.15019773319537885
2023-07-24 21:45:00+02:00,0.1428299921339945
2023-07-24 22:00:00+02:00,0.13868186406728766
2023-07-24 22:15:00+02:00,0.12370110568858551
2023-07-24 22:30:00+02:00,0.10930056853321693
2023-07-24 22:45:00+02:00,0.09554124357073089
2023-07-24 23:00:00+02:00,0.08729340850414982
2023-07-24 23:15:00+02:00,0.08473047745482558
2023-07-24 23:30:00+02:00,0.08228961696144432
2023-07-24 23:45:00+02:00,0.0799745408585917
2023-07-25 00:00:00+02:00,0.07778891202385799
2023-07-25 00:15:00+02:00,0.0773678185344653
2023-07-25 00:30:00+02:00,0.07696588940021257
2023-07-25 00:45:00+02:00,0.07658322200156958
2023-07-25 01:00:00+02:00,0.07621990966621783
2023-07-25 01:15:00+02:00,0.07026836093124253
2023-07-25 01:30:00+02:00,0.06434076978761087
2023-07-25 01:45:00+02:00,0.05843908023607561
2023-07-25 02:00:00+02:00,0.052565442465883024
2023-07-25 02:15:00+02:00,0.050678950589820526
2023-07-25 02:30:00+02:00,0.048880705091728725
2023-07-25 02:45:00+02:00,0.04717299600384972
2023-07-25 03:00:00+02:00,0.04555807196523975
2023-07-25 03:15:00+02:00,0.048251881950671656
2023-07-25 03:30:00+02:00,0.05095147175931214
2023-07-25 03:45:00+02:00,0.05365662303396011
2023-07-25 04:00:00+02:00,0.056367127862762365
2023-07-25 04:15:00+02:00,0.05430968851491852
2023-07-25 04:30:00+02:00,0.05225342557170646
2023-07-25 04:45:00+02:00,0.050198373440697386
2023-07-25 05:00:00+02:00,0.04814456786300117
2023-07-25 05:15:00+02:00,0.05262607416903753
2023-07-25 05:30:00+02:00,0.0571124324889506
2023-07-25 05:45:00+02:00,0.061603349082770646
2023-07-25 06:00:00+02:00,0.06609855318783965
2023-07-25 06:15:00+02:00,0.06650339326263159
2023-07-25 06:30:00+02:00,0.0669379656912997
2023-07-25 06:45:00+02:00,0.06740210054931592
2023-07-25 07:00:00+02:00,0.0678956177795392
2023-07-25 07:15:00+02:00,0.06232914991802008
2023-07-25 07:30:00+02:00,0.056822877777482336
2023-07-25 07:45:00+02:00,0.05138148967881583
2023-07-25 08:00:00+02:00,0.04601010930800678
2023-07-25 08:15:00+02:00,0.039058978276839566
2023-07-25 08:30:00+02:00,0.03292333438954585
2023-07-25 08:45:00+02:00,0.026802097487797966
2023-07-25 09:00:00+02:00,0.020697978247424986
2023-07-25 09:15:00+02:00,0.028608666791659954
2023-07-25 09:30:00+02:00,0.03672283999705985
2023-07-25 09:45:00+02:00,0.04565970049669561
2023-07-25 10:00:00+02:00,0.059895174832288914
2023-07-25 10:15:00+02:00,0.0687664113704991
2023-07-25 10:30:00+02:00,0.07771232883178511
2023-07-25 10:45:00+02:00,0.08672482730303062
2023-07-25 11:00:00+02:00,0.09613476417873419
2023-07-25 11:15:00+02:00,0.0824716619667569
2023-07-25 11:30:00+02:00,0.06973568085679317
2023-07-25 11:45:00+02:00,0.05769205243655489
2023-07-25 12:00:00+02:00,0.046461556277657606
2023-07-25 12:15:00+02:00,0.04556650414821302
2023-07-25 12:30:00+02:00,0.0453648099255761
2023-07-25 12:45:00+02:00,0.045858504568973835
2023-07-25 13:00:00+02:00,0.04704263076095701
2023-07-25 13:15:00+02:00,0.05666429504914388
2023-07-25 13:30:00+02:00,0.0674404900499538
2023-07-25 13:45:00+02:00,0.07921570268071174
2023-07-25 14:00:00+02:00,0.09185024120171331
2023-07-25 14:15:00+02:00,0.11286549604220912
2023-07-25 14:30:00+02:00,0.13597810654066883
2023-07-25 14:45:00+02:00,0.15913246091329405
2023-07-25 15:00:00+02:00,0.1838983748289085
2023-07-25 15:15:00+02:00,0.2000883659952179
2023-07-25 15:30:00+02:00,0.2164421158278556
2023-07-25 15:45:00+02:00,0.23294823754610555
2023-07-25 16:00:00+02:00,0.24959628391661615
2023-07-25 16:15:00+02:00,0.25142223691681487
2023-07-25 16:30:00+02:00,0.2532718559488325
2023-07-25 16:45:00+02:00,0.25514496057036734
2023-07-25 17:00:00+02:00,0.25704136991251253
2023-07-25 17:15:00+02:00,0.25409854322901937
2023-07-25 17:30:00+02:00,0.25115578868696664
2023-07-25 17:45:00+02:00,0.2482131071698939
2023-07-25 18:00:00+02:00,0.2452704995758052
2023-07-25 18:15:00+02:00,0.23621044282573073
2023-07-25 18:30:00+02:00,0.227283623598566
2023-07-25 18:45:00+02:00,0.21849520482527246
2023-07-25 19:00:00+02:00,0.2098505332316784
2023-07-25 19:15:00+02:00,0.19531325184188575
2023-07-25 19:30:00+02:00,0.18120611011048668
2023-07-25 19:45:00+02:00,0.1699324345187547
2023-07-25 20:00:00+02:00,0.1599539410606076
2023-07-25 20:15:00+02:00,0.1453949531158808
2023-07-25 20:30:00+02:00,0.13107827706736797
2023-07-25 20:45:00+02:00,0.11702797648042913
2023-07-25 21:00:00+02:00,0.10327086545501138
2023-07-25 21:15:00+02:00,0.09857852790490962
2023-07-25 21:30:00+02:00,0.09457625545844037
2023-07-25 21:45:00+02:00,0.0920192317223195
2023-07-25 22:00:00+02:00,0.08965445826499124
2023-07-25 22:15:00+02:00,0.09157649819817437
2023-07-25 22:30:00+02:00,0.09379287224613338
2023-07-25 22:45:00+02:00,0.09693560845317112
2023-07-25 23:00:00+02:00,0.10139898666202578
2023-07-25 23:15:00+02:00,0.08926341453834279
2023-07-25 23:30:00+02:00,0.07946431614433254
2023-07-25 23:45:00+02:00,0.06968210733042877
2023-07-26 00:00:00+02:00,0.05991903460554867
2023-07-26 00:15:00+02:00,0.05771361099814669
2023-07-26 00:30:00+02:00,0.055887328074169663
2023-07-26 00:45:00+02:00,0.05444984032905145
2023-07-26 01:00:00+02:00,0.05340897827845919
2023-07-26 01:15:00+02:00,0.043578750877142344
2023-07-26 01:30:00+02:00,0.03921548866693397
2023-07-26 01:45:00+02:00,0.03667618897918583
2023-07-26 02:00:00+02:00,0.03608389365353839
2023-07-26 02:15:00+02:00,0.042162730402643546
2023-07-26 02:30:00+02:00,0.053124853273227156
2023-07-26 02:45:00+02:00,0.06705100535609246
2023-07-26 03:00:00+02:00,0.08235031447818689
2023-07-26 03:15:00+02:00,0.09180274042543819
2023-07-26 03:30:00+02:00,0.10506006329363957
2023-07-26 03:45:00+02:00,0.1205436608837498
2023-07-26 04:00:00+02:00,0.13616100897294686
2023-07-26 04:15:00+02:00,0.14856581920990702
2023-07-26 04:30:00+02:00,0.16104324741147638
2023-07-26 04:45:00+02:00,0.17358773552945705
2023-07-26 05:00:00+02:00,0.18900429088084095
2023-07-26 05:15:00+02:00,0.1827285267845968
2023-07-26 05:30:00+02:00,0.17668781101405903
2023-07-26 05:45:00+02:00,0.17195087748694599
2023-07-26 06:00:00+02:00,0.16722522874246235
2023-07-26 06:15:00+02:00,0.16375203897628512
2023-07-26 06:30:00+02:00,0.1606509830068456
2023-07-26 06:45:00+02:00,0.1579293739081682
2023-07-26 07:00:00+02:00,0.15559378849459754
2023-07-26 07:15:00+02:00,0.14684580263275815
2023-07-26 07:30:00+02:00,0.13817283286799145
2023-07-26 07:45:00+02:00,0.12957926482599624
2023-07-26 08:00:00+02:00,0.12106978768825284
2023-07-26 08:15:00+02:00,0.11814069232098243
2023-07-26 08:30:00+02:00,0.11528041594224417
2023-07-26 08:45:00+02:00,0.11249033839110059
2023-07-26 09:00:00+02:00,0.10977184140580683
2023-07-26 09:15:00+02:00,0.11487223393434642
2023-07-26 09:30:00+02:00,0.12059488559914312
2023-07-26 09:45:00+02:00,0.1269156489717309
2023-07-26 10:00:00+02:00,0.1338092811946391
2023-07-26 10:15:00+02:00,0.13950368436436072
2023-07-26 10:30:00+02:00,0.1458900418951765
2023-07-26 10:45:00+02:00,0.152940052455627
2023-07-26 11:00:00+02:00,0.160624235189815
2023-07-26 11:15:00+02:00,0.1535506753839508
2023-07-26 11:30:00+02:00,0.14873257559085426
2023-07-26 11:45:00+02:00,0.14624054964057823
2023-07-26 12:00:00+02:00,0.1461122731256302
2023-07-26 12:15:00+02:00,0.15666488566183093
2023-07-26 12:30:00+02:00,0.16725863733294716
2023-07-26 12:45:00+02:00,0.1780534630908488
2023-07-26 13:00:00+02:00,0.19212324232400005
2023-07-26 13:15:00+02:00,0.19553533269388565
2023-07-26 13:30:00+02:00,0.19898782114974103
2023-07-26 13:45:00+02:00,0.20248008789876534
2023-07-26 14:00:00+02:00,0.20601151883799326
2023-07-26 14:15:00+02:00,0.21116420659487953
2023-07-26 14:30:00+02:00,0.21641933676085562
2023-07-26 14:45:00+02:00,0.22177458350543286
2023-07-26 15:00:00+02:00,0.2272276485476986
2023-07-26 15:15:00+02:00,0.2244507990715577
2023-07-26 15:30:00+02:00,0.221674624389864
2023-07-26 15:45:00+02:00,0.2188991326297238
2023-07-26 16:00:00+02:00,0.21612433204723008
2023-07-26 16:15:00+02:00,0.21033344287265032
2023-07-26 16:30:00+02:00,0.20463226183851851
2023-07-26 16:45:00+02:00,0.19902307339008923
2023-07-26 17:00:00+02:00,0.1935082014286134
2023-07-26 17:15:00+02:00,0.19941100648859658
2023-07-26 17:30:00+02:00,0.20536311280244537
2023-07-26 17:45:00+02:00,0.21136323329283382
2023-07-26 18:00:00+02:00,0.21741011544494804
2023-07-26 18:15:00+02:00,0.19945171366908152
2023-07-26 18:30:00+02:00,0.18154768956688722
2023-07-26 18:45:00+02:00,0.1670094795862677
2023-07-26 19:00:00+02:00,0.15352719430727663
2023-07-26 19:15:00+02:00,0.13238828337455294
2023-07-26 19:30:00+02:00,0.11208045732373452
2023-07-26 19:45:00+02:00,0.0936736911898526
2023-07-26 20:00:00+02:00,0.08229719353582297
2023-07-26 20:15:00+02:00,0.07140506803647632
2023-07-26 20:30:00+02:00,0.06309008009761989
2023-07-26 20:45:00+02:00,0.05764683344322269
2023-07-26 21:00:00+02:00,0.055292535926657685
2023-07-26 21:15:00+02:00,0.06319036612995094
2023-07-26 21:30:00+02:00,0.07370383427631029
2023-07-26 21:45:00+02:00,0.08649945294668011
2023-07-26 22:00:00+02:00,0.10487389220925206
2023-07-26 22:15:00+02:00,0.13024137239012282
2023-07-26 22:30:00+02:00,0.15563657428798355
2023-07-26 22:45:00+02:00,0.18222675782689188
2023-07-26 23:00:00+02:00,0.21577636066585906
2023-07-26 23:15:00+02:00,0.24087779509527585
2023-07-26 23:30:00+02:00,0.2668203906574264
2023-07-26 23:45:00+02:00,0.2958342994814574
2023-07-27 00:00:00+02:00,0.3313351225011045
2023-07-27 00:15:00+02:00,0.32430910624914644
2023-07-27 00:30:00+02:00,0.31901531898819707
2023-07-27 00:45:00+02:00,0.31548091551540347
2023-07-27 01:00:00+02:00,0.3137243418767221
2023-07-27 01:15:00+02:00,0.297079999513774
2023-07-27 01:30:00+02:00,0.2819602840027459
2023-07-27 01:45:00+02:00,0.2697740301495579
2023-07-27 02:00:00+02:00,0.25793726442542636
2023-07-27 02:15:00+02:00,0.24899236774204409
2023-07-27 02:30:00+02:00,0.24026034076936537
2023-07-27 02:45:00+02:00,0.23174910036666452
2023-07-27 03:00:00+02:00,0.22346674544297937
2023-07-27 03:15:00+02:00,0.24415109105269003
2023-07-27 03:30:00+02:00,0.2650476336956495
2023-07-27 03:45:00+02:00,0.28626480868107257
2023-07-27 04:00:00+02:00,0.3138457948657832
2023-07-27 04:15:00+02:00,0.29988074608325105
2023-07-27 04:30:00+02:00,0.2974942243265732
2023-07-27 04:45:00+02:00,0.30676876805845993
2023-07-27 05:00:00+02:00,0.3273878885884476
2023-07-27 05:15:00+02:00,0.3434109496216347
2023-07-27 05:30:00+02:00,0.3637175601405945
2023-07-27 05:45:00+02:00,0.3880673890287096
2023-07-27 06:00:00+02:00,0.4161952934654148
2023-07-27 06:15:00+02:00,0.44084918149916424
2023-07-27 06:30:00+02:00,0.46727225947077056
2023-07-27 06:45:00+02:00,0.4942437662129308
2023-07-27 07:00:00+02:00,0.5217308963280362
2023-07-27 07:15:00+02:00,0.5370891909202022
2023-07-27 07:30:00+02:00,0.5596336472198434
2023-07-27 07:45:00+02:00,0.589108222017394
2023-07-27 08:00:00+02:00,0.625468805551333
2023-07-27 08:15:00+02:00,0.6394182610151824
2023-07-27 08:30:00+02:00,0.659372176260372
2023-07-27 08:45:00+02:00,0.6850967852214603
2023-07-27 09:00:00+02:00,0.7163082163481266
2023-07-27 09:15:00+02:00,0.7118320130169952
2023-07-27 09:30:00+02:00,0.7079686928249492
2023-07-27 09:45:00+02:00,0.7047228176399655
2023-07-27 10:00:00+02:00,0.7020982552884717
2023-07-27 10:15:00+02:00,0.7140728571912934
2023-07-27 10:30:00+02:00,0.7260798715763397
2023-07-27 10:45:00+02:00,0.7381185643779041
2023-07-27 11:00:00+02:00,0.7487657735501086
2023-07-27 11:15:00+02:00,0.7269437067279304
2023-07-27 11:30:00+02:00,0.7037227739042571
2023-07-27 11:45:00+02:00,0.6805264948962955
2023-07-27 12:00:00+02:00,0.6573560060814774
2023-07-27 12:15:00+02:00,0.67856585749231
2023-07-27 12:30:00+02:00,0.7003536227586907
2023-07-27 12:45:00+02:00,0.7226953195075861
2023-07-27 13:00:00+02:00,0.7450417819248522
2023-07-27 13:15:00+02:00,0.8005625639636877
2023-07-27 13:30:00+02:00,0.8569277345811817
2023-07-27 13:45:00+02:00,0.8982575440392235
2023-07-27 14:00:00+02:00,0.9346334633181662
2023-07-27 14:15:00+02:00,0.9455822210691105
2023-07-27 14:30:00+02:00,0.954436990659651
2023-07-27 14:45:00+02:00,0.959709780028885
2023-07-27 15:00:00+02:00,0.9651920922390163
2023-07-27 15:15:00+02:00,0.9650041453342457
2023-07-27 15:30:00+02:00,0.9648498025094123
2023-07-27 15:45:00+02:00,0.964729099053597
2023-07-27 16:00:00+02:00,0.9646420625989811
2023-07-27 16:15:00+02:00,0.9286397029642349
2023-07-27 16:30:00+02:00,0.8771557280437916
2023-07-27 16:45:00+02:00,0.7988482634032755
2023-07-27 17:00:00+02:00,0.711125162101366
2023-07-27 17:15:00+02:00,0.7004778144526725
2023-07-27 17:30:00+02:00,0.6899068317706908
2023-07-27 17:45:00+02:00,0.6794137950501832
2023-07-27 18:00:00+02:00,0.669000317082668
2023-07-27 18:15:00+02:00,0.6650954755134232
2023-07-27 18:30:00+02:00,0.6611906421870745
2023-07-27 18:45:00+02:00,0.6572858171675856
2023-07-27 19:00:00+02:00,0.6533810005195814
2023-07-27 19:15:00+02:00,0.6641531230821625
2023-07-27 19:30:00+02:00,0.6751049618479621
2023-07-27 19:45:00+02:00,0.6862326791665398
2023-07-27 20:00:00+02:00,0.6975324868435813
2023-07-27 20:15:00+02:00,0.701534189296882
2023-07-27 20:30:00+02:00,0.705882615806471
2023-07-27 20:45:00+02:00,0.7105748724274434
2023-07-27 21:00:00+02:00,0.7156078723950782
2023-07-27 21:15:00+02:00,0.7035198015424748
2023-07-27 21:30:00+02:00,0.6914652079908576
2023-07-27 21:45:00+02:00,0.6794448820820878
2023-07-27 22:00:00+02:00,0.6674596368784333
2023-07-27 22:15:00+02:00,0.6545195551754731
2023-07-27 22:30:00+02:00,0.6415874286871361
2023-07-27 22:45:00+02:00,0.628663465802545
2023-07-27 23:00:00+02:00,0.6157478821147392
2023-07-27 23:15:00+02:00,0.5796374944094334
2023-07-27 23:30:00+02:00,0.5443664928102159
2023-07-27 23:45:00+02:00,0.509479148227901
2023-07-28 00:00:00+02:00,0.47500620803586546
2023-07-28 00:15:00+02:00,0.47895507635690066
2023-07-28 00:30:00+02:00,0.48296214506942753
2023-07-28 00:45:00+02:00,0.4870268833314352
2023-07-28 01:00:00+02:00,0.49114875923601414
2023-07-28 01:15:00+02:00,0.48065091540455607
2023-07-28 01:30:00+02:00,0.4701531771472834
2023-07-28 01:45:00+02:00,0.4596555470404012
2023-07-28 02:00:00+02:00,0.4491580277445924
2023-07-28 02:15:00+02:00,0.4338045225419057
2023-07-28 02:30:00+02:00,0.4192939812868872
2023-07-28 02:45:00+02:00,0.4056139266069384
2023-07-28 03:00:00+02:00,0.39195767205039506
2023-07-28 03:15:00+02:00,0.3835307935648559
2023-07-28 03:30:00+02:00,0.37526848409309854
2023-07-28 03:45:00+02:00,0.36717457458190667
2023-07-28 04:00:00+02:00,0.35925293404255415
2023-07-28 04:15:00+02:00,0.36095057730155133
2023-07-28 04:30:00+02:00,0.362687765118589
2023-07-28 04:45:00+02:00,0.36446430345150127
2023-07-28 05:00:00+02:00,0.3662799951734253
2023-07-28 05:15:00+02:00,0.361682046705889
2023-07-28 05:30:00+02:00,0.3570841484334351
2023-07-28 05:45:00+02:00,0.3524863010154027
2023-07-28 06:00:00+02:00,0.34788850512272207
2023-07-28 06:15:00+02:00,0.3346191783560204
2023-07-28 06:30:00+02:00,0.3213881203493126
2023-07-28 06:45:00+02:00,0.3081968413289804
2023-07-28 07:00:00+02:00,0.2950469271339896
2023-07-28 07:15:00+02:00,0.2815740461942321
2023-07-28 07:30:00+02:00,0.27024138207396914
2023-07-28 07:45:00+02:00,0.2589137221118174
2023-07-28 08:00:00+02:00,0.24759130242800495
2023-07-28 08:15:00+02:00,0.2845997586233
2023-07-28 08:30:00+02:00,0.33307587861540927
2023-07-28 08:45:00+02:00,0.38258965122487365
2023-07-28 09:00:00+02:00,0.43349188289034307
2023-07-28 09:15:00+02:00,0.41930252494208947
2023-07-28 09:30:00+02:00,0.4061369029863344
2023-07-28 09:45:00+02:00,0.39322965356833783
2023-07-28 10:00:00+02:00,0.3805900556669007
2023-07-28 10:15:00+02:00,0.37594101968520627
2023-07-28 10:30:00+02:00,0.3712940454384836
2023-07-28 10:45:00+02:00,0.3666491599335415
2023-07-28 11:00:00+02:00,0.36200639063848233
2023-07-28 11:15:00+02:00,0.24575727301058042
2023-07-28 11:30:00+02:00,0.15465122933788597
2023-07-28 11:45:00+02:00,0.08611390702591086
2023-07-28 12:00:00+02:00,0.04195947985153734
2023-07-28 12:15:00+02:00,0.04318578695375849
2023-07-28 12:30:00+02:00,0.045291789032432445
2023-07-28 12:45:00+02:00,0.048597814930000434
2023-07-28 13:00:00+02:00,0.052478646000894094
2023-07-28 13:15:00+02:00,0.054033954165473935
2023-07-28 13:30:00+02:00,0.05560345295348437
2023-07-28 13:45:00+02:00,0.057186835728358476
2023-07-28 14:00:00+02:00,0.05878380202756148
2023-07-28 14:15:00+02:00,0.06348115600218297
2023-07-28 14:30:00+02:00,0.06818367260654794
2023-07-28 14:45:00+02:00,0.07289104006690987
2023-07-28 15:00:00+02:00,0.07760297093348548
2023-07-28 15:15:00+02:00,0.08629103032497573
2023-07-28 15:30:00+02:00,0.09499870010590239
2023-07-28 15:45:00+02:00,0.10885508123979784
2023-07-28 16:00:00+02:00,0.12288185478930143
2023-07-28 16:15:00+02:00,0.12374407293067018
2023-07-28 16:30:00+02:00,0.1249686406395391
2023-07-28 16:45:00+02:00,0.12655254643703034
2023-07-28 17:00:00+02:00,0.12849194440377323
2023-07-28 17:15:00+02:00,0.14832229789845605
2023-07-28 17:30:00+02:00,0.16895935263521664
2023-07-28 17:45:00+02:00,0.19442488292021548
2023-07-28 18:00:00+02:00,0.2233959719400422
2023-07-28 18:15:00+02:00,0.1925135857676617
2023-07-28 18:30:00+02:00,0.16545122162707288
2023-07-28 18:45:00+02:00,0.1420615870591607
2023-07-28 19:00:00+02:00,0.11868855287101841
2023-07-28 19:15:00+02:00,0.11479249407914191
2023-07-28 19:30:00+02:00,0.11149632682844789
2023-07-28 19:45:00+02:00,0.10881403241281101
2023-07-28 20:00:00+02:00,0.1067573101205677
2023-07-28 20:15:00+02:00,0.1106054173380539
2023-07-28 20:30:00+02:00,0.11472182088139234
2023-07-28 20:45:00+02:00,0.11909889670844656
2023-07-28 21:00:00+02:00,0.12372885138252837
2023-07-28 21:15:00+02:00,0.1301585963824151
2023-07-28 21:30:00+02:00,0.1376051693699822
2023-07-28 21:45:00+02:00,0.14601935114771913
2023-07-28 22:00:00+02:00,0.15534926779319908
2023-07-28 22:15:00+02:00,0.16091865209632858
2023-07-28 22:30:00+02:00,0.1668280428630525
2023-07-28 22:45:00+02:00,0.17306510210444695
2023-07-28 23:00:00+02:00,0.1803305313598037
2023-07-28 23:15:00+02:00,0.17897404632502706
2023-07-28 23:30:00+02:00,0.17806400697436733
2023-07-28 23:45:00+02:00,0.17760228782517973
2023-07-29 00:00:00+02:00,0.1775898439467202
2023-07-29 00:15:00+02:00,0.18768997281486458
2023-07-29 00:30:00+02:00,0.19780650664889976
2023-07-29 00:45:00+02:00,0.20793871386667678
2023-07-29 01:00:00+02:00,0.21808590471249578
2023-07-29 01:15:00+02:00,0.22665410611489625
2023-07-29 01:30:00+02:00,0.2364046141299676
2023-07-29 01:45:00+02:00,0.24728939054251284
2023-07-29 02:00:00+02:00,0.25925782917220785
2023-07-29 02:15:00+02:00,0.2497804511496416
2023-07-29 02:30:00+02:00,0.24560744435347495
2023-07-29 02:45:00+02:00,0.24683111509650185
2023-07-29 03:00:00+02:00,0.25342417726641114
2023-07-29 03:15:00+02:00,0.24651056028345075
2023-07-29 03:30:00+02:00,0.2422974431475751
2023-07-29 03:45:00+02:00,0.24083266891561778
2023-07-29 04:00:00+02:00,0.24213313470052789
2023-07-29 04:15:00+02:00,0.23279962064117884
2023-07-29 04:30:00+02:00,0.22349805520279029
2023-07-29 04:45:00+02:00,0.21422973636743475
2023-07-29 05:00:00+02:00,0.20499602836284933
2023-07-29 05:15:00+02:00,0.2092142543250227
2023-07-29 05:30:00+02:00,0.2137038803435188
2023-07-29 05:45:00+02:00,0.21845961694774466
2023-07-29 06:00:00+02:00,0.223476009939104
2023-07-29 06:15:00+02:00,0.23024026865586364
2023-07-29 06:30:00+02:00,0.2371595200978694
2023-07-29 06:45:00+02:00,0.2442292761597092
2023-07-29 07:00:00+02:00,0.25144512827756543
2023-07-29 07:15:00+02:00,0.25198202258204294
2023-07-29 07:30:00+02:00,0.25257519923026683
2023-07-29 07:45:00+02:00,0.2532245202364356
2023-07-29 08:00:00+02:00,0.25392983507093686
2023-07-29 08:15:00+02:00,0.2352781865998364
2023-07-29 08:30:00+02:00,0.21670818290132782
2023-07-29 08:45:00+02:00,0.19822660415526364
2023-07-29 09:00:00+02:00,0.17984096457907536
2023-07-29 09:15:00+02:00,0.2228691777043164
2023-07-29 09:30:00+02:00,0.2675755659713976
2023-07-29 09:45:00+02:00,0.32196965204722744
2023-07-29 10:00:00+02:00,0.3832511148817812
2023-07-29 10:15:00+02:00,0.39494947531069446
2023-07-29 10:30:00+02:00,0.4066620837791706
2023-07-29 10:45:00+02:00,0.4183884916835867
2023-07-29 11:00:00+02:00,0.4305954642660536
2023-07-29 11:15:00+02:00,0.3455879762811356
2023-07-29 11:30:00+02:00,0.2679659921167815
2023-07-29 11:45:00+02:00,0.20567852462957784
2023-07-29 12:00:00+02:00,0.15322264587833798
2023-07-29 12:15:00+02:00,0.14696194999975107
2023-07-29 12:30:00+02:00,0.1414945872262438
2023-07-29 12:45:00+02:00,0.13684932607295577
2023-07-29 13:00:00+02:00,0.1330517100041473
2023-07-29 13:15:00+02:00,0.14408247514593286
2023-07-29 13:30:00+02:00,0.15521976549083866
2023-07-29 13:45:00+02:00,0.16645619581392623
2023-07-29 14:00:00+02:00,0.1779138148698388
2023-07-29 14:15:00+02:00,0.18355175263077758
2023-07-29 14:30:00+02:00,0.1918220368693845
2023-07-29 14:45:00+02:00,0.20262795322211702
2023-07-29 15:00:00+02:00,0.21585011746168997
2023-07-29 15:15:00+02:00,0.2200563062566961
2023-07-29 15:30:00+02:00,0.2260731146149258
2023-07-29 15:45:00+02:00,0.23385428264039196
2023-07-29 16:00:00+02:00,0.24334228672025923
2023-07-29 16:15:00+02:00,0.24910799809878287
2023-07-29 16:30:00+02:00,0.25638890520251756
2023-07-29 16:45:00+02:00,0.26514014923208384
2023-07-29 17:00:00+02:00,0.27531012035382846
2023-07-29 17:15:00+02:00,0.25648081418084534
2023-07-29 17:30:00+02:00,0.2388296741713436
2023-07-29 17:45:00+02:00,0.22244646446328387
2023-07-29 18:00:00+02:00,0.2074228301531233
2023-07-29 18:15:00+02:00,0.24434052505523976
2023-07-29 18:30:00+02:00,0.28371117138610064
2023-07-29 18:45:00+02:00,0.3368788388276808
2023-07-29 19:00:00+02:00,0.3929500827179765
2023-07-29 19:15:00+02:00,0.34370468260720133
2023-07-29 19:30:00+02:00,0.2957187037920127
2023-07-29 19:45:00+02:00,0.25754235949143867
2023-07-29 20:00:00+02:00,0.22294731391582917
2023-07-29 20:15:00+02:00,0.21388276439496953
2023-07-29 20:30:00+02:00,0.20524019040082891
2023-07-29 20:45:00+02:00,0.19703593019411159
2023-07-29 21:00:00+02:00,0.1892862825617076
2023-07-29 21:15:00+02:00,0.19983505230438744
2023-07-29 21:30:00+02:00,0.21047267601298172
2023-07-29 21:45:00+02:00,0.22119506674726677
2023-07-29 22:00:00+02:00,0.2319983547361927
2023-07-29 22:15:00+02:00,0.24292124726444106
2023-07-29 22:30:00+02:00,0.2538833987849508
2023-07-29 22:45:00+02:00,0.2648830586755586
2023-07-29 23:00:00+02:00,0.2759185733966956
2023-07-29 23:15:00+02:00,0.2858114120157744
2023-07-29 23:30:00+02:00,0.2987255049084333
2023-07-29 23:45:00+02:00,0.31175002430553617
2023-07-30 00:00:00+02:00,0.3248807504042505
2023-07-30 00:15:00+02:00,0.3295744124990739
2023-07-30 00:30:00+02:00,0.33444933141512695
2023-07-30 00:45:00+02:00,0.33950295120079005
2023-07-30 01:00:00+02:00,0.3447326726802566
2023-07-30 01:15:00+02:00,0.3501468712817561
2023-07-30 01:30:00+02:00,0.3565340017085204
2023-07-30 01:45:00+02:00,0.3638765014062943
2023-07-30 02:00:00+02:00,0.3721546987367184
2023-07-30 02:15:00+02:00,0.39137520400687215
2023-07-30 02:30:00+02:00,0.4106967467130989
2023-07-30 02:45:00+02:00,0.43057965229803286
2023-07-30 03:00:00+02:00,0.4524025685713817
2023-07-30 03:15:00+02:00,0.45725759242886505
2023-07-30 03:30:00+02:00,0.4627018195143499
2023-07-30 03:45:00+02:00,0.468727845513367
2023-07-30 04:00:00+02:00,0.4753276187266439
2023-07-30 04:15:00+02:00,0.4678789524793005
2023-07-30 04:30:00+02:00,0.4604599368175625
2023-07-30 04:45:00+02:00,0.4530710856998008
2023-07-30 05:00:00+02:00,0.4457129228686978
2023-07-30 05:15:00+02:00,0.43130373583509507
2023-07-30 05:30:00+02:00,0.41832753737009576
2023-07-30 05:45:00+02:00,0.40635581668012277
2023-07-30 06:00:00+02:00,0.39486145198466344
2023-07-30 06:15:00+02:00,0.3903233569526195
2023-07-30 06:30:00+02:00,0.38597531653445105
2023-07-30 06:45:00+02:00,0.38181962738500524
2023-07-30 07:00:00+02:00,0.3778585192660185
2023-07-30 07:15:00+02:00,0.4362142234953628
2023-07-30 07:30:00+02:00,0.5011291676527815
2023-07-30 07:45:00+02:00,0.5667541161976885
2023-07-30 08:00:00+02:00,0.6337460173281367
2023-07-30 08:15:00+02:00,0.6681822639537696
2023-07-30 08:30:00+02:00,0.703506301735334
2023-07-30 08:45:00+02:00,0.739659037082468
2023-07-30 09:00:00+02:00,0.7700410270080738
2023-07-30 09:15:00+02:00,0.7549932220126272
2023-07-30 09:30:00+02:00,0.7392444480780782
2023-07-30 09:45:00+02:00,0.7205740276290449
2023-07-30 10:00:00+02:00,0.7019036094293466
2023-07-30 10:15:00+02:00,0.7025810317755921
2023-07-30 10:30:00+02:00,0.7032607261700743
2023-07-30 10:45:00+02:00,0.703942689635973
2023-07-30 11:00:00+02:00,0.704626919191754
2023-07-30 11:15:00+02:00,0.6808964539349185
2023-07-30 11:30:00+02:00,0.6572006262505538
2023-07-30 11:45:00+02:00,0.6335410932237177
2023-07-30 12:00:00+02:00,0.6099196165616495
2023-07-30 12:15:00+02:00,0.6500826603810258
2023-07-30 12:30:00+02:00,0.6902926044050209
2023-07-30 12:45:00+02:00,0.7305458745218537
2023-07-30 13:00:00+02:00,0.7654098838971676
2023-07-30 13:15:00+02:00,0.7895244278036411
2023-07-30 13:30:00+02:00,0.813941342701529
2023-07-30 13:45:00+02:00,0.8386445962029233
2023-07-30 14:00:00+02:00,0.8636191006932206
2023-07-30 14:15:00+02:00,0.856975531328705
2023-07-30 14:30:00+02:00,0.8511187165697762
2023-07-30 14:45:00+02:00,0.846058609271721
2023-07-30 15:00:00+02:00,0.8418039439284695
2023-07-30 15:15:00+02:00,0.831114670376465
2023-07-30 15:30:00+02:00,0.8204340917015951
2023-07-30 15:45:00+02:00,0.8097624138738062
2023-07-30 16:00:00+02:00,0.7990998492403966
2023-07-30 16:15:00+02:00,0.8160348307104148
2023-07-30 16:30:00+02:00,0.8331222202977185
2023-07-30 16:45:00+02:00,0.8503564102798674
2023-07-30 17:00:00+02:00,0.8677320199667162
2023-07-30 17:15:00+02:00,0.8676773088505759
2023-07-30 17:30:00+02:00,0.8677120078179794
2023-07-30 17:45:00+02:00,0.8678361102712396
2023-07-30 18:00:00+02:00,0.8680495926187368
2023-07-30 18:15:00+02:00,0.86517510425254
2023-07-30 18:30:00+02:00,0.862386262528632
2023-07-30 18:45:00+02:00,0.8596835783519087
2023-07-30 19:00:00+02:00,0.8570675507278126
2023-07-30 19:15:00+02:00,0.7907044079614515
2023-07-30 19:30:00+02:00,0.7225988577108373
2023-07-30 19:45:00+02:00,0.6461225134052435
2023-07-30 20:00:00+02:00,0.5734505830044196
2023-07-30 20:15:00+02:00,0.5858231933194723
2023-07-30 20:30:00+02:00,0.6024119153371609
2023-07-30 20:45:00+02:00,0.6229298471891187
2023-07-30 21:00:00+02:00,0.6472157156613783
2023-07-30 21:15:00+02:00,0.6837821543001603
2023-07-30 21:30:00+02:00,0.7203885426254117
2023-07-30 21:45:00+02:00,0.7542817792284698
2023-07-30 22:00:00+02:00,0.7838434343071403
2023-07-30 22:15:00+02:00,0.8259908902173184
2023-07-30 22:30:00+02:00,0.8690269565364692
2023-07-30 22:45:00+02:00,0.8975231013548445
2023-07-30 23:00:00+02:00,0.9255949330820787
2023-07-30 23:15:00+02:00,0.9133127854303916
2023-07-30 23:30:00+02:00,0.901038439444396
2023-07-30 23:45:00+02:00,0.8887722115757404
2023-07-31 00:00:00+02:00,0.8765144353982799
2023-07-31 00:15:00+02:00,0.8937593628948111
2023-07-31 00:30:00+02:00,0.9114047615273659
2023-07-31 00:45:00+02:00,0.9294282805237855
2023-07-31 01:00:00+02:00,0.9478087740807681
2023-07-31 01:15:00+02:00,0.9420485323476095
2023-07-31 01:30:00+02:00,0.9362982968940202
2023-07-31 01:45:00+02:00,0.9305582494958433
2023-07-31 02:00:00+02:00,0.9248285760246807
2023-07-31 02:15:00+02:00,0.9168297458951411
2023-07-31 02:30:00+02:00,0.9088417674060877
2023-07-31 02:45:00+02:00,0.9008649232453204
2023-07-31 03:00:00+02:00,0.8928995055903565
2023-07-31 03:15:00+02:00,0.8809853320280937
2023-07-31 03:30:00+02:00,0.8676876352262298
2023-07-31 03:45:00+02:00,0.8487716349261462
2023-07-31 04:00:00+02:00,0.8298590922743758
2023-07-31 04:15:00+02:00,0.8085548975676764
2023-07-31 04:30:00+02:00,0.7874525461117933
2023-07-31 04:45:00+02:00,0.7665617965476652
2023-07-31 05:00:00+02:00,0.7458929391709166
2023-07-31 05:15:00+02:00,0.7498217197305967
2023-07-31 05:30:00+02:00,0.7547338418740532
2023-07-31 05:45:00+02:00,0.7606181885361892
2023-07-31 06:00:00+02:00,0.767461661658376
2023-07-31 06:15:00+02:00,0.768654080292561
2023-07-31 06:30:00+02:00,0.770114325237348
2023-07-31 06:45:00+02:00,0.7718415040633941
2023-07-31 07:00:00+02:00,0.7738345663144071
2023-07-31 07:15:00+02:00,0.7774913096073716
2023-07-31 07:30:00+02:00,0.7813084502409677
2023-07-31 07:45:00+02:00,0.7852846052478542
2023-07-31 08:00:00+02:00,0.7894183509011921
2023-07-31 08:15:00+02:00,0.8070711379372375
2023-07-31 08:30:00+02:00,0.824994689441081
2023-07-31 08:45:00+02:00,0.8431785012618775
2023-07-31 09:00:00+02:00,0.861612464585086
2023-07-31 09:15:00+02:00,0.8795096389985305
2023-07-31 09:30:00+02:00,0.8938229594905838
2023-07-31 09:45:00+02:00,0.9081856250680382
2023-07-31 10:00:00+02:00,0.9225953777856469
2023-07-31 10:15:00+02:00,0.9332781576392436
2023-07-31 10:30:00+02:00,0.9441652226480662
2023-07-31 10:45:00+02:00,0.953646587192994
2023-07-31 11:00:00+02:00,0.9586209742725377
2023-07-31 11:15:00+02:00,0.9443700163417182
2023-07-31 11:30:00+02:00,0.9223016217731036
2023-07-31 11:45:00+02:00,0.9003260538439228
2023-07-31 12:00:00+02:00,0.8784501312649826
2023-07-31 12:15:00+02:00,0.8632380228576736
2023-07-31 12:30:00+02:00,0.8440378895052979
2023-07-31 12:45:00+02:00,0.8249860530279776
2023-07-31 13:00:00+02:00,0.8060887968525965
2023-07-31 13:15:00+02:00,0.8453560631884863
2023-07-31 13:30:00+02:00,0.8797392509325629
2023-07-31 13:45:00+02:00,0.9044685925580495
2023-07-31 14:00:00+02:00,0.9292003661768233
2023-07-31 14:15:00+02:00,0.9004521374471172
2023-07-31 14:30:00+02:00,0.872105611492548
2023-07-31 14:45:00+02:00,0.8281837673209365
2023-07-31 15:00:00+02:00,0.7846347125562855
2023-07-31 15:15:00+02:00,0.7743046080531553
2023-07-31 15:30:00+02:00,0.7640828904803282
2023-07-31 15:45:00+02:00,0.7539721227850968
2023-07-31 16:00:00+02:00,0.7439749202028368
2023-07-31 16:15:00+02:00,0.7818502028459209
2023-07-31 16:30:00+02:00,0.8203923645532764
2023-07-31 16:45:00+02:00,0.8595464230269729
2023-07-31 17:00:00+02:00,0.8889536624293018
2023-07-31 17:15:00+02:00,0.9006141469336042
2023-07-31 17:30:00+02:00,0.9122962637399137
2023-07-31 17:45:00+02:00,0.9239992089296016
2023-07-31 18:00:00+02:00,0.9357222166008068
2023-07-31 18:15:00+02:00,0.952528049340606
2023-07-31 18:30:00+02:00,0.9600268923911506
2023-07-31 18:45:00+02:00,0.9675279224721902
2023-07-31 19:00:00+02:00,0.975031030513262
2023-07-31 19:15:00+02:00,0.9726812562081047
2023-07-31 19:30:00+02:00,0.9704364641373927
2023-07-31 19:45:00+02:00,0.968298244872706
2023-07-31 20:00:00+02:00,0.9662681434834455
2023-07-31 20:15:00+02:00,0.9470084518847601
2023-07-31 20:30:00+02:00,0.9101929149500323
2023-07-31 20:45:00+02:00,0.8734162562607264
2023-07-31 21:00:00+02:00,0.8162452043121576
2023-07-31 21:15:00+02:00,0.7796934910191036
2023-07-31 21:30:00+02:00,0.7436539522816441
2023-07-31 21:45:00+02:00,0.6998204498411096
2023-07-31 22:00:00+02:00,0.6565459514525565
2023-07-31 22:15:00+02:00,0.6129938985631553
2023-07-31 22:30:00+02:00,0.5697319223660156
2023-07-31 22:45:00+02:00,0.5270032092645293
2023-07-31 23:00:00+02:00,0.48437389066836906
2023-07-31 23:15:00+02:00,0.4753858251178688
2023-07-31 23:30:00+02:00,0.46639820766746853
2023-07-31 23:45:00+02:00,0.45741104769500057
2023-08-01 00:00:00+02:00,0.4484243548413177
2023-08-01 00:15:00+02:00,0.4094497376867322
2023-08-01 00:30:00+02:00,0.37921288269158465
2023-08-01 00:45:00+02:00,0.35590509300765627
2023-08-01 01:00:00+02:00,0.33999341454519955
2023-08-01 01:15:00+02:00,0.31931649728326367
2023-08-01 01:30:00+02:00,0.3004027156186763
2023-08-01 01:45:00+02:00,0.2838941100733765
2023-08-01 02:00:00+02:00,0.2722609430220146
2023-08-01 02:15:00+02:00,0.287204831089335
2023-08-01 02:30:00+02:00,0.3104549032958301
2023-08-01 02:45:00+02:00,0.33772888410395785
2023-08-01 03:00:00+02:00,0.3687180565389874
2023-08-01 03:15:00+02:00,0.3829173052494435
2023-08-01 03:30:00+02:00,0.39752407342354784
2023-08-01 03:45:00+02:00,0.4125222752736156
2023-08-01 04:00:00+02:00,0.42809864404524095
2023-08-01 04:15:00+02:00,0.4961100861822825
2023-08-01 04:30:00+02:00,0.5641420176744891
2023-08-01 04:45:00+02:00,0.6329318569099811
2023-08-01 05:00:00+02:00,0.702027985760713
2023-08-01 05:15:00+02:00,0.7116544383710146
2023-08-01 05:30:00+02:00,0.7215163354914227
2023-08-01 05:45:00+02:00,0.7316092795071051
2023-08-01 06:00:00+02:00,0.7419288824249894
2023-08-01 06:15:00+02:00,0.7370520988128794
2023-08-01 06:30:00+02:00,0.7321931337431892
2023-08-01 06:45:00+02:00,0.7273521516354894
2023-08-01 07:00:00+02:00,0.7225293183186597
2023-08-01 07:15:00+02:00,0.6985047916920675
2023-08-01 07:30:00+02:00,0.6756833180911567
2023-08-01 07:45:00+02:00,0.654119572454246
2023-08-01 08:00:00+02:00,0.6338683002932857
2023-08-01 08:15:00+02:00,0.5637582799417056
2023-08-01 08:30:00+02:00,0.49477405445876194
2023-08-01 08:45:00+02:00,0.42622253425530904
2023-08-01 09:00:00+02:00,0.36539194148713505
2023-08-01 09:15:00+02:00,0.3674213970382733
2023-08-01 09:30:00+02:00,0.36946764464518217
2023-08-01 09:45:00+02:00,0.37153058789281973
2023-08-01 10:00:00+02:00,0.37361013032519375
2023-08-01 10:15:00+02:00,0.38407653489567306
2023-08-01 10:30:00+02:00,0.3947623115803317
2023-08-01 10:45:00+02:00,0.4056610862374277
2023-08-01 11:00:00+02:00,0.4167666094764198
2023-08-01 11:15:00+02:00,0.40108232519634784
2023-08-01 11:30:00+02:00,0.3858888155473035
2023-08-01 11:45:00+02:00,0.37120701002116957
2023-08-01 12:00:00+02:00,0.3570582786133335
2023-08-01 12:15:00+02:00,0.37995531306029157
2023-08-01 12:30:00+02:00,0.40420161028164714
2023-08-01 12:45:00+02:00,0.43012769913009985
2023-08-01 13:00:00+02:00,0.4599809702398376
2023-08-01 13:15:00+02:00,0.4635157854968652
2023-08-01 13:30:00+02:00,0.4687418422189831
2023-08-01 13:45:00+02:00,0.4756388468629591
2023-08-01 14:00:00+02:00,0.4841805106321234
2023-08-01 14:15:00+02:00,0.4750417897713499
2023-08-01 14:30:00+02:00,0.467922572042668
2023-08-01 14:45:00+02:00,0.46285619499229763
2023-08-01 15:00:00+02:00,0.45986683062400563
2023-08-01 15:15:00+02:00,0.4676239116580221
2023-08-01 15:30:00+02:00,0.47725443729159106
2023-08-01 15:45:00+02:00,0.48871739277337944
2023-08-01 16:00:00+02:00,0.5019655028221321
2023-08-01 16:15:00+02:00,0.5281461932506766
2023-08-01 16:30:00+02:00,0.5543271334752926
2023-08-01 16:45:00+02:00,0.5805083095957095
2023-08-01 17:00:00+02:00,0.6070435931997119
2023-08-01 17:15:00+02:00,0.6283246314357279
2023-08-01 17:30:00+02:00,0.6496075873975143
2023-08-01 17:45:00+02:00,0.6708923807025082
2023-08-01 18:00:00+02:00,0.692178935392237
2023-08-01 18:15:00+02:00,0.66790523735447
2023-08-01 18:30:00+02:00,0.6436316723996637
2023-08-01 18:45:00+02:00,0.6193582471126762
2023-08-01 19:00:00+02:00,0.595084968520027
2023-08-01 19:15:00+02:00,0.5637354266136918
2023-08-01 19:30:00+02:00,0.5325614886488134
2023-08-01 19:45:00+02:00,0.5013877715733563
2023-08-01 20:00:00+02:00,0.47021429126371284
2023-08-01 20:15:00+02:00,0.4325466789159903
2023-08-01 20:30:00+02:00,0.39882945028710814
2023-08-01 20:45:00+02:00,0.3664744836656469
2023-08-01 21:00:00+02:00,0.3348723287168067
2023-08-01 21:15:00+02:00,0.3091558165559803
2023-08-01 21:30:00+02:00,0.2854490422000971
2023-08-01 21:45:00+02:00,0.2687057512231302
2023-08-01 22:00:00+02:00,0.2536728491444446
2023-08-01 22:15:00+02:00,0.2538752165106403
2023-08-01 22:30:00+02:00,0.25681332940784585
2023-08-01 22:45:00+02:00,0.26245438397103027
2023-08-01 23:00:00+02:00,0.27073684785556523
2023-08-01 23:15:00+02:00,0.26169108813164205
2023-08-01 23:30:00+02:00,0.2532714300416718
2023-08-01 23:45:00+02:00,0.24549989629887797
2023-08-02 00:00:00+02:00,0.23839773954709537
2023-08-02 00:15:00+02:00,0.25657179848334877
2023-08-02 00:30:00+02:00,0.2747483087859189
2023-08-02 00:45:00+02:00,0.295067160389318
2023-08-02 01:00:00+02:00,0.31864240033973396
2023-08-02 01:15:00+02:00,0.3143320184782484
2023-08-02 01:30:00+02:00,0.3106022175159631
2023-08-02 01:45:00+02:00,0.30745946100216637
2023-08-02 02:00:00+02:00,0.30490926980687855
2023-08-02 02:15:00+02:00,0.30484685946971624
2023-08-02 02:30:00+02:00,0.3049317822028106
2023-08-02 02:45:00+02:00,0.30516400057455567
2023-08-02 03:00:00+02:00,0.30554341229418663
2023-08-02 03:15:00+02:00,0.28079452293083795
2023-08-02 03:30:00+02:00,0.26300479060336124
2023-08-02 03:45:00+02:00,0.24781648295995645
2023-08-02 04:00:00+02:00,0.23539703649731986
2023-08-02 04:15:00+02:00,0.23475119143566456
2023-08-02 04:30:00+02:00,0.23822827941372454
2023-08-02 04:45:00+02:00,0.2457684363444633
2023-08-02 05:00:00+02:00,0.2572457476668199
2023-08-02 05:15:00+02:00,0.26428277774338055
2023-08-02 05:30:00+02:00,0.27294315150553905
2023-08-02 05:45:00+02:00,0.28317106677827264
2023-08-02 06:00:00+02:00,0.2976304363727265
2023-08-02 06:15:00+02:00,0.3297745680534673
2023-08-02 06:30:00+02:00,0.3619587659955793
2023-08-02 06:45:00+02:00,0.3941794869673582
2023-08-02 07:00:00+02:00,0.42646243423437785
2023-08-02 07:15:00+02:00,0.462650020847571
2023-08-02 07:30:00+02:00,0.49912555829084815
2023-08-02 07:45:00+02:00,0.5358659935977566
2023-08-02 08:00:00+02:00,0.5728505281419484
2023-08-02 08:15:00+02:00,0.601176421721477
2023-08-02 08:30:00+02:00,0.6297333764250793
2023-08-02 08:45:00+02:00,0.6583584658227006
2023-08-02 09:00:00+02:00,0.6870478891034553
2023-08-02 09:15:00+02:00,0.6990534241351404
2023-08-02 09:30:00+02:00,0.7173002726431489
2023-08-02 09:45:00+02:00,0.7415741061655186
2023-08-02 10:00:00+02:00,0.7660268075683135
2023-08-02 10:15:00+02:00,0.7688892463247519
2023-08-02 10:30:00+02:00,0.7791257066063928
2023-08-02 10:45:00+02:00,0.796567132685644
2023-08-02 11:00:00+02:00,0.8209371218486847
2023-08-02 11:15:00+02:00,0.7632494979889121
2023-08-02 11:30:00+02:00,0.6978162661271423
2023-08-02 11:45:00+02:00,0.6288822986895041
2023-08-02 12:00:00+02:00,0.5618878241489733
2023-08-02 12:15:00+02:00,0.49676865287860966
2023-08-02 12:30:00+02:00,0.43195804544930194
2023-08-02 12:45:00+02:00,0.3737301671967779
2023-08-02 13:00:00+02:00,0.31648923344911134
2023-08-02 13:15:00+02:00,0.3291495074857591
2023-08-02 13:30:00+02:00,0.3442320384194601
2023-08-02 13:45:00+02:00,0.36163336088132153
2023-08-02 14:00:00+02:00,0.38124127886193754
2023-08-02 14:15:00+02:00,0.4455483755913301
2023-08-02 14:30:00+02:00,0.519407517559667
2023-08-02 14:45:00+02:00,0.5970356517938793
2023-08-02 15:00:00+02:00,0.6786936897098245
2023-08-02 15:15:00+02:00,0.6019099540945511
2023-08-02 15:30:00+02:00,0.5281913940838681
2023-08-02 15:45:00+02:00,0.45732220045356603
2023-08-02 16:00:00+02:00,0.39336752162819916
2023-08-02 16:15:00+02:00,0.4206223369859141
2023-08-02 16:30:00+02:00,0.45045365486222533
2023-08-02 16:45:00+02:00,0.4809488619286775
2023-08-02 17:00:00+02:00,0.5114471091576321
2023-08-02 17:15:00+02:00,0.5078876704085616
2023-08-02 17:30:00+02:00,0.5047746908133575
2023-08-02 17:45:00+02:00,0.5021112980992739
2023-08-02 18:00:00+02:00,0.499900191500612
2023-08-02 18:15:00+02:00,0.5369997724241379
2023-08-02 18:30:00+02:00,0.5744336444648594
2023-08-02 18:45:00+02:00,0.6126128009077665
2023-08-02 19:00:00+02:00,0.6512158263676628
2023-08-02 19:15:00+02:00,0.6795923793103685
2023-08-02 19:30:00+02:00,0.7099782423549861
2023-08-02 19:45:00+02:00,0.7422585573988542
2023-08-02 20:00:00+02:00,0.7698277598356242
2023-08-02 20:15:00+02:00,0.8178031540415234
2023-08-02 20:30:00+02:00,0.8707487440220276
2023-08-02 20:45:00+02:00,0.9071281780054737
2023-08-02 21:00:00+02:00,0.9457338097020823
2023-08-02 21:15:00+02:00,0.9628606799262424
2023-08-02 21:30:00+02:00,0.9762949308402971
2023-08-02 21:45:00+02:00,0.9886465729476892
2023-08-02 22:00:00+02:00,0.9931374675263732
2023-08-02 22:15:00+02:00,0.9945073430018316
2023-08-02 22:30:00+02:00,0.9959094523880923
2023-08-02 22:45:00+02:00,0.9973429689894282
2023-08-02 23:00:00+02:00,0.9988070765557389
2023-08-02 23:15:00+02:00,1.0
2023-08-02 23:30:00+02:00,1.0
2023-08-02 23:45:00+02:00,1.0
2023-08-03 00:00:00+02:00,1.0
2023-08-03 00:15:00+02:00,1.0
2023-08-03 00:30:00+02:00,1.0
2023-08-03 00:45:00+02:00,1.0
2023-08-03 01:00:00+02:00,1.0
2023-08-03 01:15:00+02:00,1.0
2023-08-03 01:30:00+02:00,1.0
2023-08-03 01:45:00+02:00,1.0
2023-08-03 02:00:00+02:00,1.0
2023-08-03 02:15:00+02:00,1.0
2023-08-03 02:30:00+02:00,1.0
2023-08-03 02:45:00+02:00,1.0
2023-08-03 03:00:00+02:00,1.0
2023-08-03 03:15:00+02:00,1.0
2023-08-03 03:30:00+02:00,1.0
2023-08-03 03:45:00+02:00,1.0
2023-08-03 04:00:00+02:00,0.997981865918952
2023-08-03 04:15:00+02:00,0.9994811693854244
2023-08-03 04:30:00+02:00,1.0
2023-08-03 04:45:00+02:00,1.0
2023-08-03 05:00:00+02:00,1.0
2023-08-03 05:15:00+02:00,1.0
2023-08-03 05:30:00+02:00,1.0
2023-08-03 05:45:00+02:00,1.0
2023-08-03 06:00:00+02:00,1.0
2023-08-03 06:15:00+02:00,1.0
2023-08-03 06:30:00+02:00,1.0
2023-08-03 06:45:00+02:00,1.0
2023-08-03 07:00:00+02:00,1.0
2023-08-03 07:15:00+02:00,1.0
2023-08-03 07:30:00+02:00,1.0
2023-08-03 07:45:00+02:00,1.0
2023-08-03 08:00:00+02:00,1.0
2023-08-03 08:15:00+02:00,1.0
2023-08-03 08:30:00+02:00,0.9980978817258913
2023-08-03 08:45:00+02:00,0.9923607661894764
2023-08-03 09:00:00+02:00,0.9838309675951339
2023-08-03 09:15:00+02:00,0.9742988836181452
2023-08-03 09:30:00+02:00,0.9647724923862364
2023-08-03 09:45:00+02:00,0.9552521709924523
2023-08-03 10:00:00+02:00,0.9373243423602925
2023-08-03 10:15:00+02:00,0.9309114918645766
2023-08-03 10:30:00+02:00,0.9249184683702045
2023-08-03 10:45:00+02:00,0.9193533154876631
2023-08-03 11:00:00+02:00,0.91422368750285
2023-08-03 11:15:00+02:00,0.8763616033764214
2023-08-03 11:30:00+02:00,0.8205412571079231
2023-08-03 11:45:00+02:00,0.7634213026894858
2023-08-03 12:00:00+02:00,0.6997610886612488
2023-08-03 12:15:00+02:00,0.7116138815813668
2023-08-03 12:30:00+02:00,0.7236194352268626
2023-08-03 12:45:00+02:00,0.7357742852479556
2023-08-03 13:00:00+02:00,0.7470626042186194
2023-08-03 13:15:00+02:00,0.7758967660685037
2023-08-03 13:30:00+02:00,0.814865583373194
2023-08-03 13:45:00+02:00,0.8631266198311031
2023-08-03 14:00:00+02:00,0.9018596828231363
2023-08-03 14:15:00+02:00,0.8881937603274085
2023-08-03 14:30:00+02:00,0.8757220919153494
2023-08-03 14:45:00+02:00,0.8604168281588405
2023-08-03 15:00:00+02:00,0.8446392691082889
2023-08-03 15:15:00+02:00,0.8448098419243107
2023-08-03 15:30:00+02:00,0.8501296718375627
2023-08-03 15:45:00+02:00,0.8605402025156857
2023-08-03 16:00:00+02:00,0.8742624121915978
2023-08-03 16:15:00+02:00,0.821773050820337
2023-08-03 16:30:00+02:00,0.768870721557646
2023-08-03 16:45:00+02:00,0.711247011522341
2023-08-03 17:00:00+02:00,0.6493362074799547
2023-08-03 17:15:00+02:00,0.584524569629989
2023-08-03 17:30:00+02:00,0.5206677154642538
2023-08-03 17:45:00+02:00,0.45683464351630587
2023-08-03 18:00:00+02:00,0.39652781238932144
2023-08-03 18:15:00+02:00,0.385423797853954
2023-08-03 18:30:00+02:00,0.3744335237936121
2023-08-03 18:45:00+02:00,0.36356052412783246
2023-08-03 19:00:00+02:00,0.3528084405929875
2023-08-03 19:15:00+02:00,0.33989569009863585
2023-08-03 19:30:00+02:00,0.3272745678567589
2023-08-03 19:45:00+02:00,0.314955978824167
2023-08-03 20:00:00+02:00,0.30295109703929285
2023-08-03 20:15:00+02:00,0.2808459635068224
2023-08-03 20:30:00+02:00,0.26282932979709056
2023-08-03 20:45:00+02:00,0.24496806260183376
2023-08-03 21:00:00+02:00,0.22727405687926241
2023-08-03 21:15:00+02:00,0.20945996019503343
2023-08-03 21:30:00+02:00,0.19164898426316232
2023-08-03 21:45:00+02:00,0.1746971061244958
2023-08-03 22:00:00+02:00,0.16119742186203526
2023-08-03 22:15:00+02:00,0.15227341691346466
2023-08-03 22:30:00+02:00,0.14350249339999227
2023-08-03 22:45:00+02:00,0.1348935951646563
2023-08-03 23:00:00+02:00,0.1264561911271322
2023-08-03 23:15:00+02:00,0.13087596055708867
2023-08-03 23:30:00+02:00,0.13540609384892438
2023-08-03 23:45:00+02:00,0.14004329831455303
2023-08-04 00:00:00+02:00,0.14478433768354074
2023-08-04 00:15:00+02:00,0.13560996609095388
2023-08-04 00:30:00+02:00,0.12643565103590634
2023-08-04 00:45:00+02:00,0.1172613961142945
2023-08-04 01:00:00+02:00,0.10808720523353468
2023-08-04 01:15:00+02:00,0.10332194532915212
2023-08-04 01:30:00+02:00,0.09937725724085283
2023-08-04 01:45:00+02:00,0.0962767254469579
2023-08-04 02:00:00+02:00,0.09449115970378381
2023-08-04 02:15:00+02:00,0.10502191216350767
2023-08-04 02:30:00+02:00,0.11651297594330202
2023-08-04 02:45:00+02:00,0.12847321808315101
2023-08-04 03:00:00+02:00,0.14086575006043103
2023-08-04 03:15:00+02:00,0.14340139898128365
2023-08-04 03:30:00+02:00,0.14599589404651783
2023-08-04 03:45:00+02:00,0.14864824839233504
2023-08-04 04:00:00+02:00,0.1513574758228162
2023-08-04 04:15:00+02:00,0.15104757732854573
2023-08-04 04:30:00+02:00,0.15075167434778178
2023-08-04 04:45:00+02:00,0.15046979354443685
2023-08-04 05:00:00+02:00,0.1502019603819092
2023-08-04 05:15:00+02:00,0.14594426950576914
2023-08-04 05:30:00+02:00,0.14173250466337078
2023-08-04 05:45:00+02:00,0.13756794672281336
2023-08-04 06:00:00+02:00,0.1334519094546026
2023-08-04 06:15:00+02:00,0.11951218746832837
2023-08-04 06:30:00+02:00,0.10580174035297527
2023-08-04 06:45:00+02:00,0.09343433710739084
2023-08-04 07:00:00+02:00,0.08522082273015243
2023-08-04 07:15:00+02:00,0.08070550777879136
2023-08-04 07:30:00+02:00,0.07622748510261716
2023-08-04 07:45:00+02:00,0.07178890946463387
2023-08-04 08:00:00+02:00,0.06739208360036361
2023-08-04 08:15:00+02:00,0.0684539469364726
2023-08-04 08:30:00+02:00,0.070425522446463
2023-08-04 08:45:00+02:00,0.07328381663455423
2023-08-04 09:00:00+02:00,0.07699684531470775
2023-08-04 09:15:00+02:00,0.07686473836669333
2023-08-04 09:30:00+02:00,0.07751020168899875
2023-08-04 09:45:00+02:00,0.07892695230819
2023-08-04 10:00:00+02:00,0.08110143414369245
2023-08-04 10:15:00+02:00,0.08125230909696336
2023-08-04 10:30:00+02:00,0.08147239895619893
2023-08-04 10:45:00+02:00,0.08176151524700805
2023-08-04 11:00:00+02:00,0.08211941142219428
2023-08-04 11:15:00+02:00,0.06532992938405997
2023-08-04 11:30:00+02:00,0.048602680377831387
2023-08-04 11:45:00+02:00,0.03690387203586962
2023-08-04 12:00:00+02:00,0.027128938211047622
2023-08-04 12:15:00+02:00,0.029792925507032837
2023-08-04 12:30:00+02:00,0.032466401406254175
2023-08-04 12:45:00+02:00,0.035148686746878696
2023-08-04 13:00:00+02:00,0.037839163734845666
2023-08-04 13:15:00+02:00,0.04137167894855446
2023-08-04 13:30:00+02:00,0.045749618118333286
2023-08-04 13:45:00+02:00,0.05221152686973873
2023-08-04 14:00:00+02:00,0.05888292723024744
2023-08-04 14:15:00+02:00,0.06958695386033763
2023-08-04 14:30:00+02:00,0.08160949842410642
2023-08-04 14:45:00+02:00,0.09476448475722068
2023-08-04 15:00:00+02:00,0.11713853187824547
2023-08-04 15:15:00+02:00,0.11863125307784031
2023-08-04 15:30:00+02:00,0.12090057275826234
2023-08-04 15:45:00+02:00,0.12393445894379211
2023-08-04 16:00:00+02:00,0.12771721036271577
2023-08-04 16:15:00+02:00,0.13049728112492273
2023-08-04 16:30:00+02:00,0.13349763526383543
2023-08-04 16:45:00+02:00,0.1367138879534609
2023-08-04 17:00:00+02:00,0.14014146706540018
2023-08-04 17:15:00+02:00,0.13629688803238624
2023-08-04 17:30:00+02:00,0.13281118230400876
2023-08-04 17:45:00+02:00,0.12969277997307205
2023-08-04 18:00:00+02:00,0.1269494478351145
2023-08-04 18:15:00+02:00,0.12944897858685026
2023-08-04 18:30:00+02:00,0.13194886355965554
2023-08-04 18:45:00+02:00,0.13444909684913722
2023-08-04 19:00:00+02:00,0.13694967268060587
2023-08-04 19:15:00+02:00,0.1341935800014151
2023-08-04 19:30:00+02:00,0.13177759970625794
2023-08-04 19:45:00+02:00,0.1297072691297584
2023-08-04 20:00:00+02:00,0.12798742934380142
2023-08-04 20:15:00+02:00,0.1204022088170514
2023-08-04 20:30:00+02:00,0.11305365428510238
2023-08-04 20:45:00+02:00,0.10595414628891145
2023-08-04 21:00:00+02:00,0.09911647908619729
2023-08-04 21:15:00+02:00,0.09690082714250443
2023-08-04 21:30:00+02:00,0.09497308502384093
2023-08-04 21:45:00+02:00,0.09375266323911625
2023-08-04 22:00:00+02:00,0.0926141926687682
2023-08-04 22:15:00+02:00,0.08773374968874897
2023-08-04 22:30:00+02:00,0.08297673160714748
2023-08-04 22:45:00+02:00,0.0783505064288818
2023-08-04 23:00:00+02:00,0.0738628125999574
2023-08-04 23:15:00+02:00,0.08050430834920899
2023-08-04 23:30:00+02:00,0.0899922047533595
2023-08-04 23:45:00+02:00,0.1061179775634793
2023-08-05 00:00:00+02:00,0.12895839173093784
2023-08-05 00:15:00+02:00,0.10373601967218103
2023-08-05 00:30:00+02:00,0.08589488585290493
2023-08-05 00:45:00+02:00,0.07253843603026745
2023-08-05 01:00:00+02:00,0.06069678519535211
2023-08-05 01:15:00+02:00,0.046924410592007755
2023-08-05 01:30:00+02:00,0.0376930597963889
2023-08-05 01:45:00+02:00,0.029739074902523175
2023-08-05 02:00:00+02:00,0.021909102831387743
2023-08-05 02:15:00+02:00,0.013205992258123427
2023-08-05 02:30:00+02:00,0.008945917971550964
2023-08-05 02:45:00+02:00,0.0047450995487769805
2023-08-05 03:00:00+02:00,0.0006299845900291699
2023-08-05 03:15:00+02:00,0.0021976113201164858
2023-08-05 03:30:00+02:00,0.004511169084527061
2023-08-05 03:45:00+02:00,0.00742322465490976
2023-08-05 04:00:00+02:00,0.01079791754486028
2023-08-05 04:15:00+02:00,0.012854443199813088
2023-08-05 04:30:00+02:00,0.016542777418440464
2023-08-05 04:45:00+02:00,0.021641593693409587
2023-08-05 05:00:00+02:00,0.026974297015081108
2023-08-05 05:15:00+02:00,0.027534060655882372
2023-08-05 05:30:00+02:00,0.028867175233689518
2023-08-05 05:45:00+02:00,0.030944966729910824
2023-08-05 06:00:00+02:00,0.03372548486125516
2023-08-05 06:15:00+02:00,0.03389161022759682
2023-08-05 06:30:00+02:00,0.03532217339582658
2023-08-05 06:45:00+02:00,0.03796994500376915
2023-08-05 07:00:00+02:00,0.041753469662910755
2023-08-05 07:15:00+02:00,0.03476669945482873
2023-08-05 07:30:00+02:00,0.028763710953294448
2023-08-05 07:45:00+02:00,0.02392037653138993
2023-08-05 08:00:00+02:00,0.020409997693835058
2023-08-05 08:15:00+02:00,0.02622454988503536
2023-08-05 08:30:00+02:00,0.032155217692030245
2023-08-05 08:45:00+02:00,0.038184051773975866
2023-08-05 09:00:00+02:00,0.044468790329715464
2023-08-05 09:15:00+02:00,0.05126030323997813
2023-08-05 09:30:00+02:00,0.05808088886389999
2023-08-05 09:45:00+02:00,0.06492791083588807
2023-08-05 10:00:00+02:00,0.07179903368525892
2023-08-05 10:15:00+02:00,0.07966799304184473
2023-08-05 10:30:00+02:00,0.08754595071807927
2023-08-05 10:45:00+02:00,0.09554936744223928
2023-08-05 11:00:00+02:00,0.10821578080464347
2023-08-05 11:15:00+02:00,0.0834418611736034
2023-08-05 11:30:00+02:00,0.06424735475283962
2023-08-05 11:45:00+02:00,0.04593427680417273
2023-08-05 12:00:00+02:00,0.03501629975506442
2023-08-05 12:15:00+02:00,0.041782643120792946
2023-08-05 12:30:00+02:00,0.05169803090444426
2023-08-05 12:45:00+02:00,0.06320822355726612
2023-08-05 13:00:00+02:00,0.07474006793041256
2023-08-05 13:15:00+02:00,0.08972358971802993
2023-08-05 13:30:00+02:00,0.1145214084499667
2023-08-05 13:45:00+02:00,0.14599523828964972
2023-08-05 14:00:00+02:00,0.18106526116321317
2023-08-05 14:15:00+02:00,0.22032593883160567
2023-08-05 14:30:00+02:00,0.26241017628640495
2023-08-05 14:45:00+02:00,0.3131350071879426
2023-08-05 15:00:00+02:00,0.37334739302341274
2023-08-05 15:15:00+02:00,0.2927097366312516
2023-08-05 15:30:00+02:00,0.22896993463923943
2023-08-05 15:45:00+02:00,0.16942791043111805
2023-08-05 16:00:00+02:00,0.1224194884493681
2023-08-05 16:15:00+02:00,0.11952788339670625
2023-08-05 16:30:00+02:00,0.11714111663520535
2023-08-05 16:45:00+02:00,0.11526758022812689
2023-08-05 17:00:00+02:00,0.11391399228395348
2023-08-05 17:15:00+02:00,0.09892558809212802
2023-08-05 17:30:00+02:00,0.09093724941432783
2023-08-05 17:45:00+02:00,0.0872990964093059
2023-08-05 18:00:00+02:00,0.08675225433521075
2023-08-05 18:15:00+02:00,0.10030017475473985
2023-08-05 18:30:00+02:00,0.12128532858374742
2023-08-05 18:45:00+02:00,0.14426103621712766
2023-08-05 19:00:00+02:00,0.16894414880881606
2023-08-05 19:15:00+02:00,0.20017190513881314
2023-08-05 19:30:00+02:00,0.23660872357224808
2023-08-05 19:45:00+02:00,0.27519647977680084
2023-08-05 20:00:00+02:00,0.3244922724328661
2023-08-05 20:15:00+02:00,0.3205094889918
2023-08-05 20:30:00+02:00,0.31662114800645136
2023-08-05 20:45:00+02:00,0.3128283397602155
2023-08-05 21:00:00+02:00,0.30913214397633904
2023-08-05 21:15:00+02:00,0.3084340973917826
2023-08-05 21:30:00+02:00,0.309542084636095
2023-08-05 21:45:00+02:00,0.31245016238419027
2023-08-05 22:00:00+02:00,0.3171428547991976
2023-08-05 22:15:00+02:00,0.31299166978534093
2023-08-05 22:30:00+02:00,0.3104514772714249
2023-08-05 22:45:00+02:00,0.3095344668267475
2023-08-05 23:00:00+02:00,0.31024506904316573
2023-08-05 23:15:00+02:00,0.29735431718339495
2023-08-05 23:30:00+02:00,0.28534090402831225
2023-08-05 23:45:00+02:00,0.27660417738088594
2023-08-06 00:00:00+02:00,0.268502429856412
2023-08-06 00:15:00+02:00,0.2761634240208913
2023-08-06 00:30:00+02:00,0.284101541393318
2023-08-06 00:45:00+02:00,0.29426457696583785
2023-08-06 01:00:00+02:00,0.30524319519062526
2023-08-06 01:15:00+02:00,0.27988842190152835
2023-08-06 01:30:00+02:00,0.2594784799463984
2023-08-06 01:45:00+02:00,0.2395858442522188
2023-08-06 02:00:00+02:00,0.22025507233206654
2023-08-06 02:15:00+02:00,0.17950794620810084
2023-08-06 02:30:00+02:00,0.14847447800849847
2023-08-06 02:45:00+02:00,0.11841169514340179
2023-08-06 03:00:00+02:00,0.09129275257457017
2023-08-06 03:15:00+02:00,0.07731615401953636
2023-08-06 03:30:00+02:00,0.06334016263061489
2023-08-06 03:45:00+02:00,0.04936489958712373
2023-08-06 04:00:00+02:00,0.038933891129825114
2023-08-06 04:15:00+02:00,0.0358177671935095
2023-08-06 04:30:00+02:00,0.03273601800533194
2023-08-06 04:45:00+02:00,0.02969162497498387
2023-08-06 05:00:00+02:00,0.026687881636558233
2023-08-06 05:15:00+02:00,0.018505473856599997
2023-08-06 05:30:00+02:00,0.012731187736730017
2023-08-06 05:45:00+02:00,0.01015392411978333
2023-08-06 06:00:00+02:00,0.008361358019819843
2023-08-06 06:15:00+02:00,0.0032923182671146553
2023-08-06 06:30:00+02:00,0.0
2023-08-06 06:45:00+02:00,0.0
2023-08-06 07:00:00+02:00,0.0
2023-08-06 07:15:00+02:00,0.0018438671263225257
2023-08-06 07:30:00+02:00,0.0071302910712480174
2023-08-06 07:45:00+02:00,0.013216664612705634
2023-08-06 08:00:00+02:00,0.02691768458289672
2023-08-06 08:15:00+02:00,0.0419453132772657
2023-08-06 08:30:00+02:00,0.06624735073499248
2023-08-06 08:45:00+02:00,0.09222716446289662
2023-08-06 09:00:00+02:00,0.13235081105952062
2023-08-06 09:15:00+02:00,0.15445427575971724
2023-08-06 09:30:00+02:00,0.17661478477565937
2023-08-06 09:45:00+02:00,0.20566218547004017
2023-08-06 10:00:00+02:00,0.23501124413721472
2023-08-06 10:15:00+02:00,0.28098625994903553
2023-08-06 10:30:00+02:00,0.3395818475741343
2023-08-06 10:45:00+02:00,0.3998999885397466
2023-08-06 11:00:00+02:00,0.4645570912776061
2023-08-06 11:15:00+02:00,0.5221965970810353
2023-08-06 11:30:00+02:00,0.5803414598366738
2023-08-06 11:45:00+02:00,0.639774108503964
2023-08-06 12:00:00+02:00,0.6996522430733615
2023-08-06 12:15:00+02:00,0.764367037459742
2023-08-06 12:30:00+02:00,0.8229349866852516
2023-08-06 12:45:00+02:00,0.8790062373958135
2023-08-06 13:00:00+02:00,0.9182008622777651
2023-08-06 13:15:00+02:00,0.9085588035860201
2023-08-06 13:30:00+02:00,0.8990168445878033
2023-08-06 13:45:00+02:00,0.889578138887843
2023-08-06 14:00:00+02:00,0.8802459376356084
2023-08-06 14:15:00+02:00,0.8714653374705577
2023-08-06 14:30:00+02:00,0.8576201889500721
2023-08-06 14:45:00+02:00,0.8438346633098848
2023-08-06 15:00:00+02:00,0.8301328350099936
2023-08-06 15:15:00+02:00,0.7939260577854933
2023-08-06 15:30:00+02:00,0.7580034106676246
2023-08-06 15:45:00+02:00,0.7174616017527494
2023-08-06 16:00:00+02:00,0.6736892601940603
2023-08-06 16:15:00+02:00,0.6953312113578889
2023-08-06 16:30:00+02:00,0.7169742514021414
2023-08-06 16:45:00+02:00,0.7386183358893084
2023-08-06 17:00:00+02:00,0.7568860848728027
2023-08-06 17:15:00+02:00,0.7638087250081704
2023-08-06 17:30:00+02:00,0.7712814711632184
2023-08-06 17:45:00+02:00,0.779294995845241
2023-08-06 18:00:00+02:00,0.7878395293007191
2023-08-06 18:15:00+02:00,0.8267982273660881
2023-08-06 18:30:00+02:00,0.8659706805441643
2023-08-06 18:45:00+02:00,0.8927799240710709
2023-08-06 19:00:00+02:00,0.9176815745326968
2023-08-06 19:15:00+02:00,0.9118717747040719
2023-08-06 19:30:00+02:00,0.9060882060404881
2023-08-06 19:45:00+02:00,0.9003313635819276
2023-08-06 20:00:00+02:00,0.8946017525285225
2023-08-06 20:15:00+02:00,0.8940063939813954
2023-08-06 20:30:00+02:00,0.8934886420042304
2023-08-06 20:45:00+02:00,0.8930486287572836
2023-08-06 21:00:00+02:00,0.8926864667933507
2023-08-06 21:15:00+02:00,0.8950325253945729
2023-08-06 21:30:00+02:00,0.8974508330461559
2023-08-06 21:45:00+02:00,0.8999408193806067
2023-08-06 22:00:00+02:00,0.9025019033801499
2023-08-06 22:15:00+02:00,0.9072130514092397
2023-08-06 22:30:00+02:00,0.9119461445187043
2023-08-06 22:45:00+02:00,0.916700849708511
2023-08-06 23:00:00+02:00,0.9214768392071121
2023-08-06 23:15:00+02:00,0.902063919707655
2023-08-06 23:30:00+02:00,0.8830580959680329
2023-08-06 23:45:00+02:00,0.8604015621852309
2023-08-07 00:00:00+02:00,0.8316367350820404
2023-08-07 00:15:00+02:00,0.8424274455091015
2023-08-07 00:30:00+02:00,0.8532678517940976
2023-08-07 00:45:00+02:00,0.864156805285152
2023-08-07 01:00:00+02:00,0.873735922318606
2023-08-07 01:15:00+02:00,0.8765420308012553
2023-08-07 01:30:00+02:00,0.8793483084855184
2023-08-07 01:45:00+02:00,0.882154753790751
2023-08-07 02:00:00+02:00,0.8849613651558436
2023-08-07 02:15:00+02:00,0.8868084436429
2023-08-07 02:30:00+02:00,0.8886886519176526
2023-08-07 02:45:00+02:00,0.8906017845463582
2023-08-07 03:00:00+02:00,0.8925476342375184
2023-08-07 03:15:00+02:00,0.8951013056504006
2023-08-07 03:30:00+02:00,0.8976568588094541
2023-08-07 03:45:00+02:00,0.9002142780208857
2023-08-07 04:00:00+02:00,0.9027735477536623
2023-08-07 04:15:00+02:00,0.8995196419995736
2023-08-07 04:30:00+02:00,0.8962661769174542
2023-08-07 04:45:00+02:00,0.8930131572231443
2023-08-07 05:00:00+02:00,0.8897605876993537
2023-08-07 05:15:00+02:00,0.8811599444781002
2023-08-07 05:30:00+02:00,0.87256067653341
2023-08-07 05:45:00+02:00,0.8595712079370272
2023-08-07 06:00:00+02:00,0.8459181095529928
2023-08-07 06:15:00+02:00,0.8376919222888051
2023-08-07 06:30:00+02:00,0.8295745635156371
2023-08-07 06:45:00+02:00,0.8215679755911668
2023-08-07 07:00:00+02:00,0.8136741199088512
2023-08-07 07:15:00+02:00,0.8204127126486326
2023-08-07 07:30:00+02:00,0.8271540537607718
2023-08-07 07:45:00+02:00,0.8338981028727009
2023-08-07 08:00:00+02:00,0.8406448203829942
2023-08-07 08:15:00+02:00,0.8292003736823031
2023-08-07 08:30:00+02:00,0.8177664748291137
2023-08-07 08:45:00+02:00,0.8063433919889741
2023-08-07 09:00:00+02:00,0.7949314022285989
2023-08-07 09:15:00+02:00,0.7857383216684365
2023-08-07 09:30:00+02:00,0.7770583466365989
2023-08-07 09:45:00+02:00,0.7689016629091149
2023-08-07 10:00:00+02:00,0.7612780892631251
2023-08-07 10:15:00+02:00,0.7421503083125708
2023-08-07 10:30:00+02:00,0.7197154886092352
2023-08-07 10:45:00+02:00,0.6984572411084518
2023-08-07 11:00:00+02:00,0.6784245836566181
2023-08-07 11:15:00+02:00,0.6448824337988118
2023-08-07 11:30:00+02:00,0.6114660249311169
2023-08-07 11:45:00+02:00,0.578261021794506
2023-08-07 12:00:00+02:00,0.5456179241189975
2023-08-07 12:15:00+02:00,0.5509109468262032
2023-08-07 12:30:00+02:00,0.5567728419290121
2023-08-07 12:45:00+02:00,0.5631964337334957
2023-08-07 13:00:00+02:00,0.5701739968115137
2023-08-07 13:15:00+02:00,0.5906064472221428
2023-08-07 13:30:00+02:00,0.6112465897654453
2023-08-07 13:45:00+02:00,0.6318946939546297
2023-08-07 14:00:00+02:00,0.6525504320813148
2023-08-07 14:15:00+02:00,0.6582723622559074
2023-08-07 14:30:00+02:00,0.6641062809443897
2023-08-07 14:45:00+02:00,0.6700509007362145
2023-08-07 15:00:00+02:00,0.6761049300086737
2023-08-07 15:15:00+02:00,0.6725227860999371
2023-08-07 15:30:00+02:00,0.6689463753499078
2023-08-07 15:45:00+02:00,0.665375738287078
2023-08-07 16:00:00+02:00,0.6618109157564868
2023-08-07 16:15:00+02:00,0.658551825478798
2023-08-07 16:30:00+02:00,0.6552988853102676
2023-08-07 16:45:00+02:00,0.6520521351448678
2023-08-07 17:00:00+02:00,0.6488116151454566
2023-08-07 17:15:00+02:00,0.6181048473858024
2023-08-07 17:30:00+02:00,0.587477315184366
2023-08-07 17:45:00+02:00,0.5573282015895671
2023-08-07 18:00:00+02:00,0.5273296052273372
2023-08-07 18:15:00+02:00,0.4935955602972311
2023-08-07 18:30:00+02:00,0.4598985390344817
2023-08-07 18:45:00+02:00,0.42624151851871905
2023-08-07 19:00:00+02:00,0.39618747747033944
2023-08-07 19:15:00+02:00,0.36969840495131406
2023-08-07 19:30:00+02:00,0.3432261803030528
2023-08-07 19:45:00+02:00,0.31677212254603615
2023-08-07 20:00:00+02:00,0.2903376910205163
2023-08-07 20:15:00+02:00,0.26526683474837304
2023-08-07 20:30:00+02:00,0.24175776789757233
2023-08-07 20:45:00+02:00,0.21880399299154113
2023-08-07 21:00:00+02:00,0.19646266264937826
2023-08-07 21:15:00+02:00,0.1858542470376345
2023-08-07 21:30:00+02:00,0.17796017331543
2023-08-07 21:45:00+02:00,0.17396816779207055
2023-08-07 22:00:00+02:00,0.17230038672381154
2023-08-07 22:15:00+02:00,0.18110322699141904
2023-08-07 22:30:00+02:00,0.1947910087941891
2023-08-07 22:45:00+02:00,0.21154790302103038
2023-08-07 23:00:00+02:00,0.2311547165706613
2023-08-07 23:15:00+02:00,0.24939139394281493
2023-08-07 23:30:00+02:00,0.26813806861304984
2023-08-07 23:45:00+02:00,0.2878443994091172
2023-08-08 00:00:00+02:00,0.3133327426213387
2023-08-08 00:15:00+02:00,0.3394556840430545
2023-08-08 00:30:00+02:00,0.3657906386904896
2023-08-08 00:45:00+02:00,0.39232223880193295
2023-08-08 01:00:00+02:00,0.4190364676479678
2023-08-08 01:15:00+02:00,0.4532182578854569
2023-08-08 01:30:00+02:00,0.4883408418321964
2023-08-08 01:45:00+02:00,0.5235482810607879
2023-08-08 02:00:00+02:00,0.5588341266737258
2023-08-08 02:15:00+02:00,0.5666987654487886
2023-08-08 02:30:00+02:00,0.5747305192829537
2023-08-08 02:45:00+02:00,0.582926540211709
2023-08-08 03:00:00+02:00,0.5914044528072471
2023-08-08 03:15:00+02:00,0.5860027302771265
2023-08-08 03:30:00+02:00,0.5806929182387313
2023-08-08 03:45:00+02:00,0.5754746522151797
2023-08-08 04:00:00+02:00,0.5703086680979257
2023-08-08 04:15:00+02:00,0.5533869155827484
2023-08-08 04:30:00+02:00,0.5364656756578182
2023-08-08 04:45:00+02:00,0.5195449675908423
2023-08-08 05:00:00+02:00,0.5026248116267982
2023-08-08 05:15:00+02:00,0.48987209411039484
2023-08-08 05:30:00+02:00,0.4776218490621972
2023-08-08 05:45:00+02:00,0.4658883159597475
2023-08-08 06:00:00+02:00,0.45468564238572856
2023-08-08 06:15:00+02:00,0.4549381549929307
2023-08-08 06:30:00+02:00,0.45563077711961036
2023-08-08 06:45:00+02:00,0.45676279860211066
2023-08-08 07:00:00+02:00,0.45833306203353635
2023-08-08 07:15:00+02:00,0.4641153354694317
2023-08-08 07:30:00+02:00,0.469898431103293
2023-08-08 07:45:00+02:00,0.47568233801810655
2023-08-08 08:00:00+02:00,0.481467045487789
2023-08-08 08:15:00+02:00,0.4764293200150715
2023-08-08 08:30:00+02:00,0.4723280213541163
2023-08-08 08:45:00+02:00,0.4691720115318352
2023-08-08 09:00:00+02:00,0.46696818622935077
2023-08-08 09:15:00+02:00,0.4681663995746756
2023-08-08 09:30:00+02:00,0.47019513509978106
2023-08-08 09:45:00+02:00,0.47305051649269825
2023-08-08 10:00:00+02:00,0.47672712870105766
2023-08-08 10:15:00+02:00,0.48320146294590727
2023-08-08 10:30:00+02:00,0.49002100914022223
2023-08-08 10:45:00+02:00,0.49718044962886504
2023-08-08 11:00:00+02:00,0.5046743185552587
2023-08-08 11:15:00+02:00,0.5163477440567499
2023-08-08 11:30:00+02:00,0.5280547911523833
2023-08-08 11:45:00+02:00,0.5397945983933258
2023-08-08 12:00:00+02:00,0.5515663312208728
2023-08-08 12:15:00+02:00,0.5615501753420735
2023-08-08 12:30:00+02:00,0.5715379113940433
2023-08-08 12:45:00+02:00,0.5815294568166199
2023-08-08 13:00:00+02:00,0.5916488434292003
2023-08-08 13:15:00+02:00,0.5964317683731519
2023-08-08 13:30:00+02:00,0.60195282348557
2023-08-08 13:45:00+02:00,0.60820363832556
2023-08-08 14:00:00+02:00,0.6151748880449961
2023-08-08 14:15:00+02:00,0.6084091292207257
2023-08-08 14:30:00+02:00,0.6021584916210403
2023-08-08 14:45:00+02:00,0.5964296424600987
2023-08-08 15:00:00+02:00,0.5912287937776137
2023-08-08 15:15:00+02:00,0.6092204407351557
2023-08-08 15:30:00+02:00,0.6272793622614197
2023-08-08 15:45:00+02:00,0.6454031249512396
2023-08-08 16:00:00+02:00,0.6635894032348141
2023-08-08 16:15:00+02:00,0.6726480006595474
2023-08-08 16:30:00+02:00,0.6817133550435668
2023-08-08 16:45:00+02:00,0.6907853473052906
2023-08-08 17:00:00+02:00,0.6998638610608101
2023-08-08 17:15:00+02:00,0.6905046228760607
2023-08-08 17:30:00+02:00,0.6811818812284277
2023-08-08 17:45:00+02:00,0.671896305775336
2023-08-08 18:00:00+02:00,0.6626485798887741
2023-08-08 18:15:00+02:00,0.6219308434060451
2023-08-08 18:30:00+02:00,0.5812501823604098
2023-08-08 18:45:00+02:00,0.5411515099776805
2023-08-08 19:00:00+02:00,0.5010592774361992
2023-08-08 19:15:00+02:00,0.4526807463552927
2023-08-08 19:30:00+02:00,0.40684326194825904
2023-08-08 19:45:00+02:00,0.36406161203780074
2023-08-08 20:00:00+02:00,0.32155723457749336
2023-08-08 20:15:00+02:00,0.28623385563885506
2023-08-08 20:30:00+02:00,0.26043272167034515
2023-08-08 20:45:00+02:00,0.23647850995360153
2023-08-08 21:00:00+02:00,0.2144331047638204
2023-08-08 21:15:00+02:00,0.21035279588564976
2023-08-08 21:30:00+02:00,0.2093475580189769
2023-08-08 21:45:00+02:00,0.21143094810470284
2023-08-08 22:00:00+02:00,0.2165749565284403
2023-08-08 22:15:00+02:00,0.24342424214708713
2023-08-08 22:30:00+02:00,0.2706772573651936
2023-08-08 22:45:00+02:00,0.30202279344624383
2023-08-08 23:00:00+02:00,0.33824933176354754
2023-08-08 23:15:00+02:00,0.3976362945581216
2023-08-08 23:30:00+02:00,0.46163689351586196
2023-08-08 23:45:00+02:00,0.5298388390019476
2023-08-09 00:00:00+02:00,0.5989713238164859
2023-08-09 00:15:00+02:00,0.5697252273670267
2023-08-09 00:30:00+02:00,0.5440460286808441
2023-08-09 00:45:00+02:00,0.5218901640469809
2023-08-09 01:00:00+02:00,0.5034331471641125
2023-08-09 01:15:00+02:00,0.4641373219642379
2023-08-09 01:30:00+02:00,0.4268581069256895
2023-08-09 01:45:00+02:00,0.39542956549594505
2023-08-09 02:00:00+02:00,0.36621346884480455
2023-08-09 02:15:00+02:00,0.3169491485046005
2023-08-09 02:30:00+02:00,0.27344826039312997
2023-08-09 02:45:00+02:00,0.23898347544341114
2023-08-09 03:00:00+02:00,0.2066954294582536
2023-08-09 03:15:00+02:00,0.17556830731278147
2023-08-09 03:30:00+02:00,0.15271651626695418
2023-08-09 03:45:00+02:00,0.13123544388854871
2023-08-09 04:00:00+02:00,0.11133210337112426
2023-08-09 04:15:00+02:00,0.09840794156435005
2023-08-09 04:30:00+02:00,0.08964549473285986
2023-08-09 04:45:00+02:00,0.0826090269280943
2023-08-09 05:00:00+02:00,0.07615147909252662
2023-08-09 05:15:00+02:00,0.07258241538574683
2023-08-09 05:30:00+02:00,0.0692091148511597
2023-08-09 05:45:00+02:00,0.06604031443260706
2023-08-09 06:00:00+02:00,0.06308470093389985
2023-08-09 06:15:00+02:00,0.05753835865345989
2023-08-09 06:30:00+02:00,0.05199343693704957
2023-08-09 06:45:00+02:00,0.04645004985235086
2023-08-09 07:00:00+02:00,0.042193244750874194
2023-08-09 07:15:00+02:00,0.03785998779900785
2023-08-09 07:30:00+02:00,0.03352677166229981
2023-08-09 07:45:00+02:00,0.029193601341606826
2023-08-09 08:00:00+02:00,0.02486048268947528
2023-08-09 08:15:00+02:00,0.019492938828999745
2023-08-09 08:30:00+02:00,0.014125474727927193
2023-08-09 08:45:00+02:00,0.011502576809735722
2023-08-09 09:00:00+02:00,0.009051389214836201
2023-08-09 09:15:00+02:00,0.0070283146422134785
2023-08-09 09:30:00+02:00,0.00506087960532312
2023-08-09 09:45:00+02:00,0.0031597556840242407
2023-08-09 10:00:00+02:00,0.0013380064403714419
2023-08-09 10:15:00+02:00,0.000474965416869548
2023-08-09 10:30:00+02:00,0.0
2023-08-09 10:45:00+02:00,0.0
2023-08-09 11:00:00+02:00,0.0
2023-08-09 11:15:00+02:00,0.0
2023-08-09 11:30:00+02:00,0.0
2023-08-09 11:45:00+02:00,0.0
2023-08-09 12:00:00+02:00,0.0
2023-08-09 12:15:00+02:00,0.0
2023-08-09 12:30:00+02:00,0.0011022733231347687
2023-08-09 12:45:00+02:00,0.004388618062889199
2023-08-09 13:00:00+02:00,0.007807173813153922
2023-08-09 13:15:00+02:00,0.010352029692836594
2023-08-09 13:30:00+02:00,0.013420360248003924
2023-08-09 13:45:00+02:00,0.02058551337365389
2023-08-09 14:00:00+02:00,0.02892668395422131
2023-08-09 14:15:00+02:00,0.035986410528552594
2023-08-09 14:30:00+02:00,0.04330666826818227
2023-08-09 14:45:00+02:00,0.05555106479505888
2023-08-09 15:00:00+02:00,0.06861317511578548
2023-08-09 15:15:00+02:00,0.08110342445457037
2023-08-09 15:30:00+02:00,0.09360793664680483
2023-08-09 15:45:00+02:00,0.11270730875144343
2023-08-09 16:00:00+02:00,0.1328093837079816
2023-08-09 16:15:00+02:00,0.15714227212713228
2023-08-09 16:30:00+02:00,0.183571953671954
2023-08-09 16:45:00+02:00,0.2171327659792183
2023-08-09 17:00:00+02:00,0.2512774733343824
2023-08-09 17:15:00+02:00,0.2573596348802386
2023-08-09 17:30:00+02:00,0.2647595998089004
2023-08-09 17:45:00+02:00,0.2734381562107317
2023-08-09 18:00:00+02:00,0.28335127059080767
2023-08-09 18:15:00+02:00,0.27262944004995454
2023-08-09 18:30:00+02:00,0.2628406645095439
2023-08-09 18:45:00+02:00,0.25402265321315565
2023-08-09 19:00:00+02:00,0.246211132635701
2023-08-09 19:15:00+02:00,0.2426890815936856
2023-08-09 19:30:00+02:00,0.23984928885863738
2023-08-09 19:45:00+02:00,0.23769993730353797
2023-08-09 20:00:00+02:00,0.23624730741012037
2023-08-09 20:15:00+02:00,0.2252263904316235
2023-08-09 20:30:00+02:00,0.21484360310239883
2023-08-09 20:45:00+02:00,0.2051282736436859
2023-08-09 21:00:00+02:00,0.19610949329549568
2023-08-09 21:15:00+02:00,0.17695450087210335
2023-08-09 21:30:00+02:00,0.1625754006748138
2023-08-09 21:45:00+02:00,0.14846748361396792
2023-08-09 22:00:00+02:00,0.1346562484354737
2023-08-09 22:15:00+02:00,0.11726369507863912
2023-08-09 22:30:00+02:00,0.0998922775597961
2023-08-09 22:45:00+02:00,0.08732775792871698
2023-08-09 23:00:00+02:00,0.07653392072928486
2023-08-09 23:15:00+02:00,0.07609744043538066
2023-08-09 23:30:00+02:00,0.07576972388618469
2023-08-09 23:45:00+02:00,0.07555122367056585
2023-08-10 00:00:00+02:00,0.07544224294094473
2023-08-10 00:15:00+02:00,0.06610355324109553
2023-08-10 00:30:00+02:00,0.05676729190998025
2023-08-10 00:45:00+02:00,0.04743378571357998
2023-08-10 01:00:00+02:00,0.040536396072276874
2023-08-10 01:15:00+02:00,0.03649689000725734
2023-08-10 01:30:00+02:00,0.032458375664720394
2023-08-10 01:45:00+02:00,0.028420967121853307
2023-08-10 02:00:00+02:00,0.024384796610487675
2023-08-10 02:15:00+02:00,0.020772500820835753
2023-08-10 02:30:00+02:00,0.017286644733108696
2023-08-10 02:45:00+02:00,0.013941784296951107
2023-08-10 03:00:00+02:00,0.012414115695232897
2023-08-10 03:15:00+02:00,0.010586292781611065
2023-08-10 03:30:00+02:00,0.008790768053063319
2023-08-10 03:45:00+02:00,0.0070325626088845765
2023-08-10 04:00:00+02:00,0.005317653452318356
2023-08-10 04:15:00+02:00,0.0033951871940097224
2023-08-10 04:30:00+02:00,0.0015293980393554032
2023-08-10 04:45:00+02:00,0.0
2023-08-10 05:00:00+02:00,0.0
2023-08-10 05:15:00+02:00,0.0
2023-08-10 05:30:00+02:00,0.0
2023-08-10 05:45:00+02:00,0.0
2023-08-10 06:00:00+02:00,0.0
2023-08-10 06:15:00+02:00,0.0
2023-08-10 06:30:00+02:00,0.0
2023-08-10 06:45:00+02:00,0.0
2023-08-10 07:00:00+02:00,0.0
2023-08-10 07:15:00+02:00,0.0
2023-08-10 07:30:00+02:00,0.0
2023-08-10 07:45:00+02:00,0.0
2023-08-10 08:00:00+02:00,0.0
2023-08-10 08:15:00+02:00,0.0
2023-08-10 08:30:00+02:00,0.0
2023-08-10 08:45:00+02:00,0.0
2023-08-10 09:00:00+02:00,0.0
2023-08-10 09:15:00+02:00,0.0
2023-08-10 09:30:00+02:00,0.0
2023-08-10 09:45:00+02:00,0.0
2023-08-10 10:00:00+02:00,0.0
2023-08-10 10:15:00+02:00,0.0
2023-08-10 10:30:00+02:00,0.0
2023-08-10 10:45:00+02:00,0.0
2023-08-10 11:00:00+02:00,0.0
2023-08-10 11:15:00+02:00,0.0
2023-08-10 11:30:00+02:00,0.0
2023-08-10 11:45:00+02:00,0.0
2023-08-10 12:00:00+02:00,0.0
2023-08-10 12:15:00+02:00,0.0
2023-08-10 12:30:00+02:00,0.0
2023-08-10 12:45:00+02:00,0.0
2023-08-10 13:00:00+02:00,0.0
2023-08-10 13:15:00+02:00,0.0
2023-08-10 13:30:00+02:00,0.0
2023-08-10 13:45:00+02:00,0.0
2023-08-10 14:00:00+02:00,0.0
2023-08-10 14:15:00+02:00,0.0
2023-08-10 14:30:00+02:00,0.0
2023-08-10 14:45:00+02:00,0.0
2023-08-10 15:00:00+02:00,0.0
2023-08-10 15:15:00+02:00,0.0
2023-08-10 15:30:00+02:00,0.0
2023-08-10 15:45:00+02:00,0.0
2023-08-10 16:00:00+02:00,0.0
2023-08-10 16:15:00+02:00,0.0
2023-08-10 16:30:00+02:00,0.0
2023-08-10 16:45:00+02:00,0.0
2023-08-10 17:00:00+02:00,0.0
2023-08-10 17:15:00+02:00,0.0
2023-08-10 17:30:00+02:00,0.0
2023-08-10 17:45:00+02:00,0.0
2023-08-10 18:00:00+02:00,0.0
2023-08-10 18:15:00+02:00,0.0
2023-08-10 18:30:00+02:00,0.0
2023-08-10 18:45:00+02:00,0.0
2023-08-10 19:00:00+02:00,0.0
2023-08-10 19:15:00+02:00,0.0014992386954893135
2023-08-10 19:30:00+02:00,0.004483007431067192
2023-08-10 19:45:00+02:00,0.007470213245919388
2023-08-10 20:00:00+02:00,0.010460047258885868
2023-08-10 20:15:00+02:00,0.014571744965566265
2023-08-10 20:30:00+02:00,0.022765890282381587
2023-08-10 20:45:00+02:00,0.031035507285302938
2023-08-10 21:00:00+02:00,0.0393644933841432
2023-08-10 21:15:00+02:00,0.04816694342802275
2023-08-10 21:30:00+02:00,0.060478113118496296
2023-08-10 21:45:00+02:00,0.07301133259355977
2023-08-10 22:00:00+02:00,0.08573272673251589
2023-08-10 22:15:00+02:00,0.09614307970708079
2023-08-10 22:30:00+02:00,0.11272837459187178
2023-08-10 22:45:00+02:00,0.12969339975386837
2023-08-10 23:00:00+02:00,0.14699636778820974
2023-08-10 23:15:00+02:00,0.15126529803124292
2023-08-10 23:30:00+02:00,0.15554255569463585
2023-08-10 23:45:00+02:00,0.15982791596328388
2023-08-11 00:00:00+02:00,0.16412116163889812
2023-08-11 00:15:00+02:00,0.16481041082327252
2023-08-11 00:30:00+02:00,0.1670703766643394
2023-08-11 00:45:00+02:00,0.17087916352925883
2023-08-11 01:00:00+02:00,0.1762007788031904
2023-08-11 01:15:00+02:00,0.17247674329270388
2023-08-11 01:30:00+02:00,0.16990555952803377
2023-08-11 01:45:00+02:00,0.16850560165057316
2023-08-11 02:00:00+02:00,0.16828703796607453
2023-08-11 02:15:00+02:00,0.16066049206697697
2023-08-11 02:30:00+02:00,0.15346815312887746
2023-08-11 02:45:00+02:00,0.14673029152163702
2023-08-11 03:00:00+02:00,0.14046705628602787
2023-08-11 03:15:00+02:00,0.1349167790709257
2023-08-11 03:30:00+02:00,0.12957227354978837
2023-08-11 03:45:00+02:00,0.1244410394788476
2023-08-11 04:00:00+02:00,0.11953062401728616
2023-08-11 04:15:00+02:00,0.10872416871858355
2023-08-11 04:30:00+02:00,0.09937050623034134
2023-08-11 04:45:00+02:00,0.09295205722928117
2023-08-11 05:00:00+02:00,0.08911503538998246
2023-08-11 05:15:00+02:00,0.08306079833625772
2023-08-11 05:30:00+02:00,0.07852539911074057
2023-08-11 05:45:00+02:00,0.07559630494428954
2023-08-11 06:00:00+02:00,0.07433357534922189
2023-08-11 06:15:00+02:00,0.07537019311709942
2023-08-11 06:30:00+02:00,0.07704715890019553
2023-08-11 06:45:00+02:00,0.07935105370555819
2023-08-11 07:00:00+02:00,0.0822640447637348
2023-08-11 07:15:00+02:00,0.08406932945419417
2023-08-11 07:30:00+02:00,0.08588503105868657
2023-08-11 07:45:00+02:00,0.08771092117045252
2023-08-11 08:00:00+02:00,0.08954677678532738
2023-08-11 08:15:00+02:00,0.08214361066825339
2023-08-11 08:30:00+02:00,0.07477599732425001
2023-08-11 08:45:00+02:00,0.06744738090411877
2023-08-11 09:00:00+02:00,0.06016164317093024
2023-08-11 09:15:00+02:00,0.048242103174727755
2023-08-11 09:30:00+02:00,0.03953670183327868
2023-08-11 09:45:00+02:00,0.0326103722286668
2023-08-11 10:00:00+02:00,0.025758904292197276
2023-08-11 10:15:00+02:00,0.024094817342660457
2023-08-11 10:30:00+02:00,0.02261421423748383
2023-08-11 10:45:00+02:00,0.021325392170930376
2023-08-11 11:00:00+02:00,0.020235984850430627
2023-08-11 11:15:00+02:00,0.013101218801662323
2023-08-11 11:30:00+02:00,0.009469799707245808
2023-08-11 11:45:00+02:00,0.005854028098430006
2023-08-11 12:00:00+02:00,0.002259585270665734
2023-08-11 12:15:00+02:00,0.0037684049343690946
2023-08-11 12:30:00+02:00,0.005288223143890104
2023-08-11 12:45:00+02:00,0.006817583708293194
2023-08-11 13:00:00+02:00,0.00835526963816618
2023-08-11 13:15:00+02:00,0.009943421317647177
2023-08-11 13:30:00+02:00,0.01153381103146651
2023-08-11 13:45:00+02:00,0.01312617671195348
2023-08-11 14:00:00+02:00,0.01580379956362208
2023-08-11 14:15:00+02:00,0.018618813161054803
2023-08-11 14:30:00+02:00,0.021445825026869297
2023-08-11 14:45:00+02:00,0.024283829541418486
2023-08-11 15:00:00+02:00,0.02713192710710405
2023-08-11 15:15:00+02:00,0.03115368370436446
2023-08-11 15:30:00+02:00,0.035199442891600465
2023-08-11 15:45:00+02:00,0.039266696970662464
2023-08-11 16:00:00+02:00,0.04335326502117553
2023-08-11 16:15:00+02:00,0.04514170369720387
2023-08-11 16:30:00+02:00,0.04781216298181291
2023-08-11 16:45:00+02:00,0.05086833676654135
2023-08-11 17:00:00+02:00,0.05429377777812354
2023-08-11 17:15:00+02:00,0.04693873808293829
2023-08-11 17:30:00+02:00,0.04172709307637172
2023-08-11 17:45:00+02:00,0.03804834868724285
2023-08-11 18:00:00+02:00,0.03475371863182546
2023-08-11 18:15:00+02:00,0.03942930555122902
2023-08-11 18:30:00+02:00,0.04541184600688678
2023-08-11 18:45:00+02:00,0.05570049256740506
2023-08-11 19:00:00+02:00,0.06694525052966363
2023-08-11 19:15:00+02:00,0.07435506594984038
2023-08-11 19:30:00+02:00,0.08483276981625919
2023-08-11 19:45:00+02:00,0.09967945360938998
2023-08-11 20:00:00+02:00,0.12452001122588481
2023-08-11 20:15:00+02:00,0.11413444197513735
2023-08-11 20:30:00+02:00,0.10769920462684271
2023-08-11 20:45:00+02:00,0.10539554298709194
2023-08-11 21:00:00+02:00,0.10729100141382585
2023-08-11 21:15:00+02:00,0.0963727332931435
2023-08-11 21:30:00+02:00,0.08924622443565616
2023-08-11 21:45:00+02:00,0.08266111934603786
2023-08-11 22:00:00+02:00,0.07619936770223751
2023-08-11 22:15:00+02:00,0.061194904517381424
2023-08-11 22:30:00+02:00,0.046235681860835945
2023-08-11 22:45:00+02:00,0.03653669304867763
2023-08-11 23:00:00+02:00,0.027774570002064142
2023-08-11 23:15:00+02:00,0.029939040887256317
2023-08-11 23:30:00+02:00,0.035482397270959795
2023-08-11 23:45:00+02:00,0.04394054659353034
2023-08-12 00:00:00+02:00,0.062170754151612335
2023-08-12 00:15:00+02:00,0.04596811941163868
2023-08-12 00:30:00+02:00,0.035626232391704545
2023-08-12 00:45:00+02:00,0.026089633000900517
2023-08-12 01:00:00+02:00,0.016578139031175866
2023-08-12 01:15:00+02:00,0.00865594854530332
2023-08-12 01:30:00+02:00,0.00265513528920955
2023-08-12 01:45:00+02:00,0.0
2023-08-12 02:00:00+02:00,0.0
2023-08-12 02:15:00+02:00,0.0
2023-08-12 02:30:00+02:00,0.0
2023-08-12 02:45:00+02:00,0.005174768377665888
2023-08-12 03:00:00+02:00,0.011056759295387417
2023-08-12 03:15:00+02:00,0.02024648026503432
2023-08-12 03:30:00+02:00,0.032712432097121505
2023-08-12 03:45:00+02:00,0.04596353874120984
2023-08-12 04:00:00+02:00,0.06707012701247562
2023-08-12 04:15:00+02:00,0.07254117084415382
2023-08-12 04:30:00+02:00,0.07839241709579167
2023-08-12 04:45:00+02:00,0.08459666109514101
2023-08-12 05:00:00+02:00,0.09112781541612121
2023-08-12 05:15:00+02:00,0.1013422069131115
2023-08-12 05:30:00+02:00,0.11414617227241505
2023-08-12 05:45:00+02:00,0.12704537363934423
2023-08-12 06:00:00+02:00,0.1400317203254557
2023-08-12 06:15:00+02:00,0.14661466156623124
2023-08-12 06:30:00+02:00,0.15321707995091413
2023-08-12 06:45:00+02:00,0.15983816383048466
2023-08-12 07:00:00+02:00,0.16647714392480845
2023-08-12 07:15:00+02:00,0.17684672129212303
2023-08-12 07:30:00+02:00,0.19037383524165002
2023-08-12 07:45:00+02:00,0.20409159941921637
2023-08-12 08:00:00+02:00,0.2178284683843073
2023-08-12 08:15:00+02:00,0.24181083240213042
2023-08-12 08:30:00+02:00,0.26685759048910623
2023-08-12 08:45:00+02:00,0.2949856916425287
2023-08-12 09:00:00+02:00,0.3298308111212356
2023-08-12 09:15:00+02:00,0.3498782888479455
2023-08-12 09:30:00+02:00,0.3799176358646904
2023-08-12 09:45:00+02:00,0.41914284072980373
2023-08-12 10:00:00+02:00,0.4714232294322734
2023-08-12 10:15:00+02:00,0.4355289298143316
2023-08-12 10:30:00+02:00,0.4133144307053629
2023-08-12 10:45:00+02:00,0.4035819458277597
2023-08-12 11:00:00+02:00,0.40564519500003365
2023-08-12 11:15:00+02:00,0.3662779215561645
2023-08-12 11:30:00+02:00,0.3312705734941658
2023-08-12 11:45:00+02:00,0.3010817400469695
2023-08-12 12:00:00+02:00,0.27834589669198406
2023-08-12 12:15:00+02:00,0.2448251514811774
2023-08-12 12:30:00+02:00,0.21502747028305796
2023-08-12 12:45:00+02:00,0.18945573053297812
2023-08-12 13:00:00+02:00,0.17073477916700014
2023-08-12 13:15:00+02:00,0.15571894502973324
2023-08-12 13:30:00+02:00,0.14083280680350038
2023-08-12 13:45:00+02:00,0.12608948167601006
2023-08-12 14:00:00+02:00,0.11150376361876367
2023-08-12 14:15:00+02:00,0.10809193060476349
2023-08-12 14:30:00+02:00,0.1047552557939243
2023-08-12 14:45:00+02:00,0.10149554347420207
2023-08-12 15:00:00+02:00,0.0983146125076647
2023-08-12 15:15:00+02:00,0.11186398877554805
2023-08-12 15:30:00+02:00,0.12555432752328896
2023-08-12 15:45:00+02:00,0.13937290059244833
2023-08-12 16:00:00+02:00,0.1533083680580486
2023-08-12 16:15:00+02:00,0.16633317668678477
2023-08-12 16:30:00+02:00,0.18003648160917912
2023-08-12 16:45:00+02:00,0.19730669040431142
2023-08-12 17:00:00+02:00,0.21461797470910984
2023-08-12 17:15:00+02:00,0.2155538018696763
2023-08-12 17:30:00+02:00,0.2165757960462763
2023-08-12 17:45:00+02:00,0.21768357452778567
2023-08-12 18:00:00+02:00,0.2188767250341189
2023-08-12 18:15:00+02:00,0.18609563828383813
2023-08-12 18:30:00+02:00,0.15916524245745908
2023-08-12 18:45:00+02:00,0.13437950423039738
2023-08-12 19:00:00+02:00,0.10963818998071174
2023-08-12 19:15:00+02:00,0.1062476416557706
2023-08-12 19:30:00+02:00,0.10288405012992888
2023-08-12 19:45:00+02:00,0.09954807082317817
2023-08-12 20:00:00+02:00,0.0962403749293031
2023-08-12 20:15:00+02:00,0.08161804519800933
2023-08-12 20:30:00+02:00,0.06778955998235697
2023-08-12 20:45:00+02:00,0.05445750261746886
2023-08-12 21:00:00+02:00,0.04267268757530251
2023-08-12 21:15:00+02:00,0.041946021081051096
2023-08-12 21:30:00+02:00,0.0420671438964414
2023-08-12 21:45:00+02:00,0.04303348756156169
2023-08-12 22:00:00+02:00,0.045363529917959354
2023-08-12 22:15:00+02:00,0.05799727994460889
2023-08-12 22:30:00+02:00,0.07069990034315299
2023-08-12 22:45:00+02:00,0.08346064289785357
2023-08-12 23:00:00+02:00,0.09689530554725957
2023-08-12 23:15:00+02:00,0.12913194490570454
2023-08-12 23:30:00+02:00,0.16138092506313415
2023-08-12 23:45:00+02:00,0.1988239134876189
2023-08-13 00:00:00+02:00,0.24137918609982073
2023-08-13 00:15:00+02:00,0.24508542366207328
2023-08-13 00:30:00+02:00,0.24955358948597436
2023-08-13 00:45:00+02:00,0.2547696427058635
2023-08-13 01:00:00+02:00,0.260717624847982
2023-08-13 01:15:00+02:00,0.2612306928060573
2023-08-13 01:30:00+02:00,0.2617875247523135
2023-08-13 01:45:00+02:00,0.2623880212216458
2023-08-13 02:00:00+02:00,0.2630320752867789
2023-08-13 02:15:00+02:00,0.26318947118858277
2023-08-13 02:30:00+02:00,0.2637381047334745
2023-08-13 02:45:00+02:00,0.2646771025439061
2023-08-13 03:00:00+02:00,0.2660049758347466
2023-08-13 03:15:00+02:00,0.25350795502681495
2023-08-13 03:30:00+02:00,0.24174449347515398
2023-08-13 03:45:00+02:00,0.23075139719834578
2023-08-13 04:00:00+02:00,0.22056531845204125
2023-08-13 04:15:00+02:00,0.21035839866066705
2023-08-13 04:30:00+02:00,0.20076463414419418
2023-08-13 04:45:00+02:00,0.19181058566061926
2023-08-13 05:00:00+02:00,0.18352244342702367
2023-08-13 05:15:00+02:00,0.18051383213941488
2023-08-13 05:30:00+02:00,0.17759540744614072
2023-08-13 05:45:00+02:00,0.17539999775428647
2023-08-13 06:00:00+02:00,0.17332665421796306
2023-08-13 06:15:00+02:00,0.1721443855096703
2023-08-13 06:30:00+02:00,0.1711579901364083
2023-08-13 06:45:00+02:00,0.17036866112587756
2023-08-13 07:00:00+02:00,0.1697773601424552
2023-08-13 07:15:00+02:00,0.16025419195539528
2023-08-13 07:30:00+02:00,0.15099104171170127
2023-08-13 07:45:00+02:00,0.14200370437995646
2023-08-13 08:00:00+02:00,0.1333087504990823
2023-08-13 08:15:00+02:00,0.11125374181174635
2023-08-13 08:30:00+02:00,0.0915834259328559
2023-08-13 08:45:00+02:00,0.07807565415103125
2023-08-13 09:00:00+02:00,0.06471849470551827
2023-08-13 09:15:00+02:00,0.054451820328819074
2023-08-13 09:30:00+02:00,0.04418633884758248
2023-08-13 09:45:00+02:00,0.03806658060577502
2023-08-13 10:00:00+02:00,0.03200455313573834
2023-08-13 10:15:00+02:00,0.033142506756003685
2023-08-13 10:30:00+02:00,0.034280488503570364
2023-08-13 10:45:00+02:00,0.03541849752353916
2023-08-13 11:00:00+02:00,0.036556532995289104
2023-08-13 11:15:00+02:00,0.0374725221447814
2023-08-13 11:30:00+02:00,0.038548617872920236
2023-08-13 11:45:00+02:00,0.039780390651232574
2023-08-13 12:00:00+02:00,0.04116296815442029
2023-08-13 12:15:00+02:00,0.043946395675470706
2023-08-13 12:30:00+02:00,0.04888415779177512
2023-08-13 12:45:00+02:00,0.05416717818604014
2023-08-13 13:00:00+02:00,0.05970553654906383
2023-08-13 13:15:00+02:00,0.0769342028678955
2023-08-13 13:30:00+02:00,0.09505213972996059
2023-08-13 13:45:00+02:00,0.12515727547346536
2023-08-13 14:00:00+02:00,0.15629956778082418
2023-08-13 14:15:00+02:00,0.1697436811759039
2023-08-13 14:30:00+02:00,0.18681915513400263
2023-08-13 14:45:00+02:00,0.20795654461385688
2023-08-13 15:00:00+02:00,0.23057408832418744
2023-08-13 15:15:00+02:00,0.2433711497042042
2023-08-13 15:30:00+02:00,0.25691415230884496
2023-08-13 15:45:00+02:00,0.27116235026597973
2023-08-13 16:00:00+02:00,0.2861833402023524
2023-08-13 16:15:00+02:00,0.29133042001061066
2023-08-13 16:30:00+02:00,0.2974119458571705
2023-08-13 16:45:00+02:00,0.3044109038509392
2023-08-13 17:00:00+02:00,0.3123082203161279
2023-08-13 17:15:00+02:00,0.29386735611301745
2023-08-13 17:30:00+02:00,0.27982513437339035
2023-08-13 17:45:00+02:00,0.26979371456551865
2023-08-13 18:00:00+02:00,0.2619954520963632
2023-08-13 18:15:00+02:00,0.23506109980887843
2023-08-13 18:30:00+02:00,0.2100629537660741
2023-08-13 18:45:00+02:00,0.18722111109128395
2023-08-13 19:00:00+02:00,0.16933279301414356
2023-08-13 19:15:00+02:00,0.15098615686769787
2023-08-13 19:30:00+02:00,0.13362333305288773
2023-08-13 19:45:00+02:00,0.11736273118677085
2023-08-13 20:00:00+02:00,0.10233306230131865
2023-08-13 20:15:00+02:00,0.08357882072054576
2023-08-13 20:30:00+02:00,0.06771928020532503
2023-08-13 20:45:00+02:00,0.0521304348581129
2023-08-13 21:00:00+02:00,0.039811575528933316
2023-08-13 21:15:00+02:00,0.030121155574411092
2023-08-13 21:30:00+02:00,0.020491667906429156
2023-08-13 21:45:00+02:00,0.012500472194030561
2023-08-13 22:00:00+02:00,0.008190224247137123
2023-08-13 22:15:00+02:00,0.006093103459831875
2023-08-13 22:30:00+02:00,0.004214114967425071
2023-08-13 22:45:00+02:00,0.002593984027266119
2023-08-13 23:00:00+02:00,0.0012762851075061447
2023-08-13 23:15:00+02:00,0.0038054895414729663
2023-08-13 23:30:00+02:00,0.006334768815608394
2023-08-13 23:45:00+02:00,0.008864107364511346
2023-08-14 00:00:00+02:00,0.011393493659125183
2023-08-14 00:15:00+02:00,0.01465339236493656
2023-08-14 00:30:00+02:00,0.02080895803987395
2023-08-14 00:45:00+02:00,0.02698213967131162
2023-08-14 01:00:00+02:00,0.03316997349918118
2023-08-14 01:15:00+02:00,0.03813214932758116
2023-08-14 01:30:00+02:00,0.043105366027446704
2023-08-14 01:45:00+02:00,0.05088815161190006
2023-08-14 02:00:00+02:00,0.05933840413139595
2023-08-14 02:15:00+02:00,0.05047181020775936
2023-08-14 02:30:00+02:00,0.042627397379036355
2023-08-14 02:45:00+02:00,0.03743799949120264
2023-08-14 03:00:00+02:00,0.032277827434538324
2023-08-14 03:15:00+02:00,0.02113844806036476
2023-08-14 03:30:00+02:00,0.01218794183864003
2023-08-14 03:45:00+02:00,0.007388464526584999
2023-08-14 04:00:00+02:00,0.0028382397896667307
2023-08-14 04:15:00+02:00,0.0020649378541396724
2023-08-14 04:30:00+02:00,0.0023920797544918
2023-08-14 04:45:00+02:00,0.0037852940278054388
2023-08-14 05:00:00+02:00,0.006112743286517712
2023-08-14 05:15:00+02:00,0.009268894149957817
2023-08-14 05:30:00+02:00,0.012506249214609045
2023-08-14 05:45:00+02:00,0.01818254397577275
2023-08-14 06:00:00+02:00,0.025518119397553985
2023-08-14 06:15:00+02:00,0.02643899500829837
2023-08-14 06:30:00+02:00,0.027453487060404336
2023-08-14 06:45:00+02:00,0.028558893999905386
2023-08-14 07:00:00+02:00,0.02975238910731524
2023-08-14 07:15:00+02:00,0.030092263125262034
2023-08-14 07:30:00+02:00,0.030437819003410457
2023-08-14 07:45:00+02:00,0.030789002047794382
2023-08-14 08:00:00+02:00,0.031145757390610825
2023-08-14 08:15:00+02:00,0.025910367084672623
2023-08-14 08:30:00+02:00,0.02073323597000895
2023-08-14 08:45:00+02:00,0.015624143630961465
2023-08-14 09:00:00+02:00,0.012341477761281562
2023-08-14 09:15:00+02:00,0.008876615720855687
2023-08-14 09:30:00+02:00,0.0055110159044474295
2023-08-14 09:45:00+02:00,0.002278219614358479
2023-08-14 10:00:00+02:00,0.0
2023-08-14 10:15:00+02:00,0.0
2023-08-14 10:30:00+02:00,0.0
2023-08-14 10:45:00+02:00,0.0
2023-08-14 11:00:00+02:00,0.0
2023-08-14 11:15:00+02:00,0.0
2023-08-14 11:30:00+02:00,0.0
2023-08-14 11:45:00+02:00,0.00025608658213275643
2023-08-14 12:00:00+02:00,0.0020323805751919885
2023-08-14 12:15:00+02:00,0.004030942001696923
2023-08-14 12:30:00+02:00,0.0075451169982825046
2023-08-14 12:45:00+02:00,0.012175387729157926
2023-08-14 13:00:00+02:00,0.022065657861113752
2023-08-14 13:15:00+02:00,0.022623897472327955
2023-08-14 13:30:00+02:00,0.023235941333057217
2023-08-14 13:45:00+02:00,0.023900809426024034
2023-08-14 14:00:00+02:00,0.024617463920346996
2023-08-14 14:15:00+02:00,0.01896957065171321
2023-08-14 14:30:00+02:00,0.013613240310331195
2023-08-14 14:45:00+02:00,0.011092158010662276
2023-08-14 15:00:00+02:00,0.008609464308366534
2023-08-14 15:15:00+02:00,0.008497242804897874
2023-08-14 15:30:00+02:00,0.008400306298788098
2023-08-14 15:45:00+02:00,0.008318778476716429
2023-08-14 16:00:00+02:00,0.008252764399304544
2023-08-14 16:15:00+02:00,0.012229282956316126
2023-08-14 16:30:00+02:00,0.020947998586046183
2023-08-14 16:45:00+02:00,0.03289172234772716
2023-08-14 17:00:00+02:00,0.04699448758778389
2023-08-14 17:15:00+02:00,0.0559984735951963
2023-08-14 17:30:00+02:00,0.06623084265200754
2023-08-14 17:45:00+02:00,0.07753337583067475
2023-08-14 18:00:00+02:00,0.08976124377886792
2023-08-14 18:15:00+02:00,0.07810509517931981
2023-08-14 18:30:00+02:00,0.06684412915961963
2023-08-14 18:45:00+02:00,0.05603994687053371
2023-08-14 19:00:00+02:00,0.04576426566801554
2023-08-14 19:15:00+02:00,0.03858256635111949
2023-08-14 19:30:00+02:00,0.032104273462903773
2023-08-14 19:45:00+02:00,0.02562690720421494
2023-08-14 20:00:00+02:00,0.01915065503323745
2023-08-14 20:15:00+02:00,0.01901619800159695
2023-08-14 20:30:00+02:00,0.019105860133024705
2023-08-14 20:45:00+02:00,0.019419015571566004
2023-08-14 21:00:00+02:00,0.01995349659205685
2023-08-14 21:15:00+02:00,0.022206750848633654
2023-08-14 21:30:00+02:00,0.024661474443021622
2023-08-14 21:45:00+02:00,0.027303430939172257
2023-08-14 22:00:00+02:00,0.03011875527768132
2023-08-14 22:15:00+02:00,0.03615926866335424
2023-08-14 22:30:00+02:00,0.04236227549443509
2023-08-14 22:45:00+02:00,0.051929968452794434
2023-08-14 23:00:00+02:00,0.06286604191371718
2023-08-14 23:15:00+02:00,0.08877522759893604
2023-08-14 23:30:00+02:00,0.12727273648951104
2023-08-14 23:45:00+02:00,0.17029077082530678
2023-08-15 00:00:00+02:00,0.22537514975553116
2023-08-15 00:15:00+02:00,0.20326611602735073
2023-08-15 00:30:00+02:00,0.1815763953196214
2023-08-15 00:45:00+02:00,0.16446668651766183
2023-08-15 01:00:00+02:00,0.1487583576840501
2023-08-15 01:15:00+02:00,0.170775662695894
2023-08-15 01:30:00+02:00,0.19853269878531163
2023-08-15 01:45:00+02:00,0.22911610974638538
2023-08-15 02:00:00+02:00,0.2603296947973438
2023-08-15 02:15:00+02:00,0.24535106630331954
2023-08-15 02:30:00+02:00,0.2335433486763939
2023-08-15 02:45:00+02:00,0.22506755493100952
2023-08-15 03:00:00+02:00,0.22004600909599936
2023-08-15 03:15:00+02:00,0.21490234690221166
2023-08-15 03:30:00+02:00,0.21006093043590196
2023-08-15 03:45:00+02:00,0.20552823308921292
2023-08-15 04:00:00+02:00,0.20131048401550108
2023-08-15 04:15:00+02:00,0.19755538130855124
2023-08-15 04:30:00+02:00,0.19422408708869954
2023-08-15 04:45:00+02:00,0.19132298069699966
2023-08-15 05:00:00+02:00,0.18885772231406958
2023-08-15 05:15:00+02:00,0.18854342468374066
2023-08-15 05:30:00+02:00,0.1897125508147283
2023-08-15 05:45:00+02:00,0.19235727652194454
2023-08-15 06:00:00+02:00,0.19646010385274304
2023-08-15 06:15:00+02:00,0.18366971785022382
2023-08-15 06:30:00+02:00,0.17281673716059204
2023-08-15 06:45:00+02:00,0.16387105599097518
2023-08-15 07:00:00+02:00,0.15533437016931578
2023-08-15 07:15:00+02:00,0.13459631824059234
2023-08-15 07:30:00+02:00,0.11400671466536418
2023-08-15 07:45:00+02:00,0.09420975993817668
2023-08-15 08:00:00+02:00,0.08160829452274208
2023-08-15 08:15:00+02:00,0.0632290757056918
2023-08-15 08:30:00+02:00,0.04487061035634525
2023-08-15 08:45:00+02:00,0.0337053200503824
2023-08-15 09:00:00+02:00,0.022897910772888642
2023-08-15 09:15:00+02:00,0.018531135722965466
2023-08-15 09:30:00+02:00,0.014189830566000957
2023-08-15 09:45:00+02:00,0.012013941531147607
2023-08-15 10:00:00+02:00,0.010060151035623292
2023-08-15 10:15:00+02:00,0.008281470990161723
2023-08-15 10:30:00+02:00,0.006503159251006503
2023-08-15 10:45:00+02:00,0.004725276567367233
2023-08-15 11:00:00+02:00,0.002947897805537795
2023-08-15 11:15:00+02:00,0.0
2023-08-15 11:30:00+02:00,0.0
2023-08-15 11:45:00+02:00,0.0
2023-08-15 12:00:00+02:00,0.0
2023-08-15 12:15:00+02:00,0.0
2023-08-15 12:30:00+02:00,0.0024122975468767157
2023-08-15 12:45:00+02:00,0.007477241966675616
2023-08-15 13:00:00+02:00,0.012571021320771737
2023-08-15 13:15:00+02:00,0.012950695373043731
2023-08-15 13:30:00+02:00,0.013337928961537517
2023-08-15 13:45:00+02:00,0.013732509714651365
2023-08-15 14:00:00+02:00,0.014520516941366036
2023-08-15 14:15:00+02:00,0.014797440481214136
2023-08-15 14:30:00+02:00,0.01578722576810804
2023-08-15 14:45:00+02:00,0.017467445767937642
2023-08-15 15:00:00+02:00,0.019802119594196
2023-08-15 15:15:00+02:00,0.01664587882427546
2023-08-15 15:30:00+02:00,0.013873907483485486
2023-08-15 15:45:00+02:00,0.012764988035219027
2023-08-15 16:00:00+02:00,0.011898705593957913
2023-08-15 16:15:00+02:00,0.012192414660299059
2023-08-15 16:30:00+02:00,0.012486172359710994
2023-08-15 16:45:00+02:00,0.012779977631301379
2023-08-15 17:00:00+02:00,0.01307382944464739
2023-08-15 17:15:00+02:00,0.016180906794665238
2023-08-15 17:30:00+02:00,0.020208909229008365
2023-08-15 17:45:00+02:00,0.024277156108844674
2023-08-15 18:00:00+02:00,0.02838098239484339
2023-08-15 18:15:00+02:00,0.031292287004814255
2023-08-15 18:30:00+02:00,0.034677976799322795
2023-08-15 18:45:00+02:00,0.038496306134534634
2023-08-15 19:00:00+02:00,0.04270584873016519
2023-08-15 19:15:00+02:00,0.04250247770441951
2023-08-15 19:30:00+02:00,0.04507960263803069
2023-08-15 19:45:00+02:00,0.05251465818050421
2023-08-15 20:00:00+02:00,0.06336031262330592
2023-08-15 20:15:00+02:00,0.06391133954943203
2023-08-15 20:30:00+02:00,0.06666697362236793
2023-08-15 20:45:00+02:00,0.07154875985554275
2023-08-15 21:00:00+02:00,0.0784265247816754
2023-08-15 21:15:00+02:00,0.08345346648944962
2023-08-15 21:30:00+02:00,0.08911901535432035
2023-08-15 21:45:00+02:00,0.09546707293283638
2023-08-15 22:00:00+02:00,0.10640342138267396
2023-08-15 22:15:00+02:00,0.11004062267985303
2023-08-15 22:30:00+02:00,0.11457007939325296
2023-08-15 22:45:00+02:00,0.11996394863896578
2023-08-15 23:00:00+02:00,0.12619056155580147
2023-08-15 23:15:00+02:00,0.13101733874795016
2023-08-15 23:30:00+02:00,0.13674515131114762
2023-08-15 23:45:00+02:00,0.14334025521557475
2023-08-16 00:00:00+02:00,0.15076584779028865
2023-08-16 00:15:00+02:00,0.15645516127398615
2023-08-16 00:30:00+02:00,0.16224294024984867
2023-08-16 00:45:00+02:00,0.16812564940612604
2023-08-16 01:00:00+02:00,0.17409986673300992
2023-08-16 01:15:00+02:00,0.16824876642665684
2023-08-16 01:30:00+02:00,0.16288035328055722
2023-08-16 01:45:00+02:00,0.15801104574589134
2023-08-16 02:00:00+02:00,0.15365638530770717
2023-08-16 02:15:00+02:00,0.14437989938785278
2023-08-16 02:30:00+02:00,0.13643301612850856
2023-08-16 02:45:00+02:00,0.12988691593110815
2023-08-16 03:00:00+02:00,0.12480408388215274
2023-08-16 03:15:00+02:00,0.11764270461638063
2023-08-16 03:30:00+02:00,0.11048883466703906
2023-08-16 03:45:00+02:00,0.10334285883537753
2023-08-16 04:00:00+02:00,0.09620518820048703
2023-08-16 04:15:00+02:00,0.09325518073846943
2023-08-16 04:30:00+02:00,0.09068049219492477
2023-08-16 04:45:00+02:00,0.0881170492998166
2023-08-16 05:00:00+02:00,0.08556520321025834
2023-08-16 05:15:00+02:00,0.08664889087198013
2023-08-16 05:30:00+02:00,0.08781114000424989
2023-08-16 05:45:00+02:00,0.08905085388315345
2023-08-16 06:00:00+02:00,0.09036688506419945
2023-08-16 06:15:00+02:00,0.0901556840814382
2023-08-16 06:30:00+02:00,0.09013492451962328
2023-08-16 06:45:00+02:00,0.09030465362794825
2023-08-16 07:00:00+02:00,0.09066448555703746
2023-08-16 07:15:00+02:00,0.08986993889132337
2023-08-16 07:30:00+02:00,0.08910289157751214
2023-08-16 07:45:00+02:00,0.0883635976724613
2023-08-16 08:00:00+02:00,0.08765230501066547
2023-08-16 08:15:00+02:00,0.07677943739109877
2023-08-16 08:30:00+02:00,0.06600085875466141
2023-08-16 08:45:00+02:00,0.05533068191905445
2023-08-16 09:00:00+02:00,0.04478579321222778
2023-08-16 09:15:00+02:00,0.04597917890162
2023-08-16 09:30:00+02:00,0.0471735053238002
2023-08-16 09:45:00+02:00,0.04836875635777681
2023-08-16 10:00:00+02:00,0.04956491623675282
2023-08-16 10:15:00+02:00,0.04966210648845118
2023-08-16 10:30:00+02:00,0.050034750080474054
2023-08-16 10:45:00+02:00,0.05068139032879026
2023-08-16 11:00:00+02:00,0.05159952372849253
2023-08-16 11:15:00+02:00,0.04978151534150413
2023-08-16 11:30:00+02:00,0.048117900456858695
2023-08-16 11:45:00+02:00,0.04661239572543375
2023-08-16 12:00:00+02:00,0.04526846800427412
2023-08-16 12:15:00+02:00,0.04414433680197984
2023-08-16 12:30:00+02:00,0.04352528105173129
2023-08-16 12:45:00+02:00,0.043031590390187974
2023-08-16 13:00:00+02:00,0.04262474088606582
2023-08-16 13:15:00+02:00,0.04147611264280372
2023-08-16 13:30:00+02:00,0.040464827835472506
2023-08-16 13:45:00+02:00,0.03959446319504679
2023-08-16 14:00:00+02:00,0.03886819701847429
2023-08-16 14:15:00+02:00,0.03801333906391875
2023-08-16 14:30:00+02:00,0.03724102385253304
2023-08-16 14:45:00+02:00,0.03655293702108681
2023-08-16 15:00:00+02:00,0.035950619218349064
2023-08-16 15:15:00+02:00,0.04153133499307674
2023-08-16 15:30:00+02:00,0.049343335147397124
2023-08-16 15:45:00+02:00,0.058992722994071725
2023-08-16 16:00:00+02:00,0.06872409459708209
2023-08-16 16:15:00+02:00,0.074630405158026
2023-08-16 16:30:00+02:00,0.08055477727978308
2023-08-16 16:45:00+02:00,0.08649591243429337
2023-08-16 17:00:00+02:00,0.09245263047670346
2023-08-16 17:15:00+02:00,0.09504453425724711
2023-08-16 17:30:00+02:00,0.09913228117865353
2023-08-16 17:45:00+02:00,0.10338137157817236
2023-08-16 18:00:00+02:00,0.10767343386091048
2023-08-16 18:15:00+02:00,0.11716963169853582
2023-08-16 18:30:00+02:00,0.12667897850484905
2023-08-16 18:45:00+02:00,0.1362006437879216
2023-08-16 19:00:00+02:00,0.14573386460483242
2023-08-16 19:15:00+02:00,0.15316367871591044
2023-08-16 19:30:00+02:00,0.16063422996613333
2023-08-16 19:45:00+02:00,0.16814363054024675
2023-08-16 20:00:00+02:00,0.17569009854922982
2023-08-16 20:15:00+02:00,0.18950225048393393
2023-08-16 20:30:00+02:00,0.20388570795303756
2023-08-16 20:45:00+02:00,0.21829934759093209
2023-08-16 21:00:00+02:00,0.23274131913346388
2023-08-16 21:15:00+02:00,0.248228046940945
2023-08-16 21:30:00+02:00,0.2637509373954869
2023-08-16 21:45:00+02:00,0.2793077508589729
2023-08-16 22:00:00+02:00,0.29762079544207076
2023-08-16 22:15:00+02:00,0.294839910249987
2023-08-16 22:30:00+02:00,0.2920623655158262
2023-08-16 22:45:00+02:00,0.2892881894436722
2023-08-16 23:00:00+02:00,0.28651741052122576
2023-08-16 23:15:00+02:00,0.24896061974082342
2023-08-16 23:30:00+02:00,0.21462322784005658
2023-08-16 23:45:00+02:00,0.18379802683462892
2023-08-17 00:00:00+02:00,0.16192808368717643
2023-08-17 00:15:00+02:00,0.18943222515699
2023-08-17 00:30:00+02:00,0.22190567007757578
2023-08-17 00:45:00+02:00,0.25441574854764265
2023-08-17 01:00:00+02:00,0.287326698778697
2023-08-17 01:15:00+02:00,0.3184225547031226
2023-08-17 01:30:00+02:00,0.35043946159959616
2023-08-17 01:45:00+02:00,0.3832955774256961
2023-08-17 02:00:00+02:00,0.4169166859128302
2023-08-17 02:15:00+02:00,0.40345294731699133
2023-08-17 02:30:00+02:00,0.3905299573962199
2023-08-17 02:45:00+02:00,0.3781672037196211
2023-08-17 03:00:00+02:00,0.36638421477876804
2023-08-17 03:15:00+02:00,0.3551549465437155
2023-08-17 03:30:00+02:00,0.3439601926694804
2023-08-17 03:45:00+02:00,0.3328010780758189
2023-08-17 04:00:00+02:00,0.32167877328336647
2023-08-17 04:15:00+02:00,0.29737502151240297
2023-08-17 04:30:00+02:00,0.2761212229455075
2023-08-17 04:45:00+02:00,0.2577046094753716
2023-08-17 05:00:00+02:00,0.23947016312351482
2023-08-17 05:15:00+02:00,0.21822829207237548
2023-08-17 05:30:00+02:00,0.19715609793030756
2023-08-17 05:45:00+02:00,0.1765386662890149
2023-08-17 06:00:00+02:00,0.16085731202190054
2023-08-17 06:15:00+02:00,0.15806051256409856
2023-08-17 06:30:00+02:00,0.15539218451539397
2023-08-17 06:45:00+02:00,0.15285452378985495
2023-08-17 07:00:00+02:00,0.1504496654273574
2023-08-17 07:15:00+02:00,0.14505018319114696
2023-08-17 07:30:00+02:00,0.13974798601752247
2023-08-17 07:45:00+02:00,0.1345465125766961
2023-08-17 08:00:00+02:00,0.12944929546401768
2023-08-17 08:15:00+02:00,0.108412029239283
2023-08-17 08:30:00+02:00,0.09033983833636174
2023-08-17 08:45:00+02:00,0.07723416292087014
2023-08-17 09:00:00+02:00,0.0641313358590354
2023-08-17 09:15:00+02:00,0.058035027080206046
2023-08-17 09:30:00+02:00,0.0519420665679111
2023-08-17 09:45:00+02:00,0.04585275060665137
2023-08-17 10:00:00+02:00,0.04151931027869481
2023-08-17 10:15:00+02:00,0.0449585370546855
2023-08-17 10:30:00+02:00,0.05046330927712772
2023-08-17 10:45:00+02:00,0.05625785681834796
2023-08-17 11:00:00+02:00,0.062319595237216203
2023-08-17 11:15:00+02:00,0.051264252892914704
2023-08-17 11:30:00+02:00,0.04178775506881272
2023-08-17 11:45:00+02:00,0.03527402930074674
2023-08-17 12:00:00+02:00,0.028770952437566406
2023-08-17 12:15:00+02:00,0.029915798163233573
2023-08-17 12:30:00+02:00,0.031081231847866982
2023-08-17 12:45:00+02:00,0.03226659414740551
2023-08-17 13:00:00+02:00,0.03347124300490654
2023-08-17 13:15:00+02:00,0.028316412343403718
2023-08-17 13:30:00+02:00,0.02323437633040863
2023-08-17 13:45:00+02:00,0.018236800773062722
2023-08-17 14:00:00+02:00,0.013594053838830812
2023-08-17 14:15:00+02:00,0.012914867315816217
2023-08-17 14:30:00+02:00,0.012238016309272376
2023-08-17 14:45:00+02:00,0.011563621852232761
2023-08-17 15:00:00+02:00,0.010891813000718358
2023-08-17 15:15:00+02:00,0.013588278228912318
2023-08-17 15:30:00+02:00,0.019255745372126015
2023-08-17 15:45:00+02:00,0.025208172473233884
2023-08-17 16:00:00+02:00,0.031178759501326505
2023-08-17 16:15:00+02:00,0.03437795818993362
2023-08-17 16:30:00+02:00,0.03759367165587993
2023-08-17 16:45:00+02:00,0.04082454662985683
2023-08-17 17:00:00+02:00,0.04408443874236932
2023-08-17 17:15:00+02:00,0.044436028199714865
2023-08-17 17:30:00+02:00,0.04482039273227006
2023-08-17 17:45:00+02:00,0.04523734883718176
2023-08-17 18:00:00+02:00,0.045686698997244625
2023-08-17 18:15:00+02:00,0.04829320880585803
2023-08-17 18:30:00+02:00,0.05097998278877922
2023-08-17 18:45:00+02:00,0.05374400427299573
2023-08-17 19:00:00+02:00,0.056582325504691576
2023-08-17 19:15:00+02:00,0.06327557377139822
2023-08-17 19:30:00+02:00,0.07002059750666075
2023-08-17 19:45:00+02:00,0.07681298597246922
2023-08-17 20:00:00+02:00,0.0836487895084766
2023-08-17 20:15:00+02:00,0.0915259970073441
2023-08-17 20:30:00+02:00,0.10192669685144673
2023-08-17 20:45:00+02:00,0.11457652955253009
2023-08-17 21:00:00+02:00,0.1272305755647717
2023-08-17 21:15:00+02:00,0.1358703947527353
2023-08-17 21:30:00+02:00,0.14454910304846247
2023-08-17 21:45:00+02:00,0.15326454036799458
2023-08-17 22:00:00+02:00,0.16201469551798695
2023-08-17 22:15:00+02:00,0.164058932727981
2023-08-17 22:30:00+02:00,0.1662130299845543
2023-08-17 22:45:00+02:00,0.16847552030952914
2023-08-17 23:00:00+02:00,0.17084489088824517
2023-08-17 23:15:00+02:00,0.13460903513192743
2023-08-17 23:30:00+02:00,0.09887725610848717
2023-08-17 23:45:00+02:00,0.07564128534392975
2023-08-18 00:00:00+02:00,0.05430248754428315
2023-08-18 00:15:00+02:00,0.05032718987382035
2023-08-18 00:30:00+02:00,0.04693762067853311
2023-08-18 00:45:00+02:00,0.04416285359858936
2023-08-18 01:00:00+02:00,0.04285471337313891
2023-08-18 01:15:00+02:00,0.050494758963302355
2023-08-18 01:30:00+02:00,0.05912636135721681
2023-08-18 01:45:00+02:00,0.06790425470919671
2023-08-18 02:00:00+02:00,0.07681222083868618
2023-08-18 02:15:00+02:00,0.07963359322626097
2023-08-18 02:30:00+02:00,0.08247862942936876
2023-08-18 02:45:00+02:00,0.08534650862281742
2023-08-18 03:00:00+02:00,0.08823644136324656
2023-08-18 03:15:00+02:00,0.08859628366450353
2023-08-18 03:30:00+02:00,0.0889777437179616
2023-08-18 03:45:00+02:00,0.08938072260552561
2023-08-18 04:00:00+02:00,0.0898051164833341
2023-08-18 04:15:00+02:00,0.09034175903756692
2023-08-18 04:30:00+02:00,0.09090344518130687
2023-08-18 04:45:00+02:00,0.09149000759029037
2023-08-18 05:00:00+02:00,0.09210127311682267
2023-08-18 05:15:00+02:00,0.09348735019105973
2023-08-18 05:30:00+02:00,0.09499933963687121
2023-08-18 05:45:00+02:00,0.09747967565871798
2023-08-18 06:00:00+02:00,0.1002991008358586
2023-08-18 06:15:00+02:00,0.09760107762435523
2023-08-18 06:30:00+02:00,0.09511494036636042
2023-08-18 06:45:00+02:00,0.09360645298199628
2023-08-18 07:00:00+02:00,0.09218677759774267
2023-08-18 07:15:00+02:00,0.08523442814537432
2023-08-18 07:30:00+02:00,0.07838373853342108
2023-08-18 07:45:00+02:00,0.0716437007509158
2023-08-18 08:00:00+02:00,0.06502422645020595
2023-08-18 08:15:00+02:00,0.06163008838670258
2023-08-18 08:30:00+02:00,0.05859768241810882
2023-08-18 08:45:00+02:00,0.05594219789391608
2023-08-18 09:00:00+02:00,0.05367764105643006
2023-08-18 09:15:00+02:00,0.048778220948311614
2023-08-18 09:30:00+02:00,0.044186163146814464
2023-08-18 09:45:00+02:00,0.0416109639063126
2023-08-18 10:00:00+02:00,0.03929911216406861
2023-08-18 10:15:00+02:00,0.03791389050864099
2023-08-18 10:30:00+02:00,0.03675689671001192
2023-08-18 10:45:00+02:00,0.03583515755458181
2023-08-18 11:00:00+02:00,0.03515447842794593
2023-08-18 11:15:00+02:00,0.029390830361962012
2023-08-18 11:30:00+02:00,0.024005641903769696
2023-08-18 11:45:00+02:00,0.019062645731088273
2023-08-18 12:00:00+02:00,0.014633504027946323
2023-08-18 12:15:00+02:00,0.018325505466739046
2023-08-18 12:30:00+02:00,0.022197451614849067
2023-08-18 12:45:00+02:00,0.026229077510263363
2023-08-18 13:00:00+02:00,0.030402386727752424
2023-08-18 13:15:00+02:00,0.030182481608373564
2023-08-18 13:30:00+02:00,0.03070679681502793
2023-08-18 13:45:00+02:00,0.03196458037406391
2023-08-18 14:00:00+02:00,0.033930864486780773
2023-08-18 14:15:00+02:00,0.02935024740732261
2023-08-18 14:30:00+02:00,0.02569633253316239
2023-08-18 14:45:00+02:00,0.023070779131292116
2023-08-18 15:00:00+02:00,0.021555888512989937
2023-08-18 15:15:00+02:00,0.01453963486512876
2023-08-18 15:30:00+02:00,0.011022290829888502
2023-08-18 15:45:00+02:00,0.008007201618505171
2023-08-18 16:00:00+02:00,0.005126869726848868
2023-08-18 16:15:00+02:00,0.0026448941559835295
2023-08-18 16:30:00+02:00,0.00017973721364839836
2023-08-18 16:45:00+02:00,0.0
2023-08-18 17:00:00+02:00,0.0
2023-08-18 17:15:00+02:00,0.0
2023-08-18 17:30:00+02:00,0.0
2023-08-18 17:45:00+02:00,0.0
2023-08-18 18:00:00+02:00,0.0
2023-08-18 18:15:00+02:00,0.0
2023-08-18 18:30:00+02:00,0.0
2023-08-18 18:45:00+02:00,0.0
2023-08-18 19:00:00+02:00,0.0
2023-08-18 19:15:00+02:00,0.0
2023-08-18 19:30:00+02:00,0.00242511885865397
2023-08-18 19:45:00+02:00,0.00793064123372039
2023-08-18 20:00:00+02:00,0.013969792449154517
2023-08-18 20:15:00+02:00,0.02952158124432043
2023-08-18 20:30:00+02:00,0.04585495489866842
2023-08-18 20:45:00+02:00,0.07230037130541263
2023-08-18 21:00:00+02:00,0.10091880805634146
2023-08-18 21:15:00+02:00,0.11091047643807385
2023-08-18 21:30:00+02:00,0.12193128060376518
2023-08-18 21:45:00+02:00,0.13390551020356192
2023-08-18 22:00:00+02:00,0.14675907556270545
2023-08-18 22:15:00+02:00,0.14141540538295194
2023-08-18 22:30:00+02:00,0.13737402473726137
2023-08-18 22:45:00+02:00,0.13467001058132824
2023-08-18 23:00:00+02:00,0.1333275362124959
2023-08-18 23:15:00+02:00,0.14339155242057183
2023-08-18 23:30:00+02:00,0.1574101266563642
2023-08-18 23:45:00+02:00,0.17504432435445214
2023-08-19 00:00:00+02:00,0.2018313378211068
2023-08-19 00:15:00+02:00,0.20298512318860953
2023-08-19 00:30:00+02:00,0.20699718445736803
2023-08-19 00:45:00+02:00,0.21381740558510773
2023-08-19 01:00:00+02:00,0.2233632364729903
2023-08-19 01:15:00+02:00,0.2241533741507873
2023-08-19 01:30:00+02:00,0.22644529224885793
2023-08-19 01:45:00+02:00,0.23022429934940694
2023-08-19 02:00:00+02:00,0.23546658636006887
2023-08-19 02:15:00+02:00,0.23457213070849925
2023-08-19 02:30:00+02:00,0.23428310813840386
2023-08-19 02:45:00+02:00,0.2346002609255447
2023-08-19 03:00:00+02:00,0.2355227746140285
2023-08-19 03:15:00+02:00,0.24380298196834568
2023-08-19 03:30:00+02:00,0.25208457145537994
2023-08-19 03:45:00+02:00,0.260367496227387
2023-08-19 04:00:00+02:00,0.2686517115231325
2023-08-19 04:15:00+02:00,0.27917271034815894
2023-08-19 04:30:00+02:00,0.29099477385741884
2023-08-19 04:45:00+02:00,0.30487314394055764
2023-08-19 05:00:00+02:00,0.3188621868598897
2023-08-19 05:15:00+02:00,0.32559943137078806
2023-08-19 05:30:00+02:00,0.3330175895649766
2023-08-19 05:45:00+02:00,0.3411020730514564
2023-08-19 06:00:00+02:00,0.34983745343923167
2023-08-19 06:15:00+02:00,0.34710501864788745
2023-08-19 06:30:00+02:00,0.3453154653339747
2023-08-19 06:45:00+02:00,0.34447365105174194
2023-08-19 07:00:00+02:00,0.34458187234818805
2023-08-19 07:15:00+02:00,0.32658367305587577
2023-08-19 07:30:00+02:00,0.3101745674378349
2023-08-19 07:45:00+02:00,0.29543333272907224
2023-08-19 08:00:00+02:00,0.28318552424085
2023-08-19 08:15:00+02:00,0.2708143736606283
2023-08-19 08:30:00+02:00,0.2605738642194659
2023-08-19 08:45:00+02:00,0.2525542648575114
2023-08-19 09:00:00+02:00,0.24682984795975976
2023-08-19 09:15:00+02:00,0.2242370825075514
2023-08-19 09:30:00+02:00,0.20743291900249594
2023-08-19 09:45:00+02:00,0.1968533916807304
2023-08-19 10:00:00+02:00,0.19279546614174856
2023-08-19 10:15:00+02:00,0.17360913163799818
2023-08-19 10:30:00+02:00,0.1630542117658771
2023-08-19 10:45:00+02:00,0.15773244134497802
2023-08-19 11:00:00+02:00,0.15782037869356527
2023-08-19 11:15:00+02:00,0.15291296967087115
2023-08-19 11:30:00+02:00,0.15282512134597098
2023-08-19 11:45:00+02:00,0.15755951887472538
2023-08-19 12:00:00+02:00,0.16697421769398635
2023-08-19 12:15:00+02:00,0.17020177634487701
2023-08-19 12:30:00+02:00,0.17343978318889663
2023-08-19 12:45:00+02:00,0.17668803200637984
2023-08-19 13:00:00+02:00,0.18076426506894902
2023-08-19 13:15:00+02:00,0.23021173541820256
2023-08-19 13:30:00+02:00,0.2797380749629749
2023-08-19 13:45:00+02:00,0.34226920358215557
2023-08-19 14:00:00+02:00,0.4066422597337735
2023-08-19 14:15:00+02:00,0.38230228340108224
2023-08-19 14:30:00+02:00,0.3581984836380569
2023-08-19 14:45:00+02:00,0.3343474098151248
2023-08-19 15:00:00+02:00,0.3107669950602701
2023-08-19 15:15:00+02:00,0.2501247950983062
2023-08-19 15:30:00+02:00,0.19547279108202972
2023-08-19 15:45:00+02:00,0.14990719984232373
2023-08-19 16:00:00+02:00,0.10903526028957101
2023-08-19 16:15:00+02:00,0.08852878901751315
2023-08-19 16:30:00+02:00,0.07330030289848118
2023-08-19 16:45:00+02:00,0.05816737099340982
2023-08-19 17:00:00+02:00,0.04351814973968123
2023-08-19 17:15:00+02:00,0.035386959271786325
2023-08-19 17:30:00+02:00,0.027260241179497328
2023-08-19 17:45:00+02:00,0.019139130754696726
2023-08-19 18:00:00+02:00,0.012537934529186025
2023-08-19 18:15:00+02:00,0.008875185938247009
2023-08-19 18:30:00+02:00,0.0052159753512442675
2023-08-19 18:45:00+02:00,0.0015616337785694608
2023-08-19 19:00:00+02:00,0.0
2023-08-19 19:15:00+02:00,0.0
2023-08-19 19:30:00+02:00,0.0
2023-08-19 19:45:00+02:00,0.0
2023-08-19 20:00:00+02:00,0.0
2023-08-19 20:15:00+02:00,0.0
2023-08-19 20:30:00+02:00,0.0
2023-08-19 20:45:00+02:00,0.0
2023-08-19 21:00:00+02:00,0.0
2023-08-19 21:15:00+02:00,0.0
2023-08-19 21:30:00+02:00,0.0
2023-08-19 21:45:00+02:00,0.0
2023-08-19 22:00:00+02:00,0.0
2023-08-19 22:15:00+02:00,0.0
2023-08-19 22:30:00+02:00,0.0
2023-08-19 22:45:00+02:00,0.0
2023-08-19 23:00:00+02:00,0.0
2023-08-19 23:15:00+02:00,0.0
2023-08-19 23:30:00+02:00,0.0
2023-08-19 23:45:00+02:00,0.00023879076516109137
2023-08-20 00:00:00+02:00,0.003930482932095369
2023-08-20 00:15:00+02:00,0.005909526367823114
2023-08-20 00:30:00+02:00,0.007889037718183929
2023-08-20 00:45:00+02:00,0.00986894286012668
2023-08-20 01:00:00+02:00,0.0118491825305892
2023-08-20 01:15:00+02:00,0.012161933205381314
2023-08-20 01:30:00+02:00,0.01258249597768263
2023-08-20 01:45:00+02:00,0.013107531021483449
2023-08-20 02:00:00+02:00,0.013733059170864046
2023-08-20 02:15:00+02:00,0.013318504858521067
2023-08-20 02:30:00+02:00,0.01291629323037873
2023-08-20 02:45:00+02:00,0.01252679526338174
2023-08-20 03:00:00+02:00,0.012150384508382683
2023-08-20 03:15:00+02:00,0.011675040733576574
2023-08-20 03:30:00+02:00,0.011905306764711202
2023-08-20 03:45:00+02:00,0.012829133572516997
2023-08-20 04:00:00+02:00,0.015104217443594145
2023-08-20 04:15:00+02:00,0.019566295133794112
2023-08-20 04:30:00+02:00,0.0245784563673142
2023-08-20 04:45:00+02:00,0.0300634039900068
2023-08-20 05:00:00+02:00,0.035952225553857915
2023-08-20 05:15:00+02:00,0.03565286279511367
2023-08-20 05:30:00+02:00,0.03538565334898399
2023-08-20 05:45:00+02:00,0.035150827235526094
2023-08-20 06:00:00+02:00,0.03494858841266512
2023-08-20 06:15:00+02:00,0.02989243427468754
2023-08-20 06:30:00+02:00,0.024878296372987576
2023-08-20 06:45:00+02:00,0.01991270294003179
2023-08-20 07:00:00+02:00,0.015003522550966849
2023-08-20 07:15:00+02:00,0.010414483580704903
2023-08-20 07:30:00+02:00,0.006591800131323386
2023-08-20 07:45:00+02:00,0.0029309594541833493
2023-08-20 08:00:00+02:00,0.0
2023-08-20 08:15:00+02:00,0.0
2023-08-20 08:30:00+02:00,0.0
2023-08-20 08:45:00+02:00,0.0
2023-08-20 09:00:00+02:00,0.0
2023-08-20 09:15:00+02:00,0.0
2023-08-20 09:30:00+02:00,0.0
2023-08-20 09:45:00+02:00,0.0
2023-08-20 10:00:00+02:00,0.0
2023-08-20 10:15:00+02:00,0.0
2023-08-20 10:30:00+02:00,0.0
2023-08-20 10:45:00+02:00,0.0
2023-08-20 11:00:00+02:00,0.0
2023-08-20 11:15:00+02:00,0.0
2023-08-20 11:30:00+02:00,0.0
2023-08-20 11:45:00+02:00,0.0
2023-08-20 12:00:00+02:00,0.0
2023-08-20 12:15:00+02:00,0.0
2023-08-20 12:30:00+02:00,0.0
2023-08-20 12:45:00+02:00,0.0
2023-08-20 13:00:00+02:00,0.0
2023-08-20 13:15:00+02:00,0.0
2023-08-20 13:30:00+02:00,0.0
2023-08-20 13:45:00+02:00,0.0
2023-08-20 14:00:00+02:00,0.0
2023-08-20 14:15:00+02:00,0.0
2023-08-20 14:30:00+02:00,0.0
2023-08-20 14:45:00+02:00,0.0
2023-08-20 15:00:00+02:00,0.0
2023-08-20 15:15:00+02:00,0.0
2023-08-20 15:30:00+02:00,2.2376214956915898e-05
2023-08-20 15:45:00+02:00,0.0002478402976445412
2023-08-20 16:00:00+02:00,0.0004733194804585921
2023-08-20 16:15:00+02:00,0.0002567092502733812
2023-08-20 16:30:00+02:00,8.578940729159794e-05
2023-08-20 16:45:00+02:00,0.0
2023-08-20 17:00:00+02:00,0.0
2023-08-20 17:15:00+02:00,0.0024204998417694376
2023-08-20 17:30:00+02:00,0.00558476502845494
2023-08-20 17:45:00+02:00,0.009215514349783932
2023-08-20 18:00:00+02:00,0.013188424184121006
2023-08-20 18:15:00+02:00,0.020412875772282353
2023-08-20 18:30:00+02:00,0.029248708942933792
2023-08-20 18:45:00+02:00,0.03875724463310234
2023-08-20 19:00:00+02:00,0.05206912680358719
2023-08-20 19:15:00+02:00,0.06460144334781266
2023-08-20 19:30:00+02:00,0.07723688273017552
2023-08-20 19:45:00+02:00,0.08995985145716141
2023-08-20 20:00:00+02:00,0.10730438890045409
2023-08-20 20:15:00+02:00,0.11759357773468429
2023-08-20 20:30:00+02:00,0.1280407988777352
2023-08-20 20:45:00+02:00,0.13863514545377686
2023-08-20 21:00:00+02:00,0.1493665580547607
2023-08-20 21:15:00+02:00,0.15241726315160303
2023-08-20 21:30:00+02:00,0.15549604335490738
2023-08-20 21:45:00+02:00,0.15860235168548542
2023-08-20 22:00:00+02:00,0.16173565057828349
2023-08-20 22:15:00+02:00,0.15688328030515053
2023-08-20 22:30:00+02:00,0.15216514427638828
2023-08-20 22:45:00+02:00,0.14758534565009498
2023-08-20 23:00:00+02:00,0.1431480287362424
2023-08-20 23:15:00+02:00,0.13128634597319772
2023-08-20 23:30:00+02:00,0.11994777235852278
2023-08-20 23:45:00+02:00,0.10917421250984023
2023-08-21 00:00:00+02:00,0.09900972727160057
2023-08-21 00:15:00+02:00,0.09943818077608382
2023-08-21 00:30:00+02:00,0.09999014707249061
2023-08-21 00:45:00+02:00,0.10066513468217728
2023-08-21 01:00:00+02:00,0.10146254612310052
2023-08-21 01:15:00+02:00,0.09267539019336292
2023-08-21 01:30:00+02:00,0.08647777360670071
2023-08-21 01:45:00+02:00,0.08054306330227703
2023-08-21 02:00:00+02:00,0.07489112730933661
2023-08-21 02:15:00+02:00,0.07166995371590457
2023-08-21 02:30:00+02:00,0.06844909903237602
2023-08-21 02:45:00+02:00,0.0652285768970993
2023-08-21 03:00:00+02:00,0.062008401735803305
2023-08-21 03:15:00+02:00,0.0629579554512402
2023-08-21 03:30:00+02:00,0.06405393615322631
2023-08-21 03:45:00+02:00,0.06529421365114045
2023-08-21 04:00:00+02:00,0.06667642680448745
2023-08-21 04:15:00+02:00,0.06410743614836563
2023-08-21 04:30:00+02:00,0.06156536269262172
2023-08-21 04:45:00+02:00,0.059051140510196894
2023-08-21 05:00:00+02:00,0.056565736433351436
2023-08-21 05:15:00+02:00,0.04808104007995134
2023-08-21 05:30:00+02:00,0.041892449244899786
2023-08-21 05:45:00+02:00,0.03788518364327086
2023-08-21 06:00:00+02:00,0.034465626993933844
2023-08-21 06:15:00+02:00,0.03163522731206037
2023-08-21 06:30:00+02:00,0.02933467142847045
2023-08-21 06:45:00+02:00,0.027598957315091713
2023-08-21 07:00:00+02:00,0.02645654452387675
2023-08-21 07:15:00+02:00,0.028223433700074328
2023-08-21 07:30:00+02:00,0.030167508735965656
2023-08-21 07:45:00+02:00,0.03227930540238891
2023-08-21 08:00:00+02:00,0.03454929029542683
2023-08-21 08:15:00+02:00,0.03068218791262969
2023-08-21 08:30:00+02:00,0.02681643474959408
2023-08-21 08:45:00+02:00,0.02295218750311533
2023-08-21 09:00:00+02:00,0.019089628035052996
2023-08-21 09:15:00+02:00,0.017089201296021886
2023-08-21 09:30:00+02:00,0.015089254555613532
2023-08-21 09:45:00+02:00,0.0134808400954054
2023-08-21 10:00:00+02:00,0.012567962184099437
2023-08-21 10:15:00+02:00,0.01379767225948077
2023-08-21 10:30:00+02:00,0.01649070199580476
2023-08-21 10:45:00+02:00,0.019211094792260127
2023-08-21 11:00:00+02:00,0.021943656303637364
2023-08-21 11:15:00+02:00,0.02089910283373126
2023-08-21 11:30:00+02:00,0.01989944302704012
2023-08-21 11:45:00+02:00,0.018946081525962045
2023-08-21 12:00:00+02:00,0.018040413009469385
2023-08-21 12:15:00+02:00,0.016444284899787304
2023-08-21 12:30:00+02:00,0.015002895455053527
2023-08-21 12:45:00+02:00,0.013770295824495415
2023-08-21 13:00:00+02:00,0.013263277799634684
2023-08-21 13:15:00+02:00,0.01315158686006538
2023-08-21 13:30:00+02:00,0.013085596206697388
2023-08-21 13:45:00+02:00,0.013065528218645572
2023-08-21 14:00:00+02:00,0.01309145080784687
2023-08-21 14:15:00+02:00,0.013183676412563919
2023-08-21 14:30:00+02:00,0.013344548672280665
2023-08-21 14:45:00+02:00,0.013573263317866364
2023-08-21 15:00:00+02:00,0.013939095659264144
2023-08-21 15:15:00+02:00,0.013310126617478827
2023-08-21 15:30:00+02:00,0.0128102080687449
2023-08-21 15:45:00+02:00,0.012371142445119096
2023-08-21 16:00:00+02:00,0.011994953206187948
2023-08-21 16:15:00+02:00,0.011529775741905524
2023-08-21 16:30:00+02:00,0.011101646635251502
2023-08-21 16:45:00+02:00,0.010711807319828591
2023-08-21 17:00:00+02:00,0.010361436856244226
2023-08-21 17:15:00+02:00,0.0098281757261741
2023-08-21 17:30:00+02:00,0.009328978242668724
2023-08-21 17:45:00+02:00,0.008865242663364496
2023-08-21 18:00:00+02:00,0.008438337245452345
2023-08-21 18:15:00+02:00,0.008810423768506256
2023-08-21 18:30:00+02:00,0.009254428328094432
2023-08-21 18:45:00+02:00,0.009767788724914966
2023-08-21 19:00:00+02:00,0.010347691715980116
2023-08-21 19:15:00+02:00,0.013277642726548782
2023-08-21 19:30:00+02:00,0.01931439565061143
2023-08-21 19:45:00+02:00,0.026188558741304897
2023-08-21 20:00:00+02:00,0.033229062045921826
2023-08-21 20:15:00+02:00,0.0373777266738138
2023-08-21 20:30:00+02:00,0.04174956114913922
2023-08-21 20:45:00+02:00,0.04789594239219429
2023-08-21 21:00:00+02:00,0.05593610389356899
2023-08-21 21:15:00+02:00,0.06190881173697563
2023-08-21 21:30:00+02:00,0.06798056903768705
2023-08-21 21:45:00+02:00,0.07414369377743094
2023-08-21 22:00:00+02:00,0.08039117946954388
2023-08-21 22:15:00+02:00,0.0790089823152484
2023-08-21 22:30:00+02:00,0.07764397323801066
2023-08-21 22:45:00+02:00,0.07629644921040332
2023-08-21 23:00:00+02:00,0.07496671014892252
2023-08-21 23:15:00+02:00,0.06913794859061871
2023-08-21 23:30:00+02:00,0.06363146760089725
2023-08-21 23:45:00+02:00,0.05847155793870727
2023-08-22 00:00:00+02:00,0.05368324388180991
2023-08-22 00:15:00+02:00,0.04222219155355027
2023-08-22 00:30:00+02:00,0.03477620408964233
2023-08-22 00:45:00+02:00,0.027416640724420564
2023-08-22 01:00:00+02:00,0.020163161136215114
2023-08-22 01:15:00+02:00,0.01632966436561528
2023-08-22 01:30:00+02:00,0.013209867521814375
2023-08-22 01:45:00+02:00,0.011459444467072392
2023-08-22 02:00:00+02:00,0.009709207988120696
2023-08-22 02:15:00+02:00,0.006708829226308035
2023-08-22 02:30:00+02:00,0.003744160993398337
2023-08-22 02:45:00+02:00,0.0008263710621353037
2023-08-22 03:00:00+02:00,0.0
2023-08-22 03:15:00+02:00,0.0
2023-08-22 03:30:00+02:00,0.0
2023-08-22 03:45:00+02:00,0.0
2023-08-22 04:00:00+02:00,0.0
2023-08-22 04:15:00+02:00,0.0
2023-08-22 04:30:00+02:00,0.0007092054899923453
2023-08-22 04:45:00+02:00,0.001780708777261377
2023-08-22 05:00:00+02:00,0.002873362959054112
2023-08-22 05:15:00+02:00,0.0035879504590045942
2023-08-22 05:30:00+02:00,0.004311012228902142
2023-08-22 05:45:00+02:00,0.005041985454231427
2023-08-22 06:00:00+02:00,0.005780350692959092
2023-08-22 06:15:00+02:00,0.004724643349095671
2023-08-22 06:30:00+02:00,0.00366908680032474
2023-08-22 06:45:00+02:00,0.002613696841387259
2023-08-22 07:00:00+02:00,0.001558491549608831
2023-08-22 07:15:00+02:00,0.0
2023-08-22 07:30:00+02:00,0.0
2023-08-22 07:45:00+02:00,0.0
2023-08-22 08:00:00+02:00,0.0
2023-08-22 08:15:00+02:00,0.0
2023-08-22 08:30:00+02:00,0.0
2023-08-22 08:45:00+02:00,0.0
2023-08-22 09:00:00+02:00,0.0
2023-08-22 09:15:00+02:00,0.0
2023-08-22 09:30:00+02:00,0.0
2023-08-22 09:45:00+02:00,0.0
2023-08-22 10:00:00+02:00,0.0
2023-08-22 10:15:00+02:00,0.0
2023-08-22 10:30:00+02:00,0.0016811692939511871
2023-08-22 10:45:00+02:00,0.003815067706673469
2023-08-22 11:00:00+02:00,0.006021840238405224
2023-08-22 11:15:00+02:00,0.0056217703536522905
2023-08-22 11:30:00+02:00,0.005414345240337837
2023-08-22 11:45:00+02:00,0.005403195320563648
2023-08-22 12:00:00+02:00,0.005588518301609544
2023-08-22 12:15:00+02:00,0.007941480482522772
2023-08-22 12:30:00+02:00,0.010323113873166865
2023-08-22 12:45:00+02:00,0.012728341564032259
2023-08-22 13:00:00+02:00,0.016751674932747557
2023-08-22 13:15:00+02:00,0.021228585538760513
2023-08-22 13:30:00+02:00,0.025946958751797793
2023-08-22 13:45:00+02:00,0.03087508707328264
2023-08-22 14:00:00+02:00,0.03598550380320956
2023-08-22 14:15:00+02:00,0.034627748598254196
2023-08-22 14:30:00+02:00,0.033392740954943996
2023-08-22 14:45:00+02:00,0.032284646031908906
2023-08-22 15:00:00+02:00,0.031307362667889506
2023-08-22 15:15:00+02:00,0.03199743593235826
2023-08-22 15:30:00+02:00,0.03287864614531733
2023-08-22 15:45:00+02:00,0.03394643507809376
2023-08-22 16:00:00+02:00,0.03519547119972475
2023-08-22 16:15:00+02:00,0.030547807225634365
2023-08-22 16:30:00+02:00,0.026009347993462745
2023-08-22 16:45:00+02:00,0.021595189731490508
2023-08-22 17:00:00+02:00,0.01732280296520163
2023-08-22 17:15:00+02:00,0.01422853688226176
2023-08-22 17:30:00+02:00,0.012613727163067903
2023-08-22 17:45:00+02:00,0.011255323089739006
2023-08-22 18:00:00+02:00,0.009928792680708948
2023-08-22 18:15:00+02:00,0.009651096098148884
2023-08-22 18:30:00+02:00,0.009403694035503897
2023-08-22 18:45:00+02:00,0.009187197393634263
2023-08-22 19:00:00+02:00,0.00900215429517414
2023-08-22 19:15:00+02:00,0.008836374457078643
2023-08-22 19:30:00+02:00,0.008735642195445337
2023-08-22 19:45:00+02:00,0.008700498742665784
2023-08-22 20:00:00+02:00,0.008731134333543342
2023-08-22 20:15:00+02:00,0.00965189188749583
2023-08-22 20:30:00+02:00,0.010840107635119493
2023-08-22 20:45:00+02:00,0.012271888713377503
2023-08-22 21:00:00+02:00,0.01405593518454147
2023-08-22 21:15:00+02:00,0.01777539744783219
2023-08-22 21:30:00+02:00,0.022208167727985947
2023-08-22 21:45:00+02:00,0.027263223345180682
2023-08-22 22:00:00+02:00,0.032854618409502365
2023-08-22 22:15:00+02:00,0.03472892229781644
2023-08-22 22:30:00+02:00,0.03692843161791908
2023-08-22 22:45:00+02:00,0.03943470286865347
2023-08-22 23:00:00+02:00,0.04222837705001774
2023-08-22 23:15:00+02:00,0.04295788000565183
2023-08-22 23:30:00+02:00,0.0438009650450903
2023-08-22 23:45:00+02:00,0.045245612295153656
2023-08-23 00:00:00+02:00,0.04704506419471552
2023-08-23 00:15:00+02:00,0.04257190064125403
2023-08-23 00:30:00+02:00,0.03951261893575874
2023-08-23 00:45:00+02:00,0.03665547366453573
2023-08-23 01:00:00+02:00,0.03401608607025683
2023-08-23 01:15:00+02:00,0.026851361535396585
2023-08-23 01:30:00+02:00,0.01985036522135317
2023-08-23 01:45:00+02:00,0.013463263253414943
2023-08-23 02:00:00+02:00,0.010472990982743366
2023-08-23 02:15:00+02:00,0.007543662496615698
2023-08-23 02:30:00+02:00,0.0046839406785499525
2023-08-23 02:45:00+02:00,0.00191405272057128
2023-08-23 03:00:00+02:00,0.0
2023-08-23 03:15:00+02:00,0.0
2023-08-23 03:30:00+02:00,0.0
2023-08-23 03:45:00+02:00,0.0
2023-08-23 04:00:00+02:00,0.0
2023-08-23 04:15:00+02:00,0.0
2023-08-23 04:30:00+02:00,0.0
2023-08-23 04:45:00+02:00,0.0
2023-08-23 05:00:00+02:00,0.0
2023-08-23 05:15:00+02:00,0.0
2023-08-23 05:30:00+02:00,0.0
2023-08-23 05:45:00+02:00,0.0
2023-08-23 06:00:00+02:00,0.0
2023-08-23 06:15:00+02:00,0.0
2023-08-23 06:30:00+02:00,0.0
2023-08-23 06:45:00+02:00,0.0
2023-08-23 07:00:00+02:00,0.0
2023-08-23 07:15:00+02:00,0.0
2023-08-23 07:30:00+02:00,0.0
2023-08-23 07:45:00+02:00,0.0
2023-08-23 08:00:00+02:00,0.0
2023-08-23 08:15:00+02:00,0.0
2023-08-23 08:30:00+02:00,0.0
2023-08-23 08:45:00+02:00,0.0
2023-08-23 09:00:00+02:00,0.0
2023-08-23 09:15:00+02:00,0.0
2023-08-23 09:30:00+02:00,0.0
2023-08-23 09:45:00+02:00,0.0
2023-08-23 10:00:00+02:00,0.0
2023-08-23 10:15:00+02:00,0.0
2023-08-23 10:30:00+02:00,0.0
2023-08-23 10:45:00+02:00,0.0
2023-08-23 11:00:00+02:00,0.0
2023-08-23 11:15:00+02:00,0.0
2023-08-23 11:30:00+02:00,0.0
2023-08-23 11:45:00+02:00,0.0
2023-08-23 12:00:00+02:00,0.0
2023-08-23 12:15:00+02:00,0.0
2023-08-23 12:30:00+02:00,0.0
2023-08-23 12:45:00+02:00,0.0
2023-08-23 13:00:00+02:00,0.0
2023-08-23 13:15:00+02:00,0.0
2023-08-23 13:30:00+02:00,0.0
2023-08-23 13:45:00+02:00,0.0
2023-08-23 14:00:00+02:00,0.0010028011382369154
2023-08-23 14:15:00+02:00,0.002120992016795522
2023-08-23 14:30:00+02:00,0.0032458130192308822
2023-08-23 14:45:00+02:00,0.004376564897692351
2023-08-23 15:00:00+02:00,0.00551264041287377
2023-08-23 15:15:00+02:00,0.0078092710912321004
2023-08-23 15:30:00+02:00,0.010108746228831664
2023-08-23 15:45:00+02:00,0.012410575634454649
2023-08-23 16:00:00+02:00,0.015790836508376004
2023-08-23 16:15:00+02:00,0.015176146470738179
2023-08-23 16:30:00+02:00,0.014891838306084332
2023-08-23 16:45:00+02:00,0.014940980153364099
2023-08-23 17:00:00+02:00,0.01532303899643538
2023-08-23 17:15:00+02:00,0.0138681757078372
2023-08-23 17:30:00+02:00,0.013289079465865572
2023-08-23 17:45:00+02:00,0.012863797598879885
2023-08-23 18:00:00+02:00,0.01256433623290087
2023-08-23 18:15:00+02:00,0.011310139069832323
2023-08-23 18:30:00+02:00,0.010177907860348886
2023-08-23 18:45:00+02:00,0.009178902589550654
2023-08-23 19:00:00+02:00,0.008324233594367717
2023-08-23 19:15:00+02:00,0.00982129330023054
2023-08-23 19:30:00+02:00,0.011358952609102788
2023-08-23 19:45:00+02:00,0.012932593350072368
2023-08-23 20:00:00+02:00,0.015405043581351315
2023-08-23 20:15:00+02:00,0.019798802153652574
2023-08-23 20:30:00+02:00,0.025390386992807375
2023-08-23 20:45:00+02:00,0.03199544354964502
2023-08-23 21:00:00+02:00,0.039441493220654086
2023-08-23 21:15:00+02:00,0.04124700076377449
2023-08-23 21:30:00+02:00,0.04776105151592098
2023-08-23 21:45:00+02:00,0.06099707232777007
2023-08-23 22:00:00+02:00,0.0782211884530384
2023-08-23 22:15:00+02:00,0.08047938706903644
2023-08-23 22:30:00+02:00,0.08504814076911851
2023-08-23 22:45:00+02:00,0.09180206673931521
2023-08-23 23:00:00+02:00,0.10379677907357175
2023-08-23 23:15:00+02:00,0.103507010159515
2023-08-23 23:30:00+02:00,0.10560465515378809
2023-08-23 23:45:00+02:00,0.11005440938665122
2023-08-24 00:00:00+02:00,0.11678363995506302
2023-08-24 00:15:00+02:00,0.11600420998906558
2023-08-24 00:30:00+02:00,0.11646403533723097
2023-08-24 00:45:00+02:00,0.1181591737121228
2023-08-24 01:00:00+02:00,0.12107523511145167
2023-08-24 01:15:00+02:00,0.09931531374252603
2023-08-24 01:30:00+02:00,0.08600725233587038
2023-08-24 01:45:00+02:00,0.07629104002617589
2023-08-24 02:00:00+02:00,0.06889143024768936
2023-08-24 02:15:00+02:00,0.06523358128068414
2023-08-24 02:30:00+02:00,0.0627203871235968
2023-08-24 02:45:00+02:00,0.06139070766091105
2023-08-24 03:00:00+02:00,0.061265811969381356
2023-08-24 03:15:00+02:00,0.059672212973439866
2023-08-24 03:30:00+02:00,0.05824873377676552
2023-08-24 03:45:00+02:00,0.056998711302569526
2023-08-24 04:00:00+02:00,0.05592514813860976
2023-08-24 04:15:00+02:00,0.06187816566591362
2023-08-24 04:30:00+02:00,0.06913701393933651
2023-08-24 04:45:00+02:00,0.07758239055951727
2023-08-24 05:00:00+02:00,0.08709301305533003
2023-08-24 05:15:00+02:00,0.11423804955761527
2023-08-24 05:30:00+02:00,0.14869619744621335
2023-08-24 05:45:00+02:00,0.18749458579579423
2023-08-24 06:00:00+02:00,0.23743216179688217
2023-08-24 06:15:00+02:00,0.235785093801908
2023-08-24 06:30:00+02:00,0.23416053004238108
2023-08-24 06:45:00+02:00,0.23255862605173996
2023-08-24 07:00:00+02:00,0.2309795366005267
2023-08-24 07:15:00+02:00,0.22724394443708615
2023-08-24 07:30:00+02:00,0.2243480146455884
2023-08-24 07:45:00+02:00,0.22230224462338205
2023-08-24 08:00:00+02:00,0.2211141555938575
2023-08-24 08:15:00+02:00,0.20855835156422892
2023-08-24 08:30:00+02:00,0.19879882360053494
2023-08-24 08:45:00+02:00,0.19195877562279606
2023-08-24 09:00:00+02:00,0.1881288810296818
2023-08-24 09:15:00+02:00,0.15319387354754588
2023-08-24 09:30:00+02:00,0.12091457458192813
2023-08-24 09:45:00+02:00,0.09116756519689052
2023-08-24 10:00:00+02:00,0.07115151885718957
2023-08-24 10:15:00+02:00,0.06416699772067837
2023-08-24 10:30:00+02:00,0.05719040793570296
2023-08-24 10:45:00+02:00,0.05022253647566277
2023-08-24 11:00:00+02:00,0.04358490059883728
2023-08-24 11:15:00+02:00,0.022195788662867474
2023-08-24 11:30:00+02:00,0.007910397331712267
2023-08-24 11:45:00+02:00,0.0
2023-08-24 12:00:00+02:00,0.0
2023-08-24 12:15:00+02:00,0.0
2023-08-24 12:30:00+02:00,0.0
2023-08-24 12:45:00+02:00,0.0002641629873855443
2023-08-24 13:00:00+02:00,0.008391632145926281
2023-08-24 13:15:00+02:00,0.008866977808969782
2023-08-24 13:30:00+02:00,0.009342787702358564
2023-08-24 13:45:00+02:00,0.009819044126044731
2023-08-24 14:00:00+02:00,0.010295730253116413
2023-08-24 14:15:00+02:00,0.022287569544654613
2023-08-24 14:30:00+02:00,0.03846296874033529
2023-08-24 14:45:00+02:00,0.061980426504303625
2023-08-24 15:00:00+02:00,0.08936997170062182
2023-08-24 15:15:00+02:00,0.11682968768800928
2023-08-24 15:30:00+02:00,0.1486171702971342
2023-08-24 15:45:00+02:00,0.18219945270165774
2023-08-24 16:00:00+02:00,0.22563094068637948
2023-08-24 16:15:00+02:00,0.1966219051732984
2023-08-24 16:30:00+02:00,0.16997448104290955
2023-08-24 16:45:00+02:00,0.14797882650184932
2023-08-24 17:00:00+02:00,0.12598329917601023
2023-08-24 17:15:00+02:00,0.11609307262071271
2023-08-24 17:30:00+02:00,0.1122140063192636
2023-08-24 17:45:00+02:00,0.11450881828431506
2023-08-24 18:00:00+02:00,0.12288055787099475
2023-08-24 18:15:00+02:00,0.1127157760139785
2023-08-24 18:30:00+02:00,0.10516756273083196
2023-08-24 18:45:00+02:00,0.10037842313009727
2023-08-24 19:00:00+02:00,0.09844413736885643
2023-08-24 19:15:00+02:00,0.08386128002667304
2023-08-24 19:30:00+02:00,0.07247699291969541
2023-08-24 19:45:00+02:00,0.0633867582183424
2023-08-24 20:00:00+02:00,0.056878277898853725
2023-08-24 20:15:00+02:00,0.06434976066190912
2023-08-24 20:30:00+02:00,0.07389026184052162
2023-08-24 20:45:00+02:00,0.08525914786391146
2023-08-24 21:00:00+02:00,0.10001610086478015
2023-08-24 21:15:00+02:00,0.11489197059771042
2023-08-24 21:30:00+02:00,0.13007816161502467
2023-08-24 21:45:00+02:00,0.14554400861235756
2023-08-24 22:00:00+02:00,0.1612622954537761
2023-08-24 22:15:00+02:00,0.16705048993449617
2023-08-24 22:30:00+02:00,0.1728481638591949
2023-08-24 22:45:00+02:00,0.17906119639856938
2023-08-24 23:00:00+02:00,0.18673110738802445
2023-08-24 23:15:00+02:00,0.11080169604798672
2023-08-24 23:30:00+02:00,0.0768551260377812
2023-08-24 23:45:00+02:00,0.07311452885773377
2023-08-25 00:00:00+02:00,0.09478669882788167
2023-08-25 00:15:00+02:00,0.055192061645995806
2023-08-25 00:30:00+02:00,0.028481620651609956
2023-08-25 00:45:00+02:00,0.011403634702417918
2023-08-25 01:00:00+02:00,0.00418453069072702
2023-08-25 01:15:00+02:00,0.009964370984349453
2023-08-25 01:30:00+02:00,0.024914921255640727
2023-08-25 01:45:00+02:00,0.05096115918957791
2023-08-25 02:00:00+02:00,0.09363335701892984
2023-08-25 02:15:00+02:00,0.08279538217806484
2023-08-25 02:30:00+02:00,0.0721778491662518
2023-08-25 02:45:00+02:00,0.06181231440457254
2023-08-25 03:00:00+02:00,0.05173566644097879
2023-08-25 03:15:00+02:00,0.0416989143678842
2023-08-25 03:30:00+02:00,0.034977873739420184
2023-08-25 03:45:00+02:00,0.028458150448077184
2023-08-25 04:00:00+02:00,0.02217949238287133
2023-08-25 04:15:00+02:00,0.021434567020032217
2023-08-25 04:30:00+02:00,0.021184113234054204
2023-08-25 04:45:00+02:00,0.021431909208280073
2023-08-25 05:00:00+02:00,0.022174216653597464
2023-08-25 05:15:00+02:00,0.03119069131618815
2023-08-25 05:30:00+02:00,0.040220816938902705
2023-08-25 05:45:00+02:00,0.05287454288400911
2023-08-25 06:00:00+02:00,0.06819441885875724
2023-08-25 06:15:00+02:00,0.06824011130252301
2023-08-25 06:30:00+02:00,0.07063599804715939
2023-08-25 06:45:00+02:00,0.07531051950504017
2023-08-25 07:00:00+02:00,0.0821321278072839
2023-08-25 07:15:00+02:00,0.08683637094676705
2023-08-25 07:30:00+02:00,0.09225826752295324
2023-08-25 07:45:00+02:00,0.10023605068495792
2023-08-25 08:00:00+02:00,0.11102063952004187
2023-08-25 08:15:00+02:00,0.14251656031653095
2023-08-25 08:30:00+02:00,0.1752090648858169
2023-08-25 08:45:00+02:00,0.21891576949894861
2023-08-25 09:00:00+02:00,0.2643661067758508
2023-08-25 09:15:00+02:00,0.2569968391068225
2023-08-25 09:30:00+02:00,0.2506621028236677
2023-08-25 09:45:00+02:00,0.24538928037398627
2023-08-25 10:00:00+02:00,0.24120190444639916
2023-08-25 10:15:00+02:00,0.22681077908763264
2023-08-25 10:30:00+02:00,0.2142753602927341
2023-08-25 10:45:00+02:00,0.20369884140078479
2023-08-25 11:00:00+02:00,0.19517430413749104
2023-08-25 11:15:00+02:00,0.14418753480853957
2023-08-25 11:30:00+02:00,0.09878116539115493
2023-08-25 11:45:00+02:00,0.07023933928006282
2023-08-25 12:00:00+02:00,0.044556403783367324
2023-08-25 12:15:00+02:00,0.05553078574123977
2023-08-25 12:30:00+02:00,0.06873343797415486
2023-08-25 12:45:00+02:00,0.08380368274170906
2023-08-25 13:00:00+02:00,0.10355064152365787
2023-08-25 13:15:00+02:00,0.09891590676070293
2023-08-25 13:30:00+02:00,0.09471099327172094
2023-08-25 13:45:00+02:00,0.09196348085624623
2023-08-25 14:00:00+02:00,0.08928988677557974
2023-08-25 14:15:00+02:00,0.09315309493329021
2023-08-25 14:30:00+02:00,0.09966245990081397
2023-08-25 14:45:00+02:00,0.1089172063970846
2023-08-25 15:00:00+02:00,0.11956189399629781
2023-08-25 15:15:00+02:00,0.12866685387290921
2023-08-25 15:30:00+02:00,0.1397830207932323
2023-08-25 15:45:00+02:00,0.15276717760007327
2023-08-25 16:00:00+02:00,0.16746868292959075
2023-08-25 16:15:00+02:00,0.18521658158567883
2023-08-25 16:30:00+02:00,0.2077914777065621
2023-08-25 16:45:00+02:00,0.23187274451940013
2023-08-25 17:00:00+02:00,0.2573113063880227
2023-08-25 17:15:00+02:00,0.25546089591287025
2023-08-25 17:30:00+02:00,0.2570712000578291
2023-08-25 17:45:00+02:00,0.26211946494497324
2023-08-25 18:00:00+02:00,0.2705356314643752
2023-08-25 18:15:00+02:00,0.25296871630604045
2023-08-25 18:30:00+02:00,0.24034950299049523
2023-08-25 18:45:00+02:00,0.23294351519517498
2023-08-25 19:00:00+02:00,0.23091540840845468
2023-08-25 19:15:00+02:00,0.20620940227286041
2023-08-25 19:30:00+02:00,0.18178264535124522
2023-08-25 19:45:00+02:00,0.16243346949515847
2023-08-25 20:00:00+02:00,0.14441298925873372
2023-08-25 20:15:00+02:00,0.12863456407497956
2023-08-25 20:30:00+02:00,0.1129094406136688
2023-08-25 20:45:00+02:00,0.09724371149850661
2023-08-25 21:00:00+02:00,0.08676666559336176
2023-08-25 21:15:00+02:00,0.09060513728438849
2023-08-25 21:30:00+02:00,0.09444406494475586
2023-08-25 21:45:00+02:00,0.10012479247535525
2023-08-25 22:00:00+02:00,0.10628629984515961
2023-08-25 22:15:00+02:00,0.10926198717825811
2023-08-25 22:30:00+02:00,0.11228025573030866
2023-08-25 22:45:00+02:00,0.11534021053941877
2023-08-25 23:00:00+02:00,0.11844096970038942
2023-08-25 23:15:00+02:00,0.13955243346319265
2023-08-25 23:30:00+02:00,0.16537251077317586
2023-08-25 23:45:00+02:00,0.20086491354054764
2023-08-26 00:00:00+02:00,0.244588671746676
2023-08-26 00:15:00+02:00,0.2535880002541614
2023-08-26 00:30:00+02:00,0.26264797142434443
2023-08-26 00:45:00+02:00,0.2717663710012303
2023-08-26 01:00:00+02:00,0.28094107796172685
2023-08-26 01:15:00+02:00,0.30349300422520514
2023-08-26 01:30:00+02:00,0.32783889550698403
2023-08-26 01:45:00+02:00,0.3525362541696924
2023-08-26 02:00:00+02:00,0.37756086040192866
2023-08-26 02:15:00+02:00,0.3855530352985027
2023-08-26 02:30:00+02:00,0.39794271451858765
2023-08-26 02:45:00+02:00,0.41458294615300234
2023-08-26 03:00:00+02:00,0.4363656311381642
2023-08-26 03:15:00+02:00,0.4358336168348442
2023-08-26 03:30:00+02:00,0.4372839177057106
2023-08-26 03:45:00+02:00,0.4407097514167996
2023-08-26 04:00:00+02:00,0.44609521925406453
2023-08-26 04:15:00+02:00,0.43651033403508954
2023-08-26 04:30:00+02:00,0.4277883617817609
2023-08-26 04:45:00+02:00,0.4206095022139626
2023-08-26 05:00:00+02:00,0.41440253522745923
2023-08-26 05:15:00+02:00,0.4193353029356195
2023-08-26 05:30:00+02:00,0.4245511289289082
2023-08-26 05:45:00+02:00,0.4305035306703658
2023-08-26 06:00:00+02:00,0.43695813762719
2023-08-26 06:15:00+02:00,0.4414421059973188
2023-08-26 06:30:00+02:00,0.44632130807414716
2023-08-26 06:45:00+02:00,0.45159123308304666
2023-08-26 07:00:00+02:00,0.45724708578048845
2023-08-26 07:15:00+02:00,0.44545934190283687
2023-08-26 07:30:00+02:00,0.43390026633201323
2023-08-26 07:45:00+02:00,0.4229595188187811
2023-08-26 08:00:00+02:00,0.4130522908132568
2023-08-26 08:15:00+02:00,0.38229461909862145
2023-08-26 08:30:00+02:00,0.3518702214893714
2023-08-26 08:45:00+02:00,0.3218089376969213
2023-08-26 09:00:00+02:00,0.29214385397837794
2023-08-26 09:15:00+02:00,0.30715381944804204
2023-08-26 09:30:00+02:00,0.3229072188832638
2023-08-26 09:45:00+02:00,0.33937017125419483
2023-08-26 10:00:00+02:00,0.35650943255250683
2023-08-26 10:15:00+02:00,0.38869818646428644
2023-08-26 10:30:00+02:00,0.42439386426453923
2023-08-26 10:45:00+02:00,0.46767263620474947
2023-08-26 11:00:00+02:00,0.5143804041812792
2023-08-26 11:15:00+02:00,0.4417122918661147
2023-08-26 11:30:00+02:00,0.3753249954057282
2023-08-26 11:45:00+02:00,0.310846138574057
2023-08-26 12:00:00+02:00,0.25561402435400904
2023-08-26 12:15:00+02:00,0.2575496193467402
2023-08-26 12:30:00+02:00,0.25962831089877214
2023-08-26 12:45:00+02:00,0.2618488840352226
2023-08-26 13:00:00+02:00,0.2642100559966598
2023-08-26 13:15:00+02:00,0.2464646150046807
2023-08-26 13:30:00+02:00,0.22881808939374723
2023-08-26 13:45:00+02:00,0.21127813611559695
2023-08-26 14:00:00+02:00,0.193853169409368
2023-08-26 14:15:00+02:00,0.20022658869120477
2023-08-26 14:30:00+02:00,0.20661479607230343
2023-08-26 14:45:00+02:00,0.2130173782020334
2023-08-26 15:00:00+02:00,0.21943393611318648
2023-08-26 15:15:00+02:00,0.22106024152853804
2023-08-26 15:30:00+02:00,0.22268744967214044
2023-08-26 15:45:00+02:00,0.22431555422090294
2023-08-26 16:00:00+02:00,0.22594454890721655
2023-08-26 16:15:00+02:00,0.2221651105091246
2023-08-26 16:30:00+02:00,0.2184321335538559
2023-08-26 16:45:00+02:00,0.21474637501689298
2023-08-26 17:00:00+02:00,0.2111085985171411
2023-08-26 17:15:00+02:00,0.2066199455103215
2023-08-26 17:30:00+02:00,0.2023025940077085
2023-08-26 17:45:00+02:00,0.19815985167430542
2023-08-26 18:00:00+02:00,0.1941949729223167
2023-08-26 18:15:00+02:00,0.17643846150222722
2023-08-26 18:30:00+02:00,0.16281933669372595
2023-08-26 18:45:00+02:00,0.14927904044596188
2023-08-26 19:00:00+02:00,0.13582466805092613
2023-08-26 19:15:00+02:00,0.137590758424497
2023-08-26 19:30:00+02:00,0.13937624832623227
2023-08-26 19:45:00+02:00,0.14118091020473997
2023-08-26 20:00:00+02:00,0.14300451766711106
2023-08-26 20:15:00+02:00,0.1322612332001263
2023-08-26 20:30:00+02:00,0.12152379400506341
2023-08-26 20:45:00+02:00,0.11079264179813281
2023-08-26 21:00:00+02:00,0.10006826365116582
2023-08-26 21:15:00+02:00,0.09353009706933277
2023-08-26 21:30:00+02:00,0.089507257200606
2023-08-26 21:45:00+02:00,0.08621366367862937
2023-08-26 22:00:00+02:00,0.083678801616486
2023-08-26 22:15:00+02:00,0.08498068430112986
2023-08-26 22:30:00+02:00,0.08668225038998112
2023-08-26 22:45:00+02:00,0.08877532226890811
2023-08-26 23:00:00+02:00,0.09125014339532052
2023-08-26 23:15:00+02:00,0.08504286005450969
2023-08-26 23:30:00+02:00,0.07885281778408049
2023-08-26 23:45:00+02:00,0.07268138837382933
2023-08-27 00:00:00+02:00,0.06653008827497535
2023-08-27 00:15:00+02:00,0.06868714307609458
2023-08-27 00:30:00+02:00,0.07086864524430683
2023-08-27 00:45:00+02:00,0.07307391041777765
2023-08-27 01:00:00+02:00,0.07530227249509829
2023-08-27 01:15:00+02:00,0.07481470065602565
2023-08-27 01:30:00+02:00,0.07441364408726202
2023-08-27 01:45:00+02:00,0.07409954608744038
2023-08-27 02:00:00+02:00,0.07387275595376881
2023-08-27 02:15:00+02:00,0.07857392654739445
2023-08-27 02:30:00+02:00,0.08328516608182578
2023-08-27 02:45:00+02:00,0.08800590238230925
2023-08-27 03:00:00+02:00,0.09273560479150794
2023-08-27 03:15:00+02:00,0.10600439226735722
2023-08-27 03:30:00+02:00,0.1219367281539462
2023-08-27 03:45:00+02:00,0.13889847930364616
2023-08-27 04:00:00+02:00,0.1567787397138963
2023-08-27 04:15:00+02:00,0.15678910268124777
2023-08-27 04:30:00+02:00,0.157038551835107
2023-08-27 04:45:00+02:00,0.15752670891252984
2023-08-27 05:00:00+02:00,0.15825283597981318
2023-08-27 05:15:00+02:00,0.15698049902862685
2023-08-27 05:30:00+02:00,0.1560562002301509
2023-08-27 05:45:00+02:00,0.15548198875962282
2023-08-27 06:00:00+02:00,0.1552591457473347
2023-08-27 06:15:00+02:00,0.15548228091455504
2023-08-27 06:30:00+02:00,0.15570927204246396
2023-08-27 06:45:00+02:00,0.1559401135610237
2023-08-27 07:00:00+02:00,0.1561747998167105
2023-08-27 07:15:00+02:00,0.1589701365679666
2023-08-27 07:30:00+02:00,0.16176670890420056
2023-08-27 07:45:00+02:00,0.16456449523097547
2023-08-27 08:00:00+02:00,0.1673634744450996
2023-08-27 08:15:00+02:00,0.15489037172216533
2023-08-27 08:30:00+02:00,0.142576990835644
2023-08-27 08:45:00+02:00,0.1304365636003008
2023-08-27 09:00:00+02:00,0.11848360587465473
2023-08-27 09:15:00+02:00,0.12974524195780543
2023-08-27 09:30:00+02:00,0.14134259358206483
2023-08-27 09:45:00+02:00,0.15325074235199518
2023-08-27 10:00:00+02:00,0.165446601839526
2023-08-27 10:15:00+02:00,0.15958324747070607
2023-08-27 10:30:00+02:00,0.15381056166792445
2023-08-27 10:45:00+02:00,0.1481319313631471
2023-08-27 11:00:00+02:00,0.14255085487670086
2023-08-27 11:15:00+02:00,0.12010410170040668
2023-08-27 11:30:00+02:00,0.09795955778124672
2023-08-27 11:45:00+02:00,0.08335413798700633
2023-08-27 12:00:00+02:00,0.07003337400539819
2023-08-27 12:15:00+02:00,0.09830491063932027
2023-08-27 12:30:00+02:00,0.14211578880400055
2023-08-27 12:45:00+02:00,0.18894267808491402
2023-08-27 13:00:00+02:00,0.24723433097647504
2023-08-27 13:15:00+02:00,0.22159856848759393
2023-08-27 13:30:00+02:00,0.19876675945991815
2023-08-27 13:45:00+02:00,0.1790336950117547
2023-08-27 14:00:00+02:00,0.16624028486921746
2023-08-27 14:15:00+02:00,0.18329430426456697
2023-08-27 14:30:00+02:00,0.20413125203183385
2023-08-27 14:45:00+02:00,0.22517835299332478
2023-08-27 15:00:00+02:00,0.2464171530347694
2023-08-27 15:15:00+02:00,0.25731702351351826
2023-08-27 15:30:00+02:00,0.26884253701338123
2023-08-27 15:45:00+02:00,0.28096498783170093
2023-08-27 16:00:00+02:00,0.2960123923241841
2023-08-27 16:15:00+02:00,0.301248524264647
2023-08-27 16:30:00+02:00,0.30759204020678976
2023-08-27 16:45:00+02:00,0.3150221293163887
2023-08-27 17:00:00+02:00,0.32351507313707323
2023-08-27 17:15:00+02:00,0.32136492118364823
2023-08-27 17:30:00+02:00,0.3251663510152432
2023-08-27 17:45:00+02:00,0.33485362587900225
2023-08-27 18:00:00+02:00,0.3502635213069795
2023-08-27 18:15:00+02:00,0.3408757783284327
2023-08-27 18:30:00+02:00,0.33207860728098787
2023-08-27 18:45:00+02:00,0.32388726622333186
2023-08-27 19:00:00+02:00,0.31631643832634876
2023-08-27 19:15:00+02:00,0.2907499984555598
2023-08-27 19:30:00+02:00,0.2699042349910522
2023-08-27 19:45:00+02:00,0.25023555574081563
2023-08-27 20:00:00+02:00,0.23059380606440816
2023-08-27 20:15:00+02:00,0.21066584954125653
2023-08-27 20:30:00+02:00,0.1907531489586801
2023-08-27 20:45:00+02:00,0.17243431072135537
2023-08-27 21:00:00+02:00,0.15736216281329002
2023-08-27 21:15:00+02:00,0.14690012488030924
2023-08-27 21:30:00+02:00,0.137431445348251
2023-08-27 21:45:00+02:00,0.12901961051387806
2023-08-27 22:00:00+02:00,0.12172562623070116
2023-08-27 22:15:00+02:00,0.12323450678508878
2023-08-27 22:30:00+02:00,0.12620483290308843
2023-08-27 22:45:00+02:00,0.1306074116629987
2023-08-27 23:00:00+02:00,0.13640038221130757
2023-08-27 23:15:00+02:00,0.14209669079014534
2023-08-27 23:30:00+02:00,0.14781934701576174
2023-08-27 23:45:00+02:00,0.15356738651057694
2023-08-28 00:00:00+02:00,0.15933988741937788
2023-08-28 00:15:00+02:00,0.15973462984586495
2023-08-28 00:30:00+02:00,0.16092657637201221
2023-08-28 00:45:00+02:00,0.16290976809336974
2023-08-28 01:00:00+02:00,0.16567442111943323
2023-08-28 01:15:00+02:00,0.16537564722662987
2023-08-28 01:30:00+02:00,0.1653463812524366
2023-08-28 01:45:00+02:00,0.16558667238426383
2023-08-28 02:00:00+02:00,0.166096117117878
2023-08-28 02:15:00+02:00,0.15587353659072015
2023-08-28 02:30:00+02:00,0.1459462474662283
2023-08-28 02:45:00+02:00,0.13633371483078555
2023-08-28 03:00:00+02:00,0.12705645023675297
2023-08-28 03:15:00+02:00,0.11463103173480252
2023-08-28 03:30:00+02:00,0.10220745090736628
2023-08-28 03:45:00+02:00,0.09184033589662288
2023-08-28 04:00:00+02:00,0.08410072407104563
2023-08-28 04:15:00+02:00,0.08024734082577814
2023-08-28 04:30:00+02:00,0.0778731544120183
2023-08-28 04:45:00+02:00,0.07702248548394593
2023-08-28 05:00:00+02:00,0.0777116416636866
2023-08-28 05:15:00+02:00,0.08130033670729053
2023-08-28 05:30:00+02:00,0.08495381879578219
2023-08-28 05:45:00+02:00,0.0886692405443281
2023-08-28 06:00:00+02:00,0.09244387483498702
2023-08-28 06:15:00+02:00,0.088715308193384
2023-08-28 06:30:00+02:00,0.0851179073494361
2023-08-28 06:45:00+02:00,0.08165751285438701
2023-08-28 07:00:00+02:00,0.07834007442505113
2023-08-28 07:15:00+02:00,0.07297100650504813
2023-08-28 07:30:00+02:00,0.06767190474172308
2023-08-28 07:45:00+02:00,0.062447753341971314
2023-08-28 08:00:00+02:00,0.057303940252833085
2023-08-28 08:15:00+02:00,0.041800610781006546
2023-08-28 08:30:00+02:00,0.03178368961454848
2023-08-28 08:45:00+02:00,0.02184576596811477
2023-08-28 09:00:00+02:00,0.012989215393192925
2023-08-28 09:15:00+02:00,0.012313553478374845
2023-08-28 09:30:00+02:00,0.011944275307441046
2023-08-28 09:45:00+02:00,0.011889972827055267
2023-08-28 10:00:00+02:00,0.012151936242063042
2023-08-28 10:15:00+02:00,0.009823631324909814
2023-08-28 10:30:00+02:00,0.007624699899860346
2023-08-28 10:45:00+02:00,0.005580858334275463
2023-08-28 11:00:00+02:00,0.003722462473785693
2023-08-28 11:15:00+02:00,0.0025414652280229093
2023-08-28 11:30:00+02:00,0.0015061266701764174
2023-08-28 11:45:00+02:00,0.0006324652862338249
2023-08-28 12:00:00+02:00,0.0
2023-08-28 12:15:00+02:00,0.0013772005902893834
2023-08-28 12:30:00+02:00,0.0033771090832819084
2023-08-28 12:45:00+02:00,0.005835565032585204
2023-08-28 13:00:00+02:00,0.008659465888037413
2023-08-28 13:15:00+02:00,0.010212265638892076
2023-08-28 13:30:00+02:00,0.011855415875996504
2023-08-28 13:45:00+02:00,0.013578107118717608
2023-08-28 14:00:00+02:00,0.017228132807241732
2023-08-28 14:15:00+02:00,0.013564941604144865
2023-08-28 14:30:00+02:00,0.01176606461561847
2023-08-28 14:45:00+02:00,0.009975146424998561
2023-08-28 15:00:00+02:00,0.008193381069725955
2023-08-28 15:15:00+02:00,0.008078928260199023
2023-08-28 15:30:00+02:00,0.008074587514989613
2023-08-28 15:45:00+02:00,0.008180398887958589
2023-08-28 16:00:00+02:00,0.008395391502698265
2023-08-28 16:15:00+02:00,0.007744762989095757
2023-08-28 16:30:00+02:00,0.007390936235816805
2023-08-28 16:45:00+02:00,0.007342923601431956
2023-08-28 17:00:00+02:00,0.0076019757482533035
2023-08-28 17:15:00+02:00,0.010989813036528547
2023-08-28 17:30:00+02:00,0.01521551787513234
2023-08-28 17:45:00+02:00,0.022920803468611983
2023-08-28 18:00:00+02:00,0.03072432211105389
2023-08-28 18:15:00+02:00,0.03363609515593991
2023-08-28 18:30:00+02:00,0.03710111168357527
2023-08-28 18:45:00+02:00,0.041070634364374484
2023-08-28 19:00:00+02:00,0.04649890617284043
2023-08-28 19:15:00+02:00,0.042349889507090725
2023-08-28 19:30:00+02:00,0.03954379277865024
2023-08-28 19:45:00+02:00,0.037102377476302566
2023-08-28 20:00:00+02:00,0.035049504246001596
2023-08-28 20:15:00+02:00,0.036319734434295634
2023-08-28 20:30:00+02:00,0.03851394224362421
2023-08-28 20:45:00+02:00,0.041580805982362086
2023-08-28 21:00:00+02:00,0.04642972842382252
2023-08-28 21:15:00+02:00,0.04372045316110824
2023-08-28 21:30:00+02:00,0.0419949203095924
2023-08-28 21:45:00+02:00,0.040278513032061064
2023-08-28 22:00:00+02:00,0.03857163824878134
2023-08-28 22:15:00+02:00,0.037479935963418025
2023-08-28 22:30:00+02:00,0.03666082096899332
2023-08-28 22:45:00+02:00,0.036120219907243456
2023-08-28 23:00:00+02:00,0.035862138411066245
2023-08-28 23:15:00+02:00,0.03830519360534
2023-08-28 23:30:00+02:00,0.041167106365783135
2023-08-28 23:45:00+02:00,0.044675046128899394
2023-08-29 00:00:00+02:00,0.05078641220573318
2023-08-29 00:15:00+02:00,0.0428737755547498
2023-08-29 00:30:00+02:00,0.03781465968083171
2023-08-29 00:45:00+02:00,0.03286404082062386
2023-08-29 01:00:00+02:00,0.028037275070104086
2023-08-29 01:15:00+02:00,0.03136698381228989
2023-08-29 01:30:00+02:00,0.034699311145352865
2023-08-29 01:45:00+02:00,0.03803402931346181
2023-08-29 02:00:00+02:00,0.041370936091957314
2023-08-29 02:15:00+02:00,0.03817174477320404
2023-08-29 02:30:00+02:00,0.035086817931895185
2023-08-29 02:45:00+02:00,0.03212585504263659
2023-08-29 03:00:00+02:00,0.02929922494160811
2023-08-29 03:15:00+02:00,0.021075917199367106
2023-08-29 03:30:00+02:00,0.013448319332454906
2023-08-29 03:45:00+02:00,0.009866748307350915
2023-08-29 04:00:00+02:00,0.006414320315078592
2023-08-29 04:15:00+02:00,0.0038212686436402484
2023-08-29 04:30:00+02:00,0.0014512776023462401
2023-08-29 04:45:00+02:00,0.0
2023-08-29 05:00:00+02:00,0.0
2023-08-29 05:15:00+02:00,0.0
2023-08-29 05:30:00+02:00,0.0
2023-08-29 05:45:00+02:00,0.0
2023-08-29 06:00:00+02:00,0.0
2023-08-29 06:15:00+02:00,0.0
2023-08-29 06:30:00+02:00,0.0018324315476809635
2023-08-29 06:45:00+02:00,0.006216768352633947
2023-08-29 07:00:00+02:00,0.010840723744493776
2023-08-29 07:15:00+02:00,0.011309756487255239
2023-08-29 07:30:00+02:00,0.011827812652516837
2023-08-29 07:45:00+02:00,0.012392988092075164
2023-08-29 08:00:00+02:00,0.013003316154351947
2023-08-29 08:15:00+02:00,0.010614298170253908
2023-08-29 08:30:00+02:00,0.008292846177154955
2023-08-29 08:45:00+02:00,0.006052937708442415
2023-08-29 09:00:00+02:00,0.003911955692601262
2023-08-29 09:15:00+02:00,0.0030255775500640067
2023-08-29 09:30:00+02:00,0.0021564167789648175
2023-08-29 09:45:00+02:00,0.0013060254997031982
2023-08-29 10:00:00+02:00,0.00047610812315596106
2023-08-29 10:15:00+02:00,0.0
2023-08-29 10:30:00+02:00,0.0
2023-08-29 10:45:00+02:00,0.0
2023-08-29 11:00:00+02:00,0.0
2023-08-29 11:15:00+02:00,0.0
2023-08-29 11:30:00+02:00,0.0
2023-08-29 11:45:00+02:00,0.0
2023-08-29 12:00:00+02:00,0.0
2023-08-29 12:15:00+02:00,0.0
2023-08-29 12:30:00+02:00,0.0
2023-08-29 12:45:00+02:00,0.0
2023-08-29 13:00:00+02:00,0.0
2023-08-29 13:15:00+02:00,0.0
2023-08-29 13:30:00+02:00,0.0
2023-08-29 13:45:00+02:00,0.0
2023-08-29 14:00:00+02:00,0.0
2023-08-29 14:15:00+02:00,0.0
2023-08-29 14:30:00+02:00,0.0
2023-08-29 14:45:00+02:00,0.0
2023-08-29 15:00:00+02:00,0.0
2023-08-29 15:15:00+02:00,0.0
2023-08-29 15:30:00+02:00,0.0
2023-08-29 15:45:00+02:00,0.0
2023-08-29 16:00:00+02:00,0.0
2023-08-29 16:15:00+02:00,0.0
2023-08-29 16:30:00+02:00,0.0008747923678190809
2023-08-29 16:45:00+02:00,0.003989255289198
2023-08-29 17:00:00+02:00,0.007287679553602282
2023-08-29 17:15:00+02:00,0.008917804700949532
2023-08-29 17:30:00+02:00,0.011312897615419532
2023-08-29 17:45:00+02:00,0.014975839592602076
2023-08-29 18:00:00+02:00,0.022720562334390532
2023-08-29 18:15:00+02:00,0.016787960564401173
2023-08-29 18:30:00+02:00,0.012744482828881605
2023-08-29 18:45:00+02:00,0.01065735876822637
2023-08-29 19:00:00+02:00,0.008966300498256712
2023-08-29 19:15:00+02:00,0.004218382255823104
2023-08-29 19:30:00+02:00,0.0
2023-08-29 19:45:00+02:00,0.0
2023-08-29 20:00:00+02:00,0.0
2023-08-29 20:15:00+02:00,0.0
2023-08-29 20:30:00+02:00,0.0
2023-08-29 20:45:00+02:00,0.0
2023-08-29 21:00:00+02:00,0.0
2023-08-29 21:15:00+02:00,0.00048203236914365707
2023-08-29 21:30:00+02:00,0.005703446531354054
2023-08-29 21:45:00+02:00,0.010932034141598244
2023-08-29 22:00:00+02:00,0.018967697937603684
2023-08-29 22:15:00+02:00,0.021826887962281553
2023-08-29 22:30:00+02:00,0.02471111293358129
2023-08-29 22:45:00+02:00,0.027618300417895418
2023-08-29 23:00:00+02:00,0.030546586620518613
2023-08-29 23:15:00+02:00,0.030118305548512622
2023-08-29 23:30:00+02:00,0.03178216835066837
2023-08-29 23:45:00+02:00,0.03544526178737243
2023-08-30 00:00:00+02:00,0.040921270927254005
2023-08-30 00:15:00+02:00,0.03721116679748524
2023-08-30 00:30:00+02:00,0.0335979128858713
2023-08-30 00:45:00+02:00,0.03009132152755618
2023-08-30 01:00:00+02:00,0.026702223310954808
2023-08-30 01:15:00+02:00,0.023296113275578522
2023-08-30 01:30:00+02:00,0.02052791518311709
2023-08-30 01:45:00+02:00,0.01845320010315829
2023-08-30 02:00:00+02:00,0.017117886687400826
2023-08-30 02:15:00+02:00,0.01796080553039875
2023-08-30 02:30:00+02:00,0.02015253409854026
2023-08-30 02:45:00+02:00,0.02360487403288397
2023-08-30 03:00:00+02:00,0.02819367058274727
2023-08-30 03:15:00+02:00,0.03363812827372364
2023-08-30 03:30:00+02:00,0.03991859608967891
2023-08-30 03:45:00+02:00,0.04888985755726989
2023-08-30 04:00:00+02:00,0.06173078929113557
2023-08-30 04:15:00+02:00,0.07062023429374313
2023-08-30 04:30:00+02:00,0.07980167590970434
2023-08-30 04:45:00+02:00,0.08924293930605695
2023-08-30 05:00:00+02:00,0.10113933801139566
2023-08-30 05:15:00+02:00,0.10641794817624552
2023-08-30 05:30:00+02:00,0.11183950690627628
2023-08-30 05:45:00+02:00,0.1173986431391855
2023-08-30 06:00:00+02:00,0.12309012523160273
2023-08-30 06:15:00+02:00,0.13100293987711514
2023-08-30 06:30:00+02:00,0.13949244892551838
2023-08-30 06:45:00+02:00,0.14852699945627346
2023-08-30 07:00:00+02:00,0.15807539713219662
2023-08-30 07:15:00+02:00,0.16750319758273025
2023-08-30 07:30:00+02:00,0.17693375423368943
2023-08-30 07:45:00+02:00,0.18923200018228717
2023-08-30 08:00:00+02:00,0.2016760712566209
2023-08-30 08:15:00+02:00,0.21698317976814557
2023-08-30 08:30:00+02:00,0.23318207479690675
2023-08-30 08:45:00+02:00,0.250212803158352
2023-08-30 09:00:00+02:00,0.26801798379469277
2023-08-30 09:15:00+02:00,0.26311169013881097
2023-08-30 09:30:00+02:00,0.25822200721485256
2023-08-30 09:45:00+02:00,0.25334927066238633
2023-08-30 10:00:00+02:00,0.2484938240138605
2023-08-30 10:15:00+02:00,0.2844942267462345
2023-08-30 10:30:00+02:00,0.33293399885603
2023-08-30 10:45:00+02:00,0.38356866874416523
2023-08-30 11:00:00+02:00,0.4369296142468614
2023-08-30 11:15:00+02:00,0.40062668313332717
2023-08-30 11:30:00+02:00,0.37090717303309306
2023-08-30 11:45:00+02:00,0.3470968276701054
2023-08-30 12:00:00+02:00,0.32960663970381104
2023-08-30 12:15:00+02:00,0.3243204970167519
2023-08-30 12:30:00+02:00,0.31949212285197814
2023-08-30 12:45:00+02:00,0.3151280646036747
2023-08-30 13:00:00+02:00,0.3112343478482994
2023-08-30 13:15:00+02:00,0.28893385350364464
2023-08-30 13:30:00+02:00,0.2725459054848246
2023-08-30 13:45:00+02:00,0.2585405347326706
2023-08-30 14:00:00+02:00,0.246277261837429
2023-08-30 14:15:00+02:00,0.23182335159781337
2023-08-30 14:30:00+02:00,0.21926849993689507
2023-08-30 14:45:00+02:00,0.2087176956260607
2023-08-30 15:00:00+02:00,0.20026521547010273
2023-08-30 15:15:00+02:00,0.18281418265555685
2023-08-30 15:30:00+02:00,0.1724383519719026
2023-08-30 15:45:00+02:00,0.16778048907234763
2023-08-30 16:00:00+02:00,0.16765447216890292
2023-08-30 16:15:00+02:00,0.18136658038575001
2023-08-30 16:30:00+02:00,0.1983021635921885
2023-08-30 16:45:00+02:00,0.21535099496948737
2023-08-30 17:00:00+02:00,0.23250486005618182
2023-08-30 17:15:00+02:00,0.22971517340358583
2023-08-30 17:30:00+02:00,0.22706989791467935
2023-08-30 17:45:00+02:00,0.2245706773648147
2023-08-30 18:00:00+02:00,0.2222190877638587
2023-08-30 18:15:00+02:00,0.23412862277804358
2023-08-30 18:30:00+02:00,0.2460418412809534
2023-08-30 18:45:00+02:00,0.25795856307735654
2023-08-30 19:00:00+02:00,0.26987861948886777
2023-08-30 19:15:00+02:00,0.25841513478042016
2023-08-30 19:30:00+02:00,0.2472620528488352
2023-08-30 19:45:00+02:00,0.23643402132845417
2023-08-30 20:00:00+02:00,0.22594615560504727
2023-08-30 20:15:00+02:00,0.22135367444774137
2023-08-30 20:30:00+02:00,0.21692137691955196
2023-08-30 20:45:00+02:00,0.21265237120401326
2023-08-30 21:00:00+02:00,0.20854972744443495
2023-08-30 21:15:00+02:00,0.21132690568664778
2023-08-30 21:30:00+02:00,0.21421826602385527
2023-08-30 21:45:00+02:00,0.2172223727294072
2023-08-30 22:00:00+02:00,0.2203377594705133
2023-08-30 22:15:00+02:00,0.21849628135193844
2023-08-30 22:30:00+02:00,0.21708824770549462
2023-08-30 22:45:00+02:00,0.21611631690597957
2023-08-30 23:00:00+02:00,0.21558233664957963
2023-08-30 23:15:00+02:00,0.23575258801617385
2023-08-30 23:30:00+02:00,0.2567188167374696
2023-08-30 23:45:00+02:00,0.27841436305192496
2023-08-31 00:00:00+02:00,0.30524726220630577
2023-08-31 00:15:00+02:00,0.29971060978505876
2023-08-31 00:30:00+02:00,0.29460989709267293
2023-08-31 00:45:00+02:00,0.2899518789176492
2023-08-31 01:00:00+02:00,0.28574284618619666
2023-08-31 01:15:00+02:00,0.28811281541275335
2023-08-31 01:30:00+02:00,0.2910337003817019
2023-08-31 01:45:00+02:00,0.29450063527616754
2023-08-31 02:00:00+02:00,0.29850791867197235
2023-08-31 02:15:00+02:00,0.29875032828017023
2023-08-31 02:30:00+02:00,0.2993300014522514
2023-08-31 02:45:00+02:00,0.30024635042582964
2023-08-31 03:00:00+02:00,0.30149844884624816
2023-08-31 03:15:00+02:00,0.30847095436985206
2023-08-31 03:30:00+02:00,0.31544348516452586
2023-08-31 03:45:00+02:00,0.32241604071204194
2023-08-31 04:00:00+02:00,0.32938862050824486
2023-08-31 04:15:00+02:00,0.34002771973556345
2023-08-31 04:30:00+02:00,0.35079077071258213
2023-08-31 04:45:00+02:00,0.36167399517426657
2023-08-31 05:00:00+02:00,0.37267372719069897
2023-08-31 05:15:00+02:00,0.36885462539361935
2023-08-31 05:30:00+02:00,0.3650355285323213
2023-08-31 05:45:00+02:00,0.36121643666021286
2023-08-31 06:00:00+02:00,0.357397349831476
2023-08-31 06:15:00+02:00,0.35900564453491146
2023-08-31 06:30:00+02:00,0.36063562614019423
2023-08-31 06:45:00+02:00,0.362287194593429
2023-08-31 07:00:00+02:00,0.36396024914240005
2023-08-31 07:15:00+02:00,0.3602820007543501
2023-08-31 07:30:00+02:00,0.35663963953695704
2023-08-31 07:45:00+02:00,0.3530335387269987
2023-08-31 08:00:00+02:00,0.3494640729615172
2023-08-31 08:15:00+02:00,0.3306518765661405
2023-08-31 08:30:00+02:00,0.31217386529729746
2023-08-31 08:45:00+02:00,0.294048720214002
2023-08-31 09:00:00+02:00,0.2784511415012274
2023-08-31 09:15:00+02:00,0.28318020461350957
2023-08-31 09:30:00+02:00,0.2889419762707704
2023-08-31 09:45:00+02:00,0.2958295652747611
2023-08-31 10:00:00+02:00,0.30308338007982977
2023-08-31 10:15:00+02:00,0.2880711280837483
2023-08-31 10:30:00+02:00,0.27606923276965006
2023-08-31 10:45:00+02:00,0.2647265882443099
2023-08-31 11:00:00+02:00,0.25350953924265845
2023-08-31 11:15:00+02:00,0.2597129888472258
2023-08-31 11:30:00+02:00,0.2664939083122291
2023-08-31 11:45:00+02:00,0.27383656032402925
2023-08-31 12:00:00+02:00,0.28172454163417654
2023-08-31 12:15:00+02:00,0.28824235284068334
2023-08-31 12:30:00+02:00,0.2960881784245226
2023-08-31 12:45:00+02:00,0.30407485876772494
2023-08-31 13:00:00+02:00,0.31219905180281216
2023-08-31 13:15:00+02:00,0.328524270542516
2023-08-31 13:30:00+02:00,0.344995958659385
2023-08-31 13:45:00+02:00,0.36160728308088047
2023-08-31 14:00:00+02:00,0.3783517765210846
2023-08-31 14:15:00+02:00,0.37239472399855766
2023-08-31 14:30:00+02:00,0.36676119663855933
2023-08-31 14:45:00+02:00,0.3614563572244638
2023-08-31 15:00:00+02:00,0.35648516819029336
2023-08-31 15:15:00+02:00,0.33808435274934606
2023-08-31 15:30:00+02:00,0.3197004824543821
2023-08-31 15:45:00+02:00,0.30133449283693364
2023-08-31 16:00:00+02:00,0.28361133961204554
2023-08-31 16:15:00+02:00,0.2720160655079105
2023-08-31 16:30:00+02:00,0.26120067052063634
2023-08-31 16:45:00+02:00,0.25120011464367653
2023-08-31 17:00:00+02:00,0.24204860554983393
2023-08-31 17:15:00+02:00,0.21256482689436232
2023-08-31 17:30:00+02:00,0.1831516225924459
2023-08-31 17:45:00+02:00,0.15951524596674307
2023-08-31 18:00:00+02:00,0.1373440225669786
2023-08-31 18:15:00+02:00,0.10309207424068953
2023-08-31 18:30:00+02:00,0.07882713340632481
2023-08-31 18:45:00+02:00,0.057573306512489895
2023-08-31 19:00:00+02:00,0.03952299967400563
2023-08-31 19:15:00+02:00,0.040627483650872605
2023-08-31 19:30:00+02:00,0.0419657479251484
2023-08-31 19:45:00+02:00,0.04352999948853702
2023-08-31 20:00:00+02:00,0.04618736395500091
2023-08-31 20:15:00+02:00,0.04978800739673205
2023-08-31 20:30:00+02:00,0.053698320086501244
2023-08-31 20:45:00+02:00,0.057901685796792855
2023-08-31 21:00:00+02:00,0.0623815408386643
2023-08-31 21:15:00+02:00,0.0598067919814878
2023-08-31 21:30:00+02:00,0.057342340525847045
2023-08-31 21:45:00+02:00,0.05499196695984213
2023-08-31 22:00:00+02:00,0.05275943935407633
2023-08-31 22:15:00+02:00,0.04786083705291007
2023-08-31 22:30:00+02:00,0.04384603386071558
2023-08-31 22:45:00+02:00,0.041858789140764845
2023-08-31 23:00:00+02:00,0.040362077936900796
2023-08-31 23:15:00+02:00,0.0367232851062219
2023-08-31 23:30:00+02:00,0.034024457451822886
2023-08-31 23:45:00+02:00,0.03233528407217394
2023-09-01 00:00:00+02:00,0.03170288461000053
2023-09-01 00:15:00+02:00,0.0359297740222092
2023-09-01 00:30:00+02:00,0.04035774020976667
2023-09-01 00:45:00+02:00,0.04560044139147867
2023-09-01 01:00:00+02:00,0.053670112623224756
2023-09-01 01:15:00+02:00,0.05043026971183168
2023-09-01 01:30:00+02:00,0.04864973794927657
2023-09-01 01:45:00+02:00,0.048365803261322185
2023-09-01 02:00:00+02:00,0.04958452762151767
2023-09-01 02:15:00+02:00,0.05189675135406438
2023-09-01 02:30:00+02:00,0.054244505538952575
2023-09-01 02:45:00+02:00,0.05662663876099335
2023-09-01 03:00:00+02:00,0.05904203302860349
2023-09-01 03:15:00+02:00,0.05848040688580156
2023-09-01 03:30:00+02:00,0.057940426936440415
2023-09-01 03:45:00+02:00,0.05742225393095798
2023-09-01 04:00:00+02:00,0.05692604362780736
2023-09-01 04:15:00+02:00,0.059421207461848806
2023-09-01 04:30:00+02:00,0.06208830845070569
2023-09-01 04:45:00+02:00,0.06492124958187369
2023-09-01 05:00:00+02:00,0.0679138661417436
2023-09-01 05:15:00+02:00,0.06305076769764319
2023-09-01 05:30:00+02:00,0.05900359893480481
2023-09-01 05:45:00+02:00,0.05581811587907066
2023-09-01 06:00:00+02:00,0.05353275730799248
2023-09-01 06:15:00+02:00,0.04977082238757186
2023-09-01 06:30:00+02:00,0.04652623602761082
2023-09-01 06:45:00+02:00,0.04391530322630342
2023-09-01 07:00:00+02:00,0.042651839743928964
2023-09-01 07:15:00+02:00,0.04253395124281374
2023-09-01 07:30:00+02:00,0.042432368678738466
2023-09-01 07:45:00+02:00,0.04234713372146047
2023-09-01 08:00:00+02:00,0.04227828144445327
2023-09-01 08:15:00+02:00,0.03863625719585061
2023-09-01 08:30:00+02:00,0.03532427388949756
2023-09-01 08:45:00+02:00,0.03237234440522472
2023-09-01 09:00:00+02:00,0.02981035211069951
2023-09-01 09:15:00+02:00,0.02417540780558057
2023-09-01 09:30:00+02:00,0.019327972019475198
2023-09-01 09:45:00+02:00,0.015392208082974234
2023-09-01 10:00:00+02:00,0.013206273211161777
2023-09-01 10:15:00+02:00,0.009869516758507722
2023-09-01 10:30:00+02:00,0.0067256633076459215
2023-09-01 10:45:00+02:00,0.0038326129020380896
2023-09-01 11:00:00+02:00,0.0012658238845015932
2023-09-01 11:15:00+02:00,0.0035681189424552925
2023-09-01 11:30:00+02:00,0.009659089158892666
2023-09-01 11:45:00+02:00,0.02308833366937302
2023-09-01 12:00:00+02:00,0.044336054603290265
2023-09-01 12:15:00+02:00,0.03363445794876178
2023-09-01 12:30:00+02:00,0.02305157971786777
2023-09-01 12:45:00+02:00,0.013197588915643599
2023-09-01 13:00:00+02:00,0.008365446592716397
2023-09-01 13:15:00+02:00,0.004010273062009605
2023-09-01 13:30:00+02:00,0.0
2023-09-01 13:45:00+02:00,0.0
2023-09-01 14:00:00+02:00,0.0
2023-09-01 14:15:00+02:00,0.0
2023-09-01 14:30:00+02:00,0.0
2023-09-01 14:45:00+02:00,0.0
2023-09-01 15:00:00+02:00,0.0
2023-09-01 15:15:00+02:00,0.004917480772886291
2023-09-01 15:30:00+02:00,0.010504827087877469
2023-09-01 15:45:00+02:00,0.019472799305875088
2023-09-01 16:00:00+02:00,0.032802938273205934
2023-09-01 16:15:00+02:00,0.02940930934289043
2023-09-01 16:30:00+02:00,0.026244996559555114
2023-09-01 16:45:00+02:00,0.02333171975898673
2023-09-01 17:00:00+02:00,0.02069196191571846
2023-09-01 17:15:00+02:00,0.01248915206712629
2023-09-01 17:30:00+02:00,0.008025673964157513
2023-09-01 17:45:00+02:00,0.003562273550198365
2023-09-01 18:00:00+02:00,0.0
2023-09-01 18:15:00+02:00,0.0
2023-09-01 18:30:00+02:00,0.0
2023-09-01 18:45:00+02:00,0.0
2023-09-01 19:00:00+02:00,0.0
2023-09-01 19:15:00+02:00,0.0
2023-09-01 19:30:00+02:00,0.0
2023-09-01 19:45:00+02:00,0.0
2023-09-01 20:00:00+02:00,0.0
2023-09-01 20:15:00+02:00,0.0
2023-09-01 20:30:00+02:00,0.0
2023-09-01 20:45:00+02:00,0.0
2023-09-01 21:00:00+02:00,0.0
2023-09-01 21:15:00+02:00,0.0
2023-09-01 21:30:00+02:00,0.0
2023-09-01 21:45:00+02:00,0.0
2023-09-01 22:00:00+02:00,0.0
2023-09-01 22:15:00+02:00,0.0
2023-09-01 22:30:00+02:00,0.0009170762076856306
2023-09-01 22:45:00+02:00,0.0019107354242517101
2023-09-01 23:00:00+02:00,0.002966839655059933
2023-09-01 23:15:00+02:00,0.008008957216904927
2023-09-01 23:30:00+02:00,0.01313765751094012
2023-09-01 23:45:00+02:00,0.02369456817719207
2023-09-02 00:00:00+02:00,0.03513854212254506
2023-09-02 00:15:00+02:00,0.03610429171464191
2023-09-02 00:30:00+02:00,0.03713352474898488
2023-09-02 00:45:00+02:00,0.03822453865014486
2023-09-02 01:00:00+02:00,0.03937559443272565
2023-09-02 01:15:00+02:00,0.04000490049114397
2023-09-02 01:30:00+02:00,0.04063935896966764
2023-09-02 01:45:00+02:00,0.04127888688738926
2023-09-02 02:00:00+02:00,0.041923402393845274
2023-09-02 02:15:00+02:00,0.04090087498852599
2023-09-02 02:30:00+02:00,0.039885333173189
2023-09-02 02:45:00+02:00,0.03887696076348845
2023-09-02 03:00:00+02:00,0.03787594671374101
2023-09-02 03:15:00+02:00,0.038904439714270884
2023-09-02 03:30:00+02:00,0.03998938906719559
2023-09-02 03:45:00+02:00,0.04112923796992121
2023-09-02 04:00:00+02:00,0.04232241186247742
2023-09-02 04:15:00+02:00,0.04508923198071849
2023-09-02 04:30:00+02:00,0.04970936573813922
2023-09-02 04:45:00+02:00,0.05494511533510192
2023-09-02 05:00:00+02:00,0.06075282337161189
2023-09-02 05:15:00+02:00,0.056765042190357655
2023-09-02 05:30:00+02:00,0.05310658634222058
2023-09-02 05:45:00+02:00,0.049794626663107786
2023-09-02 06:00:00+02:00,0.04684575055421258
2023-09-02 06:15:00+02:00,0.035255851568553716
2023-09-02 06:30:00+02:00,0.0248113456881564
2023-09-02 06:45:00+02:00,0.01436698941412722
2023-09-02 07:00:00+02:00,0.009294345715628236
2023-09-02 07:15:00+02:00,0.007264489995457375
2023-09-02 07:30:00+02:00,0.005241982157200438
2023-09-02 07:45:00+02:00,0.003228267528937645
2023-09-02 08:00:00+02:00,0.0012251878215662508
2023-09-02 08:15:00+02:00,0.0014660209905341367
2023-09-02 08:30:00+02:00,0.0017246328259335627
2023-09-02 08:45:00+02:00,0.0020005576493019894
2023-09-02 09:00:00+02:00,0.0022933163565912454
2023-09-02 09:15:00+02:00,0.0
2023-09-02 09:30:00+02:00,0.0
2023-09-02 09:45:00+02:00,0.0
2023-09-02 10:00:00+02:00,0.0
2023-09-02 10:15:00+02:00,0.0
2023-09-02 10:30:00+02:00,0.0
2023-09-02 10:45:00+02:00,0.0
2023-09-02 11:00:00+02:00,0.0
2023-09-02 11:15:00+02:00,0.0
2023-09-02 11:30:00+02:00,0.0
2023-09-02 11:45:00+02:00,0.0
2023-09-02 12:00:00+02:00,0.0
2023-09-02 12:15:00+02:00,0.0
2023-09-02 12:30:00+02:00,0.0
2023-09-02 12:45:00+02:00,0.0
2023-09-02 13:00:00+02:00,0.0
2023-09-02 13:15:00+02:00,0.0
2023-09-02 13:30:00+02:00,0.0
2023-09-02 13:45:00+02:00,0.0
2023-09-02 14:00:00+02:00,0.0011410698372048655
2023-09-02 14:15:00+02:00,0.0009228331427721389
2023-09-02 14:30:00+02:00,0.0009289279236012881
2023-09-02 14:45:00+02:00,0.0011592116504542354
2023-09-02 15:00:00+02:00,0.0016083856315630902
2023-09-02 15:15:00+02:00,0.006076212602238726
2023-09-02 15:30:00+02:00,0.010777656795214577
2023-09-02 15:45:00+02:00,0.017810212128196754
2023-09-02 16:00:00+02:00,0.02869033504456635
2023-09-02 16:15:00+02:00,0.02307577531498237
2023-09-02 16:30:00+02:00,0.018646131931852696
2023-09-02 16:45:00+02:00,0.015571834974772972
2023-09-02 17:00:00+02:00,0.013990511872705145
2023-09-02 17:15:00+02:00,0.011118705078384505
2023-09-02 17:30:00+02:00,0.008383620523839057
2023-09-02 17:45:00+02:00,0.005696382557833499
2023-09-02 18:00:00+02:00,0.003069562767199122
2023-09-02 18:15:00+02:00,0.008669944304224535
2023-09-02 18:30:00+02:00,0.014818889894888882
2023-09-02 18:45:00+02:00,0.02708240097723441
2023-09-02 19:00:00+02:00,0.039346074840413976
2023-09-02 19:15:00+02:00,0.04464105456520253
2023-09-02 19:30:00+02:00,0.05351491044444618
2023-09-02 19:45:00+02:00,0.06267161481253711
2023-09-02 20:00:00+02:00,0.0720777931530887
2023-09-02 20:15:00+02:00,0.07948251856997293
2023-09-02 20:30:00+02:00,0.0871883923281313
2023-09-02 20:45:00+02:00,0.09516820872425391
2023-09-02 21:00:00+02:00,0.10833051327178275
2023-09-02 21:15:00+02:00,0.10598139917733101
2023-09-02 21:30:00+02:00,0.10421502216631091
2023-09-02 21:45:00+02:00,0.1030387607741254
2023-09-02 22:00:00+02:00,0.10245759761555824
2023-09-02 22:15:00+02:00,0.09307485768639549
2023-09-02 22:30:00+02:00,0.08660511599334095
2023-09-02 22:45:00+02:00,0.08034348887627552
2023-09-02 23:00:00+02:00,0.07430661122183316
2023-09-02 23:15:00+02:00,0.07341030347012922
2023-09-02 23:30:00+02:00,0.07260649836971139
2023-09-02 23:45:00+02:00,0.07189615487482051
2023-09-03 00:00:00+02:00,0.07128013149705995
2023-09-03 00:15:00+02:00,0.07420988559496447
2023-09-03 00:30:00+02:00,0.0773279218057545
2023-09-03 00:45:00+02:00,0.0806269426414593
2023-09-03 01:00:00+02:00,0.084099631567955
2023-09-03 01:15:00+02:00,0.08598631144380657
2023-09-03 01:30:00+02:00,0.08804587504143987
2023-09-03 01:45:00+02:00,0.09027406644222588
2023-09-03 02:00:00+02:00,0.0926664370237302
2023-09-03 02:15:00+02:00,0.094026097904081
2023-09-03 02:30:00+02:00,0.09553788941085607
2023-09-03 02:45:00+02:00,0.09784433831601737
2023-09-03 03:00:00+02:00,0.10021157996636817
2023-09-03 03:15:00+02:00,0.09282881127532219
2023-09-03 03:30:00+02:00,0.08741344953603715
2023-09-03 03:45:00+02:00,0.08209767333728593
2023-09-03 04:00:00+02:00,0.07688816672487801
2023-09-03 04:15:00+02:00,0.0698153534790607
2023-09-03 04:30:00+02:00,0.06307775144261615
2023-09-03 04:45:00+02:00,0.05670652619149756
2023-09-03 05:00:00+02:00,0.050734798491383244
2023-09-03 05:15:00+02:00,0.03759581764610917
2023-09-03 05:30:00+02:00,0.027675661444340936
2023-09-03 05:45:00+02:00,0.018387823197316747
2023-09-03 06:00:00+02:00,0.012040250701668462
2023-09-03 06:15:00+02:00,0.010042118626140569
2023-09-03 06:30:00+02:00,0.00804706520161466
2023-09-03 06:45:00+02:00,0.006055637615666558
2023-09-03 07:00:00+02:00,0.004068519480846644
2023-09-03 07:15:00+02:00,0.005808433745854556
2023-09-03 07:30:00+02:00,0.007732845110962263
2023-09-03 07:45:00+02:00,0.009813309190135925
2023-09-03 08:00:00+02:00,0.012025265472347921
2023-09-03 08:15:00+02:00,0.008202112239388056
2023-09-03 08:30:00+02:00,0.004414616119241256
2023-09-03 08:45:00+02:00,0.0006770990651049288
2023-09-03 09:00:00+02:00,0.0
2023-09-03 09:15:00+02:00,0.0
2023-09-03 09:30:00+02:00,0.0
2023-09-03 09:45:00+02:00,0.0
2023-09-03 10:00:00+02:00,0.0
2023-09-03 10:15:00+02:00,0.0
2023-09-03 10:30:00+02:00,0.0
2023-09-03 10:45:00+02:00,0.0023427023392389025
2023-09-03 11:00:00+02:00,0.0048378467492757645
2023-09-03 11:15:00+02:00,0.005206798604486266
2023-09-03 11:30:00+02:00,0.005720533267321516
2023-09-03 11:45:00+02:00,0.006372486800561523
2023-09-03 12:00:00+02:00,0.007154885949837878
2023-09-03 12:15:00+02:00,0.006089227394339653
2023-09-03 12:30:00+02:00,0.005056358014215798
2023-09-03 12:45:00+02:00,0.004059485216513486
2023-09-03 13:00:00+02:00,0.003102113366898373
2023-09-03 13:15:00+02:00,0.002245044078822922
2023-09-03 13:30:00+02:00,0.0013906700707679016
2023-09-03 13:45:00+02:00,0.000539236683024749
2023-09-03 14:00:00+02:00,0.0
2023-09-03 14:15:00+02:00,0.0
2023-09-03 14:30:00+02:00,0.0
2023-09-03 14:45:00+02:00,0.0
2023-09-03 15:00:00+02:00,0.0
2023-09-03 15:15:00+02:00,0.0
2023-09-03 15:30:00+02:00,0.0
2023-09-03 15:45:00+02:00,0.0
2023-09-03 16:00:00+02:00,0.0
2023-09-03 16:15:00+02:00,0.0
2023-09-03 16:30:00+02:00,0.0
2023-09-03 16:45:00+02:00,0.0
2023-09-03 17:00:00+02:00,0.0
2023-09-03 17:15:00+02:00,0.00029744451218876287
2023-09-03 17:30:00+02:00,0.0012482949393396166
2023-09-03 17:45:00+02:00,0.0022122752304675757
2023-09-03 18:00:00+02:00,0.003188152880504114
2023-09-03 18:15:00+02:00,0.007833769804474755
2023-09-03 18:30:00+02:00,0.012479958438740233
2023-09-03 18:45:00+02:00,0.021072646982940407
2023-09-03 19:00:00+02:00,0.031247678491294936
2023-09-03 19:15:00+02:00,0.04396592324002039
2023-09-03 19:30:00+02:00,0.0658682309151894
2023-09-03 19:45:00+02:00,0.08814189445831672
2023-09-03 20:00:00+02:00,0.11997334137353657
2023-09-03 20:15:00+02:00,0.13217930062783062
2023-09-03 20:30:00+02:00,0.1454238501523306
2023-09-03 20:45:00+02:00,0.15962013764634594
2023-09-03 21:00:00+02:00,0.1746854760666101
2023-09-03 21:15:00+02:00,0.17494108795673463
2023-09-03 21:30:00+02:00,0.1762552749864077
2023-09-03 21:45:00+02:00,0.17901451858372372
2023-09-03 22:00:00+02:00,0.18349788045997129
2023-09-03 22:15:00+02:00,0.18542689937823348
2023-09-03 22:30:00+02:00,0.18835729852322844
2023-09-03 22:45:00+02:00,0.19227583784179325
2023-09-03 23:00:00+02:00,0.19716517436346576
2023-09-03 23:15:00+02:00,0.19863591684774998
2023-09-03 23:30:00+02:00,0.20137558738792705
2023-09-03 23:45:00+02:00,0.20536880338368974
2023-09-04 00:00:00+02:00,0.2105935851598679
2023-09-04 00:15:00+02:00,0.19732000171837522
2023-09-04 00:30:00+02:00,0.1859068016064916
2023-09-04 00:45:00+02:00,0.17667668092493202
2023-09-04 01:00:00+02:00,0.17105844219845376
2023-09-04 01:15:00+02:00,0.15699034228128947
2023-09-04 01:30:00+02:00,0.1438083480272049
2023-09-04 01:45:00+02:00,0.1315908481086921
2023-09-04 02:00:00+02:00,0.12041895014620162
2023-09-04 02:15:00+02:00,0.10171288668002967
2023-09-04 02:30:00+02:00,0.0876369396799039
2023-09-04 02:45:00+02:00,0.07602513121987083
2023-09-04 03:00:00+02:00,0.06444145407065298
2023-09-04 03:15:00+02:00,0.059430737134443204
2023-09-04 03:30:00+02:00,0.0550736850732285
2023-09-04 03:45:00+02:00,0.051410580609019645
2023-09-04 04:00:00+02:00,0.04847788147494872
2023-09-04 04:15:00+02:00,0.05835548683927434
2023-09-04 04:30:00+02:00,0.0685288415390649
2023-09-04 04:45:00+02:00,0.07896028793091907
2023-09-04 05:00:00+02:00,0.0896175636856915
2023-09-04 05:15:00+02:00,0.10019138475811314
2023-09-04 05:30:00+02:00,0.1142969414758802
2023-09-04 05:45:00+02:00,0.12852307093971285
2023-09-04 06:00:00+02:00,0.14285854601133843
2023-09-04 06:15:00+02:00,0.15077039310774815
2023-09-04 06:30:00+02:00,0.15950578129317833
2023-09-04 06:45:00+02:00,0.1690201676915059
2023-09-04 07:00:00+02:00,0.17987047427666858
2023-09-04 07:15:00+02:00,0.18209659656786106
2023-09-04 07:30:00+02:00,0.18513400936392435
2023-09-04 07:45:00+02:00,0.1889715386696311
2023-09-04 08:00:00+02:00,0.1935953581311865
2023-09-04 08:15:00+02:00,0.17766469942602328
2023-09-04 08:30:00+02:00,0.16552361552199937
2023-09-04 08:45:00+02:00,0.15345846032418295
2023-09-04 09:00:00+02:00,0.14140121639624836
2023-09-04 09:15:00+02:00,0.11644660994239325
2023-09-04 09:30:00+02:00,0.09305117273174515
2023-09-04 09:45:00+02:00,0.07782354386852537
2023-09-04 10:00:00+02:00,0.06280812207869191
2023-09-04 10:15:00+02:00,0.060820879972865664
2023-09-04 10:30:00+02:00,0.05885107686303825
2023-09-04 10:45:00+02:00,0.05689918631491684
2023-09-04 11:00:00+02:00,0.05496569465179284
2023-09-04 11:15:00+02:00,0.052288590282027175
2023-09-04 11:30:00+02:00,0.049626393458707785
2023-09-04 11:45:00+02:00,0.04697967743216361
2023-09-04 12:00:00+02:00,0.04434904162697257
2023-09-04 12:15:00+02:00,0.04754779208122178
2023-09-04 12:30:00+02:00,0.05079326148722298
2023-09-04 12:45:00+02:00,0.0540833321653298
2023-09-04 13:00:00+02:00,0.057415985954684265
2023-09-04 13:15:00+02:00,0.06271900319478449
2023-09-04 13:30:00+02:00,0.0680345357009344
2023-09-04 13:45:00+02:00,0.07336173086315745
2023-09-04 14:00:00+02:00,0.07869981016659092
2023-09-04 14:15:00+02:00,0.0847079797562797
2023-09-04 14:30:00+02:00,0.090716517894658
2023-09-04 14:45:00+02:00,0.09762469859025076
2023-09-04 15:00:00+02:00,0.10726736863478996
2023-09-04 15:15:00+02:00,0.11199752648167864
2023-09-04 15:30:00+02:00,0.11673179327492177
2023-09-04 15:45:00+02:00,0.1214700354545241
2023-09-04 16:00:00+02:00,0.1262121250818018
2023-09-04 16:15:00+02:00,0.12912543062923604
2023-09-04 16:30:00+02:00,0.13204043526259507
2023-09-04 16:45:00+02:00,0.13495710599468685
2023-09-04 17:00:00+02:00,0.13787541066860798
2023-09-04 17:15:00+02:00,0.1357259754825266
2023-09-04 17:30:00+02:00,0.1336790271699226
2023-09-04 17:45:00+02:00,0.1317359730203107
2023-09-04 18:00:00+02:00,0.1298981728265482
2023-09-04 18:15:00+02:00,0.13970361284343444
2023-09-04 18:30:00+02:00,0.14964342945515605
2023-09-04 18:45:00+02:00,0.15970919016202284
2023-09-04 19:00:00+02:00,0.1698930594065175
2023-09-04 19:15:00+02:00,0.1980281644464065
2023-09-04 19:30:00+02:00,0.22857734537863594
2023-09-04 19:45:00+02:00,0.2591498226835038
2023-09-04 20:00:00+02:00,0.2909380652359723
2023-09-04 20:15:00+02:00,0.3293363621074773
2023-09-04 20:30:00+02:00,0.3685761182584641
2023-09-04 20:45:00+02:00,0.4085677900798347
2023-09-04 21:00:00+02:00,0.4519665460969348
2023-09-04 21:15:00+02:00,0.4854872968404309
2023-09-04 21:30:00+02:00,0.5207320242481634
2023-09-04 21:45:00+02:00,0.5575694558822762
2023-09-04 22:00:00+02:00,0.59606628119856
2023-09-04 22:15:00+02:00,0.6216982086617883
2023-09-04 22:30:00+02:00,0.6493918573201798
2023-09-04 22:45:00+02:00,0.6790353807158411
2023-09-04 23:00:00+02:00,0.7105178328813754
2023-09-04 23:15:00+02:00,0.7116173352774962
2023-09-04 23:30:00+02:00,0.7147149662959689
2023-09-04 23:45:00+02:00,0.7197989153760335
2023-09-05 00:00:00+02:00,0.7268499992338163
2023-09-05 00:15:00+02:00,0.707907086085229
2023-09-05 00:30:00+02:00,0.6904791027483885
2023-09-05 00:45:00+02:00,0.674617920813555
2023-09-05 01:00:00+02:00,0.6603728246929605
2023-09-05 01:15:00+02:00,0.6096260306945265
2023-09-05 01:30:00+02:00,0.560085569988997
2023-09-05 01:45:00+02:00,0.5118712687231349
2023-09-05 02:00:00+02:00,0.4646949422342708
2023-09-05 02:15:00+02:00,0.40624533582848943
2023-09-05 02:30:00+02:00,0.351880006894525
2023-09-05 02:45:00+02:00,0.29751522553422194
2023-09-05 03:00:00+02:00,0.2528901237443692
2023-09-05 03:15:00+02:00,0.22478553120128786
2023-09-05 03:30:00+02:00,0.19725379525164327
2023-09-05 03:45:00+02:00,0.17206382317428814
2023-09-05 04:00:00+02:00,0.1522325351543726
2023-09-05 04:15:00+02:00,0.14832399108337205
2023-09-05 04:30:00+02:00,0.14481354083662615
2023-09-05 04:45:00+02:00,0.14171035464843446
2023-09-05 05:00:00+02:00,0.1390227746354813
2023-09-05 05:15:00+02:00,0.15290834939507503
2023-09-05 05:30:00+02:00,0.16709381072786259
2023-09-05 05:45:00+02:00,0.18288385453312764
2023-09-05 06:00:00+02:00,0.20228484184435921
2023-09-05 06:15:00+02:00,0.2278890467915174
2023-09-05 06:30:00+02:00,0.25350070967969945
2023-09-05 06:45:00+02:00,0.2791190682347688
2023-09-05 07:00:00+02:00,0.3103894793667327
2023-09-05 07:15:00+02:00,0.32207836946439733
2023-09-05 07:30:00+02:00,0.3340551073041696
2023-09-05 07:45:00+02:00,0.3463097857147667
2023-09-05 08:00:00+02:00,0.35883273253665005
2023-09-05 08:15:00+02:00,0.35164886660931194
2023-09-05 08:30:00+02:00,0.34453611989382665
2023-09-05 08:45:00+02:00,0.33749595846873337
2023-09-05 09:00:00+02:00,0.3305298733997374
2023-09-05 09:15:00+02:00,0.3072993822978141
2023-09-05 09:30:00+02:00,0.2844486938221638
2023-09-05 09:45:00+02:00,0.2665405230978789
2023-09-05 10:00:00+02:00,0.248636172148599
2023-09-05 10:15:00+02:00,0.2447570928021354
2023-09-05 10:30:00+02:00,0.24095986706202693
2023-09-05 10:45:00+02:00,0.2372458084891825
2023-09-05 11:00:00+02:00,0.23361622920164987
2023-09-05 11:15:00+02:00,0.20182468501668208
2023-09-05 11:30:00+02:00,0.17182727896508157
2023-09-05 11:45:00+02:00,0.1477598589235492
2023-09-05 12:00:00+02:00,0.12371632323819785
2023-09-05 12:15:00+02:00,0.12240224380933919
2023-09-05 12:30:00+02:00,0.12109494208615214
2023-09-05 12:45:00+02:00,0.11979447913758207
2023-09-05 13:00:00+02:00,0.11850091644318764
2023-09-05 13:15:00+02:00,0.1186759412724598
2023-09-05 13:30:00+02:00,0.1188565702409751
2023-09-05 13:45:00+02:00,0.11904279635983356
2023-09-05 14:00:00+02:00,0.11923461243573173
2023-09-05 14:15:00+02:00,0.11856544392077976
2023-09-05 14:30:00+02:00,0.11789683008883371
2023-09-05 14:45:00+02:00,0.11722877351117451
2023-09-05 15:00:00+02:00,0.1165612767728379
2023-09-05 15:15:00+02:00,0.1158864495346652
2023-09-05 15:30:00+02:00,0.11527920867761639
2023-09-05 15:45:00+02:00,0.11473984039204264
2023-09-05 16:00:00+02:00,0.11426860023652784
2023-09-05 16:15:00+02:00,0.11271687919455342
2023-09-05 16:30:00+02:00,0.11127964808289742
2023-09-05 16:45:00+02:00,0.10995806723628535
2023-09-05 17:00:00+02:00,0.10875321749470855
2023-09-05 17:15:00+02:00,0.11388561912810581
2023-09-05 17:30:00+02:00,0.11976111825278435
2023-09-05 17:45:00+02:00,0.12635007026012426
2023-09-05 18:00:00+02:00,0.13362107387358876
2023-09-05 18:15:00+02:00,0.1597202899916236
2023-09-05 18:30:00+02:00,0.18851006075426657
2023-09-05 18:45:00+02:00,0.22293076844271842
2023-09-05 19:00:00+02:00,0.25735147706829176
2023-09-05 19:15:00+02:00,0.28552786874648295
2023-09-05 19:30:00+02:00,0.32233818892613786
2023-09-05 19:45:00+02:00,0.3594985885116937
2023-09-05 20:00:00+02:00,0.39692373463283526
2023-09-05 20:15:00+02:00,0.40328649839274994
2023-09-05 20:30:00+02:00,0.41060519962625547
2023-09-05 20:45:00+02:00,0.41886103953358395
2023-09-05 21:00:00+02:00,0.4282520504303768
2023-09-05 21:15:00+02:00,0.4176431990127997
2023-09-05 21:30:00+02:00,0.40838458755387425
2023-09-05 21:45:00+02:00,0.40028619258956283
2023-09-05 22:00:00+02:00,0.3933738511423246
2023-09-05 22:15:00+02:00,0.3775469136376024
2023-09-05 22:30:00+02:00,0.3628779603594917
2023-09-05 22:45:00+02:00,0.34941566250628303
2023-09-05 23:00:00+02:00,0.3372071141454969
2023-09-05 23:15:00+02:00,0.3272639608285365
2023-09-05 23:30:00+02:00,0.31776268052726675
2023-09-05 23:45:00+02:00,0.30871578911215447
2023-09-06 00:00:00+02:00,0.3001356468328652
2023-09-06 00:15:00+02:00,0.2942853913367167
2023-09-06 00:30:00+02:00,0.29022832577870844
2023-09-06 00:45:00+02:00,0.2879865944239137
2023-09-06 01:00:00+02:00,0.28757258933001173
2023-09-06 01:15:00+02:00,0.2692675995897089
2023-09-06 01:30:00+02:00,0.25258191922791
2023-09-06 01:45:00+02:00,0.237174560443012
2023-09-06 02:00:00+02:00,0.2231304536359896
2023-09-06 02:15:00+02:00,0.2014742033269656
2023-09-06 02:30:00+02:00,0.18054356515499043
2023-09-06 02:45:00+02:00,0.1645132608649107
2023-09-06 03:00:00+02:00,0.1499118283466503
2023-09-06 03:15:00+02:00,0.13649153932044908
2023-09-06 03:30:00+02:00,0.12307638277657643
2023-09-06 03:45:00+02:00,0.10966684457335014
2023-09-06 04:00:00+02:00,0.09626347364552437
2023-09-06 04:15:00+02:00,0.0917096581596097
2023-09-06 04:30:00+02:00,0.08775887448339569
2023-09-06 04:45:00+02:00,0.08403524031543019
2023-09-06 05:00:00+02:00,0.08054927328353581
2023-09-06 05:15:00+02:00,0.0794582649160657
2023-09-06 05:30:00+02:00,0.07862152739279918
2023-09-06 05:45:00+02:00,0.07804173405970372
2023-09-06 06:00:00+02:00,0.0777207593280763
2023-09-06 06:15:00+02:00,0.0763380623743085
2023-09-06 06:30:00+02:00,0.07526558482401904
2023-09-06 06:45:00+02:00,0.07450756998630671
2023-09-06 07:00:00+02:00,0.07406706370295775
2023-09-06 07:15:00+02:00,0.07549454571742098
2023-09-06 07:30:00+02:00,0.07729885767752853
2023-09-06 07:45:00+02:00,0.07947150732298261
2023-09-06 08:00:00+02:00,0.08200260347021222
2023-09-06 08:15:00+02:00,0.08026232406874073
2023-09-06 08:30:00+02:00,0.07873011947269601
2023-09-06 08:45:00+02:00,0.07741000627180983
2023-09-06 09:00:00+02:00,0.07630552830580081
2023-09-06 09:15:00+02:00,0.06295221401243775
2023-09-06 09:30:00+02:00,0.049970029745137506
2023-09-06 09:45:00+02:00,0.040139750606163774
2023-09-06 10:00:00+02:00,0.03304887260192033
2023-09-06 10:15:00+02:00,0.031840983076975214
2023-09-06 10:30:00+02:00,0.030731552083895684
2023-09-06 10:45:00+02:00,0.029723652945711682
2023-09-06 11:00:00+02:00,0.028820189478591506
2023-09-06 11:15:00+02:00,0.028509095844079804
2023-09-06 11:30:00+02:00,0.02834795200064822
2023-09-06 11:45:00+02:00,0.028337446746974748
2023-09-06 12:00:00+02:00,0.028477625133194816
2023-09-06 12:15:00+02:00,0.032511816925624264
2023-09-06 12:30:00+02:00,0.036546709022103586
2023-09-06 12:45:00+02:00,0.04058222927037873
2023-09-06 13:00:00+02:00,0.04501375801996995
2023-09-06 13:15:00+02:00,0.051568597543472997
2023-09-06 13:30:00+02:00,0.05813758442507316
2023-09-06 13:45:00+02:00,0.0647194819349431
2023-09-06 14:00:00+02:00,0.07131319137263666
2023-09-06 14:15:00+02:00,0.07645407466892414
2023-09-06 14:30:00+02:00,0.08165930569125884
2023-09-06 14:45:00+02:00,0.08692482681684807
2023-09-06 15:00:00+02:00,0.09224687316196771
2023-09-06 15:15:00+02:00,0.09424741525416702
2023-09-06 15:30:00+02:00,0.09686480987591613
2023-09-06 15:45:00+02:00,0.10008731368401656
2023-09-06 16:00:00+02:00,0.10331577021290954
2023-09-06 16:15:00+02:00,0.10200851302490098
2023-09-06 16:30:00+02:00,0.10071288759272148
2023-09-06 16:45:00+02:00,0.09942900288392012
2023-09-06 17:00:00+02:00,0.0981569682253499
2023-09-06 17:15:00+02:00,0.09548551193923645
2023-09-06 17:30:00+02:00,0.09395046297933578
2023-09-06 17:45:00+02:00,0.09273545044725641
2023-09-06 18:00:00+02:00,0.09175051947708072
2023-09-06 18:15:00+02:00,0.10158454131295072
2023-09-06 18:30:00+02:00,0.1135495943233717
2023-09-06 18:45:00+02:00,0.1255350996073444
2023-09-06 19:00:00+02:00,0.13753943384076878
2023-09-06 19:15:00+02:00,0.15042366178469746
2023-09-06 19:30:00+02:00,0.16332893928116066
2023-09-06 19:45:00+02:00,0.17625360901840414
2023-09-06 20:00:00+02:00,0.19296335546308518
2023-09-06 20:15:00+02:00,0.19726524727710906
2023-09-06 20:30:00+02:00,0.20171041214180438
2023-09-06 20:45:00+02:00,0.20629603584213987
2023-09-06 21:00:00+02:00,0.2110192919273581
2023-09-06 21:15:00+02:00,0.20178721948426878
2023-09-06 21:30:00+02:00,0.192882636978784
2023-09-06 21:45:00+02:00,0.18431886160885896
2023-09-06 22:00:00+02:00,0.1764168009584949
2023-09-06 22:15:00+02:00,0.16709128029324466
2023-09-06 22:30:00+02:00,0.1578706826760356
2023-09-06 22:45:00+02:00,0.1487612600349711
2023-09-06 23:00:00+02:00,0.13976968621809713
2023-09-06 23:15:00+02:00,0.1461518307101825
2023-09-06 23:30:00+02:00,0.15253443236582354
2023-09-06 23:45:00+02:00,0.15891747273266923
2023-09-07 00:00:00+02:00,0.16530093433706394
2023-09-07 00:15:00+02:00,0.16467338763834816
2023-09-07 00:30:00+02:00,0.16420383772898103
2023-09-07 00:45:00+02:00,0.16389274889069633
2023-09-07 01:00:00+02:00,0.1637404297239324
2023-09-07 01:15:00+02:00,0.16929783768663714
2023-09-07 01:30:00+02:00,0.17489226080650463
2023-09-07 01:45:00+02:00,0.1815240824261448
2023-09-07 02:00:00+02:00,0.18899497715351818
2023-09-07 02:15:00+02:00,0.19683147257720807
2023-09-07 02:30:00+02:00,0.20466884846768557
2023-09-07 02:45:00+02:00,0.21250707460913126
2023-09-07 03:00:00+02:00,0.22034612214962182
2023-09-07 03:15:00+02:00,0.22572481227226412
2023-09-07 03:30:00+02:00,0.23110770273487763
2023-09-07 03:45:00+02:00,0.23649469788298405
2023-09-07 04:00:00+02:00,0.24188570487499203
2023-09-07 04:15:00+02:00,0.24607618077508545
2023-09-07 04:30:00+02:00,0.2502716598369112
2023-09-07 04:45:00+02:00,0.25447205545237217
2023-09-07 05:00:00+02:00,0.25867728290285974
2023-09-07 05:15:00+02:00,0.26164389676521355
2023-09-07 05:30:00+02:00,0.264623955095825
2023-09-07 05:45:00+02:00,0.26761729551968133
2023-09-07 06:00:00+02:00,0.27062375755965923
2023-09-07 06:15:00+02:00,0.2714909180977891
2023-09-07 06:30:00+02:00,0.2723580925614677
2023-09-07 06:45:00+02:00,0.27322528090212234
2023-09-07 07:00:00+02:00,0.2740924830714051
2023-09-07 07:15:00+02:00,0.26864265645622776
2023-09-07 07:30:00+02:00,0.26319564414259056
2023-09-07 07:45:00+02:00,0.2577515090966241
2023-09-07 08:00:00+02:00,0.25231031614216554
2023-09-07 08:15:00+02:00,0.23364468842766226
2023-09-07 08:30:00+02:00,0.2149808232980063
2023-09-07 08:45:00+02:00,0.19631886828549644
2023-09-07 09:00:00+02:00,0.17765898784221074
2023-09-07 09:15:00+02:00,0.15116080011145183
2023-09-07 09:30:00+02:00,0.12473504324366604
2023-09-07 09:45:00+02:00,0.09831549871642083
2023-09-07 10:00:00+02:00,0.08069620713786652
2023-09-07 10:15:00+02:00,0.08020843497903263
2023-09-07 10:30:00+02:00,0.07972946630113094
2023-09-07 10:45:00+02:00,0.07925935381735241
2023-09-07 11:00:00+02:00,0.07879814967623607
2023-09-07 11:15:00+02:00,0.07173636080554756
2023-09-07 11:30:00+02:00,0.06474513695883467
2023-09-07 11:45:00+02:00,0.05783125032002387
2023-09-07 12:00:00+02:00,0.05100227767358267
2023-09-07 12:15:00+02:00,0.05729502897575757
2023-09-07 12:30:00+02:00,0.06376068967316638
2023-09-07 12:45:00+02:00,0.07038474730726105
2023-09-07 13:00:00+02:00,0.07715396932726559
2023-09-07 13:15:00+02:00,0.08445244498192737
2023-09-07 13:30:00+02:00,0.09175138963657117
2023-09-07 13:45:00+02:00,0.10135609821022121
2023-09-07 14:00:00+02:00,0.11306968001622274
2023-09-07 14:15:00+02:00,0.11858650805904544
2023-09-07 14:30:00+02:00,0.12417490088481478
2023-09-07 14:45:00+02:00,0.12983216419705834
2023-09-07 15:00:00+02:00,0.13555570648932358
2023-09-07 15:15:00+02:00,0.137329505496956
2023-09-07 15:30:00+02:00,0.13911419446333517
2023-09-07 15:45:00+02:00,0.14090964563348998
2023-09-07 16:00:00+02:00,0.14271573249051073
2023-09-07 16:15:00+02:00,0.1441263069690818
2023-09-07 16:30:00+02:00,0.1455459091721772
2023-09-07 16:45:00+02:00,0.14697445596156436
2023-09-07 17:00:00+02:00,0.14841186470248643
2023-09-07 17:15:00+02:00,0.1455899626058105
2023-09-07 17:30:00+02:00,0.14284741746846283
2023-09-07 17:45:00+02:00,0.1401856621976566
2023-09-07 18:00:00+02:00,0.1376061206617642
2023-09-07 18:15:00+02:00,0.14951516577204285
2023-09-07 18:30:00+02:00,0.1614388422524171
2023-09-07 18:45:00+02:00,0.17337607947556324
2023-09-07 19:00:00+02:00,0.18785908190085385
2023-09-07 19:15:00+02:00,0.2055243530637599
2023-09-07 19:30:00+02:00,0.22360270081060366
2023-09-07 19:45:00+02:00,0.24206277869564283
2023-09-07 20:00:00+02:00,0.2608757659439558
2023-09-07 20:15:00+02:00,0.26829149704682426
2023-09-07 20:30:00+02:00,0.27669821581637377
2023-09-07 20:45:00+02:00,0.2861664393828957
2023-09-07 21:00:00+02:00,0.2995066754831644
2023-09-07 21:15:00+02:00,0.29510974437860216
2023-09-07 21:30:00+02:00,0.2923708697857333
2023-09-07 21:45:00+02:00,0.29130382802806026
2023-09-07 22:00:00+02:00,0.2919140274755517
2023-09-07 22:15:00+02:00,0.2849120007421613
2023-09-07 22:30:00+02:00,0.2800593600767783
2023-09-07 22:45:00+02:00,0.27595173297878567
2023-09-07 23:00:00+02:00,0.27260143900971445
2023-09-07 23:15:00+02:00,0.276027680873335
2023-09-07 23:30:00+02:00,0.2806828921136652
2023-09-07 23:45:00+02:00,0.28679078173217487
2023-09-08 00:00:00+02:00,0.2959198947716234
2023-09-08 00:15:00+02:00,0.28316753262860767
2023-09-08 00:30:00+02:00,0.27302477873443937
2023-09-08 00:45:00+02:00,0.26316780027586134
2023-09-08 01:00:00+02:00,0.25360823371277874
2023-09-08 01:15:00+02:00,0.24675103392713066
2023-09-08 01:30:00+02:00,0.24019512728097916
2023-09-08 01:45:00+02:00,0.23394890048967315
2023-09-08 02:00:00+02:00,0.22802063602172415
2023-09-08 02:15:00+02:00,0.21835399972719693
2023-09-08 02:30:00+02:00,0.20899885107979968
2023-09-08 02:45:00+02:00,0.19996818783466727
2023-09-08 03:00:00+02:00,0.19127525162208248
2023-09-08 03:15:00+02:00,0.1736921925367497
2023-09-08 03:30:00+02:00,0.15971667658223027
2023-09-08 03:45:00+02:00,0.14601221770055228
2023-09-08 04:00:00+02:00,0.13260368730722483
2023-09-08 04:15:00+02:00,0.118818414167721
2023-09-08 04:30:00+02:00,0.10515935682119278
2023-09-08 04:45:00+02:00,0.09299531754021863
2023-09-08 05:00:00+02:00,0.08466521609749794
2023-09-08 05:15:00+02:00,0.07781474101223909
2023-09-08 05:30:00+02:00,0.07097571010707604
2023-09-08 05:45:00+02:00,0.0641491675794799
2023-09-08 06:00:00+02:00,0.05733628635923081
2023-09-08 06:15:00+02:00,0.052910247573631164
2023-09-08 06:30:00+02:00,0.04857203507372931
2023-09-08 06:45:00+02:00,0.044327223549323405
2023-09-08 07:00:00+02:00,0.041764049507815315
2023-09-08 07:15:00+02:00,0.043265543580584265
2023-09-08 07:30:00+02:00,0.045500217044773174
2023-09-08 07:45:00+02:00,0.04850214214355345
2023-09-08 08:00:00+02:00,0.051719855589620965
2023-09-08 08:15:00+02:00,0.04912580083063166
2023-09-08 08:30:00+02:00,0.046553354033136964
2023-09-08 08:45:00+02:00,0.04402145747118736
2023-09-08 09:00:00+02:00,0.042528910136947984
2023-09-08 09:15:00+02:00,0.033013010119071914
2023-09-08 09:30:00+02:00,0.023497158629572332
2023-09-08 09:45:00+02:00,0.013981370911331161
2023-09-08 10:00:00+02:00,0.009542251688377695
2023-09-08 10:15:00+02:00,0.006079953619039707
2023-09-08 10:30:00+02:00,0.0026183453357183214
2023-09-08 10:45:00+02:00,0.0
2023-09-08 11:00:00+02:00,0.0
2023-09-08 11:15:00+02:00,0.0
2023-09-08 11:30:00+02:00,0.0
2023-09-08 11:45:00+02:00,0.0
2023-09-08 12:00:00+02:00,0.0
2023-09-08 12:15:00+02:00,0.0
2023-09-08 12:30:00+02:00,0.0
2023-09-08 12:45:00+02:00,0.0
2023-09-08 13:00:00+02:00,0.0
2023-09-08 13:15:00+02:00,0.0
2023-09-08 13:30:00+02:00,0.0
2023-09-08 13:45:00+02:00,0.0
2023-09-08 14:00:00+02:00,0.0
2023-09-08 14:15:00+02:00,0.0
2023-09-08 14:30:00+02:00,0.0
2023-09-08 14:45:00+02:00,0.0
2023-09-08 15:00:00+02:00,0.0
2023-09-08 15:15:00+02:00,0.0
2023-09-08 15:30:00+02:00,0.0
2023-09-08 15:45:00+02:00,0.0
2023-09-08 16:00:00+02:00,0.0
2023-09-08 16:15:00+02:00,0.0
2023-09-08 16:30:00+02:00,0.0
2023-09-08 16:45:00+02:00,0.0
2023-09-08 17:00:00+02:00,0.0
2023-09-08 17:15:00+02:00,0.0
2023-09-08 17:30:00+02:00,0.0
2023-09-08 17:45:00+02:00,0.0
2023-09-08 18:00:00+02:00,0.0
2023-09-08 18:15:00+02:00,0.0
2023-09-08 18:30:00+02:00,0.0
2023-09-08 18:45:00+02:00,0.0
2023-09-08 19:00:00+02:00,0.0
2023-09-08 19:15:00+02:00,0.0
2023-09-08 19:30:00+02:00,0.0
2023-09-08 19:45:00+02:00,0.0
2023-09-08 20:00:00+02:00,0.0
2023-09-08 20:15:00+02:00,0.0
2023-09-08 20:30:00+02:00,0.0
2023-09-08 20:45:00+02:00,0.0
2023-09-08 21:00:00+02:00,0.0
2023-09-08 21:15:00+02:00,0.0
2023-09-08 21:30:00+02:00,0.0
2023-09-08 21:45:00+02:00,0.0
2023-09-08 22:00:00+02:00,0.0005272019157371484
2023-09-08 22:15:00+02:00,0.000884857932317719
2023-09-08 22:30:00+02:00,0.001512905574673843
2023-09-08 22:45:00+02:00,0.0023943753525902268
2023-09-08 23:00:00+02:00,0.003507744963242917
2023-09-08 23:15:00+02:00,0.003024302738934225
2023-09-08 23:30:00+02:00,0.0025937741829873337
2023-09-08 23:45:00+02:00,0.0022184498748679
2023-09-09 00:00:00+02:00,0.0019004355663964378
2023-09-09 00:15:00+02:00,0.002298339965895539
2023-09-09 00:30:00+02:00,0.002777180363936739
2023-09-09 00:45:00+02:00,0.0033332006772113583
2023-09-09 01:00:00+02:00,0.0039623246897490146
2023-09-09 01:15:00+02:00,0.00393001203386453
2023-09-09 01:30:00+02:00,0.004336675729134863
2023-09-09 01:45:00+02:00,0.005165984729182958
2023-09-09 02:00:00+02:00,0.006387031824043992
2023-09-09 02:15:00+02:00,0.007506549416365635
2023-09-09 02:30:00+02:00,0.009077744055724405
2023-09-09 02:45:00+02:00,0.011045591206008171
2023-09-09 03:00:00+02:00,0.013352978152756937
2023-09-09 03:15:00+02:00,0.018166713488093518
2023-09-09 03:30:00+02:00,0.02395515253149953
2023-09-09 03:45:00+02:00,0.030105151825894152
2023-09-09 04:00:00+02:00,0.03655793382838089
2023-09-09 04:15:00+02:00,0.036326232399029525
2023-09-09 04:30:00+02:00,0.036291310014423143
2023-09-09 04:45:00+02:00,0.03645334854065765
2023-09-09 05:00:00+02:00,0.036811506010137204
2023-09-09 05:15:00+02:00,0.032856045006347395
2023-09-09 05:30:00+02:00,0.02899820306071353
2023-09-09 05:45:00+02:00,0.025249040533501813
2023-09-09 06:00:00+02:00,0.021620964817394804
2023-09-09 06:15:00+02:00,0.01699818692960664
2023-09-09 06:30:00+02:00,0.013175198541159628
2023-09-09 06:45:00+02:00,0.011108598401863996
2023-09-09 07:00:00+02:00,0.009070013121628596
2023-09-09 07:15:00+02:00,0.0064396893311744665
2023-09-09 07:30:00+02:00,0.0038465533460994867
2023-09-09 07:45:00+02:00,0.001300610442439877
2023-09-09 08:00:00+02:00,0.0
2023-09-09 08:15:00+02:00,0.0
2023-09-09 08:30:00+02:00,0.0
2023-09-09 08:45:00+02:00,0.0
2023-09-09 09:00:00+02:00,0.0
2023-09-09 09:15:00+02:00,0.0
2023-09-09 09:30:00+02:00,0.0
2023-09-09 09:45:00+02:00,0.0
2023-09-09 10:00:00+02:00,0.0
2023-09-09 10:15:00+02:00,0.0
2023-09-09 10:30:00+02:00,0.0
2023-09-09 10:45:00+02:00,0.0
2023-09-09 11:00:00+02:00,0.0
2023-09-09 11:15:00+02:00,0.0
2023-09-09 11:30:00+02:00,0.0
2023-09-09 11:45:00+02:00,0.0
2023-09-09 12:00:00+02:00,0.0
2023-09-09 12:15:00+02:00,0.0
2023-09-09 12:30:00+02:00,0.0
2023-09-09 12:45:00+02:00,0.0
2023-09-09 13:00:00+02:00,0.0
2023-09-09 13:15:00+02:00,0.0
2023-09-09 13:30:00+02:00,0.0
2023-09-09 13:45:00+02:00,0.0
2023-09-09 14:00:00+02:00,0.0
2023-09-09 14:15:00+02:00,0.0
2023-09-09 14:30:00+02:00,0.0
2023-09-09 14:45:00+02:00,0.0002639987304498837
2023-09-09 15:00:00+02:00,0.0010949531743374321
2023-09-09 15:15:00+02:00,0.0008064688189930409
2023-09-09 15:30:00+02:00,0.0006232265875701634
2023-09-09 15:45:00+02:00,0.000547280582191565
2023-09-09 16:00:00+02:00,0.0005794977459835487
2023-09-09 16:15:00+02:00,0.0
2023-09-09 16:30:00+02:00,0.0
2023-09-09 16:45:00+02:00,0.0
2023-09-09 17:00:00+02:00,0.0
2023-09-09 17:15:00+02:00,0.0
2023-09-09 17:30:00+02:00,0.0
2023-09-09 17:45:00+02:00,0.0
2023-09-09 18:00:00+02:00,0.0
2023-09-09 18:15:00+02:00,0.0
2023-09-09 18:30:00+02:00,0.0
2023-09-09 18:45:00+02:00,0.0
2023-09-09 19:00:00+02:00,0.0
2023-09-09 19:15:00+02:00,0.0013424817618674723
2023-09-09 19:30:00+02:00,0.003062950332677136
2023-09-09 19:45:00+02:00,0.004991525810040437
2023-09-09 20:00:00+02:00,0.007093539251920579
2023-09-09 20:15:00+02:00,0.007616311453271313
2023-09-09 20:30:00+02:00,0.00833811863268818
2023-09-09 20:45:00+02:00,0.009247271901263497
2023-09-09 21:00:00+02:00,0.010330308888162932
2023-09-09 21:15:00+02:00,0.009985209139078062
2023-09-09 21:30:00+02:00,0.009836234272856487
2023-09-09 21:45:00+02:00,0.009885721479351548
2023-09-09 22:00:00+02:00,0.010132890303365788
2023-09-09 22:15:00+02:00,0.00976600766627525
2023-09-09 22:30:00+02:00,0.009548406850899893
2023-09-09 22:45:00+02:00,0.009482714551564657
2023-09-09 23:00:00+02:00,0.009569735795495686
2023-09-09 23:15:00+02:00,0.0097755553159801
2023-09-09 23:30:00+02:00,0.010254375210459648
2023-09-09 23:45:00+02:00,0.010996041352966734
2023-09-10 00:00:00+02:00,0.011985789802032812
2023-09-10 00:15:00+02:00,0.01438774732006185
2023-09-10 00:30:00+02:00,0.019201908765762467
2023-09-10 00:45:00+02:00,0.02422402061511013
2023-09-10 01:00:00+02:00,0.02942462142976788
2023-09-10 01:15:00+02:00,0.031141349851681894
2023-09-10 01:30:00+02:00,0.03294880576331468
2023-09-10 01:45:00+02:00,0.03484258683988441
2023-09-10 02:00:00+02:00,0.036818380559051074
2023-09-10 02:15:00+02:00,0.03634830952430127
2023-09-10 02:30:00+02:00,0.035893942627636795
2023-09-10 02:45:00+02:00,0.035455470384324256
2023-09-10 03:00:00+02:00,0.03503307957758279
2023-09-10 03:15:00+02:00,0.03330811807682462
2023-09-10 03:30:00+02:00,0.031599528357311266
2023-09-10 03:45:00+02:00,0.029908096076140443
2023-09-10 04:00:00+02:00,0.028234649298421836
2023-09-10 04:15:00+02:00,0.02607983376113307
2023-09-10 04:30:00+02:00,0.02406251153090675
2023-09-10 04:45:00+02:00,0.022191079934579524
2023-09-10 05:00:00+02:00,0.020473950547765185
2023-09-10 05:15:00+02:00,0.020293386759133062
2023-09-10 05:30:00+02:00,0.020255390637301408
2023-09-10 05:45:00+02:00,0.0203601292627972
2023-09-10 06:00:00+02:00,0.020607142697747695
2023-09-10 06:15:00+02:00,0.020797291241798715
2023-09-10 06:30:00+02:00,0.021125415737882427
2023-09-10 06:45:00+02:00,0.021590137242321186
2023-09-10 07:00:00+02:00,0.022189533980976978
2023-09-10 07:15:00+02:00,0.023914902267734628
2023-09-10 07:30:00+02:00,0.025673710353592935
2023-09-10 07:45:00+02:00,0.02746426768783158
2023-09-10 08:00:00+02:00,0.029284968227580546
2023-09-10 08:15:00+02:00,0.028302298624076926
2023-09-10 08:30:00+02:00,0.027392090621898204
2023-09-10 08:45:00+02:00,0.02655625670189543
2023-09-10 09:00:00+02:00,0.02579661275788026
2023-09-10 09:15:00+02:00,0.016672356437840374
2023-09-10 09:30:00+02:00,0.01095145892927278
2023-09-10 09:45:00+02:00,0.006787980227981381
2023-09-10 10:00:00+02:00,0.0026273579030734297
2023-09-10 10:15:00+02:00,0.0005433135531430859
2023-09-10 10:30:00+02:00,0.0
2023-09-10 10:45:00+02:00,0.0
2023-09-10 11:00:00+02:00,0.0
2023-09-10 11:15:00+02:00,0.0
2023-09-10 11:30:00+02:00,0.0
2023-09-10 11:45:00+02:00,0.0
2023-09-10 12:00:00+02:00,0.0
2023-09-10 12:15:00+02:00,0.0
2023-09-10 12:30:00+02:00,0.0
2023-09-10 12:45:00+02:00,0.0
2023-09-10 13:00:00+02:00,0.0
2023-09-10 13:15:00+02:00,0.0
2023-09-10 13:30:00+02:00,0.0
2023-09-10 13:45:00+02:00,0.0
2023-09-10 14:00:00+02:00,0.0
2023-09-10 14:15:00+02:00,0.0
2023-09-10 14:30:00+02:00,0.0
2023-09-10 14:45:00+02:00,0.0
2023-09-10 15:00:00+02:00,0.0
2023-09-10 15:15:00+02:00,0.0
2023-09-10 15:30:00+02:00,0.0
2023-09-10 15:45:00+02:00,0.0
2023-09-10 16:00:00+02:00,0.0
2023-09-10 16:15:00+02:00,0.0
2023-09-10 16:30:00+02:00,0.0
2023-09-10 16:45:00+02:00,0.0
2023-09-10 17:00:00+02:00,0.0
2023-09-10 17:15:00+02:00,0.0
2023-09-10 17:30:00+02:00,0.0
2023-09-10 17:45:00+02:00,0.0
2023-09-10 18:00:00+02:00,0.0
2023-09-10 18:15:00+02:00,0.0
2023-09-10 18:30:00+02:00,0.0
2023-09-10 18:45:00+02:00,0.004642096641096733
2023-09-10 19:00:00+02:00,0.009429367871542697
2023-09-10 19:15:00+02:00,0.01712895870896764
2023-09-10 19:30:00+02:00,0.030171996092408348
2023-09-10 19:45:00+02:00,0.04330445949892181
2023-09-10 20:00:00+02:00,0.06512832332451886
2023-09-10 20:15:00+02:00,0.08034465860877368
2023-09-10 20:30:00+02:00,0.09646810296474764
2023-09-10 20:45:00+02:00,0.1221861486579308
2023-09-10 21:00:00+02:00,0.1483954614677835
2023-09-10 21:15:00+02:00,0.15245153478751414
2023-09-10 21:30:00+02:00,0.1577311591923156
2023-09-10 21:45:00+02:00,0.1641939343040711
2023-09-10 22:00:00+02:00,0.17179278509041052
2023-09-10 22:15:00+02:00,0.17297377361387106
2023-09-10 22:30:00+02:00,0.17475856069336584
2023-09-10 22:45:00+02:00,0.17714058355186507
2023-09-10 23:00:00+02:00,0.18098175394273947
2023-09-10 23:15:00+02:00,0.16697300260522924
2023-09-10 23:30:00+02:00,0.15409792575004663
2023-09-10 23:45:00+02:00,0.14150824251074703
2023-09-11 00:00:00+02:00,0.12922819222442622
2023-09-11 00:15:00+02:00,0.1320960230536281
2023-09-11 00:30:00+02:00,0.13517264185054134
2023-09-11 00:45:00+02:00,0.13845380330427384
2023-09-11 01:00:00+02:00,0.1419351056810408
2023-09-11 01:15:00+02:00,0.14157853324237327
2023-09-11 01:30:00+02:00,0.1421039163650791
2023-09-11 01:45:00+02:00,0.14350822642974723
2023-09-11 02:00:00+02:00,0.14578343579766861
2023-09-11 02:15:00+02:00,0.14266111902905934
2023-09-11 02:30:00+02:00,0.14048761221086
2023-09-11 02:45:00+02:00,0.13927652015968886
2023-09-11 03:00:00+02:00,0.13903553629248366
2023-09-11 03:15:00+02:00,0.13923474283140708
2023-09-11 03:30:00+02:00,0.13991082349975703
2023-09-11 03:45:00+02:00,0.14106165971328952
2023-09-11 04:00:00+02:00,0.14268367391894973
2023-09-11 04:15:00+02:00,0.1414833906413215
2023-09-11 04:30:00+02:00,0.14029028201409477
2023-09-11 04:45:00+02:00,0.139104404529812
2023-09-11 05:00:00+02:00,0.13792581492785716
2023-09-11 05:15:00+02:00,0.13911670912824525
2023-09-11 05:30:00+02:00,0.1403081163564752
2023-09-11 05:45:00+02:00,0.1415000325999199
2023-09-11 06:00:00+02:00,0.14269245388600157
2023-09-11 06:15:00+02:00,0.14780281141784876
2023-09-11 06:30:00+02:00,0.15415917358422518
2023-09-11 06:45:00+02:00,0.16171175092358397
2023-09-11 07:00:00+02:00,0.1704047644083611
2023-09-11 07:15:00+02:00,0.1735558228120229
2023-09-11 07:30:00+02:00,0.177629340799206
2023-09-11 07:45:00+02:00,0.18403234217537773
2023-09-11 08:00:00+02:00,0.191513119701542
2023-09-11 08:15:00+02:00,0.1746628392581326
2023-09-11 08:30:00+02:00,0.1616687974374944
2023-09-11 08:45:00+02:00,0.14915131603631435
2023-09-11 09:00:00+02:00,0.1371499349513368
2023-09-11 09:15:00+02:00,0.10720803082271932
2023-09-11 09:30:00+02:00,0.08455417859308419
2023-09-11 09:45:00+02:00,0.06705008929134292
2023-09-11 10:00:00+02:00,0.05034448584171651
2023-09-11 10:15:00+02:00,0.04401750514634102
2023-09-11 10:30:00+02:00,0.040511375261201354
2023-09-11 10:45:00+02:00,0.037271211086058714
2023-09-11 11:00:00+02:00,0.034320259079957005
2023-09-11 11:15:00+02:00,0.028731970373695646
2023-09-11 11:30:00+02:00,0.02321101913447581
2023-09-11 11:45:00+02:00,0.017769186533704462
2023-09-11 12:00:00+02:00,0.013175364574244935
2023-09-11 12:15:00+02:00,0.01164937836263808
2023-09-11 12:30:00+02:00,0.010140307766222628
2023-09-11 12:45:00+02:00,0.008650264289124545
2023-09-11 13:00:00+02:00,0.007181692037209077
2023-09-11 13:15:00+02:00,0.009203552636777279
2023-09-11 13:30:00+02:00,0.011299023315529845
2023-09-11 13:45:00+02:00,0.013456840047905361
2023-09-11 14:00:00+02:00,0.01787824534351738
2023-09-11 14:15:00+02:00,0.018373814992835226
2023-09-11 14:30:00+02:00,0.019144384656078893
2023-09-11 14:45:00+02:00,0.020183406691267343
2023-09-11 15:00:00+02:00,0.021482376454002767
2023-09-11 15:15:00+02:00,0.018487609514622895
2023-09-11 15:30:00+02:00,0.016364653785591488
2023-09-11 15:45:00+02:00,0.015173830227421147
2023-09-11 16:00:00+02:00,0.014951398490112075
2023-09-11 16:15:00+02:00,0.02238842599265298
2023-09-11 16:30:00+02:00,0.02989807793671956
2023-09-11 16:45:00+02:00,0.037466049531592854
2023-09-11 17:00:00+02:00,0.04579786775042396
2023-09-11 17:15:00+02:00,0.06236946668156064
2023-09-11 17:30:00+02:00,0.08073560627760441
2023-09-11 17:45:00+02:00,0.10371059794120362
2023-09-11 18:00:00+02:00,0.13724941424214784
2023-09-11 18:15:00+02:00,0.11688524851273958
2023-09-11 18:30:00+02:00,0.10150789215782584
2023-09-11 18:45:00+02:00,0.093022448440624
2023-09-11 19:00:00+02:00,0.0906126297283178
2023-09-11 19:15:00+02:00,0.09126329906931668
2023-09-11 19:30:00+02:00,0.09194685673612207
2023-09-11 19:45:00+02:00,0.09266303655192819
2023-09-11 20:00:00+02:00,0.09341156270875872
2023-09-11 20:15:00+02:00,0.10712322942409669
2023-09-11 20:30:00+02:00,0.12213723602681767
2023-09-11 20:45:00+02:00,0.13732947971106255
2023-09-11 21:00:00+02:00,0.1526826088581061
2023-09-11 21:15:00+02:00,0.15007685499154835
2023-09-11 21:30:00+02:00,0.14854709729549653
2023-09-11 21:45:00+02:00,0.1481039878582679
2023-09-11 22:00:00+02:00,0.1487506383421941
2023-09-11 22:15:00+02:00,0.15459649279274476
2023-09-11 22:30:00+02:00,0.16370401271822235
2023-09-11 22:45:00+02:00,0.17589186641000942
2023-09-11 23:00:00+02:00,0.19526014084335103
2023-09-11 23:15:00+02:00,0.17775853345096854
2023-09-11 23:30:00+02:00,0.16521623229608784
2023-09-11 23:45:00+02:00,0.15364989606806856
2023-09-12 00:00:00+02:00,0.1430351968365116
2023-09-12 00:15:00+02:00,0.09851996208809444
2023-09-12 00:30:00+02:00,0.07022697491108185
2023-09-12 00:45:00+02:00,0.04412729732415736
2023-09-12 01:00:00+02:00,0.029488707788457306
2023-09-12 01:15:00+02:00,0.00911036289067766
2023-09-12 01:30:00+02:00,0.0
2023-09-12 01:45:00+02:00,0.0
2023-09-12 02:00:00+02:00,0.0
2023-09-12 02:15:00+02:00,0.0
2023-09-12 02:30:00+02:00,0.0
2023-09-12 02:45:00+02:00,0.0
2023-09-12 03:00:00+02:00,0.0023242919879077548
2023-09-12 03:15:00+02:00,0.0012243399148548608
2023-09-12 03:30:00+02:00,0.0002860384279938702
2023-09-12 03:45:00+02:00,0.0
2023-09-12 04:00:00+02:00,0.0
2023-09-12 04:15:00+02:00,0.0
2023-09-12 04:30:00+02:00,0.0
2023-09-12 04:45:00+02:00,0.0
2023-09-12 05:00:00+02:00,0.0
2023-09-12 05:15:00+02:00,0.0
2023-09-12 05:30:00+02:00,0.0
2023-09-12 05:45:00+02:00,0.0
2023-09-12 06:00:00+02:00,0.0
2023-09-12 06:15:00+02:00,0.0
2023-09-12 06:30:00+02:00,0.0
2023-09-12 06:45:00+02:00,0.0
2023-09-12 07:00:00+02:00,0.0
2023-09-12 07:15:00+02:00,0.0
2023-09-12 07:30:00+02:00,0.0
2023-09-12 07:45:00+02:00,0.0
2023-09-12 08:00:00+02:00,0.0
2023-09-12 08:15:00+02:00,8.119378643728898e-05
2023-09-12 08:30:00+02:00,0.0025934647845105344
2023-09-12 08:45:00+02:00,0.005127123341064818
2023-09-12 09:00:00+02:00,0.007677564036512294
2023-09-12 09:15:00+02:00,0.006590860078783611
2023-09-12 09:30:00+02:00,0.005555260228322084
2023-09-12 09:45:00+02:00,0.004575696419959355
2023-09-12 10:00:00+02:00,0.0036574341595906746
2023-09-12 10:15:00+02:00,0.002564195632754405
2023-09-12 10:30:00+02:00,0.0014709582894353716
2023-09-12 10:45:00+02:00,0.00037772226827797307
2023-09-12 11:00:00+02:00,0.0
2023-09-12 11:15:00+02:00,0.0
2023-09-12 11:30:00+02:00,0.0
2023-09-12 11:45:00+02:00,0.0
2023-09-12 12:00:00+02:00,0.0
2023-09-12 12:15:00+02:00,0.0
2023-09-12 12:30:00+02:00,0.0
2023-09-12 12:45:00+02:00,0.0
2023-09-12 13:00:00+02:00,0.0
2023-09-12 13:15:00+02:00,0.0
2023-09-12 13:30:00+02:00,0.0
2023-09-12 13:45:00+02:00,0.0
2023-09-12 14:00:00+02:00,0.0
2023-09-12 14:15:00+02:00,0.0
2023-09-12 14:30:00+02:00,0.0
2023-09-12 14:45:00+02:00,0.0
2023-09-12 15:00:00+02:00,9.206010692925207e-05
2023-09-12 15:15:00+02:00,0.0
2023-09-12 15:30:00+02:00,0.0
2023-09-12 15:45:00+02:00,0.0
2023-09-12 16:00:00+02:00,0.0
2023-09-12 16:15:00+02:00,0.0
2023-09-12 16:30:00+02:00,0.0
2023-09-12 16:45:00+02:00,0.0
2023-09-12 17:00:00+02:00,0.0
2023-09-12 17:15:00+02:00,0.0
2023-09-12 17:30:00+02:00,0.0
2023-09-12 17:45:00+02:00,0.0
2023-09-12 18:00:00+02:00,0.0
2023-09-12 18:15:00+02:00,0.0014614258647410187
2023-09-12 18:30:00+02:00,0.0104359506109066
2023-09-12 18:45:00+02:00,0.026176285586743852
2023-09-12 19:00:00+02:00,0.04732429944277379
2023-09-12 19:15:00+02:00,0.04027161595809775
2023-09-12 19:30:00+02:00,0.03581227698655846
2023-09-12 19:45:00+02:00,0.0327579939572776
2023-09-12 20:00:00+02:00,0.031227892874214132
2023-09-12 20:15:00+02:00,0.034871258952652424
2023-09-12 20:30:00+02:00,0.038673160252652564
2023-09-12 20:45:00+02:00,0.04261846924330364
2023-09-12 21:00:00+02:00,0.04852678808142252
2023-09-12 21:15:00+02:00,0.05208129169587301
2023-09-12 21:30:00+02:00,0.05626735106856082
2023-09-12 21:45:00+02:00,0.06104920490150948
2023-09-12 22:00:00+02:00,0.06638922146413526
2023-09-12 22:15:00+02:00,0.05802267350817694
2023-09-12 22:30:00+02:00,0.05031311883669628
2023-09-12 22:45:00+02:00,0.043626700367286074
2023-09-12 23:00:00+02:00,0.03998256660941011
2023-09-12 23:15:00+02:00,0.030891544047089478
2023-09-12 23:30:00+02:00,0.024934601116324256
2023-09-12 23:45:00+02:00,0.022675780462742007
2023-09-13 00:00:00+02:00,0.024362850143030367
2023-09-13 00:15:00+02:00,0.033893496029092564
2023-09-13 00:30:00+02:00,0.043554365646439906
2023-09-13 00:45:00+02:00,0.05973899622820576
2023-09-13 01:00:00+02:00,0.07640097039694578
2023-09-13 01:15:00+02:00,0.09043390027942307
2023-09-13 01:30:00+02:00,0.11004699559295014
2023-09-13 01:45:00+02:00,0.13256495308345323
2023-09-13 02:00:00+02:00,0.15508291066725827
2023-09-13 02:15:00+02:00,0.15832297503067694
2023-09-13 02:30:00+02:00,0.16168781032971433
2023-09-13 02:45:00+02:00,0.1651747961650641
2023-09-13 03:00:00+02:00,0.1687812938411357
2023-09-13 03:15:00+02:00,0.1616906066157201
2023-09-13 03:30:00+02:00,0.15464099360540584
2023-09-13 03:45:00+02:00,0.147634330547589
2023-09-13 04:00:00+02:00,0.14067259664186543
2023-09-13 04:15:00+02:00,0.15260026286282954
2023-09-13 04:30:00+02:00,0.16522640777745665
2023-09-13 04:45:00+02:00,0.17885346664770793
2023-09-13 05:00:00+02:00,0.197139758831213
2023-09-13 05:15:00+02:00,0.21452369327707813
2023-09-13 05:30:00+02:00,0.2319361216296866
2023-09-13 05:45:00+02:00,0.24937498231769273
2023-09-13 06:00:00+02:00,0.2668384052569017
2023-09-13 06:15:00+02:00,0.268878905413163
2023-09-13 06:30:00+02:00,0.27105947048432916
2023-09-13 06:45:00+02:00,0.27337887223476487
2023-09-13 07:00:00+02:00,0.2758358199343012
2023-09-13 07:15:00+02:00,0.2731742742463846
2023-09-13 07:30:00+02:00,0.2708860124966195
2023-09-13 07:45:00+02:00,0.2689744901089171
2023-09-13 08:00:00+02:00,0.2674426263554291
2023-09-13 08:15:00+02:00,0.27810875400940066
2023-09-13 08:30:00+02:00,0.28993343929869486
2023-09-13 08:45:00+02:00,0.3042546187342064
2023-09-13 09:00:00+02:00,0.31880556530543186
2023-09-13 09:15:00+02:00,0.3032970117441743
2023-09-13 09:30:00+02:00,0.28883908666987357
2023-09-13 09:45:00+02:00,0.2778206796881074
2023-09-13 10:00:00+02:00,0.268398919784934
2023-09-13 10:15:00+02:00,0.26768352718290955
2023-09-13 10:30:00+02:00,0.2686155766201298
2023-09-13 10:45:00+02:00,0.2711888750016314
2023-09-13 11:00:00+02:00,0.2753864837811514
2023-09-13 11:15:00+02:00,0.2154377474457485
2023-09-13 11:30:00+02:00,0.1629470234318108
2023-09-13 11:45:00+02:00,0.12246493113036509
2023-09-13 12:00:00+02:00,0.08925794012227983
2023-09-13 12:15:00+02:00,0.08307493795827395
2023-09-13 12:30:00+02:00,0.08405269431017444
2023-09-13 12:45:00+02:00,0.09210814304543166
2023-09-13 13:00:00+02:00,0.11347351905402335
2023-09-13 13:15:00+02:00,0.12395453579513005
2023-09-13 13:30:00+02:00,0.13639035879531547
2023-09-13 13:45:00+02:00,0.1506245484029163
2023-09-13 14:00:00+02:00,0.16649779688274693
2023-09-13 14:15:00+02:00,0.19028058555130048
2023-09-13 14:30:00+02:00,0.21841741583798158
2023-09-13 14:45:00+02:00,0.24733465374172453
2023-09-13 15:00:00+02:00,0.27694198290816413
2023-09-13 15:15:00+02:00,0.2817950094910327
2023-09-13 15:30:00+02:00,0.28835897791701
2023-09-13 15:45:00+02:00,0.29748630223020195
2023-09-13 16:00:00+02:00,0.3079759860627752
2023-09-13 16:15:00+02:00,0.29022298103659744
2023-09-13 16:30:00+02:00,0.27591374751776193
2023-09-13 16:45:00+02:00,0.26307183592996314
2023-09-13 17:00:00+02:00,0.250688801295373
2023-09-13 17:15:00+02:00,0.22626730715404084
2023-09-13 17:30:00+02:00,0.20189194888030196
2023-09-13 17:45:00+02:00,0.17756791536375227
2023-09-13 18:00:00+02:00,0.15912267121486523
2023-09-13 18:15:00+02:00,0.1431331947877859
2023-09-13 18:30:00+02:00,0.1271462893809825
2023-09-13 18:45:00+02:00,0.11116224401674084
2023-09-13 19:00:00+02:00,0.09520275884880375
2023-09-13 19:15:00+02:00,0.08902730506563482
2023-09-13 19:30:00+02:00,0.08285230519596526
2023-09-13 19:45:00+02:00,0.07667779466114555
2023-09-13 20:00:00+02:00,0.07050381266316869
2023-09-13 20:15:00+02:00,0.06836243026636363
2023-09-13 20:30:00+02:00,0.06632907860863112
2023-09-13 20:45:00+02:00,0.06440668499492012
2023-09-13 21:00:00+02:00,0.06259811500371794
2023-09-13 21:15:00+02:00,0.06403807446977113
2023-09-13 21:30:00+02:00,0.06568025735534362
2023-09-13 21:45:00+02:00,0.06752029861649653
2023-09-13 22:00:00+02:00,0.06955345511607926
2023-09-13 22:15:00+02:00,0.06779402059160027
2023-09-13 22:30:00+02:00,0.06670749062738768
2023-09-13 22:45:00+02:00,0.06630352719468557
2023-09-13 23:00:00+02:00,0.06658576954636819
2023-09-13 23:15:00+02:00,0.047626741902080806
2023-09-13 23:30:00+02:00,0.035314800072309166
2023-09-13 23:45:00+02:00,0.024932414238111923
2023-09-14 00:00:00+02:00,0.015171941860814404
2023-09-14 00:15:00+02:00,0.01583096392079585
2023-09-14 00:30:00+02:00,0.01654390087640915
2023-09-14 00:45:00+02:00,0.017309528783655936
2023-09-14 01:00:00+02:00,0.018126574123892587
2023-09-14 01:15:00+02:00,0.01743258477259081
2023-09-14 01:30:00+02:00,0.016746622323670468
2023-09-14 01:45:00+02:00,0.016068864445544385
2023-09-14 02:00:00+02:00,0.015399491868277803
2023-09-14 02:15:00+02:00,0.015614828568675543
2023-09-14 02:30:00+02:00,0.015991512348390313
2023-09-14 02:45:00+02:00,0.016527591757289167
2023-09-14 03:00:00+02:00,0.017220343372808644
2023-09-14 03:15:00+02:00,0.016718564967817973
2023-09-14 03:30:00+02:00,0.016223747815986546
2023-09-14 03:45:00+02:00,0.01573600346268602
2023-09-14 04:00:00+02:00,0.015255444203226649
2023-09-14 04:15:00+02:00,0.014939469217292833
2023-09-14 04:30:00+02:00,0.014839106332541825
2023-09-14 04:45:00+02:00,0.01495506226279219
2023-09-14 05:00:00+02:00,0.015286520770185334
2023-09-14 05:15:00+02:00,0.01370094541824506
2023-09-14 05:30:00+02:00,0.013461893252639344
2023-09-14 05:45:00+02:00,0.01377632803360576
2023-09-14 06:00:00+02:00,0.01561023158480459
2023-09-14 06:15:00+02:00,0.01332715464121283
2023-09-14 06:30:00+02:00,0.012239233780482884
2023-09-14 06:45:00+02:00,0.011386278195815946
2023-09-14 07:00:00+02:00,0.01078394727635954
2023-09-14 07:15:00+02:00,0.00961133310070442
2023-09-14 07:30:00+02:00,0.008656725750709008
2023-09-14 07:45:00+02:00,0.00793768833977524
2023-09-14 08:00:00+02:00,0.007468706141376995
2023-09-14 08:15:00+02:00,0.004920857532529409
2023-09-14 08:30:00+02:00,0.0024795887800006886
2023-09-14 08:45:00+02:00,0.00017300018923110515
2023-09-14 09:00:00+02:00,0.0
2023-09-14 09:15:00+02:00,0.0
2023-09-14 09:30:00+02:00,0.0
2023-09-14 09:45:00+02:00,0.0
2023-09-14 10:00:00+02:00,0.0003269625144345612
2023-09-14 10:15:00+02:00,0.0
2023-09-14 10:30:00+02:00,0.0
2023-09-14 10:45:00+02:00,0.0
2023-09-14 11:00:00+02:00,0.0
2023-09-14 11:15:00+02:00,0.0
2023-09-14 11:30:00+02:00,0.0
2023-09-14 11:45:00+02:00,0.0005953646896644171
2023-09-14 12:00:00+02:00,0.0021033715782942794
2023-09-14 12:15:00+02:00,0.0006890195881729898
2023-09-14 12:30:00+02:00,0.0
2023-09-14 12:45:00+02:00,0.0
2023-09-14 13:00:00+02:00,0.0
2023-09-14 13:15:00+02:00,0.0
2023-09-14 13:30:00+02:00,0.0
2023-09-14 13:45:00+02:00,0.0
2023-09-14 14:00:00+02:00,0.0
2023-09-14 14:15:00+02:00,0.0
2023-09-14 14:30:00+02:00,0.0
2023-09-14 14:45:00+02:00,0.0
2023-09-14 15:00:00+02:00,0.0
2023-09-14 15:15:00+02:00,0.0
2023-09-14 15:30:00+02:00,0.0
2023-09-14 15:45:00+02:00,0.0
2023-09-14 16:00:00+02:00,0.0
2023-09-14 16:15:00+02:00,0.0
2023-09-14 16:30:00+02:00,0.0
2023-09-14 16:45:00+02:00,0.0
2023-09-14 17:00:00+02:00,0.0
2023-09-14 17:15:00+02:00,0.0
2023-09-14 17:30:00+02:00,0.0
2023-09-14 17:45:00+02:00,0.0018368083629136717
2023-09-14 18:00:00+02:00,0.003988094367688165
2023-09-14 18:15:00+02:00,0.007695623502290553
2023-09-14 18:30:00+02:00,0.011533760736787418
2023-09-14 18:45:00+02:00,0.0174401754745734
2023-09-14 19:00:00+02:00,0.02621104328492583
2023-09-14 19:15:00+02:00,0.03740168833440067
2023-09-14 19:30:00+02:00,0.051742590510794245
2023-09-14 19:45:00+02:00,0.0706894249309225
2023-09-14 20:00:00+02:00,0.08963693792329486
2023-09-14 20:15:00+02:00,0.10203853010423525
2023-09-14 20:30:00+02:00,0.11878461830723323
2023-09-14 20:45:00+02:00,0.1363819847511165
2023-09-14 21:00:00+02:00,0.15473506345645008
2023-09-14 21:15:00+02:00,0.15499490653822875
2023-09-14 21:30:00+02:00,0.15575494892441086
2023-09-14 21:45:00+02:00,0.15701277677005088
2023-09-14 22:00:00+02:00,0.15876442926429876
2023-09-14 22:15:00+02:00,0.1608441279048864
2023-09-14 22:30:00+02:00,0.16309912110227284
2023-09-14 22:45:00+02:00,0.16552694346491165
2023-09-14 23:00:00+02:00,0.1681249920377339
2023-09-14 23:15:00+02:00,0.16153987905092665
2023-09-14 23:30:00+02:00,0.15498149588295373
2023-09-14 23:45:00+02:00,0.14845097614672287
2023-09-15 00:00:00+02:00,0.14194951323556626
2023-09-15 00:15:00+02:00,0.1334964866194732
2023-09-15 00:30:00+02:00,0.12515595334429508
2023-09-15 00:45:00+02:00,0.11693442292774255
2023-09-15 01:00:00+02:00,0.10883881282681895
2023-09-15 01:15:00+02:00,0.09411441276830936
2023-09-15 01:30:00+02:00,0.08467439396800305
2023-09-15 01:45:00+02:00,0.07541297562971676
2023-09-15 02:00:00+02:00,0.0663520126902533
2023-09-15 02:15:00+02:00,0.057533576007818533
2023-09-15 02:30:00+02:00,0.04871524473048814
2023-09-15 02:45:00+02:00,0.041595877379005
2023-09-15 03:00:00+02:00,0.03638706026828552
2023-09-15 03:15:00+02:00,0.036040637447807645
2023-09-15 03:30:00+02:00,0.03577365917606056
2023-09-15 03:45:00+02:00,0.035586691096595256
2023-09-15 04:00:00+02:00,0.03548013253474743
2023-09-15 04:15:00+02:00,0.039529680231864844
2023-09-15 04:30:00+02:00,0.04360039225783928
2023-09-15 04:45:00+02:00,0.05021418330700955
2023-09-15 05:00:00+02:00,0.05716710050936423
2023-09-15 05:15:00+02:00,0.0613914722696057
2023-09-15 05:30:00+02:00,0.06562773566954026
2023-09-15 05:45:00+02:00,0.06987523531017774
2023-09-15 06:00:00+02:00,0.07413336152988892
2023-09-15 06:15:00+02:00,0.07662200433476093
2023-09-15 06:30:00+02:00,0.07911455652879683
2023-09-15 06:45:00+02:00,0.0816108974763203
2023-09-15 07:00:00+02:00,0.08411091128217428
2023-09-15 07:15:00+02:00,0.08522715319725664
2023-09-15 07:30:00+02:00,0.08637582574274352
2023-09-15 07:45:00+02:00,0.0875564787793556
2023-09-15 08:00:00+02:00,0.0887686582740956
2023-09-15 08:15:00+02:00,0.08415742442907166
2023-09-15 08:30:00+02:00,0.07963322481710564
2023-09-15 08:45:00+02:00,0.07520106671413161
2023-09-15 09:00:00+02:00,0.07086623485446512
2023-09-15 09:15:00+02:00,0.05623242952894272
2023-09-15 09:30:00+02:00,0.04263315946156067
2023-09-15 09:45:00+02:00,0.03406080372813616
2023-09-15 10:00:00+02:00,0.025538043473333244
2023-09-15 10:15:00+02:00,0.02594835588711677
2023-09-15 10:30:00+02:00,0.026370579389692547
2023-09-15 10:45:00+02:00,0.02680456850317306
2023-09-15 11:00:00+02:00,0.027250176154067496
2023-09-15 11:15:00+02:00,0.0219906948301046
2023-09-15 11:30:00+02:00,0.016744906769092755
2023-09-15 11:45:00+02:00,0.01276174484894982
2023-09-15 12:00:00+02:00,0.010382152964949057
2023-09-15 12:15:00+02:00,0.009494354896982214
2023-09-15 12:30:00+02:00,0.008782248495567796
2023-09-15 12:45:00+02:00,0.008256297443353445
2023-09-15 13:00:00+02:00,0.00792476646841547
2023-09-15 13:15:00+02:00,0.0057776522066647455
2023-09-15 13:30:00+02:00,0.003847556141781162
2023-09-15 13:45:00+02:00,0.002176681921625522
2023-09-15 14:00:00+02:00,0.0008107712180211497
2023-09-15 14:15:00+02:00,9.065382441865346e-05
2023-09-15 14:30:00+02:00,0.0
2023-09-15 14:45:00+02:00,0.0
2023-09-15 15:00:00+02:00,0.0
2023-09-15 15:15:00+02:00,0.0001737192568542198
2023-09-15 15:30:00+02:00,0.0024081740649347515
2023-09-15 15:45:00+02:00,0.004648131212305285
2023-09-15 16:00:00+02:00,0.006892519335303938
2023-09-15 16:15:00+02:00,0.007402013136913614
2023-09-15 16:30:00+02:00,0.007922529603433669
2023-09-15 16:45:00+02:00,0.00845359157759711
2023-09-15 17:00:00+02:00,0.008994740192675078
2023-09-15 17:15:00+02:00,0.0075342617204552645
2023-09-15 17:30:00+02:00,0.00694794382421708
2023-09-15 17:45:00+02:00,0.007279873247960814
2023-09-15 18:00:00+02:00,0.008504746454218342
2023-09-15 18:15:00+02:00,0.012844833531813439
2023-09-15 18:30:00+02:00,0.022434429191199354
2023-09-15 18:45:00+02:00,0.03404796064715747
2023-09-15 19:00:00+02:00,0.04784412518306168
2023-09-15 19:15:00+02:00,0.06553902636279418
2023-09-15 19:30:00+02:00,0.08323404169635246
2023-09-15 19:45:00+02:00,0.10437024970685761
2023-09-15 20:00:00+02:00,0.13276484091366378
2023-09-15 20:15:00+02:00,0.14794655802851397
2023-09-15 20:30:00+02:00,0.16374423898859503
2023-09-15 20:45:00+02:00,0.180965599076126
2023-09-15 21:00:00+02:00,0.203199232129933
2023-09-15 21:15:00+02:00,0.2008191738422419
2023-09-15 21:30:00+02:00,0.19915666572408408
2023-09-15 21:45:00+02:00,0.19821704263031953
2023-09-15 22:00:00+02:00,0.19800334311592951
2023-09-15 22:15:00+02:00,0.1897205759697904
2023-09-15 22:30:00+02:00,0.1816500592053603
2023-09-15 22:45:00+02:00,0.17466552964678486
2023-09-15 23:00:00+02:00,0.16888621252103345
2023-09-15 23:15:00+02:00,0.1484864738163441
2023-09-15 23:30:00+02:00,0.13147110524657435
2023-09-15 23:45:00+02:00,0.11823861365970892
2023-09-16 00:00:00+02:00,0.10914280624401519
2023-09-16 00:15:00+02:00,0.09957413022273404
2023-09-16 00:30:00+02:00,0.09197746104882606
2023-09-16 00:45:00+02:00,0.08601496797722712
2023-09-16 01:00:00+02:00,0.08005280562396808
2023-09-16 01:15:00+02:00,0.07337159381247392
2023-09-16 01:30:00+02:00,0.06669498354671669
2023-09-16 01:45:00+02:00,0.06002339237330868
2023-09-16 02:00:00+02:00,0.05335728955635758
2023-09-16 02:15:00+02:00,0.04897746139690583
2023-09-16 02:30:00+02:00,0.044598090958309466
2023-09-16 02:45:00+02:00,0.04178618564479307
2023-09-16 03:00:00+02:00,0.03919989706955235
2023-09-16 03:15:00+02:00,0.03878774727014654
2023-09-16 03:30:00+02:00,0.03842193334088436
2023-09-16 03:45:00+02:00,0.03810289743508161
2023-09-16 04:00:00+02:00,0.037831029768230245
2023-09-16 04:15:00+02:00,0.03864350788050496
2023-09-16 04:30:00+02:00,0.03963400271007786
2023-09-16 04:45:00+02:00,0.04079802019311753
2023-09-16 05:00:00+02:00,0.042130469927046575
2023-09-16 05:15:00+02:00,0.046728404337171944
2023-09-16 05:30:00+02:00,0.05267735037603404
2023-09-16 05:45:00+02:00,0.05864705161011125
2023-09-16 06:00:00+02:00,0.0646358585814711
2023-09-16 06:15:00+02:00,0.06380339972424473
2023-09-16 06:30:00+02:00,0.06306511475009857
2023-09-16 06:45:00+02:00,0.06242193843296362
2023-09-16 07:00:00+02:00,0.06187469523075479
2023-09-16 07:15:00+02:00,0.05568741443188886
2023-09-16 07:30:00+02:00,0.049549355430541585
2023-09-16 07:45:00+02:00,0.04370344217232525
2023-09-16 08:00:00+02:00,0.04014401971606581
2023-09-16 08:15:00+02:00,0.03656989093202183
2023-09-16 08:30:00+02:00,0.03301029360666546
2023-09-16 08:45:00+02:00,0.029466686585304804
2023-09-16 09:00:00+02:00,0.025940722749708267
2023-09-16 09:15:00+02:00,0.016813994916682687
2023-09-16 09:30:00+02:00,0.011114742661576983
2023-09-16 09:45:00+02:00,0.007184549157271215
2023-09-16 10:00:00+02:00,0.0034429993309302897
2023-09-16 10:15:00+02:00,0.002512374370807777
2023-09-16 10:30:00+02:00,0.0015919434201437902
2023-09-16 10:45:00+02:00,0.0006827010867403558
2023-09-16 11:00:00+02:00,0.0
2023-09-16 11:15:00+02:00,0.0
2023-09-16 11:30:00+02:00,0.0
2023-09-16 11:45:00+02:00,0.0006247035668498288
2023-09-16 12:00:00+02:00,0.0034472982625756367
2023-09-16 12:15:00+02:00,0.0034252686205093765
2023-09-16 12:30:00+02:00,0.0034667324696035025
2023-09-16 12:45:00+02:00,0.0035714365909116775
2023-09-16 13:00:00+02:00,0.0037387475103431837
2023-09-16 13:15:00+02:00,0.003067713754526565
2023-09-16 13:30:00+02:00,0.002437947503354575
2023-09-16 13:45:00+02:00,0.0018520944006488768
2023-09-16 14:00:00+02:00,0.0013128222145756287
2023-09-16 14:15:00+02:00,0.003146796742508014
2023-09-16 14:30:00+02:00,0.004988260528557701
2023-09-16 14:45:00+02:00,0.0068360127949175465
2023-09-16 15:00:00+02:00,0.008689093475901993
2023-09-16 15:15:00+02:00,0.009150952828578104
2023-09-16 15:30:00+02:00,0.009635380342637742
2023-09-16 15:45:00+02:00,0.01014150745198904
2023-09-16 16:00:00+02:00,0.010668473618028576
2023-09-16 16:15:00+02:00,0.009670936307681725
2023-09-16 16:30:00+02:00,0.008674540250612418
2023-09-16 16:45:00+02:00,0.007679382092067905
2023-09-16 17:00:00+02:00,0.00668556956449227
2023-09-16 17:15:00+02:00,0.005196142283967007
2023-09-16 17:30:00+02:00,0.0040491793557198156
2023-09-16 17:45:00+02:00,0.0032828373424340293
2023-09-16 18:00:00+02:00,0.0029257779936921933
2023-09-16 18:15:00+02:00,2.341515005056939e-05
2023-09-16 18:30:00+02:00,0.0
2023-09-16 18:45:00+02:00,0.0013380479033483406
2023-09-16 19:00:00+02:00,0.005271705458634502
2023-09-16 19:15:00+02:00,0.0
2023-09-16 19:30:00+02:00,0.0
2023-09-16 19:45:00+02:00,0.0
2023-09-16 20:00:00+02:00,0.0
2023-09-16 20:15:00+02:00,0.0
2023-09-16 20:30:00+02:00,0.0
2023-09-16 20:45:00+02:00,0.0
2023-09-16 21:00:00+02:00,0.0
2023-09-16 21:15:00+02:00,0.006078779153533021
2023-09-16 21:30:00+02:00,0.018957377681838725
2023-09-16 21:45:00+02:00,0.04103354091228227
2023-09-16 22:00:00+02:00,0.07631865290970874
2023-09-16 22:15:00+02:00,0.07872674491068711
2023-09-16 22:30:00+02:00,0.0816651052763907
2023-09-16 22:45:00+02:00,0.08511472006719709
2023-09-16 23:00:00+02:00,0.08905440701210975
2023-09-16 23:15:00+02:00,0.08446610582158083
2023-09-16 23:30:00+02:00,0.07993671467657057
2023-09-16 23:45:00+02:00,0.07546962282431431
2023-09-17 00:00:00+02:00,0.07106843233007244
2023-09-17 00:15:00+02:00,0.08118395421649235
2023-09-17 00:30:00+02:00,0.09145290335641289
2023-09-17 00:45:00+02:00,0.10585957638493594
2023-09-17 01:00:00+02:00,0.12274744587053539
2023-09-17 01:15:00+02:00,0.11168250109666493
2023-09-17 01:30:00+02:00,0.10174457707778492
2023-09-17 01:45:00+02:00,0.09385327238431415
2023-09-17 02:00:00+02:00,0.08921650814286226
2023-09-17 02:15:00+02:00,0.09125321900820543
2023-09-17 02:30:00+02:00,0.09334132274305601
2023-09-17 02:45:00+02:00,0.09562556631417657
2023-09-17 03:00:00+02:00,0.09913514943557249
2023-09-17 03:15:00+02:00,0.098960861392939
2023-09-17 03:30:00+02:00,0.09901516627394094
2023-09-17 03:45:00+02:00,0.09929797429205436
2023-09-17 04:00:00+02:00,0.09980881861740404
2023-09-17 04:15:00+02:00,0.09492382760823029
2023-09-17 04:30:00+02:00,0.0922940253082915
2023-09-17 04:45:00+02:00,0.0902138651652249
2023-09-17 05:00:00+02:00,0.08869710006237723
2023-09-17 05:15:00+02:00,0.08467696533470553
2023-09-17 05:30:00+02:00,0.0816475921135579
2023-09-17 05:45:00+02:00,0.07964644434281833
2023-09-17 06:00:00+02:00,0.0786993067975543
2023-09-17 06:15:00+02:00,0.07080259090883732
2023-09-17 06:30:00+02:00,0.06557059171126868
2023-09-17 06:45:00+02:00,0.0631901873315667
2023-09-17 07:00:00+02:00,0.06375211724315989
2023-09-17 07:15:00+02:00,0.0627875278277375
2023-09-17 07:30:00+02:00,0.06509979834249122
2023-09-17 07:45:00+02:00,0.07059067696947884
2023-09-17 08:00:00+02:00,0.0790418743062299
2023-09-17 08:15:00+02:00,0.07638753565622526
2023-09-17 08:30:00+02:00,0.07596968892507609
2023-09-17 08:45:00+02:00,0.07780008854730935
2023-09-17 09:00:00+02:00,0.08182783914685293
2023-09-17 09:15:00+02:00,0.0738584298120075
2023-09-17 09:30:00+02:00,0.06718975874475064
2023-09-17 09:45:00+02:00,0.06193873170604381
2023-09-17 10:00:00+02:00,0.05820738275677431
2023-09-17 10:15:00+02:00,0.06729009867911558
2023-09-17 10:30:00+02:00,0.07741026578432951
2023-09-17 10:45:00+02:00,0.08844149908221642
2023-09-17 11:00:00+02:00,0.10330981445455072
2023-09-17 11:15:00+02:00,0.09021987674193689
2023-09-17 11:30:00+02:00,0.08033546652154978
2023-09-17 11:45:00+02:00,0.07063608928455004
2023-09-17 12:00:00+02:00,0.06114601439602837
2023-09-17 12:15:00+02:00,0.06713854371395298
2023-09-17 12:30:00+02:00,0.07334409674843939
2023-09-17 12:45:00+02:00,0.07974618158310288
2023-09-17 13:00:00+02:00,0.08632951945776793
2023-09-17 13:15:00+02:00,0.0984190727994655
2023-09-17 13:30:00+02:00,0.11589599555833972
2023-09-17 13:45:00+02:00,0.13337361489938063
2023-09-17 14:00:00+02:00,0.15085185250049016
2023-09-17 14:15:00+02:00,0.14047236919438555
2023-09-17 14:30:00+02:00,0.13054009981324788
2023-09-17 14:45:00+02:00,0.1210855692784862
2023-09-17 15:00:00+02:00,0.11214046693476122
2023-09-17 15:15:00+02:00,0.09157484072526885
2023-09-17 15:30:00+02:00,0.07740627699296575
2023-09-17 15:45:00+02:00,0.06327108976438778
2023-09-17 16:00:00+02:00,0.04917602242914967
2023-09-17 16:15:00+02:00,0.03878828081829583
2023-09-17 16:30:00+02:00,0.03064770243962996
2023-09-17 16:45:00+02:00,0.022691540649073604
2023-09-17 17:00:00+02:00,0.01496771940520174
2023-09-17 17:15:00+02:00,0.008642017465717012
2023-09-17 17:30:00+02:00,0.003090418647324059
2023-09-17 17:45:00+02:00,0.0
2023-09-17 18:00:00+02:00,0.0
2023-09-17 18:15:00+02:00,0.0
2023-09-17 18:30:00+02:00,0.0
2023-09-17 18:45:00+02:00,0.0
2023-09-17 19:00:00+02:00,0.0
2023-09-17 19:15:00+02:00,0.002228442364260107
2023-09-17 19:30:00+02:00,0.006852749823948111
2023-09-17 19:45:00+02:00,0.011677569028295805
2023-09-17 20:00:00+02:00,0.0200015303818972
2023-09-17 20:15:00+02:00,0.0310357876475909
2023-09-17 20:30:00+02:00,0.04214678469243792
2023-09-17 20:45:00+02:00,0.05973628835462176
2023-09-17 21:00:00+02:00,0.07871666969229918
2023-09-17 21:15:00+02:00,0.0892426846865304
2023-09-17 21:30:00+02:00,0.10268863099290236
2023-09-17 21:45:00+02:00,0.11991897504644601
2023-09-17 22:00:00+02:00,0.13729040234383558
2023-09-17 22:15:00+02:00,0.15755189521006263
2023-09-17 22:30:00+02:00,0.17823825155918144
2023-09-17 22:45:00+02:00,0.20549961142212614
2023-09-17 23:00:00+02:00,0.23298437826029134
2023-09-17 23:15:00+02:00,0.242537535182237
2023-09-17 23:30:00+02:00,0.25850560195620637
2023-09-17 23:45:00+02:00,0.28048064066281714
2023-09-18 00:00:00+02:00,0.3145545211304517
2023-09-18 00:15:00+02:00,0.2971745427217495
2023-09-18 00:30:00+02:00,0.28142137051114213
2023-09-18 00:45:00+02:00,0.2685772260409648
2023-09-18 01:00:00+02:00,0.25603501190927647
2023-09-18 01:15:00+02:00,0.23311316262482873
2023-09-18 01:30:00+02:00,0.21073701945883544
2023-09-18 01:45:00+02:00,0.18896195571799043
2023-09-18 02:00:00+02:00,0.1701536418862662
2023-09-18 02:15:00+02:00,0.17017120001326508
2023-09-18 02:30:00+02:00,0.1702165693632248
2023-09-18 02:45:00+02:00,0.1702897421436447
2023-09-18 03:00:00+02:00,0.17039070579272456
2023-09-18 03:15:00+02:00,0.1967445658749271
2023-09-18 03:30:00+02:00,0.23475604823739663
2023-09-18 03:45:00+02:00,0.28077055990731037
2023-09-18 04:00:00+02:00,0.34757269260043977
2023-09-18 04:15:00+02:00,0.3166805404966418
2023-09-18 04:30:00+02:00,0.2881972350345692
2023-09-18 04:45:00+02:00,0.2676862112843594
2023-09-18 05:00:00+02:00,0.2499338990663594
2023-09-18 05:15:00+02:00,0.22497393454497008
2023-09-18 05:30:00+02:00,0.20372172391106325
2023-09-18 05:45:00+02:00,0.1865359964882844
2023-09-18 06:00:00+02:00,0.17462113889076217
2023-09-18 06:15:00+02:00,0.1978166377817362
2023-09-18 06:30:00+02:00,0.2220534829729381
2023-09-18 06:45:00+02:00,0.24643541282176729
2023-09-18 07:00:00+02:00,0.2709481552759518
2023-09-18 07:15:00+02:00,0.33142311665773855
2023-09-18 07:30:00+02:00,0.39660564822899097
2023-09-18 07:45:00+02:00,0.4663152046477058
2023-09-18 08:00:00+02:00,0.539789748468778
2023-09-18 08:15:00+02:00,0.5287360510825876
2023-09-18 08:30:00+02:00,0.5177130277319769
2023-09-18 08:45:00+02:00,0.5067214367199825
2023-09-18 09:00:00+02:00,0.4957620592806864
2023-09-18 09:15:00+02:00,0.5061377682312033
2023-09-18 09:30:00+02:00,0.5165215659827774
2023-09-18 09:45:00+02:00,0.5269132669666782
2023-09-18 10:00:00+02:00,0.5373126911124867
2023-09-18 10:15:00+02:00,0.539160544912803
2023-09-18 10:30:00+02:00,0.5411578408719818
2023-09-18 10:45:00+02:00,0.5433039274081867
2023-09-18 11:00:00+02:00,0.5455981086136934
2023-09-18 11:15:00+02:00,0.5391487744507165
2023-09-18 11:30:00+02:00,0.5327591140245661
2023-09-18 11:45:00+02:00,0.5264299700492336
2023-09-18 12:00:00+02:00,0.5201621929724715
2023-09-18 12:15:00+02:00,0.5618027749602568
2023-09-18 12:30:00+02:00,0.6041748011433936
2023-09-18 12:45:00+02:00,0.6472633438887342
2023-09-18 13:00:00+02:00,0.6907094876286476
2023-09-18 13:15:00+02:00,0.6936021700797984
2023-09-18 13:30:00+02:00,0.6965033941085521
2023-09-18 13:45:00+02:00,0.6994131118070771
2023-09-18 14:00:00+02:00,0.7023312754864569
2023-09-18 14:15:00+02:00,0.6954429737936582
2023-09-18 14:30:00+02:00,0.6887758221511608
2023-09-18 14:45:00+02:00,0.6823327027428189
2023-09-18 15:00:00+02:00,0.676116448679973
2023-09-18 15:15:00+02:00,0.6647791330164049
2023-09-18 15:30:00+02:00,0.6545983659972253
2023-09-18 15:45:00+02:00,0.6455977286889492
2023-09-18 16:00:00+02:00,0.6377986050831856
2023-09-18 16:15:00+02:00,0.7052623189979763
2023-09-18 16:30:00+02:00,0.7669468842187153
2023-09-18 16:45:00+02:00,0.8213512884475481
2023-09-18 17:00:00+02:00,0.8741610548022508
2023-09-18 17:15:00+02:00,0.8834578467181851
2023-09-18 17:30:00+02:00,0.8946213139612185
2023-09-18 17:45:00+02:00,0.9075839934423249
2023-09-18 18:00:00+02:00,0.9222715585418786
2023-09-18 18:15:00+02:00,0.9137950525209032
2023-09-18 18:30:00+02:00,0.9053200770839971
2023-09-18 18:45:00+02:00,0.8968466747196762
2023-09-18 19:00:00+02:00,0.8883748894954289
2023-09-18 19:15:00+02:00,0.8810678781810964
2023-09-18 19:30:00+02:00,0.874111650518672
2023-09-18 19:45:00+02:00,0.8652120472345108
2023-09-18 20:00:00+02:00,0.8553172234981522
2023-09-18 20:15:00+02:00,0.8548418714199402
2023-09-18 20:30:00+02:00,0.8545763874407926
2023-09-18 20:45:00+02:00,0.8545208911774897
2023-09-18 21:00:00+02:00,0.8546754076459796
2023-09-18 21:15:00+02:00,0.8552535351166161
2023-09-18 21:30:00+02:00,0.8565360355839604
2023-09-18 21:45:00+02:00,0.858520975184349
2023-09-18 22:00:00+02:00,0.8612053747816916
2023-09-18 22:15:00+02:00,0.8578595444847934
2023-09-18 22:30:00+02:00,0.8549945723053086
2023-09-18 22:45:00+02:00,0.8526134199250397
2023-09-18 23:00:00+02:00,0.850718567402335
2023-09-18 23:15:00+02:00,0.8324920732218323
2023-09-18 23:30:00+02:00,0.8144300403338559
2023-09-18 23:45:00+02:00,0.7965391221375455
2023-09-19 00:00:00+02:00,0.778826267514095
2023-09-19 00:15:00+02:00,0.7728479841724104
2023-09-19 00:30:00+02:00,0.7668750759253521
2023-09-19 00:45:00+02:00,0.7609076166473235
2023-09-19 01:00:00+02:00,0.7549456815034451
2023-09-19 01:15:00+02:00,0.7529527925614895
2023-09-19 01:30:00+02:00,0.7510467768808551
2023-09-19 01:45:00+02:00,0.7492280189141175
2023-09-19 02:00:00+02:00,0.7474968876313767
2023-09-19 02:15:00+02:00,0.7513278139321072
2023-09-19 02:30:00+02:00,0.755256261324088
2023-09-19 02:45:00+02:00,0.7592813471676852
2023-09-19 03:00:00+02:00,0.7634021781228301
2023-09-19 03:15:00+02:00,0.7568460704166292
2023-09-19 03:30:00+02:00,0.7503242152122819
2023-09-19 03:45:00+02:00,0.743837133355897
2023-09-19 04:00:00+02:00,0.7360680708085384
2023-09-19 04:15:00+02:00,0.7255038013583839
2023-09-19 04:30:00+02:00,0.7154897976798305
2023-09-19 04:45:00+02:00,0.7060366674215828
2023-09-19 05:00:00+02:00,0.6971546756468627
2023-09-19 05:15:00+02:00,0.6944905974783108
2023-09-19 05:30:00+02:00,0.6925637780768533
2023-09-19 05:45:00+02:00,0.6913769780419436
2023-09-19 06:00:00+02:00,0.6909319045883414
2023-09-19 06:15:00+02:00,0.7131184558127215
2023-09-19 06:30:00+02:00,0.7353098759097154
2023-09-19 06:45:00+02:00,0.7546636550452762
2023-09-19 07:00:00+02:00,0.7725566475070159
2023-09-19 07:15:00+02:00,0.7858291824838168
2023-09-19 07:30:00+02:00,0.7991024632517825
2023-09-19 07:45:00+02:00,0.8123764678978742
2023-09-19 08:00:00+02:00,0.8256511753580739
2023-09-19 08:15:00+02:00,0.7948626727128478
2023-09-19 08:30:00+02:00,0.7650157086803583
2023-09-19 08:45:00+02:00,0.7345678235797726
2023-09-19 09:00:00+02:00,0.7001218908788033
2023-09-19 09:15:00+02:00,0.7647226316011889
2023-09-19 09:30:00+02:00,0.8210452328530193
2023-09-19 09:45:00+02:00,0.8751757485298769
2023-09-19 10:00:00+02:00,0.9106525351806739
2023-09-19 10:15:00+02:00,0.9418106226885562
2023-09-19 10:30:00+02:00,0.9617192336117826
2023-09-19 10:45:00+02:00,0.9759526115908743
2023-09-19 11:00:00+02:00,0.9888623255140288
2023-09-19 11:15:00+02:00,0.9805062654025573
2023-09-19 11:30:00+02:00,0.9710314059896725
2023-09-19 11:45:00+02:00,0.9619988676277733
2023-09-19 12:00:00+02:00,0.9534365494806678
2023-09-19 12:15:00+02:00,0.961996299824324
2023-09-19 12:30:00+02:00,0.970565526157762
2023-09-19 12:45:00+02:00,0.9791436934770734
2023-09-19 13:00:00+02:00,0.9877303058103072
2023-09-19 13:15:00+02:00,0.9884981273788553
2023-09-19 13:30:00+02:00,0.9890242625055026
2023-09-19 13:45:00+02:00,0.9895519831964269
2023-09-19 14:00:00+02:00,0.9900812734373504
2023-09-19 14:15:00+02:00,0.988139850783034
2023-09-19 14:30:00+02:00,0.9824462588790793
2023-09-19 14:45:00+02:00,0.9767064800755564
2023-09-19 15:00:00+02:00,0.9710113969311217
2023-09-19 15:15:00+02:00,0.9693985281149404
2023-09-19 15:30:00+02:00,0.9677857270384138
2023-09-19 15:45:00+02:00,0.9661729944424526
2023-09-19 16:00:00+02:00,0.9645603310787795
2023-09-19 16:15:00+02:00,0.9570675855510413
2023-09-19 16:30:00+02:00,0.9460590545629668
2023-09-19 16:45:00+02:00,0.9291548157628374
2023-09-19 17:00:00+02:00,0.9122934870202448
2023-09-19 17:15:00+02:00,0.913966622771535
2023-09-19 17:30:00+02:00,0.9156534479063788
2023-09-19 17:45:00+02:00,0.9173538884449876
2023-09-19 18:00:00+02:00,0.9190678703489816
2023-09-19 18:15:00+02:00,0.9195275657059738
2023-09-19 18:30:00+02:00,0.9201258112105415
2023-09-19 18:45:00+02:00,0.9208623423043928
2023-09-19 19:00:00+02:00,0.9217368342002131
2023-09-19 19:15:00+02:00,0.9136728683971302
2023-09-19 19:30:00+02:00,0.9056092647143782
2023-09-19 19:45:00+02:00,0.8975460327090653
2023-09-19 20:00:00+02:00,0.8894831822771286
2023-09-19 20:15:00+02:00,0.8810755589755589
2023-09-19 20:30:00+02:00,0.872862203642969
2023-09-19 20:45:00+02:00,0.8609779203119844
2023-09-19 21:00:00+02:00,0.8485761712317195
2023-09-19 21:15:00+02:00,0.8498569982926899
2023-09-19 21:30:00+02:00,0.8511961619049874
2023-09-19 21:45:00+02:00,0.8525934941181729
2023-09-19 22:00:00+02:00,0.8540488203732061
2023-09-19 22:15:00+02:00,0.8541776916595752
2023-09-19 22:30:00+02:00,0.8543336587528728
2023-09-19 22:45:00+02:00,0.8545167125802492
2023-09-19 23:00:00+02:00,0.8547268424983436
2023-09-19 23:15:00+02:00,0.8466955986584833
2023-09-19 23:30:00+02:00,0.8388154409766274
2023-09-19 23:45:00+02:00,0.8310889690828446
2023-09-20 00:00:00+02:00,0.8235187901294405
2023-09-20 00:15:00+02:00,0.8106611424901705
2023-09-20 00:30:00+02:00,0.7982109026837151
2023-09-20 00:45:00+02:00,0.7861795203875902
2023-09-20 01:00:00+02:00,0.7745784712065128
2023-09-20 01:15:00+02:00,0.7551411560847602
2023-09-20 01:30:00+02:00,0.7339840097785886
2023-09-20 01:45:00+02:00,0.7098719656954138
2023-09-20 02:00:00+02:00,0.6857623974849731
2023-09-20 02:15:00+02:00,0.6638949846658625
2023-09-20 02:30:00+02:00,0.6429576726464394
2023-09-20 02:45:00+02:00,0.622990059748407
2023-09-20 03:00:00+02:00,0.6040320306240734
2023-09-20 03:15:00+02:00,0.5996894112226747
2023-09-20 03:30:00+02:00,0.5963090454954342
2023-09-20 03:45:00+02:00,0.5938976806420716
2023-09-20 04:00:00+02:00,0.5924601683072545
2023-09-20 04:15:00+02:00,0.5970409253771867
2023-09-20 04:30:00+02:00,0.6019401471830941
2023-09-20 04:45:00+02:00,0.6071546267575952
2023-09-20 05:00:00+02:00,0.6126809978881428
2023-09-20 05:15:00+02:00,0.6185201404993648
2023-09-20 05:30:00+02:00,0.6244002961299548
2023-09-20 05:45:00+02:00,0.6303209768270237
2023-09-20 06:00:00+02:00,0.6362816990640859
2023-09-20 06:15:00+02:00,0.6340184262565262
2023-09-20 06:30:00+02:00,0.6321810664571036
2023-09-20 06:45:00+02:00,0.6307712025563951
2023-09-20 07:00:00+02:00,0.6297900544769618
2023-09-20 07:15:00+02:00,0.6358827639301955
2023-09-20 07:30:00+02:00,0.642280078238195
2023-09-20 07:45:00+02:00,0.6489781036279273
2023-09-20 08:00:00+02:00,0.6559728340741396
2023-09-20 08:15:00+02:00,0.6504843778550792
2023-09-20 08:30:00+02:00,0.6450535404665716
2023-09-20 08:45:00+02:00,0.6396809510753378
2023-09-20 09:00:00+02:00,0.6343672411453464
2023-09-20 09:15:00+02:00,0.6863339437457495
2023-09-20 09:30:00+02:00,0.7385554728641982
2023-09-20 09:45:00+02:00,0.7816649224148075
2023-09-20 10:00:00+02:00,0.8241082847421578
2023-09-20 10:15:00+02:00,0.8725925241887041
2023-09-20 10:30:00+02:00,0.9042148118534706
2023-09-20 10:45:00+02:00,0.9364352476884276
2023-09-20 11:00:00+02:00,0.9597990591778166
2023-09-20 11:15:00+02:00,0.9483148862848042
2023-09-20 11:30:00+02:00,0.9274398714900625
2023-09-20 11:45:00+02:00,0.9065706505606511
2023-09-20 12:00:00+02:00,0.885707624423174
2023-09-20 12:15:00+02:00,0.8942942295532076
2023-09-20 12:30:00+02:00,0.9029774443403356
2023-09-20 12:45:00+02:00,0.9117545650483643
2023-09-20 13:00:00+02:00,0.9206229602579424
2023-09-20 13:15:00+02:00,0.8929490702379858
2023-09-20 13:30:00+02:00,0.8616555839890699
2023-09-20 13:45:00+02:00,0.8177030308781046
2023-09-20 14:00:00+02:00,0.7737505328677612
2023-09-20 14:15:00+02:00,0.7854593783434322
2023-09-20 14:30:00+02:00,0.797579594360343
2023-09-20 14:45:00+02:00,0.8101001254042469
2023-09-20 15:00:00+02:00,0.8230099627836589
2023-09-20 15:15:00+02:00,0.8133451328247918
2023-09-20 15:30:00+02:00,0.8040577291598184
2023-09-20 15:45:00+02:00,0.79515561117714
2023-09-20 16:00:00+02:00,0.7866465183106912
2023-09-20 16:15:00+02:00,0.7641594775415295
2023-09-20 16:30:00+02:00,0.7414540031717659
2023-09-20 16:45:00+02:00,0.7136905226897103
2023-09-20 17:00:00+02:00,0.6860011839102719
2023-09-20 17:15:00+02:00,0.6603208061807476
2023-09-20 17:30:00+02:00,0.6346564173451171
2023-09-20 17:45:00+02:00,0.6090088597767949
2023-09-20 18:00:00+02:00,0.5833790354671363
2023-09-20 18:15:00+02:00,0.5640315527916754
2023-09-20 18:30:00+02:00,0.5450678544253051
2023-09-20 18:45:00+02:00,0.5265033141900839
2023-09-20 19:00:00+02:00,0.508354530745455
2023-09-20 19:15:00+02:00,0.5000732060791349
2023-09-20 19:30:00+02:00,0.49254158204912396
2023-09-20 19:45:00+02:00,0.48577252350872596
2023-09-20 20:00:00+02:00,0.47977784495706877
2023-09-20 20:15:00+02:00,0.47983246301765364
2023-09-20 20:30:00+02:00,0.48043934465817395
2023-09-20 20:45:00+02:00,0.4815977238312343
2023-09-20 21:00:00+02:00,0.4833061422783033
2023-09-20 21:15:00+02:00,0.4958175079226979
2023-09-20 21:30:00+02:00,0.5085297725909013
2023-09-20 21:45:00+02:00,0.5214372710305748
2023-09-20 22:00:00+02:00,0.5345344668108934
2023-09-20 22:15:00+02:00,0.5501375623469642
2023-09-20 22:30:00+02:00,0.5663514504371904
2023-09-20 22:45:00+02:00,0.5831551215433259
2023-09-20 23:00:00+02:00,0.6007883283278022
2023-09-20 23:15:00+02:00,0.6731496657092144
2023-09-20 23:30:00+02:00,0.7452354299884939
2023-09-20 23:45:00+02:00,0.8040039973598562
2023-09-21 00:00:00+02:00,0.8629545968853061
2023-09-21 00:15:00+02:00,0.8624196748151306
2023-09-21 00:30:00+02:00,0.8619727094879114
2023-09-21 00:45:00+02:00,0.8616137848789344
2023-09-21 01:00:00+02:00,0.8613429684999032
2023-09-21 01:15:00+02:00,0.8467289611946162
2023-09-21 01:30:00+02:00,0.832134675012759
2023-09-21 01:45:00+02:00,0.8175607446470736
2023-09-21 02:00:00+02:00,0.8030078313770926
2023-09-21 02:15:00+02:00,0.8072912177850544
2023-09-21 02:30:00+02:00,0.8115746383625098
2023-09-21 02:45:00+02:00,0.8158580927862951
2023-09-21 03:00:00+02:00,0.820141580737307
2023-09-21 03:15:00+02:00,0.8291989938255377
2023-09-21 03:30:00+02:00,0.8384094471160485
2023-09-21 03:45:00+02:00,0.8477698997473058
2023-09-21 04:00:00+02:00,0.8572773433078414
2023-09-21 04:15:00+02:00,0.846910572939243
2023-09-21 04:30:00+02:00,0.8365439483368735
2023-09-21 04:45:00+02:00,0.8261774728120516
2023-09-21 05:00:00+02:00,0.8158111497771099
2023-09-21 05:15:00+02:00,0.8000535926365951
2023-09-21 05:30:00+02:00,0.7843482291949316
2023-09-21 05:45:00+02:00,0.7686969344528
2023-09-21 06:00:00+02:00,0.753101667374758
2023-09-21 06:15:00+02:00,0.7476550813958878
2023-09-21 06:30:00+02:00,0.7421966707754666
2023-09-21 06:45:00+02:00,0.7357293352453043
2023-09-21 07:00:00+02:00,0.7294099265462176
2023-09-21 07:15:00+02:00,0.7278130530151254
2023-09-21 07:30:00+02:00,0.7262864765418593
2023-09-21 07:45:00+02:00,0.7248304012471438
2023-09-21 08:00:00+02:00,0.7234450225618806
2023-09-21 08:15:00+02:00,0.7224366332596491
2023-09-21 08:30:00+02:00,0.7223804744070935
2023-09-21 08:45:00+02:00,0.7232766478210774
2023-09-21 09:00:00+02:00,0.7251235304550177
2023-09-21 09:15:00+02:00,0.7367001358185264
2023-09-21 09:30:00+02:00,0.7482125159858777
2023-09-21 09:45:00+02:00,0.7594941256147538
2023-09-21 10:00:00+02:00,0.7717147923344614
2023-09-21 10:15:00+02:00,0.7179192706164519
2023-09-21 10:30:00+02:00,0.659279653294023
2023-09-21 10:45:00+02:00,0.6029973886606871
2023-09-21 11:00:00+02:00,0.5498635787590129
2023-09-21 11:15:00+02:00,0.4971385243211493
2023-09-21 11:30:00+02:00,0.4445741489950073
2023-09-21 11:45:00+02:00,0.3957971556116192
2023-09-21 12:00:00+02:00,0.3491538639044627
2023-09-21 12:15:00+02:00,0.30955102705459286
2023-09-21 12:30:00+02:00,0.274100304486113
2023-09-21 12:45:00+02:00,0.24471669487741313
2023-09-21 13:00:00+02:00,0.21602449378212765
2023-09-21 13:15:00+02:00,0.17523302008853306
2023-09-21 13:30:00+02:00,0.14383639132159856
2023-09-21 13:45:00+02:00,0.11250375628235275
2023-09-21 14:00:00+02:00,0.08652104942430457
2023-09-21 14:15:00+02:00,0.05034016338650472
2023-09-21 14:30:00+02:00,0.02791480328381662
2023-09-21 14:45:00+02:00,0.01235694734958389
2023-09-21 15:00:00+02:00,0.006457237927035582
2023-09-21 15:15:00+02:00,0.013182032568879983
2023-09-21 15:30:00+02:00,0.030132907295618735
2023-09-21 15:45:00+02:00,0.05338115191243001
2023-09-21 16:00:00+02:00,0.08804148271487679
2023-09-21 16:15:00+02:00,0.11561895178405382
2023-09-21 16:30:00+02:00,0.15307789198107152
2023-09-21 16:45:00+02:00,0.20042059130170764
2023-09-21 17:00:00+02:00,0.2599187694513663
2023-09-21 17:15:00+02:00,0.2696468728757572
2023-09-21 17:30:00+02:00,0.3442965331198522
2023-09-21 17:45:00+02:00,0.4830774249583765
2023-09-21 18:00:00+02:00,0.6750400535005516
2023-09-21 18:15:00+02:00,0.5881876002500644
2023-09-21 18:30:00+02:00,0.507482518074265
2023-09-21 18:45:00+02:00,0.43271624175525386
2023-09-21 19:00:00+02:00,0.3714158156851129
2023-09-21 19:15:00+02:00,0.3173047679414918
2023-09-21 19:30:00+02:00,0.27138761826636015
2023-09-21 19:45:00+02:00,0.23623776892199363
2023-09-21 20:00:00+02:00,0.20517769512771267
2023-09-21 20:15:00+02:00,0.22190889129919383
2023-09-21 20:30:00+02:00,0.2430099863507237
2023-09-21 20:45:00+02:00,0.2681076181933694
2023-09-21 21:00:00+02:00,0.3001031766562887
2023-09-21 21:15:00+02:00,0.3487630521399845
2023-09-21 21:30:00+02:00,0.3974351134055818
2023-09-21 21:45:00+02:00,0.4484820640655211
2023-09-21 22:00:00+02:00,0.5029511027709701
2023-09-21 22:15:00+02:00,0.5435720579411008
2023-09-21 22:30:00+02:00,0.585113562792098
2023-09-21 22:45:00+02:00,0.6280875349989027
2023-09-21 23:00:00+02:00,0.6718213265379205
2023-09-21 23:15:00+02:00,0.6287421716660233
2023-09-21 23:30:00+02:00,0.5879946769222842
2023-09-21 23:45:00+02:00,0.5502828985078446
2023-09-22 00:00:00+02:00,0.5153472820691132
2023-09-22 00:15:00+02:00,0.5089881197017062
2023-09-22 00:30:00+02:00,0.5060521725896127
2023-09-22 00:45:00+02:00,0.506561983586739
2023-09-22 01:00:00+02:00,0.5105136241191259
2023-09-22 01:15:00+02:00,0.4834136717011597
2023-09-22 01:30:00+02:00,0.4566392490214046
2023-09-22 01:45:00+02:00,0.4302110891790716
2023-09-22 02:00:00+02:00,0.4064888955434403
2023-09-22 02:15:00+02:00,0.36408771865061335
2023-09-22 02:30:00+02:00,0.3228652254981703
2023-09-22 02:45:00+02:00,0.2835979896525087
2023-09-22 03:00:00+02:00,0.25398506567552376
2023-09-22 03:15:00+02:00,0.2518625363513962
2023-09-22 03:30:00+02:00,0.25245989166790944
2023-09-22 03:45:00+02:00,0.25577043988891834
2023-09-22 04:00:00+02:00,0.2617574889452538
2023-09-22 04:15:00+02:00,0.2723579611693588
2023-09-22 04:30:00+02:00,0.28339825859137646
2023-09-22 04:45:00+02:00,0.29757278631377676
2023-09-22 05:00:00+02:00,0.3129561217941245
2023-09-22 05:15:00+02:00,0.3129710403081338
2023-09-22 05:30:00+02:00,0.3130940719307413
2023-09-22 05:45:00+02:00,0.31332517718994457
2023-09-22 06:00:00+02:00,0.31366428199260643
2023-09-22 06:15:00+02:00,0.3259128297997602
2023-09-22 06:30:00+02:00,0.3381813991532329
2023-09-22 06:45:00+02:00,0.35046928695680957
2023-09-22 07:00:00+02:00,0.3627758216223512
2023-09-22 07:15:00+02:00,0.38366667828494755
2023-09-22 07:30:00+02:00,0.4048924148328125
2023-09-22 07:45:00+02:00,0.4264629604445052
2023-09-22 08:00:00+02:00,0.4508938546802429
2023-09-22 08:15:00+02:00,0.44973340997836847
2023-09-22 08:30:00+02:00,0.44890337631755933
2023-09-22 08:45:00+02:00,0.44840439679994293
2023-09-22 09:00:00+02:00,0.4482368588332372
2023-09-22 09:15:00+02:00,0.47980772770970415
2023-09-22 09:30:00+02:00,0.5118335851393176
2023-09-22 09:45:00+02:00,0.5442826447803968
2023-09-22 10:00:00+02:00,0.5771256489408821
2023-09-22 10:15:00+02:00,0.5764167299382218
2023-09-22 10:30:00+02:00,0.5757109760860604
2023-09-22 10:45:00+02:00,0.5750083921508554
2023-09-22 11:00:00+02:00,0.5743089828871649
2023-09-22 11:15:00+02:00,0.5113469890507807
2023-09-22 11:30:00+02:00,0.4484110075917837
2023-09-22 11:45:00+02:00,0.3898201941410616
2023-09-22 12:00:00+02:00,0.33361736095529
2023-09-22 12:15:00+02:00,0.34436586718659784
2023-09-22 12:30:00+02:00,0.3553991420996172
2023-09-22 12:45:00+02:00,0.3667083296276504
2023-09-22 13:00:00+02:00,0.378284729174171
2023-09-22 13:15:00+02:00,0.36778427696992977
2023-09-22 13:30:00+02:00,0.35728387350727786
2023-09-22 13:45:00+02:00,0.34678352025635695
2023-09-22 14:00:00+02:00,0.33628321874702366
2023-09-22 14:15:00+02:00,0.29251696569265573
2023-09-22 14:30:00+02:00,0.2572121872442
2023-09-22 14:45:00+02:00,0.22346820140541304
2023-09-22 15:00:00+02:00,0.1897291118899269
2023-09-22 15:15:00+02:00,0.1720171474451407
2023-09-22 15:30:00+02:00,0.15732606512325267
2023-09-22 15:45:00+02:00,0.1426740214932801
2023-09-22 16:00:00+02:00,0.12806488541298774
2023-09-22 16:15:00+02:00,0.0790092860225735
2023-09-22 16:30:00+02:00,0.043083086167655875
2023-09-22 16:45:00+02:00,0.02155647675735323
2023-09-22 17:00:00+02:00,0.007591746740427301
2023-09-22 17:15:00+02:00,0.010491047379284075
2023-09-22 17:30:00+02:00,0.013413258181300293
2023-09-22 17:45:00+02:00,0.01938063740381481
2023-09-22 18:00:00+02:00,0.025852050814216883
2023-09-22 18:15:00+02:00,0.031732768649719495
2023-09-22 18:30:00+02:00,0.03763321560925314
2023-09-22 18:45:00+02:00,0.04355049246066077
2023-09-22 19:00:00+02:00,0.05324795375695419
2023-09-22 19:15:00+02:00,0.06817898229406298
2023-09-22 19:30:00+02:00,0.08738862009899796
2023-09-22 19:45:00+02:00,0.1188735983700642
2023-09-22 20:00:00+02:00,0.15927499755104516
2023-09-22 20:15:00+02:00,0.1748047677443961
2023-09-22 20:30:00+02:00,0.19637712265706117
2023-09-22 20:45:00+02:00,0.22049798333836132
2023-09-22 21:00:00+02:00,0.2461721055780059
2023-09-22 21:15:00+02:00,0.2474233726139361
2023-09-22 21:30:00+02:00,0.2486767585164395
2023-09-22 21:45:00+02:00,0.24993225225893193
2023-09-22 22:00:00+02:00,0.25118984287285595
2023-09-22 22:15:00+02:00,0.2626467959476331
2023-09-22 22:30:00+02:00,0.27411359024525067
2023-09-22 22:45:00+02:00,0.28558977926373974
2023-09-22 23:00:00+02:00,0.30044568717822606
2023-09-22 23:15:00+02:00,0.3184952179459577
2023-09-22 23:30:00+02:00,0.33657834680890814
2023-09-22 23:45:00+02:00,0.3546933417010344
2023-09-23 00:00:00+02:00,0.3728385848492401
2023-09-23 00:15:00+02:00,0.38659927653767645
2023-09-23 00:30:00+02:00,0.40039124996915526
2023-09-23 00:45:00+02:00,0.41421334102016083
2023-09-23 01:00:00+02:00,0.4282867749830839
2023-09-23 01:15:00+02:00,0.40650707490754434
2023-09-23 01:30:00+02:00,0.38507244447668304
2023-09-23 01:45:00+02:00,0.3637679848635123
2023-09-23 02:00:00+02:00,0.3426016940711828
2023-09-23 02:15:00+02:00,0.34662003487432275
2023-09-23 02:30:00+02:00,0.3512021749521578
2023-09-23 02:45:00+02:00,0.3563407608983639
2023-09-23 03:00:00+02:00,0.3620276975604479
2023-09-23 03:15:00+02:00,0.3809311851112743
2023-09-23 03:30:00+02:00,0.40043797823922556
2023-09-23 03:45:00+02:00,0.4205165019060321
2023-09-23 04:00:00+02:00,0.4429097730323189
2023-09-23 04:15:00+02:00,0.4535654728197338
2023-09-23 04:30:00+02:00,0.4642830373027762
2023-09-23 04:45:00+02:00,0.4750609434376937
2023-09-23 05:00:00+02:00,0.4858977096064222
2023-09-23 05:15:00+02:00,0.47756733498575993
2023-09-23 05:30:00+02:00,0.46957378749428147
2023-09-23 05:45:00+02:00,0.4619233147167335
2023-09-23 06:00:00+02:00,0.45462204159609876
2023-09-23 06:15:00+02:00,0.4550286811777221
2023-09-23 06:30:00+02:00,0.45546152298913595
2023-09-23 06:45:00+02:00,0.45592054059085124
2023-09-23 07:00:00+02:00,0.45640570598332014
2023-09-23 07:15:00+02:00,0.44931052208742284
2023-09-23 07:30:00+02:00,0.4424430495104583
2023-09-23 07:45:00+02:00,0.43580699172656184
2023-09-23 08:00:00+02:00,0.4294060040869038
2023-09-23 08:15:00+02:00,0.46063261903310215
2023-09-23 08:30:00+02:00,0.4918629240993584
2023-09-23 08:45:00+02:00,0.5230966639546757
2023-09-23 09:00:00+02:00,0.5543336062687633
2023-09-23 09:15:00+02:00,0.5696238593388732
2023-09-23 09:30:00+02:00,0.5862901034186856
2023-09-23 09:45:00+02:00,0.6044691273745728
2023-09-23 10:00:00+02:00,0.6239050010404024
2023-09-23 10:15:00+02:00,0.6039169634693927
2023-09-23 10:30:00+02:00,0.5847195452234126
2023-09-23 10:45:00+02:00,0.5665984009268552
2023-09-23 11:00:00+02:00,0.5493402646738802
2023-09-23 11:15:00+02:00,0.4935664319318675
2023-09-23 11:30:00+02:00,0.43825435536507634
2023-09-23 11:45:00+02:00,0.3879983941651138
2023-09-23 12:00:00+02:00,0.33955758889475357
2023-09-23 12:15:00+02:00,0.3527686547812029
2023-09-23 12:30:00+02:00,0.36606726130019995
2023-09-23 12:45:00+02:00,0.37945016585602376
2023-09-23 13:00:00+02:00,0.39291426496445386
2023-09-23 13:15:00+02:00,0.4029786058659159
2023-09-23 13:30:00+02:00,0.4137441648161667
2023-09-23 13:45:00+02:00,0.4251907720509971
2023-09-23 14:00:00+02:00,0.43861564145235293
2023-09-23 14:15:00+02:00,0.44384677264562244
2023-09-23 14:30:00+02:00,0.44990174710449266
2023-09-23 14:45:00+02:00,0.45676894353949515
2023-09-23 15:00:00+02:00,0.4644354445989171
2023-09-23 15:15:00+02:00,0.45909034644565466
2023-09-23 15:30:00+02:00,0.45422873053975543
2023-09-23 15:45:00+02:00,0.4498561024116717
2023-09-23 16:00:00+02:00,0.44597748543654725
2023-09-23 16:15:00+02:00,0.4352582102721417
2023-09-23 16:30:00+02:00,0.4248516193529766
2023-09-23 16:45:00+02:00,0.41554777906752915
2023-09-23 17:00:00+02:00,0.406388525348968
2023-09-23 17:15:00+02:00,0.37975987759712126
2023-09-23 17:30:00+02:00,0.3533916086743483
2023-09-23 17:45:00+02:00,0.3273038151358579
2023-09-23 18:00:00+02:00,0.3015184671236705
2023-09-23 18:15:00+02:00,0.2721191871497967
2023-09-23 18:30:00+02:00,0.24651929202612977
2023-09-23 18:45:00+02:00,0.2211228490426041
2023-09-23 19:00:00+02:00,0.19595304365822408
2023-09-23 19:15:00+02:00,0.18269627616524026
2023-09-23 19:30:00+02:00,0.17139422500078505
2023-09-23 19:45:00+02:00,0.16141419737665316
2023-09-23 20:00:00+02:00,0.15147354236157368
2023-09-23 20:15:00+02:00,0.14291913994949565
2023-09-23 20:30:00+02:00,0.134373964500581
2023-09-23 20:45:00+02:00,0.12583855200009825
2023-09-23 21:00:00+02:00,0.11731348007861525
2023-09-23 21:15:00+02:00,0.11255502686863557
2023-09-23 21:30:00+02:00,0.1080363412024459
2023-09-23 21:45:00+02:00,0.10376517597087187
2023-09-23 22:00:00+02:00,0.09974916951082899
2023-09-23 22:15:00+02:00,0.09554320819291484
2023-09-23 22:30:00+02:00,0.09314387561584145
2023-09-23 22:45:00+02:00,0.09120541775231983
2023-09-23 23:00:00+02:00,0.0896209001171226
2023-09-23 23:15:00+02:00,0.08760695776127778
2023-09-23 23:30:00+02:00,0.08645702922547133
2023-09-23 23:45:00+02:00,0.08618318727529597
2023-09-24 00:00:00+02:00,0.08678833988800559
2023-09-24 00:15:00+02:00,0.09368960742776407
2023-09-24 00:30:00+02:00,0.1043078193084036
2023-09-24 00:45:00+02:00,0.11630414260756293
2023-09-24 01:00:00+02:00,0.12870648656011202
2023-09-24 01:15:00+02:00,0.1403144763491927
2023-09-24 01:30:00+02:00,0.15197284734143449
2023-09-24 01:45:00+02:00,0.16367792205298728
2023-09-24 02:00:00+02:00,0.17542635968639456
2023-09-24 02:15:00+02:00,0.17698936039906177
2023-09-24 02:30:00+02:00,0.17894161390708493
2023-09-24 02:45:00+02:00,0.18103433274344294
2023-09-24 03:00:00+02:00,0.18314251204681323
2023-09-24 03:15:00+02:00,0.17439895385248452
2023-09-24 03:30:00+02:00,0.1670512195782171
2023-09-24 03:45:00+02:00,0.15970654011649832
2023-09-24 04:00:00+02:00,0.1523650593406342
2023-09-24 04:15:00+02:00,0.1486572778673107
2023-09-24 04:30:00+02:00,0.14504368536305895
2023-09-24 04:45:00+02:00,0.141526516134458
2023-09-24 05:00:00+02:00,0.13810801323459787
2023-09-24 05:15:00+02:00,0.13437969599625657
2023-09-24 05:30:00+02:00,0.13129607509615457
2023-09-24 05:45:00+02:00,0.12887057268086732
2023-09-24 06:00:00+02:00,0.12711400883287294
2023-09-24 06:15:00+02:00,0.12755983636931292
2023-09-24 06:30:00+02:00,0.12902535227132755
2023-09-24 06:45:00+02:00,0.13150052680342164
2023-09-24 07:00:00+02:00,0.134968716186604
2023-09-24 07:15:00+02:00,0.13903663659130341
2023-09-24 07:30:00+02:00,0.14419054472025505
2023-09-24 07:45:00+02:00,0.15039439924833187
2023-09-24 08:00:00+02:00,0.15760689603317843
2023-09-24 08:15:00+02:00,0.15803167456471207
2023-09-24 08:30:00+02:00,0.15942989405731903
2023-09-24 08:45:00+02:00,0.16179299913832546
2023-09-24 09:00:00+02:00,0.16510675651697676
2023-09-24 09:15:00+02:00,0.1406825041269691
2023-09-24 09:30:00+02:00,0.11677967476513598
2023-09-24 09:45:00+02:00,0.09414851901645135
2023-09-24 10:00:00+02:00,0.08008547860507412
2023-09-24 10:15:00+02:00,0.07398501968458805
2023-09-24 10:30:00+02:00,0.06789907664215826
2023-09-24 10:45:00+02:00,0.061828840389114605
2023-09-24 11:00:00+02:00,0.05577563215391292
2023-09-24 11:15:00+02:00,0.05888773913290784
2023-09-24 11:30:00+02:00,0.06207801764811873
2023-09-24 11:45:00+02:00,0.06534315809191624
2023-09-24 12:00:00+02:00,0.06867996378860157
2023-09-24 12:15:00+02:00,0.06924796333157675
2023-09-24 12:30:00+02:00,0.06982387679582898
2023-09-24 12:45:00+02:00,0.07040764502124441
2023-09-24 13:00:00+02:00,0.07099920864106835
2023-09-24 13:15:00+02:00,0.07176974138140843
2023-09-24 13:30:00+02:00,0.07254134299527734
2023-09-24 13:45:00+02:00,0.07331400291030538
2023-09-24 14:00:00+02:00,0.07408771067887872
2023-09-24 14:15:00+02:00,0.07430489251285084
2023-09-24 14:30:00+02:00,0.07453114365750468
2023-09-24 14:45:00+02:00,0.07476643797131449
2023-09-24 15:00:00+02:00,0.07501074837434585
2023-09-24 15:15:00+02:00,0.0748203709638427
2023-09-24 15:30:00+02:00,0.0747939074277946
2023-09-24 15:45:00+02:00,0.07493141298988595
2023-09-24 16:00:00+02:00,0.07523260097565002
2023-09-24 16:15:00+02:00,0.07693176608334346
2023-09-24 16:30:00+02:00,0.07913234264545954
2023-09-24 16:45:00+02:00,0.08182068277537817
2023-09-24 17:00:00+02:00,0.08498077599684212
2023-09-24 17:15:00+02:00,0.08520672711488289
2023-09-24 17:30:00+02:00,0.08629680093120366
2023-09-24 17:45:00+02:00,0.08823964671864244
2023-09-24 18:00:00+02:00,0.09101552021863236
2023-09-24 18:15:00+02:00,0.10246524111800394
2023-09-24 18:30:00+02:00,0.11668090334152555
2023-09-24 18:45:00+02:00,0.13108900421193978
2023-09-24 19:00:00+02:00,0.1456715064199609
2023-09-24 19:15:00+02:00,0.1649671192953438
2023-09-24 19:30:00+02:00,0.1864635059732899
2023-09-24 19:45:00+02:00,0.21192377516007255
2023-09-24 20:00:00+02:00,0.23738926392324425
2023-09-24 20:15:00+02:00,0.26323949096637816
2023-09-24 20:30:00+02:00,0.29009355221538796
2023-09-24 20:45:00+02:00,0.32361806179806824
2023-09-24 21:00:00+02:00,0.35714447352971046
2023-09-24 21:15:00+02:00,0.37765307573329737
2023-09-24 21:30:00+02:00,0.3981618871075865
2023-09-24 21:45:00+02:00,0.4186708961237379
2023-09-24 22:00:00+02:00,0.4407212329535882
2023-09-24 22:15:00+02:00,0.44100015323231917
2023-09-24 22:30:00+02:00,0.4415581020079673
2023-09-24 22:45:00+02:00,0.4423947124907067
2023-09-24 23:00:00+02:00,0.4435094359047682
2023-09-24 23:15:00+02:00,0.4601486647720971
2023-09-24 23:30:00+02:00,0.4785803613803153
2023-09-24 23:45:00+02:00,0.4987299877125873
2023-09-25 00:00:00+02:00,0.5205207061500244
2023-09-25 00:15:00+02:00,0.5055524520814643
2023-09-25 00:30:00+02:00,0.49095020830282043
2023-09-25 00:45:00+02:00,0.4767262360756881
2023-09-25 01:00:00+02:00,0.462893011117838
2023-09-25 01:15:00+02:00,0.452841225688417
2023-09-25 01:30:00+02:00,0.4427894706955854
2023-09-25 01:45:00+02:00,0.43273774686564703
2023-09-25 02:00:00+02:00,0.4230577359890458
2023-09-25 02:15:00+02:00,0.39833251318394347
2023-09-25 02:30:00+02:00,0.37373661750425136
2023-09-25 02:45:00+02:00,0.3492791642497107
2023-09-25 03:00:00+02:00,0.3249700869277482
2023-09-25 03:15:00+02:00,0.31721865048397263
2023-09-25 03:30:00+02:00,0.30947176684105665
2023-09-25 03:45:00+02:00,0.30172954187803186
2023-09-25 04:00:00+02:00,0.2939920847159499
2023-09-25 04:15:00+02:00,0.3086202522117628
2023-09-25 04:30:00+02:00,0.3232975041670628
2023-09-25 04:45:00+02:00,0.33802175368767123
2023-09-25 05:00:00+02:00,0.35279102439337423
2023-09-25 05:15:00+02:00,0.36934688406670607
2023-09-25 05:30:00+02:00,0.3859571126415214
2023-09-25 05:45:00+02:00,0.4026192477088833
2023-09-25 06:00:00+02:00,0.41933096632126654
2023-09-25 06:15:00+02:00,0.4106965677963435
2023-09-25 06:30:00+02:00,0.40234531849216615
2023-09-25 06:45:00+02:00,0.39428371529705
2023-09-25 07:00:00+02:00,0.3865182196223698
2023-09-25 07:15:00+02:00,0.36799123143600754
2023-09-25 07:30:00+02:00,0.350021086022217
2023-09-25 07:45:00+02:00,0.3326369218302787
2023-09-25 08:00:00+02:00,0.3158688929791847
2023-09-25 08:15:00+02:00,0.29419820661596935
2023-09-25 08:30:00+02:00,0.27554529730471394
2023-09-25 08:45:00+02:00,0.2588341224044588
2023-09-25 09:00:00+02:00,0.2421234807265503
2023-09-25 09:15:00+02:00,0.21504009249947284
2023-09-25 09:30:00+02:00,0.1879728746884313
2023-09-25 09:45:00+02:00,0.1649025279500437
2023-09-25 10:00:00+02:00,0.14440854902229677
2023-09-25 10:15:00+02:00,0.125396681035827
2023-09-25 10:30:00+02:00,0.10640077105532332
2023-09-25 10:45:00+02:00,0.09036786601557975
2023-09-25 11:00:00+02:00,0.07855422140043813
2023-09-25 11:15:00+02:00,0.06725807428777641
2023-09-25 11:30:00+02:00,0.0559906906141793
2023-09-25 11:45:00+02:00,0.044756802321819784
2023-09-25 12:00:00+02:00,0.037853918233110066
2023-09-25 12:15:00+02:00,0.03459367548338964
2023-09-25 12:30:00+02:00,0.03160694375370408
2023-09-25 12:45:00+02:00,0.02891688447118723
2023-09-25 13:00:00+02:00,0.026546643452633637
2023-09-25 13:15:00+02:00,0.021763867610867176
2023-09-25 13:30:00+02:00,0.01780205966855896
2023-09-25 13:45:00+02:00,0.014767720752277873
2023-09-25 14:00:00+02:00,0.013327959846606155
2023-09-25 14:15:00+02:00,0.011426790297090877
2023-09-25 14:30:00+02:00,0.009642864421270093
2023-09-25 14:45:00+02:00,0.007993805557486185
2023-09-25 15:00:00+02:00,0.006499175165738458
2023-09-25 15:15:00+02:00,0.004830154241241038
2023-09-25 15:30:00+02:00,0.0032274408056177143
2023-09-25 15:45:00+02:00,0.0017019101804863254
2023-09-25 16:00:00+02:00,0.0002662326523944248
2023-09-25 16:15:00+02:00,0.0
2023-09-25 16:30:00+02:00,0.0
2023-09-25 16:45:00+02:00,0.0
2023-09-25 17:00:00+02:00,0.0
2023-09-25 17:15:00+02:00,0.0
2023-09-25 17:30:00+02:00,0.0
2023-09-25 17:45:00+02:00,0.0
2023-09-25 18:00:00+02:00,0.0
2023-09-25 18:15:00+02:00,0.0
2023-09-25 18:30:00+02:00,0.0
2023-09-25 18:45:00+02:00,0.0
2023-09-25 19:00:00+02:00,0.0
2023-09-25 19:15:00+02:00,0.0
2023-09-25 19:30:00+02:00,0.0
2023-09-25 19:45:00+02:00,0.0
2023-09-25 20:00:00+02:00,0.0
2023-09-25 20:15:00+02:00,0.0
2023-09-25 20:30:00+02:00,0.0
2023-09-25 20:45:00+02:00,0.0
2023-09-25 21:00:00+02:00,0.0025218845466141
2023-09-25 21:15:00+02:00,0.005307519848723409
2023-09-25 21:30:00+02:00,0.008127265810858462
2023-09-25 21:45:00+02:00,0.0109736463485059
2023-09-25 22:00:00+02:00,0.01387883156711223
2023-09-25 22:15:00+02:00,0.015443729781454361
2023-09-25 22:30:00+02:00,0.017133057915188352
2023-09-25 22:45:00+02:00,0.018940236728329667
2023-09-25 23:00:00+02:00,0.020858730955215482
2023-09-25 23:15:00+02:00,0.021815693593894236
2023-09-25 23:30:00+02:00,0.02304609901378101
2023-09-25 23:45:00+02:00,0.02453999808642806
2023-09-26 00:00:00+02:00,0.02628594759855934
2023-09-26 00:15:00+02:00,0.024844026874655947
2023-09-26 00:30:00+02:00,0.02369987945172761
2023-09-26 00:45:00+02:00,0.022863750467462633
2023-09-26 01:00:00+02:00,0.02234342504882993
2023-09-26 01:15:00+02:00,0.021645953550698236
2023-09-26 01:30:00+02:00,0.02121780079038348
2023-09-26 01:45:00+02:00,0.021062497895714852
2023-09-26 02:00:00+02:00,0.021181340911270042
2023-09-26 02:15:00+02:00,0.02049890812130826
2023-09-26 02:30:00+02:00,0.019858964692480788
2023-09-26 02:45:00+02:00,0.019262358863993072
2023-09-26 03:00:00+02:00,0.018709901878816184
2023-09-26 03:15:00+02:00,0.01900840157263738
2023-09-26 03:30:00+02:00,0.019364124191551903
2023-09-26 03:45:00+02:00,0.019776438110519465
2023-09-26 04:00:00+02:00,0.020244622790930988
2023-09-26 04:15:00+02:00,0.021811237001352984
2023-09-26 04:30:00+02:00,0.023407525999544564
2023-09-26 04:45:00+02:00,0.025032095710356517
2023-09-26 05:00:00+02:00,0.026683615568666212
2023-09-26 05:15:00+02:00,0.02604079476505016
2023-09-26 05:30:00+02:00,0.02544804125743759
2023-09-26 05:45:00+02:00,0.024906229539604453
2023-09-26 06:00:00+02:00,0.024416176845489232
2023-09-26 06:15:00+02:00,0.02557986933429884
2023-09-26 06:30:00+02:00,0.02688862043429659
2023-09-26 06:45:00+02:00,0.028337018585494343
2023-09-26 07:00:00+02:00,0.029919383635177568
2023-09-26 07:15:00+02:00,0.032135478385585774
2023-09-26 07:30:00+02:00,0.03449561905164294
2023-09-26 07:45:00+02:00,0.03699085124299837
2023-09-26 08:00:00+02:00,0.039612496275274085
2023-09-26 08:15:00+02:00,0.04160093752328902
2023-09-26 08:30:00+02:00,0.043650223655878936
2023-09-26 08:45:00+02:00,0.046941969531972425
2023-09-26 09:00:00+02:00,0.05060196372124155
2023-09-26 09:15:00+02:00,0.04285973464359663
2023-09-26 09:30:00+02:00,0.0378184197591753
2023-09-26 09:45:00+02:00,0.032797820471087015
2023-09-26 10:00:00+02:00,0.027800916737713427
2023-09-26 10:15:00+02:00,0.01983834451870006
2023-09-26 10:30:00+02:00,0.012937187066750594
2023-09-26 10:45:00+02:00,0.009325502493730754
2023-09-26 11:00:00+02:00,0.005732329213114641
2023-09-26 11:15:00+02:00,0.004945037938430232
2023-09-26 11:30:00+02:00,0.00420094313200813
2023-09-26 11:45:00+02:00,0.0035031432776180165
2023-09-26 12:00:00+02:00,0.002854818768865946
2023-09-26 12:15:00+02:00,0.003186653624041213
2023-09-26 12:30:00+02:00,0.003643821825870586
2023-09-26 12:45:00+02:00,0.004220925106805581
2023-09-26 13:00:00+02:00,0.004911581038229644
2023-09-26 13:15:00+02:00,0.006328489613965633
2023-09-26 13:30:00+02:00,0.008000035727022244
2023-09-26 13:45:00+02:00,0.009892193942916443
2023-09-26 14:00:00+02:00,0.01197334709892903
2023-09-26 14:15:00+02:00,0.012535098999726489
2023-09-26 14:30:00+02:00,0.01317799386939085
2023-09-26 14:45:00+02:00,0.014003830693313022
2023-09-26 15:00:00+02:00,0.015741740095750835
2023-09-26 15:15:00+02:00,0.016375200675294584
2023-09-26 15:30:00+02:00,0.017172003546347004
2023-09-26 15:45:00+02:00,0.018128040165626826
2023-09-26 16:00:00+02:00,0.01923856045179544
2023-09-26 16:15:00+02:00,0.01683878089841364
2023-09-26 16:30:00+02:00,0.014471698901484772
2023-09-26 16:45:00+02:00,0.0130470285426671
2023-09-26 17:00:00+02:00,0.01199954641862794
2023-09-26 17:15:00+02:00,0.0104247200204619
2023-09-26 17:30:00+02:00,0.008997401703505147
2023-09-26 17:45:00+02:00,0.007735461398450997
2023-09-26 18:00:00+02:00,0.006657170037527925
2023-09-26 18:15:00+02:00,0.008553844876750918
2023-09-26 18:30:00+02:00,0.01091489200139764
2023-09-26 18:45:00+02:00,0.013660707107930967
2023-09-26 19:00:00+02:00,0.020182165530057666
2023-09-26 19:15:00+02:00,0.027399470958096868
2023-09-26 19:30:00+02:00,0.03462606207569202
2023-09-26 19:45:00+02:00,0.04186024385317387
2023-09-26 20:00:00+02:00,0.05260206253309805
2023-09-26 20:15:00+02:00,0.05037429953257308
2023-09-26 20:30:00+02:00,0.049679732020447
2023-09-26 20:45:00+02:00,0.05053348364843926
2023-09-26 21:00:00+02:00,0.052916992211050805
2023-09-26 21:15:00+02:00,0.055948750149660026
2023-09-26 21:30:00+02:00,0.06019750310370503
2023-09-26 21:45:00+02:00,0.06559471740967689
2023-09-26 22:00:00+02:00,0.07206052065094995
2023-09-26 22:15:00+02:00,0.07734341205839883
2023-09-26 22:30:00+02:00,0.08262711990191599
2023-09-26 22:45:00+02:00,0.08791159212968858
2023-09-26 23:00:00+02:00,0.09319678101594758
2023-09-26 23:15:00+02:00,0.11488221262730444
2023-09-26 23:30:00+02:00,0.13929124357622139
2023-09-26 23:45:00+02:00,0.16496264717535117
2023-09-27 00:00:00+02:00,0.19627178613392887
2023-09-27 00:15:00+02:00,0.18395105478280557
2023-09-27 00:30:00+02:00,0.17397192675347414
2023-09-27 00:45:00+02:00,0.16658219646763578
2023-09-27 01:00:00+02:00,0.16024013910651624
2023-09-27 01:15:00+02:00,0.1510531729488795
2023-09-27 01:30:00+02:00,0.14250078789257362
2023-09-27 01:45:00+02:00,0.13461915893945242
2023-09-27 02:00:00+02:00,0.12744409522680142
2023-09-27 02:15:00+02:00,0.12061489982580839
2023-09-27 02:30:00+02:00,0.1138438502596749
2023-09-27 02:45:00+02:00,0.10713374137255
2023-09-27 03:00:00+02:00,0.10048752236429498
2023-09-27 03:15:00+02:00,0.09240505117649951
2023-09-27 03:30:00+02:00,0.08631098394244774
2023-09-27 03:45:00+02:00,0.08022806167479506
2023-09-27 04:00:00+02:00,0.07415715030373383
2023-09-27 04:15:00+02:00,0.05533494961450726
2023-09-27 04:30:00+02:00,0.04015639559269994
2023-09-27 04:45:00+02:00,0.030322818900199423
2023-09-27 05:00:00+02:00,0.02143204168817305
2023-09-27 05:15:00+02:00,0.01909019839617066
2023-09-27 05:30:00+02:00,0.016815265578122546
2023-09-27 05:45:00+02:00,0.014612233159108338
2023-09-27 06:00:00+02:00,0.01320527040706225
2023-09-27 06:15:00+02:00,0.01083209456934897
2023-09-27 06:30:00+02:00,0.008473364558036642
2023-09-27 06:45:00+02:00,0.006132109187819068
2023-09-27 07:00:00+02:00,0.003812233657982468
2023-09-27 07:15:00+02:00,0.0014389329367285337
2023-09-27 07:30:00+02:00,0.000859572307218766
2023-09-27 07:45:00+02:00,0.0021789744544122086
2023-09-27 08:00:00+02:00,0.00516871250171774
2023-09-27 08:15:00+02:00,0.008328709880415787
2023-09-27 08:30:00+02:00,0.011691298444096766
2023-09-27 08:45:00+02:00,0.016873425408590367
2023-09-27 09:00:00+02:00,0.024837686036154726
2023-09-27 09:15:00+02:00,0.028566163393028914
2023-09-27 09:30:00+02:00,0.03235130687030504
2023-09-27 09:45:00+02:00,0.036187426844241026
2023-09-27 10:00:00+02:00,0.040069508166677335
2023-09-27 10:15:00+02:00,0.038643723956746534
2023-09-27 10:30:00+02:00,0.037240310307240246
2023-09-27 10:45:00+02:00,0.03586010245880623
2023-09-27 11:00:00+02:00,0.03450396288301858
2023-09-27 11:15:00+02:00,0.025721597266817657
2023-09-27 11:30:00+02:00,0.016981318884381744
2023-09-27 11:45:00+02:00,0.011291573642659373
2023-09-27 12:00:00+02:00,0.007358776393391419
2023-09-27 12:15:00+02:00,0.006734926386813316
2023-09-27 12:30:00+02:00,0.006354225878879438
2023-09-27 12:45:00+02:00,0.006224881218395453
2023-09-27 13:00:00+02:00,0.00634976382560321
2023-09-27 13:15:00+02:00,0.0064598254794899475
2023-09-27 13:30:00+02:00,0.00665626811877786
2023-09-27 13:45:00+02:00,0.006937618637210936
2023-09-27 14:00:00+02:00,0.0073018248374455514
2023-09-27 14:15:00+02:00,0.0069105617939399224
2023-09-27 14:30:00+02:00,0.006519303463656811
2023-09-27 14:45:00+02:00,0.006128050010529222
2023-09-27 15:00:00+02:00,0.005736801606179564
2023-09-27 15:15:00+02:00,0.0058667309354737025
2023-09-27 15:30:00+02:00,0.006046780932902035
2023-09-27 15:45:00+02:00,0.00627615289070854
2023-09-27 16:00:00+02:00,0.0065538536614166585
2023-09-27 16:15:00+02:00,0.007273501867235133
2023-09-27 16:30:00+02:00,0.007998094713136243
2023-09-27 16:45:00+02:00,0.008727336474826385
2023-09-27 17:00:00+02:00,0.00946095286662943
2023-09-27 17:15:00+02:00,0.012693777481187789
2023-09-27 17:30:00+02:00,0.01881894011047223
2023-09-27 17:45:00+02:00,0.026564474014287184
2023-09-27 18:00:00+02:00,0.03454194840799675
2023-09-27 18:15:00+02:00,0.05291059731874264
2023-09-27 18:30:00+02:00,0.07786588485950814
2023-09-27 18:45:00+02:00,0.10740632581814524
2023-09-27 19:00:00+02:00,0.14745092137633684
2023-09-27 19:15:00+02:00,0.17078062062520494
2023-09-27 19:30:00+02:00,0.2011705384055151
2023-09-27 19:45:00+02:00,0.2351534111671081
2023-09-27 20:00:00+02:00,0.27042058380349954
2023-09-27 20:15:00+02:00,0.2893466802482362
2023-09-27 20:30:00+02:00,0.3152616959815893
2023-09-27 20:45:00+02:00,0.343444901435154
2023-09-27 21:00:00+02:00,0.373717306554863
2023-09-27 21:15:00+02:00,0.3891267103964515
2023-09-27 21:30:00+02:00,0.4055842475433007
2023-09-27 21:45:00+02:00,0.4230437417390143
2023-09-27 22:00:00+02:00,0.4432706547981752
2023-09-27 22:15:00+02:00,0.4431943997373439
2023-09-27 22:30:00+02:00,0.44501317074797303
2023-09-27 22:45:00+02:00,0.44871888776836394
2023-09-27 23:00:00+02:00,0.45429522917265036
2023-09-27 23:15:00+02:00,0.45624890865229756
2023-09-27 23:30:00+02:00,0.4631797581849687
2023-09-27 23:45:00+02:00,0.47500853733610354
2023-09-28 00:00:00+02:00,0.49160383320488976
2023-09-28 00:15:00+02:00,0.4923039846872751
2023-09-28 00:30:00+02:00,0.5005651459582212
2023-09-28 00:45:00+02:00,0.5162482297210176
2023-09-28 01:00:00+02:00,0.5390983816078343
2023-09-28 01:15:00+02:00,0.5325676472693693
2023-09-28 01:30:00+02:00,0.530002384116356
2023-09-28 01:45:00+02:00,0.5314249924637373
2023-09-28 02:00:00+02:00,0.5368230291426184
2023-09-28 02:15:00+02:00,0.5255793508661957
2023-09-28 02:30:00+02:00,0.5155410880236985
2023-09-28 02:45:00+02:00,0.5067353778890207
2023-09-28 03:00:00+02:00,0.4991866997107633
2023-09-28 03:15:00+02:00,0.48408469322325787
2023-09-28 03:30:00+02:00,0.47013605321367835
2023-09-28 03:45:00+02:00,0.4573782424126714
2023-09-28 04:00:00+02:00,0.44584695770460414
2023-09-28 04:15:00+02:00,0.4327713441829107
2023-09-28 04:30:00+02:00,0.42335198421971154
2023-09-28 04:45:00+02:00,0.41766762857033934
2023-09-28 05:00:00+02:00,0.41506685305251523
2023-09-28 05:15:00+02:00,0.38583152463691295
2023-09-28 05:30:00+02:00,0.35744905355346096
2023-09-28 05:45:00+02:00,0.32999010975707815
2023-09-28 06:00:00+02:00,0.3035306860153835
2023-09-28 06:15:00+02:00,0.2712468869070382
2023-09-28 06:30:00+02:00,0.243121137362551
2023-09-28 06:45:00+02:00,0.21508679267689174
2023-09-28 07:00:00+02:00,0.18715550454806937
2023-09-28 07:15:00+02:00,0.1827867822148385
2023-09-28 07:30:00+02:00,0.17842057515711346
2023-09-28 07:45:00+02:00,0.1748605430839421
2023-09-28 08:00:00+02:00,0.17155383386022013
2023-09-28 08:15:00+02:00,0.16427471587378867
2023-09-28 08:30:00+02:00,0.1570205158700156
2023-09-28 08:45:00+02:00,0.14979239937088268
2023-09-28 09:00:00+02:00,0.1425916011381511
2023-09-28 09:15:00+02:00,0.14363409875977548
2023-09-28 09:30:00+02:00,0.1446773157340567
2023-09-28 09:45:00+02:00,0.14572124717952167
2023-09-28 10:00:00+02:00,0.1467658882554673
2023-09-28 10:15:00+02:00,0.139422953673336
2023-09-28 10:30:00+02:00,0.1325694876070976
2023-09-28 10:45:00+02:00,0.12622827435701608
2023-09-28 11:00:00+02:00,0.12042167045157291
2023-09-28 11:15:00+02:00,0.11135997882286328
2023-09-28 11:30:00+02:00,0.10272519250356435
2023-09-28 11:45:00+02:00,0.09480571980301017
2023-09-28 12:00:00+02:00,0.09000757854528375
2023-09-28 12:15:00+02:00,0.08628262531188285
2023-09-28 12:30:00+02:00,0.08287123709720683
2023-09-28 12:45:00+02:00,0.07978675756501341
2023-09-28 13:00:00+02:00,0.07704191029691927
2023-09-28 13:15:00+02:00,0.08119217110788857
2023-09-28 13:30:00+02:00,0.0855257577868158
2023-09-28 13:45:00+02:00,0.09003316542972131
2023-09-28 14:00:00+02:00,0.09470519190563649
2023-09-28 14:15:00+02:00,0.09120591250996307
2023-09-28 14:30:00+02:00,0.08775293025513951
2023-09-28 14:45:00+02:00,0.08434820215848225
2023-09-28 15:00:00+02:00,0.0809937673698542
2023-09-28 15:15:00+02:00,0.07162917037709295
2023-09-28 15:30:00+02:00,0.06250799478632832
2023-09-28 15:45:00+02:00,0.053661313867267815
2023-09-28 16:00:00+02:00,0.04512452292163149
2023-09-28 16:15:00+02:00,0.03573308040940045
2023-09-28 16:30:00+02:00,0.028076665283179456
2023-09-28 16:45:00+02:00,0.02201548013666703
2023-09-28 17:00:00+02:00,0.017856127783672484
2023-09-28 17:15:00+02:00,0.010072358548022298
2023-09-28 17:30:00+02:00,0.004545937594394975
2023-09-28 17:45:00+02:00,0.0
2023-09-28 18:00:00+02:00,0.0
2023-09-28 18:15:00+02:00,0.0
2023-09-28 18:30:00+02:00,0.0
2023-09-28 18:45:00+02:00,0.0
2023-09-28 19:00:00+02:00,0.0
2023-09-28 19:15:00+02:00,0.0
2023-09-28 19:30:00+02:00,0.0
2023-09-28 19:45:00+02:00,0.0
2023-09-28 20:00:00+02:00,0.0
2023-09-28 20:15:00+02:00,0.0
2023-09-28 20:30:00+02:00,0.0
2023-09-28 20:45:00+02:00,0.0
2023-09-28 21:00:00+02:00,0.0
2023-09-28 21:15:00+02:00,0.0
2023-09-28 21:30:00+02:00,0.001878519112733889
2023-09-28 21:45:00+02:00,0.005806092246442926
2023-09-28 22:00:00+02:00,0.009789342660172434
2023-09-28 22:15:00+02:00,0.012599862614004042
2023-09-28 22:30:00+02:00,0.01745710870468256
2023-09-28 22:45:00+02:00,0.02386902983403157
2023-09-28 23:00:00+02:00,0.030375821678932543
2023-09-28 23:15:00+02:00,0.0521062394147438
2023-09-28 23:30:00+02:00,0.08581487387715651
2023-09-28 23:45:00+02:00,0.1367872477041059
2023-09-29 00:00:00+02:00,0.20085353583226692
2023-09-29 00:15:00+02:00,0.19495457791719503
2023-09-29 00:30:00+02:00,0.1915513086748255
2023-09-29 00:45:00+02:00,0.19068214389531185
2023-09-29 01:00:00+02:00,0.192357020345897
2023-09-29 01:15:00+02:00,0.2100592224987447
2023-09-29 01:30:00+02:00,0.2278463760662987
2023-09-29 01:45:00+02:00,0.24571217043368973
2023-09-29 02:00:00+02:00,0.2636508809006051
2023-09-29 02:15:00+02:00,0.2661821808715389
2023-09-29 02:30:00+02:00,0.26894754510505897
2023-09-29 02:45:00+02:00,0.2719443656091728
2023-09-29 03:00:00+02:00,0.27516985965361984
2023-09-29 03:15:00+02:00,0.26960827682271676
2023-09-29 03:30:00+02:00,0.2653501252994117
2023-09-29 03:45:00+02:00,0.2624180581994094
2023-09-29 04:00:00+02:00,0.26082797937338376
2023-09-29 04:15:00+02:00,0.2612418938156504
2023-09-29 04:30:00+02:00,0.263223769390702
2023-09-29 04:45:00+02:00,0.2667609976542229
2023-09-29 05:00:00+02:00,0.2718314083374258
2023-09-29 05:15:00+02:00,0.28647074976534553
2023-09-29 05:30:00+02:00,0.3072181427992404
2023-09-29 05:45:00+02:00,0.32983400985065664
2023-09-29 06:00:00+02:00,0.3541978316353348
2023-09-29 06:15:00+02:00,0.36857462471572466
2023-09-29 06:30:00+02:00,0.3829571032442046
2023-09-29 06:45:00+02:00,0.3973450431837656
2023-09-29 07:00:00+02:00,0.411738232037185
2023-09-29 07:15:00+02:00,0.41826734963895545
2023-09-29 07:30:00+02:00,0.4250845903666614
2023-09-29 07:45:00+02:00,0.4328959223024799
2023-09-29 08:00:00+02:00,0.44114900605046176
2023-09-29 08:15:00+02:00,0.4357868557577777
2023-09-29 08:30:00+02:00,0.433524049059162
2023-09-29 08:45:00+02:00,0.4343772138630003
2023-09-29 09:00:00+02:00,0.43834006691130956
2023-09-29 09:15:00+02:00,0.45084351057615685
2023-09-29 09:30:00+02:00,0.4734147456787779
2023-09-29 09:45:00+02:00,0.5055437839106384
2023-09-29 10:00:00+02:00,0.546562011172812
2023-09-29 10:15:00+02:00,0.5686649113681229
2023-09-29 10:30:00+02:00,0.5963476295626827
2023-09-29 10:45:00+02:00,0.6294109311895573
2023-09-29 11:00:00+02:00,0.6672959181977441
2023-09-29 11:15:00+02:00,0.6266514627329349
2023-09-29 11:30:00+02:00,0.587908685060736
2023-09-29 11:45:00+02:00,0.5517042940213642
2023-09-29 12:00:00+02:00,0.5177596697704525
2023-09-29 12:15:00+02:00,0.5147330925775471
2023-09-29 12:30:00+02:00,0.5117433764942367
2023-09-29 12:45:00+02:00,0.5087907682937821
2023-09-29 13:00:00+02:00,0.5058755138531212
2023-09-29 13:15:00+02:00,0.515376781672614
2023-09-29 13:30:00+02:00,0.5249104750216311
2023-09-29 13:45:00+02:00,0.5344759146957515
2023-09-29 14:00:00+02:00,0.544072438159696
2023-09-29 14:15:00+02:00,0.5760135349931145
2023-09-29 14:30:00+02:00,0.6132106765030696
2023-09-29 14:45:00+02:00,0.6550392058250659
2023-09-29 15:00:00+02:00,0.701023090633694
2023-09-29 15:15:00+02:00,0.6336454200996897
2023-09-29 15:30:00+02:00,0.5890680747556956
2023-09-29 15:45:00+02:00,0.5696446107913774
2023-09-29 16:00:00+02:00,0.5758946007099581
2023-09-29 16:15:00+02:00,0.5327188091976816
2023-09-29 16:30:00+02:00,0.49470603665715
2023-09-29 16:45:00+02:00,0.46231163146487736
2023-09-29 17:00:00+02:00,0.43596664240666183
2023-09-29 17:15:00+02:00,0.42991409706638395
2023-09-29 17:30:00+02:00,0.4241114783959354
2023-09-29 17:45:00+02:00,0.4187067511702239
2023-09-29 18:00:00+02:00,0.41330502913284006
2023-09-29 18:15:00+02:00,0.3946348328818298
2023-09-29 18:30:00+02:00,0.3760347112938172
2023-09-29 18:45:00+02:00,0.3575083702706266
2023-09-29 19:00:00+02:00,0.33905976538604443
2023-09-29 19:15:00+02:00,0.3278186411823201
2023-09-29 19:30:00+02:00,0.31658255222116005
2023-09-29 19:45:00+02:00,0.30535166772915406
2023-09-29 20:00:00+02:00,0.2941261645182387
2023-09-29 20:15:00+02:00,0.2842776458446591
2023-09-29 20:30:00+02:00,0.27638301352476496
2023-09-29 20:45:00+02:00,0.2685184466532893
2023-09-29 21:00:00+02:00,0.2606849125721463
2023-09-29 21:15:00+02:00,0.23527228835078678
2023-09-29 21:30:00+02:00,0.2098860418915989
2023-09-29 21:45:00+02:00,0.1845292301938244
2023-09-29 22:00:00+02:00,0.16359948742975872
2023-09-29 22:15:00+02:00,0.13735695394097885
2023-09-29 22:30:00+02:00,0.11126392249830341
2023-09-29 22:45:00+02:00,0.08907569410942007
2023-09-29 23:00:00+02:00,0.07306062769378836
2023-09-29 23:15:00+02:00,0.06062553163199934
2023-09-29 23:30:00+02:00,0.04853608040601411
2023-09-29 23:45:00+02:00,0.03979938985058572
2023-09-30 00:00:00+02:00,0.03318693897643884
2023-09-30 00:15:00+02:00,0.030262612862881094
2023-09-30 00:30:00+02:00,0.028130626445117723
2023-09-30 00:45:00+02:00,0.026839839769641022
2023-09-30 01:00:00+02:00,0.02642178321748602
2023-09-30 01:15:00+02:00,0.030152070211734074
2023-09-30 01:30:00+02:00,0.03443658938315934
2023-09-30 01:45:00+02:00,0.03921400719955631
2023-09-30 02:00:00+02:00,0.04468837787048534
2023-09-30 02:15:00+02:00,0.04676539810481746
2023-09-30 02:30:00+02:00,0.04944914848799297
2023-09-30 02:45:00+02:00,0.052716742587083906
2023-09-30 03:00:00+02:00,0.056541838470807515
2023-09-30 03:15:00+02:00,0.06398400419371202
2023-09-30 03:30:00+02:00,0.07146943421025799
2023-09-30 03:45:00+02:00,0.0789940754815427
2023-09-30 04:00:00+02:00,0.08655434831589402
2023-09-30 04:15:00+02:00,0.08668822234238184
2023-09-30 04:30:00+02:00,0.08682468505510348
2023-09-30 04:45:00+02:00,0.08696373217520756
2023-09-30 05:00:00+02:00,0.08710535935250145
2023-09-30 05:15:00+02:00,0.0922681022261125
2023-09-30 05:30:00+02:00,0.09933329186230438
2023-09-30 05:45:00+02:00,0.108734758506183
2023-09-30 06:00:00+02:00,0.1186415799787666
2023-09-30 06:15:00+02:00,0.12453865372053897
2023-09-30 06:30:00+02:00,0.13068244797959808
2023-09-30 06:45:00+02:00,0.13706291423249198
2023-09-30 07:00:00+02:00,0.14367018594304065
2023-09-30 07:15:00+02:00,0.14429851403530353
2023-09-30 07:30:00+02:00,0.14499022844118836
2023-09-30 07:45:00+02:00,0.1457450439707947
2023-09-30 08:00:00+02:00,0.14656265136640736
2023-09-30 08:15:00+02:00,0.13889593118723814
2023-09-30 08:30:00+02:00,0.13123316594065193
2023-09-30 08:45:00+02:00,0.12357456270334911
2023-09-30 09:00:00+02:00,0.11592034314043449
2023-09-30 09:15:00+02:00,0.09311489844101609
2023-09-30 09:30:00+02:00,0.07810608203525442
2023-09-30 09:45:00+02:00,0.06310125052170731
2023-09-30 10:00:00+02:00,0.04810126292777479
2023-09-30 10:15:00+02:00,0.043345304426794934
2023-09-30 10:30:00+02:00,0.040252183207013355
2023-09-30 10:45:00+02:00,0.03716303206946743
2023-09-30 11:00:00+02:00,0.03407818253002473
2023-09-30 11:15:00+02:00,0.03399057291024854
2023-09-30 11:30:00+02:00,0.03390667412923489
2023-09-30 11:45:00+02:00,0.03382649462186116
2023-09-30 12:00:00+02:00,0.03375004247298754
2023-09-30 12:15:00+02:00,0.031558896953612636
2023-09-30 12:30:00+02:00,0.029373816488155503
2023-09-30 12:45:00+02:00,0.027195182997715936
2023-09-30 13:00:00+02:00,0.025023409880001034
2023-09-30 13:15:00+02:00,0.02097739231874746
2023-09-30 13:30:00+02:00,0.016946832950559477
2023-09-30 13:45:00+02:00,0.013409592600972627
2023-09-30 14:00:00+02:00,0.011586007704348608
2023-09-30 14:15:00+02:00,0.011770734870409041
2023-09-30 14:30:00+02:00,0.011955578476863044
2023-09-30 14:45:00+02:00,0.01214053689970509
2023-09-30 15:00:00+02:00,0.012325608544009116
2023-09-30 15:15:00+02:00,0.012388115561375649
2023-09-30 15:30:00+02:00,0.012500963218612722
2023-09-30 15:45:00+02:00,0.012663728447054509
2023-09-30 16:00:00+02:00,0.012875809334376183
2023-09-30 16:15:00+02:00,0.012954013552423836
2023-09-30 16:30:00+02:00,0.013037379662043288
2023-09-30 16:45:00+02:00,0.01312587597879782
2023-09-30 17:00:00+02:00,0.01321946915150678
2023-09-30 17:15:00+02:00,0.01238076647259037
2023-09-30 17:30:00+02:00,0.011545698191499363
2023-09-30 17:45:00+02:00,0.01071450182704884
2023-09-30 18:00:00+02:00,0.009887434801465983
2023-09-30 18:15:00+02:00,0.011019342981172277
2023-09-30 18:30:00+02:00,0.012227736430394709
2023-09-30 18:45:00+02:00,0.01350587349070634
2023-09-30 19:00:00+02:00,0.016082240238797767
2023-09-30 19:15:00+02:00,0.020129046193177152
2023-09-30 19:30:00+02:00,0.024264295367964192
2023-09-30 19:45:00+02:00,0.028477576625182424
2023-09-30 20:00:00+02:00,0.03275989643032174
2023-09-30 20:15:00+02:00,0.03459622516788071
2023-09-30 20:30:00+02:00,0.036691134268409274
2023-09-30 20:45:00+02:00,0.03903060722557484
2023-09-30 21:00:00+02:00,0.0416001607026061
2023-09-30 21:15:00+02:00,0.039863237343932885
2023-09-30 21:30:00+02:00,0.03814553100313277
2023-09-30 21:45:00+02:00,0.03644791530722895
2023-09-30 22:00:00+02:00,0.03477130646865231
2023-09-30 22:15:00+02:00,0.03602684618382102
2023-09-30 22:30:00+02:00,0.03729230918902863
2023-09-30 22:45:00+02:00,0.03856736923571878
2023-09-30 23:00:00+02:00,0.039851711905668184
2023-09-30 23:15:00+02:00,0.06320412727853442
2023-09-30 23:30:00+02:00,0.09267611787059721
2023-09-30 23:45:00+02:00,0.14197786877533064
2023-10-01 00:00:00+02:00,0.2010471230580653
2023-10-01 00:15:00+02:00,0.17723554390920274
2023-10-01 00:30:00+02:00,0.16152610394004957
2023-10-01 00:45:00+02:00,0.148439220031598
2023-10-01 01:00:00+02:00,0.1382019012207967
2023-10-01 01:15:00+02:00,0.15869976173955885
2023-10-01 01:30:00+02:00,0.17980927790342352
2023-10-01 01:45:00+02:00,0.2069036684661003
2023-10-01 02:00:00+02:00,0.2340233274359832
2023-10-01 02:15:00+02:00,0.2397953339232544
2023-10-01 02:30:00+02:00,0.24559042286370106
2023-10-01 02:45:00+02:00,0.25140804000395284
2023-10-01 03:00:00+02:00,0.2572476466412819
2023-10-01 03:15:00+02:00,0.2613546732720371
2023-10-01 03:30:00+02:00,0.2656452737003208
2023-10-01 03:45:00+02:00,0.27011626655002613
2023-10-01 04:00:00+02:00,0.2747644144007905
2023-10-01 04:15:00+02:00,0.27606453794101027
2023-10-01 04:30:00+02:00,0.2773781116367741
2023-10-01 04:45:00+02:00,0.2787050649415525
2023-10-01 05:00:00+02:00,0.28004532709027546
2023-10-01 05:15:00+02:00,0.2800082924664985
2023-10-01 05:30:00+02:00,0.28015316690153
2023-10-01 05:45:00+02:00,0.28047984541326026
2023-10-01 06:00:00+02:00,0.2809880915728941
2023-10-01 06:15:00+02:00,0.2817421894330144
2023-10-01 06:30:00+02:00,0.2825823543628734
2023-10-01 06:45:00+02:00,0.283508299464291
2023-10-01 07:00:00+02:00,0.28451971002198345
2023-10-01 07:15:00+02:00,0.28551348661039433
2023-10-01 07:30:00+02:00,0.2868536504899646
2023-10-01 07:45:00+02:00,0.2883640271816487
2023-10-01 08:00:00+02:00,0.2899845313352967
2023-10-01 08:15:00+02:00,0.28063054174450913
2023-10-01 08:30:00+02:00,0.2722552512995521
2023-10-01 08:45:00+02:00,0.26388162479364263
2023-10-01 09:00:00+02:00,0.2555097196336789
2023-10-01 09:15:00+02:00,0.2319662970207534
2023-10-01 09:30:00+02:00,0.20842309226767444
2023-10-01 09:45:00+02:00,0.1848801287772962
2023-10-01 10:00:00+02:00,0.16521608636215102
2023-10-01 10:15:00+02:00,0.1531535225302509
2023-10-01 10:30:00+02:00,0.14109669950263257
2023-10-01 10:45:00+02:00,0.1290460844048029
2023-10-01 11:00:00+02:00,0.11700219617194763
2023-10-01 11:15:00+02:00,0.11641052232137031
2023-10-01 11:30:00+02:00,0.1159033196544722
2023-10-01 11:45:00+02:00,0.11548088641922351
2023-10-01 12:00:00+02:00,0.1151434720893853
2023-10-01 12:15:00+02:00,0.11815416756526563
2023-10-01 12:30:00+02:00,0.12128803848109118
2023-10-01 12:45:00+02:00,0.12454245302945952
2023-10-01 13:00:00+02:00,0.1279147569087014
2023-10-01 13:15:00+02:00,0.12696096251948555
2023-10-01 13:30:00+02:00,0.12601104851160624
2023-10-01 13:45:00+02:00,0.12506503998620153
2023-10-01 14:00:00+02:00,0.12412296215683118
2023-10-01 14:15:00+02:00,0.1227333821350378
2023-10-01 14:30:00+02:00,0.12135246161014612
2023-10-01 14:45:00+02:00,0.11998028296521066
2023-10-01 15:00:00+02:00,0.1186169291001089
2023-10-01 15:15:00+02:00,0.11877714663767774
2023-10-01 15:30:00+02:00,0.11894630004383135
2023-10-01 15:45:00+02:00,0.11912437888462606
2023-10-01 16:00:00+02:00,0.11931137219311251
2023-10-01 16:15:00+02:00,0.11778459460155326
2023-10-01 16:30:00+02:00,0.11625890541059036
2023-10-01 16:45:00+02:00,0.11473431619986496
2023-10-01 17:00:00+02:00,0.11321083870533746
2023-10-01 17:15:00+02:00,0.10794195549327437
2023-10-01 17:30:00+02:00,0.10290190291893651
2023-10-01 17:45:00+02:00,0.09809904703042335
2023-10-01 18:00:00+02:00,0.09418094862403995
2023-10-01 18:15:00+02:00,0.11135922300137562
2023-10-01 18:30:00+02:00,0.1292122150234738
2023-10-01 18:45:00+02:00,0.14709660794061813
2023-10-01 19:00:00+02:00,0.1650088953969672
2023-10-01 19:15:00+02:00,0.1765805802565187
2023-10-01 19:30:00+02:00,0.19159101208142656
2023-10-01 19:45:00+02:00,0.20686075279179572
2023-10-01 20:00:00+02:00,0.22213433976625965
2023-10-01 20:15:00+02:00,0.23069852702354723
2023-10-01 20:30:00+02:00,0.23926458690164035
2023-10-01 20:45:00+02:00,0.2478324526050045
2023-10-01 21:00:00+02:00,0.25640206046442204
2023-10-01 21:15:00+02:00,0.25925062054148706
2023-10-01 21:30:00+02:00,0.2621178932612556
2023-10-01 21:45:00+02:00,0.2650036604054914
2023-10-01 22:00:00+02:00,0.2679077057608261
2023-10-01 22:15:00+02:00,0.2701246214156518
2023-10-01 22:30:00+02:00,0.2723559231613056
2023-10-01 22:45:00+02:00,0.2746014821213497
2023-10-01 23:00:00+02:00,0.27686117014531875
2023-10-01 23:15:00+02:00,0.2950835653353315
2023-10-01 23:30:00+02:00,0.31664840865415245
2023-10-01 23:45:00+02:00,0.3388842812902144
2023-10-02 00:00:00+02:00,0.3617489298664317
2023-10-02 00:15:00+02:00,0.3580595307525721
2023-10-02 00:30:00+02:00,0.3549316744401562
2023-10-02 00:45:00+02:00,0.35237037934941323
2023-10-02 01:00:00+02:00,0.3503797994925991
2023-10-02 01:15:00+02:00,0.3431768587026526
2023-10-02 01:30:00+02:00,0.3360921081581282
2023-10-02 01:45:00+02:00,0.3291279944676906
2023-10-02 02:00:00+02:00,0.3222869888289453
2023-10-02 02:15:00+02:00,0.30942751990392636
2023-10-02 02:30:00+02:00,0.2965690628501453
2023-10-02 02:45:00+02:00,0.28416988594613707
2023-10-02 03:00:00+02:00,0.27425527255123755
2023-10-02 03:15:00+02:00,0.2662268843613393
2023-10-02 03:30:00+02:00,0.25850652450830586
2023-10-02 03:45:00+02:00,0.2511040507919237
2023-10-02 04:00:00+02:00,0.24402931390077467
2023-10-02 04:15:00+02:00,0.23712427343001802
2023-10-02 04:30:00+02:00,0.23078375079216404
2023-10-02 04:45:00+02:00,0.22502313802194812
2023-10-02 05:00:00+02:00,0.2198569078432505
2023-10-02 05:15:00+02:00,0.21892906256335873
2023-10-02 05:30:00+02:00,0.21830825941407153
2023-10-02 05:45:00+02:00,0.2179953264095884
2023-10-02 06:00:00+02:00,0.21799068206164313
2023-10-02 06:15:00+02:00,0.21924149264076997
2023-10-02 06:30:00+02:00,0.220508403041312
2023-10-02 06:45:00+02:00,0.2217913251437764
2023-10-02 07:00:00+02:00,0.2230901703690656
2023-10-02 07:15:00+02:00,0.22064408825162554
2023-10-02 07:30:00+02:00,0.21821566995396777
2023-10-02 07:45:00+02:00,0.21580510240365244
2023-10-02 08:00:00+02:00,0.21341257377176448
2023-10-02 08:15:00+02:00,0.19931811745661784
2023-10-02 08:30:00+02:00,0.1852242577569846
2023-10-02 08:45:00+02:00,0.17264200317172748
2023-10-02 09:00:00+02:00,0.16195644676585588
2023-10-02 09:15:00+02:00,0.13658833303421328
2023-10-02 09:30:00+02:00,0.11123302176894857
2023-10-02 09:45:00+02:00,0.08941430237693669
2023-10-02 10:00:00+02:00,0.0736340656747047
2023-10-02 10:15:00+02:00,0.05721006337262542
2023-10-02 10:30:00+02:00,0.04216145656699768
2023-10-02 10:45:00+02:00,0.03255140788484273
2023-10-02 11:00:00+02:00,0.023007255789609306
2023-10-02 11:15:00+02:00,0.018596841988727453
2023-10-02 11:30:00+02:00,0.014332675374600775
2023-10-02 11:45:00+02:00,0.012177624944815042
2023-10-02 12:00:00+02:00,0.010394713219082237
2023-10-02 12:15:00+02:00,0.011954559671345042
2023-10-02 12:30:00+02:00,0.013515775911601583
2023-10-02 12:45:00+02:00,0.016587512771873418
2023-10-02 13:00:00+02:00,0.020011095893817648
2023-10-02 13:15:00+02:00,0.0236332608720465
2023-10-02 13:30:00+02:00,0.02725650889799391
2023-10-02 13:45:00+02:00,0.030880730750601718
2023-10-02 14:00:00+02:00,0.03450583139324224
2023-10-02 14:15:00+02:00,0.0363054398070647
2023-10-02 14:30:00+02:00,0.038108947833565866
2023-10-02 14:45:00+02:00,0.03991617486357952
2023-10-02 15:00:00+02:00,0.04172695093212673
2023-10-02 15:15:00+02:00,0.04074777777641719
2023-10-02 15:30:00+02:00,0.039820700723309475
2023-10-02 15:45:00+02:00,0.038946970441075736
2023-10-02 16:00:00+02:00,0.03812780252294432
2023-10-02 16:15:00+02:00,0.03467724152377306
2023-10-02 16:30:00+02:00,0.03159420790353848
2023-10-02 16:45:00+02:00,0.028910831274244847
2023-10-02 17:00:00+02:00,0.02665818233792236
2023-10-02 17:15:00+02:00,0.031528761452608994
2023-10-02 17:30:00+02:00,0.03672743162035831
2023-10-02 17:45:00+02:00,0.042211243204224
2023-10-02 18:00:00+02:00,0.050641532010807025
2023-10-02 18:15:00+02:00,0.059138403190721625
2023-10-02 18:30:00+02:00,0.06771753371149068
2023-10-02 18:45:00+02:00,0.0763699938330273
2023-10-02 19:00:00+02:00,0.08508803987612792
2023-10-02 19:15:00+02:00,0.0916326131306329
2023-10-02 19:30:00+02:00,0.10121677331070492
2023-10-02 19:45:00+02:00,0.11413975660334084
2023-10-02 20:00:00+02:00,0.12812024323018245
2023-10-02 20:15:00+02:00,0.14927475740228302
2023-10-02 20:30:00+02:00,0.1704298995664074
2023-10-02 20:45:00+02:00,0.19611460637162215
2023-10-02 21:00:00+02:00,0.22401622838641116
2023-10-02 21:15:00+02:00,0.25649588549130165
2023-10-02 21:30:00+02:00,0.29034129967178685
2023-10-02 21:45:00+02:00,0.33320478130919173
2023-10-02 22:00:00+02:00,0.37637536477089895
2023-10-02 22:15:00+02:00,0.39149032088366625
2023-10-02 22:30:00+02:00,0.4066226617394322
2023-10-02 22:45:00+02:00,0.42177168229812345
2023-10-02 23:00:00+02:00,0.4382116918356105
2023-10-02 23:15:00+02:00,0.4656165516877449
2023-10-02 23:30:00+02:00,0.49303102032546003
2023-10-02 23:45:00+02:00,0.5204545129810703
2023-10-03 00:00:00+02:00,0.5478864912231929
2023-10-03 00:15:00+02:00,0.5650108467085373
2023-10-03 00:30:00+02:00,0.5856197995085456
2023-10-03 00:45:00+02:00,0.609859024884306
2023-10-03 01:00:00+02:00,0.6372872594100734
2023-10-03 01:15:00+02:00,0.6547149990613832
2023-10-03 01:30:00+02:00,0.6727614161717913
2023-10-03 01:45:00+02:00,0.6914048144024626
2023-10-03 02:00:00+02:00,0.7106238316677174
2023-10-03 02:15:00+02:00,0.7237878650630096
2023-10-03 02:30:00+02:00,0.7370401638156512
2023-10-03 02:45:00+02:00,0.7489191632101564
2023-10-03 03:00:00+02:00,0.7597371519967668
2023-10-03 03:15:00+02:00,0.7880162282077982
2023-10-03 03:30:00+02:00,0.8171348112697331
2023-10-03 03:45:00+02:00,0.8470401387526136
2023-10-03 04:00:00+02:00,0.8753662450713202
2023-10-03 04:15:00+02:00,0.8822688080579052
2023-10-03 04:30:00+02:00,0.8931843435613769
2023-10-03 04:45:00+02:00,0.907971105592693
2023-10-03 05:00:00+02:00,0.926447483242783
2023-10-03 05:15:00+02:00,0.9229841674297024
2023-10-03 05:30:00+02:00,0.9221263129962688
2023-10-03 05:45:00+02:00,0.9238810311327824
2023-10-03 06:00:00+02:00,0.9282338035770928
2023-10-03 06:15:00+02:00,0.92745715342584
2023-10-03 06:30:00+02:00,0.9272531642220575
2023-10-03 06:45:00+02:00,0.9276222061581947
2023-10-03 07:00:00+02:00,0.9285636097430922
2023-10-03 07:15:00+02:00,0.9300352930576332
2023-10-03 07:30:00+02:00,0.9315234972774306
2023-10-03 07:45:00+02:00,0.9330281449302462
2023-10-03 08:00:00+02:00,0.9345491581794967
2023-10-03 08:15:00+02:00,0.9289269984831546
2023-10-03 08:30:00+02:00,0.9233131254276724
2023-10-03 08:45:00+02:00,0.9177076879958842
2023-10-03 09:00:00+02:00,0.9121108385314569
2023-10-03 09:15:00+02:00,0.8923874095393397
2023-10-03 09:30:00+02:00,0.8727160895536532
2023-10-03 09:45:00+02:00,0.8423191299016736
2023-10-03 10:00:00+02:00,0.811259266915449
2023-10-03 10:15:00+02:00,0.8133389057358096
2023-10-03 10:30:00+02:00,0.8156608006363749
2023-10-03 10:45:00+02:00,0.8182237118093133
2023-10-03 11:00:00+02:00,0.8210262805542133
2023-10-03 11:15:00+02:00,0.7940165159458343
2023-10-03 11:30:00+02:00,0.7775038219907039
2023-10-03 11:45:00+02:00,0.7718837769952495
2023-10-03 12:00:00+02:00,0.7772955021511494
2023-10-03 12:15:00+02:00,0.7132797059221065
2023-10-03 12:30:00+02:00,0.656159301176654
2023-10-03 12:45:00+02:00,0.6159983075828497
2023-10-03 13:00:00+02:00,0.594209922891857
2023-10-03 13:15:00+02:00,0.5625474608917583
2023-10-03 13:30:00+02:00,0.5311552248191983
2023-10-03 13:45:00+02:00,0.49987851232458846
2023-10-03 14:00:00+02:00,0.4687256636488271
2023-10-03 14:15:00+02:00,0.5392900506478822
2023-10-03 14:30:00+02:00,0.6103261640920518
2023-10-03 14:45:00+02:00,0.682089693794788
2023-10-03 15:00:00+02:00,0.7517615978480137
2023-10-03 15:15:00+02:00,0.7077774927037028
2023-10-03 15:30:00+02:00,0.6623297127925023
2023-10-03 15:45:00+02:00,0.6176249937936608
2023-10-03 16:00:00+02:00,0.5738765014395703
2023-10-03 16:15:00+02:00,0.5530982072327352
2023-10-03 16:30:00+02:00,0.5330893755201412
2023-10-03 16:45:00+02:00,0.5138843515314748
2023-10-03 17:00:00+02:00,0.49551804901098456
2023-10-03 17:15:00+02:00,0.5070695550432707
2023-10-03 17:30:00+02:00,0.5191998889818021
2023-10-03 17:45:00+02:00,0.5318935949289066
2023-10-03 18:00:00+02:00,0.5451350825134158
2023-10-03 18:15:00+02:00,0.5476138404114254
2023-10-03 18:30:00+02:00,0.5509658211390948
2023-10-03 18:45:00+02:00,0.5551846897830829
2023-10-03 19:00:00+02:00,0.5602625598354711
2023-10-03 19:15:00+02:00,0.5549252837663248
2023-10-03 19:30:00+02:00,0.5516399227230737
2023-10-03 19:45:00+02:00,0.5504211171720857
2023-10-03 20:00:00+02:00,0.5512743338018418
2023-10-03 20:15:00+02:00,0.5507376961542082
2023-10-03 20:30:00+02:00,0.5513583356282735
2023-10-03 20:45:00+02:00,0.5531346954185326
2023-10-03 21:00:00+02:00,0.5560623351139607
2023-10-03 21:15:00+02:00,0.5732415411403183
2023-10-03 21:30:00+02:00,0.5914902463023026
2023-10-03 21:45:00+02:00,0.6108176724557297
2023-10-03 22:00:00+02:00,0.6310347267607104
2023-10-03 22:15:00+02:00,0.61350123386651
2023-10-03 22:30:00+02:00,0.5959713323778479
2023-10-03 22:45:00+02:00,0.5785181121921424
2023-10-03 23:00:00+02:00,0.5612573231443362
2023-10-03 23:15:00+02:00,0.5854291203638232
2023-10-03 23:30:00+02:00,0.6101754875504992
2023-10-03 23:45:00+02:00,0.6351499576847609
2023-10-04 00:00:00+02:00,0.6603412331290773
2023-10-04 00:15:00+02:00,0.6228051801841558
2023-10-04 00:30:00+02:00,0.585433163758224
2023-10-04 00:45:00+02:00,0.548762120872968
2023-10-04 01:00:00+02:00,0.5123112230169012
2023-10-04 01:15:00+02:00,0.492076769971901
2023-10-04 01:30:00+02:00,0.47230189829900887
2023-10-04 01:45:00+02:00,0.45300784285653634
2023-10-04 02:00:00+02:00,0.4342166014387389
2023-10-04 02:15:00+02:00,0.44127595453966245
2023-10-04 02:30:00+02:00,0.44847069957751395
2023-10-04 02:45:00+02:00,0.4557985654610395
2023-10-04 03:00:00+02:00,0.463257290985879
2023-10-04 03:15:00+02:00,0.4672479054601333
2023-10-04 03:30:00+02:00,0.4714682562783674
2023-10-04 03:45:00+02:00,0.47591611773736214
2023-10-04 04:00:00+02:00,0.48058917515273786
2023-10-04 04:15:00+02:00,0.47818535999152967
2023-10-04 04:30:00+02:00,0.47590572436426043
2023-10-04 04:45:00+02:00,0.4737509191871054
2023-10-04 05:00:00+02:00,0.47172156392136155
2023-10-04 05:15:00+02:00,0.4680740954947035
2023-10-04 05:30:00+02:00,0.46469101841811183
2023-10-04 05:45:00+02:00,0.46157440875772643
2023-10-04 06:00:00+02:00,0.45872619833336326
2023-10-04 06:15:00+02:00,0.4479829345998798
2023-10-04 06:30:00+02:00,0.4375447917172989
2023-10-04 06:45:00+02:00,0.4274193626040002
2023-10-04 07:00:00+02:00,0.41852385446195667
2023-10-04 07:15:00+02:00,0.42106288534597797
2023-10-04 07:30:00+02:00,0.4236965422507556
2023-10-04 07:45:00+02:00,0.42645188524719413
2023-10-04 08:00:00+02:00,0.42960746424242907
2023-10-04 08:15:00+02:00,0.4297738018620978
2023-10-04 08:30:00+02:00,0.43000306342893596
2023-10-04 08:45:00+02:00,0.4302952146291996
2023-10-04 09:00:00+02:00,0.43065021177254986
2023-10-04 09:15:00+02:00,0.4622782309787481
2023-10-04 09:30:00+02:00,0.4942443487989897
2023-10-04 09:45:00+02:00,0.5265246806196224
2023-10-04 10:00:00+02:00,0.559097336175414
2023-10-04 10:15:00+02:00,0.5399643571564078
2023-10-04 10:30:00+02:00,0.5210391604436273
2023-10-04 10:45:00+02:00,0.5023305941229025
2023-10-04 11:00:00+02:00,0.4838479056632615
2023-10-04 11:15:00+02:00,0.42586351457452687
2023-10-04 11:30:00+02:00,0.3741108292981793
2023-10-04 11:45:00+02:00,0.32249240267992085
2023-10-04 12:00:00+02:00,0.27438973119044013
2023-10-04 12:15:00+02:00,0.2840044791009668
2023-10-04 12:30:00+02:00,0.2959983389178052
2023-10-04 12:45:00+02:00,0.30853193799779505
2023-10-04 13:00:00+02:00,0.3210967739437652
2023-10-04 13:15:00+02:00,0.32325599735786775
2023-10-04 13:30:00+02:00,0.325435909240683
2023-10-04 13:45:00+02:00,0.327636377627918
2023-10-04 14:00:00+02:00,0.3298572704466443
2023-10-04 14:15:00+02:00,0.3319157403669945
2023-10-04 14:30:00+02:00,0.33421708537652
2023-10-04 14:45:00+02:00,0.33675968438929144
2023-10-04 15:00:00+02:00,0.33954176310475764
2023-10-04 15:15:00+02:00,0.34162879410809505
2023-10-04 15:30:00+02:00,0.34385958817530726
2023-10-04 15:45:00+02:00,0.3462332236080168
2023-10-04 16:00:00+02:00,0.3487487283201841
2023-10-04 16:15:00+02:00,0.3087683098088409
2023-10-04 16:30:00+02:00,0.2736197633920005
2023-10-04 16:45:00+02:00,0.24482496396827935
2023-10-04 17:00:00+02:00,0.21724392259245895
2023-10-04 17:15:00+02:00,0.22234082417065573
2023-10-04 17:30:00+02:00,0.22756891699453133
2023-10-04 17:45:00+02:00,0.2329252846835219
2023-10-04 18:00:00+02:00,0.23840702824714557
2023-10-04 18:15:00+02:00,0.2364816637656425
2023-10-04 18:30:00+02:00,0.23455682511324408
2023-10-04 18:45:00+02:00,0.2326325165953767
2023-10-04 19:00:00+02:00,0.23070874256339294
2023-10-04 19:15:00+02:00,0.2275293305702737
2023-10-04 19:30:00+02:00,0.22436956808977643
2023-10-04 19:45:00+02:00,0.22122972357148524
2023-10-04 20:00:00+02:00,0.21811006863845175
2023-10-04 20:15:00+02:00,0.22986678883822903
2023-10-04 20:30:00+02:00,0.24183980406051983
2023-10-04 20:45:00+02:00,0.25401842251752993
2023-10-04 21:00:00+02:00,0.26639247949854616
2023-10-04 21:15:00+02:00,0.2810375526929243
2023-10-04 21:30:00+02:00,0.2987414722527413
2023-10-04 21:45:00+02:00,0.31792849306481646
2023-10-04 22:00:00+02:00,0.33720570099570296
2023-10-04 22:15:00+02:00,0.3543986195234078
2023-10-04 22:30:00+02:00,0.37170360121785295
2023-10-04 22:45:00+02:00,0.3891152926650507
2023-10-04 23:00:00+02:00,0.4066286461033806
2023-10-04 23:15:00+02:00,0.44660146258677624
2023-10-04 23:30:00+02:00,0.4899399667911487
2023-10-04 23:45:00+02:00,0.5342237641544489
2023-10-05 00:00:00+02:00,0.5793638111356435
2023-10-05 00:15:00+02:00,0.5670293351920971
2023-10-05 00:30:00+02:00,0.5547131173987746
2023-10-05 00:45:00+02:00,0.542415648967186
2023-10-05 01:00:00+02:00,0.530137438099783
2023-10-05 01:15:00+02:00,0.5155756690557092
2023-10-05 01:30:00+02:00,0.5010178199815429
2023-10-05 01:45:00+02:00,0.4864640208278443
2023-10-05 02:00:00+02:00,0.471914407314702
2023-10-05 02:15:00+02:00,0.47176639096146306
2023-10-05 02:30:00+02:00,0.4718239405926723
2023-10-05 02:45:00+02:00,0.4720870289714411
2023-10-05 03:00:00+02:00,0.4725555316454673
2023-10-05 03:15:00+02:00,0.4724069724938797
2023-10-05 03:30:00+02:00,0.4723214516918164
2023-10-05 03:45:00+02:00,0.47229898164921835
2023-10-05 04:00:00+02:00,0.472339565627258
2023-10-05 04:15:00+02:00,0.46824844718716313
2023-10-05 04:30:00+02:00,0.4643077628821891
2023-10-05 04:45:00+02:00,0.46051888977839467
2023-10-05 05:00:00+02:00,0.4568831677836831
2023-10-05 05:15:00+02:00,0.4491963396348431
2023-10-05 05:30:00+02:00,0.44156317106071163
2023-10-05 05:45:00+02:00,0.4339846334758303
2023-10-05 06:00:00+02:00,0.4264617146769072
2023-10-05 06:15:00+02:00,0.4334891769225954
2023-10-05 06:30:00+02:00,0.4407848178343376
2023-10-05 06:45:00+02:00,0.44834404926893423
2023-10-05 07:00:00+02:00,0.45616222702883025
2023-10-05 07:15:00+02:00,0.4604764349682952
2023-10-05 07:30:00+02:00,0.46481185194900776
2023-10-05 07:45:00+02:00,0.46916826579828136
2023-10-05 08:00:00+02:00,0.47354546615691484
2023-10-05 08:15:00+02:00,0.46843427031153884
2023-10-05 08:30:00+02:00,0.4635110670623326
2023-10-05 08:45:00+02:00,0.458778009246524
2023-10-05 09:00:00+02:00,0.45423719765160864
2023-10-05 09:15:00+02:00,0.4186983774589227
2023-10-05 09:30:00+02:00,0.3861448146941072
2023-10-05 09:45:00+02:00,0.35360284232197475
2023-10-05 10:00:00+02:00,0.32107357110283874
2023-10-05 10:15:00+02:00,0.3295485309978964
2023-10-05 10:30:00+02:00,0.33896063029680595
2023-10-05 10:45:00+02:00,0.34928459348526686
2023-10-05 11:00:00+02:00,0.36049372984364075
2023-10-05 11:15:00+02:00,0.3150882581319183
2023-10-05 11:30:00+02:00,0.27364896258213456
2023-10-05 11:45:00+02:00,0.23927237559475512
2023-10-05 12:00:00+02:00,0.20528929506056906
2023-10-05 12:15:00+02:00,0.21719956529036333
2023-10-05 12:30:00+02:00,0.2291101902924646
2023-10-05 12:45:00+02:00,0.2410211523034686
2023-10-05 13:00:00+02:00,0.2529324347259307
2023-10-05 13:15:00+02:00,0.24670489586958866
2023-10-05 13:30:00+02:00,0.24059372906421567
2023-10-05 13:45:00+02:00,0.23460195106355528
2023-10-05 14:00:00+02:00,0.22873262175669867
2023-10-05 14:15:00+02:00,0.23657603830550902
2023-10-05 14:30:00+02:00,0.24442560683265704
2023-10-05 14:45:00+02:00,0.25228112748840936
2023-10-05 15:00:00+02:00,0.2601424088445895
2023-10-05 15:15:00+02:00,0.2570787519541596
2023-10-05 15:30:00+02:00,0.2541002317660841
2023-10-05 15:45:00+02:00,0.25120789928394294
2023-10-05 16:00:00+02:00,0.2484027917177087
2023-10-05 16:15:00+02:00,0.22237024813524076
2023-10-05 16:30:00+02:00,0.19640662381964585
2023-10-05 16:45:00+02:00,0.17217889322384727
2023-10-05 17:00:00+02:00,0.15261673194789827
2023-10-05 17:15:00+02:00,0.1309127196940773
2023-10-05 17:30:00+02:00,0.10953391320767505
2023-10-05 17:45:00+02:00,0.09105889848368445
2023-10-05 18:00:00+02:00,0.07824414416477993
2023-10-05 18:15:00+02:00,0.07983939050350164
2023-10-05 18:30:00+02:00,0.08191561722055835
2023-10-05 18:45:00+02:00,0.08446060529029396
2023-10-05 19:00:00+02:00,0.08745993390713108
2023-10-05 19:15:00+02:00,0.09593680420644499
2023-10-05 19:30:00+02:00,0.11042100423365661
2023-10-05 19:45:00+02:00,0.1260811296851651
2023-10-05 20:00:00+02:00,0.14279664504083606
2023-10-05 20:15:00+02:00,0.15769879668890938
2023-10-05 20:30:00+02:00,0.17298630641394544
2023-10-05 20:45:00+02:00,0.19220889274300543
2023-10-05 21:00:00+02:00,0.213252986128678
2023-10-05 21:15:00+02:00,0.22175179247478957
2023-10-05 21:30:00+02:00,0.2303828425293156
2023-10-05 21:45:00+02:00,0.23914132541101354
2023-10-05 22:00:00+02:00,0.24802259478290423
2023-10-05 22:15:00+02:00,0.25024752935023475
2023-10-05 22:30:00+02:00,0.25247358161221406
2023-10-05 22:45:00+02:00,0.254700741306314
2023-10-05 23:00:00+02:00,0.2569289982902487
2023-10-05 23:15:00+02:00,0.270726695180991
2023-10-05 23:30:00+02:00,0.2845269483668141
2023-10-05 23:45:00+02:00,0.30207263201327267
2023-10-06 00:00:00+02:00,0.31997357380279756
2023-10-06 00:15:00+02:00,0.3284599094431096
2023-10-06 00:30:00+02:00,0.33694634996731954
2023-10-06 00:45:00+02:00,0.34543289281536993
2023-10-06 01:00:00+02:00,0.3539195355098177
2023-10-06 01:15:00+02:00,0.349297418495077
2023-10-06 01:30:00+02:00,0.3446773871062492
2023-10-06 01:45:00+02:00,0.3400594692006826
2023-10-06 02:00:00+02:00,0.33544369312097055
2023-10-06 02:15:00+02:00,0.32963373733401513
2023-10-06 02:30:00+02:00,0.32388941184835623
2023-10-06 02:45:00+02:00,0.3182118300442639
2023-10-06 03:00:00+02:00,0.3126021172483582
2023-10-06 03:15:00+02:00,0.3211504608447632
2023-10-06 03:30:00+02:00,0.3297921893921106
2023-10-06 03:45:00+02:00,0.3385249663238345
2023-10-06 04:00:00+02:00,0.3473465089684423
2023-10-06 04:15:00+02:00,0.35566197616991585
2023-10-06 04:30:00+02:00,0.3639784228089226
2023-10-06 04:45:00+02:00,0.37229582604596356
2023-10-06 05:00:00+02:00,0.3806141637436812
2023-10-06 05:15:00+02:00,0.3912742203754242
2023-10-06 05:30:00+02:00,0.40197798842042487
2023-10-06 05:45:00+02:00,0.41272420373835156
2023-10-06 06:00:00+02:00,0.423511645738361
2023-10-06 06:15:00+02:00,0.43520475307716766
2023-10-06 06:30:00+02:00,0.4477026823209949
2023-10-06 06:45:00+02:00,0.46067346954907756
2023-10-06 07:00:00+02:00,0.4741030158031925
2023-10-06 07:15:00+02:00,0.48455710194681273
2023-10-06 07:30:00+02:00,0.4950184925109266
2023-10-06 07:45:00+02:00,0.5054870159627486
2023-10-06 08:00:00+02:00,0.5159625059870981
2023-10-06 08:15:00+02:00,0.5139415934629366
2023-10-06 08:30:00+02:00,0.5121184585296636
2023-10-06 08:45:00+02:00,0.5104939075751602
2023-10-06 09:00:00+02:00,0.5090686628490084
2023-10-06 09:15:00+02:00,0.5303891009664752
2023-10-06 09:30:00+02:00,0.552020168572723
2023-10-06 09:45:00+02:00,0.5739475175711328
2023-10-06 10:00:00+02:00,0.5963517964772813
2023-10-06 10:15:00+02:00,0.5514273664691939
2023-10-06 10:30:00+02:00,0.5068100785356822
2023-10-06 10:45:00+02:00,0.46231730576802926
2023-10-06 11:00:00+02:00,0.4188350352808548
2023-10-06 11:15:00+02:00,0.408882618943749
2023-10-06 11:30:00+02:00,0.3993650481945936
2023-10-06 11:45:00+02:00,0.3902937357920764
2023-10-06 12:00:00+02:00,0.3816799339565158
2023-10-06 12:15:00+02:00,0.39166818038849477
2023-10-06 12:30:00+02:00,0.4019951564033493
2023-10-06 12:45:00+02:00,0.41265141014897305
2023-10-06 13:00:00+02:00,0.4236275533631615
2023-10-06 13:15:00+02:00,0.4248194451275133
2023-10-06 13:30:00+02:00,0.4263166832128518
2023-10-06 13:45:00+02:00,0.428301894600361
2023-10-06 14:00:00+02:00,0.43061087885980737
2023-10-06 14:15:00+02:00,0.4382498237512075
2023-10-06 14:30:00+02:00,0.44707846014552577
2023-10-06 14:45:00+02:00,0.45707232441117457
2023-10-06 15:00:00+02:00,0.46820452601182555
2023-10-06 15:15:00+02:00,0.45815036354715843
2023-10-06 15:30:00+02:00,0.4483671904451655
2023-10-06 15:45:00+02:00,0.43886127016595433
2023-10-06 16:00:00+02:00,0.42963887488484315
2023-10-06 16:15:00+02:00,0.42604444113205286
2023-10-06 16:30:00+02:00,0.4228157691011806
2023-10-06 16:45:00+02:00,0.4195871197315444
2023-10-06 17:00:00+02:00,0.4163584932201819
2023-10-06 17:15:00+02:00,0.4045303598938352
2023-10-06 17:30:00+02:00,0.3927068948009632
2023-10-06 17:45:00+02:00,0.3808882514723755
2023-10-06 18:00:00+02:00,0.3690745901791595
2023-10-06 18:15:00+02:00,0.38400041928077167
2023-10-06 18:30:00+02:00,0.39905402123701006
2023-10-06 18:45:00+02:00,0.41423020621517354
2023-10-06 19:00:00+02:00,0.42991952826822444
2023-10-06 19:15:00+02:00,0.45508496431415046
2023-10-06 19:30:00+02:00,0.4802668954983476
2023-10-06 19:45:00+02:00,0.5054643893737651
2023-10-06 20:00:00+02:00,0.5306765819590182
2023-10-06 20:15:00+02:00,0.5458086439191334
2023-10-06 20:30:00+02:00,0.5613257743281008
2023-10-06 20:45:00+02:00,0.5772152435998417
2023-10-06 21:00:00+02:00,0.5936180953019846
2023-10-06 21:15:00+02:00,0.6019368211154643
2023-10-06 21:30:00+02:00,0.6109252683128821
2023-10-06 21:45:00+02:00,0.6205711763527197
2023-10-06 22:00:00+02:00,0.6308617183802832
2023-10-06 22:15:00+02:00,0.6254779190720933
2023-10-06 22:30:00+02:00,0.6201787468196236
2023-10-06 22:45:00+02:00,0.6149651184893741
2023-10-06 23:00:00+02:00,0.6098379491174359
2023-10-06 23:15:00+02:00,0.6194877432715129
2023-10-06 23:30:00+02:00,0.6291612153016873
2023-10-06 23:45:00+02:00,0.6388579044221459
2023-10-07 00:00:00+02:00,0.6485773606626172
2023-10-07 00:15:00+02:00,0.658021878971462
2023-10-07 00:30:00+02:00,0.6674709828497731
2023-10-07 00:45:00+02:00,0.6769245872991253
2023-10-07 01:00:00+02:00,0.6863826093698989
2023-10-07 01:15:00+02:00,0.6871218495395116
2023-10-07 01:30:00+02:00,0.6882680805000971
2023-10-07 01:45:00+02:00,0.6898203947722716
2023-10-07 02:00:00+02:00,0.6917775676721809
2023-10-07 02:15:00+02:00,0.6833840650253172
2023-10-07 02:30:00+02:00,0.6753151214153272
2023-10-07 02:45:00+02:00,0.6675759057777746
2023-10-07 03:00:00+02:00,0.6601714794383289
2023-10-07 03:15:00+02:00,0.6512040841321792
2023-10-07 03:30:00+02:00,0.642379119550928
2023-10-07 03:45:00+02:00,0.6336991231362568
2023-10-07 04:00:00+02:00,0.6251666497789576
2023-10-07 04:15:00+02:00,0.602750086624908
2023-10-07 04:30:00+02:00,0.5805678678397026
2023-10-07 04:45:00+02:00,0.5588739807773979
2023-10-07 05:00:00+02:00,0.5373880657343479
2023-10-07 05:15:00+02:00,0.5204123162843993
2023-10-07 05:30:00+02:00,0.503898665216894
2023-10-07 05:45:00+02:00,0.48786447123100557
2023-10-07 06:00:00+02:00,0.4723274306648024
2023-10-07 06:15:00+02:00,0.4809044218035607
2023-10-07 06:30:00+02:00,0.4901595183656146
2023-10-07 06:45:00+02:00,0.5000785751551782
2023-10-07 07:00:00+02:00,0.5106468653682352
2023-10-07 07:15:00+02:00,0.5152173509189343
2023-10-07 07:30:00+02:00,0.5200793997508635
2023-10-07 07:45:00+02:00,0.5252298760172054
2023-10-07 08:00:00+02:00,0.5306655066920599
2023-10-07 08:15:00+02:00,0.5319108202533206
2023-10-07 08:30:00+02:00,0.5336375240144648
2023-10-07 08:45:00+02:00,0.5358437935241313
2023-10-07 09:00:00+02:00,0.5385273110033861
2023-10-07 09:15:00+02:00,0.5356450623872572
2023-10-07 09:30:00+02:00,0.5331946860108219
2023-10-07 09:45:00+02:00,0.5311785125981924
2023-10-07 10:00:00+02:00,0.5295984724611027
2023-10-07 10:15:00+02:00,0.5330314996528767
2023-10-07 10:30:00+02:00,0.5371370081785369
2023-10-07 10:45:00+02:00,0.5419089649340298
2023-10-07 11:00:00+02:00,0.5473404477601166
2023-10-07 11:15:00+02:00,0.5593804225468473
2023-10-07 11:30:00+02:00,0.5726910751538391
2023-10-07 11:45:00+02:00,0.5872957683695699
2023-10-07 12:00:00+02:00,0.6032771696025162
2023-10-07 12:15:00+02:00,0.6098930905823791
2023-10-07 12:30:00+02:00,0.6165288407008715
2023-10-07 12:45:00+02:00,0.6231841524377127
2023-10-07 13:00:00+02:00,0.6298587622957335
2023-10-07 13:15:00+02:00,0.6481224949131257
2023-10-07 13:30:00+02:00,0.6689636671797808
2023-10-07 13:45:00+02:00,0.6922779549962594
2023-10-07 14:00:00+02:00,0.7179552095160863
2023-10-07 14:15:00+02:00,0.7228668403102059
2023-10-07 14:30:00+02:00,0.7278266410046048
2023-10-07 14:45:00+02:00,0.7328341594592526
2023-10-07 15:00:00+02:00,0.7378889449062661
2023-10-07 15:15:00+02:00,0.724690578417544
2023-10-07 15:30:00+02:00,0.7121011016840392
2023-10-07 15:45:00+02:00,0.7001353273812932
2023-10-07 16:00:00+02:00,0.6888077828365355
2023-10-07 16:15:00+02:00,0.686586336105624
2023-10-07 16:30:00+02:00,0.6857026758353456
2023-10-07 16:45:00+02:00,0.6861591070998325
2023-10-07 17:00:00+02:00,0.6879544386141723
2023-10-07 17:15:00+02:00,0.6965074092465798
2023-10-07 17:30:00+02:00,0.7051302004433708
2023-10-07 17:45:00+02:00,0.7138216590052282
2023-10-07 18:00:00+02:00,0.7225806481056893
2023-10-07 18:15:00+02:00,0.7306339772038575
2023-10-07 18:30:00+02:00,0.739298589194962
2023-10-07 18:45:00+02:00,0.7474571498839003
2023-10-07 19:00:00+02:00,0.7554015572482767
2023-10-07 19:15:00+02:00,0.7644954250471274
2023-10-07 19:30:00+02:00,0.7741503562754807
2023-10-07 19:45:00+02:00,0.7843541064533981
2023-10-07 20:00:00+02:00,0.7950941191029214
2023-10-07 20:15:00+02:00,0.7934333172305538
2023-10-07 20:30:00+02:00,0.7922233557665467
2023-10-07 20:45:00+02:00,0.7914654611754064
2023-10-07 21:00:00+02:00,0.7911604039548014
2023-10-07 21:15:00+02:00,0.7773966418097285
2023-10-07 21:30:00+02:00,0.7649846718845599
2023-10-07 21:45:00+02:00,0.7539633090872166
2023-10-07 22:00:00+02:00,0.7443682734977811
2023-10-07 22:15:00+02:00,0.7363117531828094
2023-10-07 22:30:00+02:00,0.7300580990900813
2023-10-07 22:45:00+02:00,0.72599685552297
2023-10-07 23:00:00+02:00,0.7241449659916714
2023-10-07 23:15:00+02:00,0.693799379040773
2023-10-07 23:30:00+02:00,0.6649369021743138
2023-10-07 23:45:00+02:00,0.6376437234989625
2023-10-08 00:00:00+02:00,0.6120075910773546
2023-10-08 00:15:00+02:00,0.616330583420646
2023-10-08 00:30:00+02:00,0.6210152014788237
2023-10-08 00:45:00+02:00,0.6260580076874765
2023-10-08 01:00:00+02:00,0.6314553501521117
2023-10-08 01:15:00+02:00,0.59941838500032
2023-10-08 01:30:00+02:00,0.5676526441769717
2023-10-08 01:45:00+02:00,0.5361624071740706
2023-10-08 02:00:00+02:00,0.5047101044297936
2023-10-08 02:15:00+02:00,0.46953724383975015
2023-10-08 02:30:00+02:00,0.4348862181342801
2023-10-08 02:45:00+02:00,0.403493884052247
2023-10-08 03:00:00+02:00,0.3735728524396398
2023-10-08 03:15:00+02:00,0.36410968827896695
2023-10-08 03:30:00+02:00,0.35466322629803454
2023-10-08 03:45:00+02:00,0.3452339203763774
2023-10-08 04:00:00+02:00,0.33582224011910033
2023-10-08 04:15:00+02:00,0.3204132805075365
2023-10-08 04:30:00+02:00,0.30612416227364614
2023-10-08 04:45:00+02:00,0.29300334567036673
2023-10-08 05:00:00+02:00,0.2821541292388942
2023-10-08 05:15:00+02:00,0.26257231889833604
2023-10-08 05:30:00+02:00,0.24435467207355308
2023-10-08 05:45:00+02:00,0.22760767030070453
2023-10-08 06:00:00+02:00,0.2124391766788367
2023-10-08 06:15:00+02:00,0.21100339904551407
2023-10-08 06:30:00+02:00,0.2102958809140084
2023-10-08 06:45:00+02:00,0.21031888570079163
2023-10-08 07:00:00+02:00,0.21107233966415764
2023-10-08 07:15:00+02:00,0.18779761912067558
2023-10-08 07:30:00+02:00,0.16919354951823137
2023-10-08 07:45:00+02:00,0.1548302179774081
2023-10-08 08:00:00+02:00,0.14235144983368433
2023-10-08 08:15:00+02:00,0.11703236353551508
2023-10-08 08:30:00+02:00,0.09305457322652792
2023-10-08 08:45:00+02:00,0.07730482342619421
2023-10-08 09:00:00+02:00,0.061574119943459335
2023-10-08 09:15:00+02:00,0.04118776995113521
2023-10-08 09:30:00+02:00,0.028896766236289093
2023-10-08 09:45:00+02:00,0.017886688152359147
2023-10-08 10:00:00+02:00,0.011454795842935394
2023-10-08 10:15:00+02:00,0.008709222038701772
2023-10-08 10:30:00+02:00,0.006459483507012567
2023-10-08 10:45:00+02:00,0.004808942837387485
2023-10-08 11:00:00+02:00,0.0038520187804968074
2023-10-08 11:15:00+02:00,0.0
2023-10-08 11:30:00+02:00,0.0
2023-10-08 11:45:00+02:00,0.0
2023-10-08 12:00:00+02:00,0.0
2023-10-08 12:15:00+02:00,0.0
2023-10-08 12:30:00+02:00,0.0
2023-10-08 12:45:00+02:00,0.0
2023-10-08 13:00:00+02:00,0.0
2023-10-08 13:15:00+02:00,0.0
2023-10-08 13:30:00+02:00,0.0
2023-10-08 13:45:00+02:00,0.0
2023-10-08 14:00:00+02:00,0.0
2023-10-08 14:15:00+02:00,0.0
2023-10-08 14:30:00+02:00,0.0
2023-10-08 14:45:00+02:00,0.0
2023-10-08 15:00:00+02:00,0.0
2023-10-08 15:15:00+02:00,0.0
2023-10-08 15:30:00+02:00,0.0
2023-10-08 15:45:00+02:00,0.0
2023-10-08 16:00:00+02:00,0.0
2023-10-08 16:15:00+02:00,0.0
2023-10-08 16:30:00+02:00,0.0
2023-10-08 16:45:00+02:00,0.0
2023-10-08 17:00:00+02:00,0.0
2023-10-08 17:15:00+02:00,0.0
2023-10-08 17:30:00+02:00,0.0
2023-10-08 17:45:00+02:00,0.0
2023-10-08 18:00:00+02:00,0.0
2023-10-08 18:15:00+02:00,0.0
2023-10-08 18:30:00+02:00,0.0
2023-10-08 18:45:00+02:00,0.0
2023-10-08 19:00:00+02:00,0.0
2023-10-08 19:15:00+02:00,0.0
2023-10-08 19:30:00+02:00,0.0
2023-10-08 19:45:00+02:00,0.0
2023-10-08 20:00:00+02:00,0.0
2023-10-08 20:15:00+02:00,0.0
2023-10-08 20:30:00+02:00,0.0
2023-10-08 20:45:00+02:00,0.0026754464153631954
2023-10-08 21:00:00+02:00,0.00901898056156892
2023-10-08 21:15:00+02:00,0.012222037259105081
2023-10-08 21:30:00+02:00,0.021355934618898162
2023-10-08 21:45:00+02:00,0.03521105896591877
2023-10-08 22:00:00+02:00,0.05578602952685282
2023-10-08 22:15:00+02:00,0.06890546219653614
2023-10-08 22:30:00+02:00,0.0877895020925255
2023-10-08 22:45:00+02:00,0.12091546633245787
2023-10-08 23:00:00+02:00,0.16415113174242493
2023-10-08 23:15:00+02:00,0.1873776527062115
2023-10-08 23:30:00+02:00,0.2282371564679729
2023-10-08 23:45:00+02:00,0.28033070172502905
2023-10-09 00:00:00+02:00,0.35805780960766675
2023-10-09 00:15:00+02:00,0.3882519262776827
2023-10-09 00:30:00+02:00,0.4184686295513035
2023-10-09 00:45:00+02:00,0.4513774824560116
2023-10-09 01:00:00+02:00,0.48522396104352394
2023-10-09 01:15:00+02:00,0.48761363758689136
2023-10-09 01:30:00+02:00,0.4919509703991825
2023-10-09 01:45:00+02:00,0.49821689289568327
2023-10-09 02:00:00+02:00,0.5063842968592636
2023-10-09 02:15:00+02:00,0.5072122764849306
2023-10-09 02:30:00+02:00,0.5080774581869977
2023-10-09 02:45:00+02:00,0.5089797699023648
2023-10-09 03:00:00+02:00,0.5099191366734143
2023-10-09 03:15:00+02:00,0.4974971616345586
2023-10-09 03:30:00+02:00,0.4852560839255626
2023-10-09 03:45:00+02:00,0.47320099738577104
2023-10-09 04:00:00+02:00,0.4613371070660101
2023-10-09 04:15:00+02:00,0.43872810970194037
2023-10-09 04:30:00+02:00,0.4171900224469471
2023-10-09 04:45:00+02:00,0.3969845708433116
2023-10-09 05:00:00+02:00,0.3767821687429692
2023-10-09 05:15:00+02:00,0.3848079934464699
2023-10-09 05:30:00+02:00,0.3942922816575407
2023-10-09 05:45:00+02:00,0.4051974053949278
2023-10-09 06:00:00+02:00,0.41748168026930377
2023-10-09 06:15:00+02:00,0.43423780773684
2023-10-09 06:30:00+02:00,0.45206812554077125
2023-10-09 06:45:00+02:00,0.4699377031692454
2023-10-09 07:00:00+02:00,0.48784494472262624
2023-10-09 07:15:00+02:00,0.4807889573849786
2023-10-09 07:30:00+02:00,0.47387284056564644
2023-10-09 07:45:00+02:00,0.4670988299892354
2023-10-09 08:00:00+02:00,0.4604691618659857
2023-10-09 08:15:00+02:00,0.450450994398227
2023-10-09 08:30:00+02:00,0.4411325182157404
2023-10-09 08:45:00+02:00,0.4325292145804882
2023-10-09 09:00:00+02:00,0.4248185547900072
2023-10-09 09:15:00+02:00,0.40665570273057283
2023-10-09 09:30:00+02:00,0.38849640739908625
2023-10-09 09:45:00+02:00,0.3703408502284243
2023-10-09 10:00:00+02:00,0.3521892251637116
2023-10-09 10:15:00+02:00,0.3174816675082676
2023-10-09 10:30:00+02:00,0.28815862187358937
2023-10-09 10:45:00+02:00,0.2695179362497094
2023-10-09 11:00:00+02:00,0.25630603996617785
2023-10-09 11:15:00+02:00,0.2460481698072802
2023-10-09 11:30:00+02:00,0.23725775667019378
2023-10-09 11:45:00+02:00,0.2299898812346522
2023-10-09 12:00:00+02:00,0.2242921793779164
2023-10-09 12:15:00+02:00,0.22025995650200006
2023-10-09 12:30:00+02:00,0.22074998487701075
2023-10-09 12:45:00+02:00,0.22575274514799226
2023-10-09 13:00:00+02:00,0.23517255410858182
2023-10-09 13:15:00+02:00,0.2329664858672651
2023-10-09 13:30:00+02:00,0.23163497076565234
2023-10-09 13:45:00+02:00,0.23118297249290243
2023-10-09 14:00:00+02:00,0.23161218455768395
2023-10-09 14:15:00+02:00,0.22063387900451828
2023-10-09 14:30:00+02:00,0.2096658819693225
2023-10-09 14:45:00+02:00,0.19870869870681468
2023-10-09 15:00:00+02:00,0.18776286748977922
2023-10-09 15:15:00+02:00,0.1755003400604698
2023-10-09 15:30:00+02:00,0.1657506323570685
2023-10-09 15:45:00+02:00,0.15600401112711765
2023-10-09 16:00:00+02:00,0.14626067182410923
2023-10-09 16:15:00+02:00,0.13772737831382362
2023-10-09 16:30:00+02:00,0.12937533346596114
2023-10-09 16:45:00+02:00,0.12121493695356939
2023-10-09 17:00:00+02:00,0.11325713226729003
2023-10-09 17:15:00+02:00,0.11620247190056902
2023-10-09 17:30:00+02:00,0.11962970498287945
2023-10-09 17:45:00+02:00,0.123527545460325
2023-10-09 18:00:00+02:00,0.12788358133483496
2023-10-09 18:15:00+02:00,0.13621886823063062
2023-10-09 18:30:00+02:00,0.14490428359872695
2023-10-09 18:45:00+02:00,0.15392039217880266
2023-10-09 19:00:00+02:00,0.1632485099063768
2023-10-09 19:15:00+02:00,0.16287581818443633
2023-10-09 19:30:00+02:00,0.16279173882393705
2023-10-09 19:45:00+02:00,0.16299642397369113
2023-10-09 20:00:00+02:00,0.16348950342481983
2023-10-09 20:15:00+02:00,0.1598721798506401
2023-10-09 20:30:00+02:00,0.1564170409741252
2023-10-09 20:45:00+02:00,0.15312767429961247
2023-10-09 21:00:00+02:00,0.15000759415541934
2023-10-09 21:15:00+02:00,0.1407687559091144
2023-10-09 21:30:00+02:00,0.13153151337869565
2023-10-09 21:45:00+02:00,0.12229596757572422
2023-10-09 22:00:00+02:00,0.11306222820009207
2023-10-09 22:15:00+02:00,0.09655685891146897
2023-10-09 22:30:00+02:00,0.0859145154753548
2023-10-09 22:45:00+02:00,0.07592771041269511
2023-10-09 23:00:00+02:00,0.06612046890132198
2023-10-09 23:15:00+02:00,0.05980781493525345
2023-10-09 23:30:00+02:00,0.053538042284745666
2023-10-09 23:45:00+02:00,0.0473150281717147
2023-10-10 00:00:00+02:00,0.04233192472719102
2023-10-10 00:15:00+02:00,0.04191664965954599
2023-10-10 00:30:00+02:00,0.04157846442714125
2023-10-10 00:45:00+02:00,0.04131803059572677
2023-10-10 01:00:00+02:00,0.04113586279675545
2023-10-10 01:15:00+02:00,0.04285436600522733
2023-10-10 01:30:00+02:00,0.04631711866611781
2023-10-10 01:45:00+02:00,0.05190346266381362
2023-10-10 02:00:00+02:00,0.058687545404142186
2023-10-10 02:15:00+02:00,0.06486938052614674
2023-10-10 02:30:00+02:00,0.07171253230440922
2023-10-10 02:45:00+02:00,0.07916040923618467
2023-10-10 03:00:00+02:00,0.08715850646818031
2023-10-10 03:15:00+02:00,0.08372889573150723
2023-10-10 03:30:00+02:00,0.08038679743981864
2023-10-10 03:45:00+02:00,0.07713590060591967
2023-10-10 04:00:00+02:00,0.07397999512519923
2023-10-10 04:15:00+02:00,0.07736307520192447
2023-10-10 04:30:00+02:00,0.08083504416996949
2023-10-10 04:45:00+02:00,0.08439212468511414
2023-10-10 05:00:00+02:00,0.08803066546033865
2023-10-10 05:15:00+02:00,0.09402964869996186
2023-10-10 05:30:00+02:00,0.10295945346599093
2023-10-10 05:45:00+02:00,0.11265184845053522
2023-10-10 06:00:00+02:00,0.12237402650071559
2023-10-10 06:15:00+02:00,0.12985092468409382
2023-10-10 06:30:00+02:00,0.13806218180045005
2023-10-10 06:45:00+02:00,0.14696868126293267
2023-10-10 07:00:00+02:00,0.15653106826925484
2023-10-10 07:15:00+02:00,0.17190107733660345
2023-10-10 07:30:00+02:00,0.19091122801135754
2023-10-10 07:45:00+02:00,0.21211108380761878
2023-10-10 08:00:00+02:00,0.23371359587842322
2023-10-10 08:15:00+02:00,0.24299569255547293
2023-10-10 08:30:00+02:00,0.25248267047599876
2023-10-10 08:45:00+02:00,0.2621665938833907
2023-10-10 09:00:00+02:00,0.2720397792784328
2023-10-10 09:15:00+02:00,0.28047084877603323
2023-10-10 09:30:00+02:00,0.2906496228433481
2023-10-10 09:45:00+02:00,0.3031578571707643
2023-10-10 10:00:00+02:00,0.31641117541197117
2023-10-10 10:15:00+02:00,0.27579328948562987
2023-10-10 10:30:00+02:00,0.2424372491666724
2023-10-10 10:45:00+02:00,0.20935411047925123
2023-10-10 11:00:00+02:00,0.176777879618562
2023-10-10 11:15:00+02:00,0.16594330947603084
2023-10-10 11:30:00+02:00,0.15511285098474667
2023-10-10 11:45:00+02:00,0.1442867947145275
2023-10-10 12:00:00+02:00,0.13346545913912067
2023-10-10 12:15:00+02:00,0.14130013794591056
2023-10-10 12:30:00+02:00,0.14943065843574047
2023-10-10 12:45:00+02:00,0.15784177520296536
2023-10-10 13:00:00+02:00,0.16651879872502065
2023-10-10 13:15:00+02:00,0.16787906397729668
2023-10-10 13:30:00+02:00,0.16942319754222743
2023-10-10 13:45:00+02:00,0.17114944910068
2023-10-10 14:00:00+02:00,0.1730558880884434
2023-10-10 14:15:00+02:00,0.17338005962670058
2023-10-10 14:30:00+02:00,0.17384529254092534
2023-10-10 14:45:00+02:00,0.17445118497746692
2023-10-10 15:00:00+02:00,0.1751972158698014
2023-10-10 15:15:00+02:00,0.1747884217467245
2023-10-10 15:30:00+02:00,0.17438146111087405
2023-10-10 15:45:00+02:00,0.17397633853566857
2023-10-10 16:00:00+02:00,0.17357305858899097
2023-10-10 16:15:00+02:00,0.1778611166798743
2023-10-10 16:30:00+02:00,0.1838769232058026
2023-10-10 16:45:00+02:00,0.19039238584844564
2023-10-10 17:00:00+02:00,0.19739292820259807
2023-10-10 17:15:00+02:00,0.21597637406186881
2023-10-10 17:30:00+02:00,0.2348916951268652
2023-10-10 17:45:00+02:00,0.2541129777983603
2023-10-10 18:00:00+02:00,0.2736165798868784
2023-10-10 18:15:00+02:00,0.305107231450491
2023-10-10 18:30:00+02:00,0.34081122289569604
2023-10-10 18:45:00+02:00,0.3770769433695568
2023-10-10 19:00:00+02:00,0.4138494088445655
2023-10-10 19:15:00+02:00,0.44643037607975417
2023-10-10 19:30:00+02:00,0.4805690301943024
2023-10-10 19:45:00+02:00,0.5147940616772105
2023-10-10 20:00:00+02:00,0.5490990441130252
2023-10-10 20:15:00+02:00,0.5817628936674031
2023-10-10 20:30:00+02:00,0.6149124670217153
2023-10-10 20:45:00+02:00,0.6480994773287785
2023-10-10 21:00:00+02:00,0.681299244431857
2023-10-10 21:15:00+02:00,0.706972401265723
2023-10-10 21:30:00+02:00,0.7329712745511812
2023-10-10 21:45:00+02:00,0.7560935570926159
2023-10-10 22:00:00+02:00,0.7775354641250547
2023-10-10 22:15:00+02:00,0.7847173940925205
2023-10-10 22:30:00+02:00,0.7921700754634147
2023-10-10 22:45:00+02:00,0.7998889999681054
2023-10-10 23:00:00+02:00,0.8078696031589343
2023-10-10 23:15:00+02:00,0.8128802249044618
2023-10-10 23:30:00+02:00,0.8193806686633766
2023-10-10 23:45:00+02:00,0.8273497308580378
2023-10-11 00:00:00+02:00,0.83676196228221
2023-10-11 00:15:00+02:00,0.8332465270530026
2023-10-11 00:30:00+02:00,0.8300621352884721
2023-10-11 00:45:00+02:00,0.8272110952816092
2023-10-11 01:00:00+02:00,0.8246954919245736
2023-10-11 01:15:00+02:00,0.811423323480821
2023-10-11 01:30:00+02:00,0.7982432986244679
2023-10-11 01:45:00+02:00,0.7851581608239604
2023-10-11 02:00:00+02:00,0.7721707425930843
2023-10-11 02:15:00+02:00,0.7674495727231607
2023-10-11 02:30:00+02:00,0.762737715923799
2023-10-11 02:45:00+02:00,0.758035273391354
2023-10-11 03:00:00+02:00,0.7533423475870227
2023-10-11 03:15:00+02:00,0.7475715229258291
2023-10-11 03:30:00+02:00,0.7416364419491283
2023-10-11 03:45:00+02:00,0.7346576943464342
2023-10-11 04:00:00+02:00,0.7277714328398271
2023-10-11 04:15:00+02:00,0.7189410889116494
2023-10-11 04:30:00+02:00,0.7101534756380253
2023-10-11 04:45:00+02:00,0.7014093180213473
2023-10-11 05:00:00+02:00,0.692709353849957
2023-10-11 05:15:00+02:00,0.6873773908293852
2023-10-11 05:30:00+02:00,0.6824023245807558
2023-10-11 05:45:00+02:00,0.6777876362638262
2023-10-11 06:00:00+02:00,0.6735365954529228
2023-10-11 06:15:00+02:00,0.6847245975776659
2023-10-11 06:30:00+02:00,0.6960091975980771
2023-10-11 06:45:00+02:00,0.7073882989196468
2023-10-11 07:00:00+02:00,0.7188598483767913
2023-10-11 07:15:00+02:00,0.7193349492670619
2023-10-11 07:30:00+02:00,0.7199291200678349
2023-10-11 07:45:00+02:00,0.7206422258519299
2023-10-11 08:00:00+02:00,0.7214741049528325
2023-10-11 08:15:00+02:00,0.7235362264081833
2023-10-11 08:30:00+02:00,0.7255984019737908
2023-10-11 08:45:00+02:00,0.7276606314377916
2023-10-11 09:00:00+02:00,0.7297229145894194
2023-10-11 09:15:00+02:00,0.7275569558568806
2023-10-11 09:30:00+02:00,0.7254202239572666
2023-10-11 09:45:00+02:00,0.7233128377904087
2023-10-11 10:00:00+02:00,0.721234915255716
2023-10-11 10:15:00+02:00,0.7072223867218506
2023-10-11 10:30:00+02:00,0.6933336264587963
2023-10-11 10:45:00+02:00,0.6795720007378079
2023-10-11 11:00:00+02:00,0.6659409664937178
2023-10-11 11:15:00+02:00,0.6334148223102611
2023-10-11 11:30:00+02:00,0.6010991600367589
2023-10-11 11:45:00+02:00,0.5692221417646316
2023-10-11 12:00:00+02:00,0.537847112571543
2023-10-11 12:15:00+02:00,0.5539935118989631
2023-10-11 12:30:00+02:00,0.5704104445279333
2023-10-11 12:45:00+02:00,0.5871454111245853
2023-10-11 13:00:00+02:00,0.6043320297777225
2023-10-11 13:15:00+02:00,0.6096202105204162
2023-10-11 13:30:00+02:00,0.6149144672893334
2023-10-11 13:45:00+02:00,0.6202147345511249
2023-10-11 14:00:00+02:00,0.6255209476386748
2023-10-11 14:15:00+02:00,0.6148926553353974
2023-10-11 14:30:00+02:00,0.6042679238021247
2023-10-11 14:45:00+02:00,0.5936468315274451
2023-10-11 15:00:00+02:00,0.5830339947291128
2023-10-11 15:15:00+02:00,0.550834256911871
2023-10-11 15:30:00+02:00,0.5196293112074243
2023-10-11 15:45:00+02:00,0.48948968686582894
2023-10-11 16:00:00+02:00,0.4604899733091469
2023-10-11 16:15:00+02:00,0.44549424368473367
2023-10-11 16:30:00+02:00,0.4323940000170476
2023-10-11 16:45:00+02:00,0.42177285830585104
2023-10-11 17:00:00+02:00,0.4136043063810714
2023-10-11 17:15:00+02:00,0.43965872970498754
2023-10-11 17:30:00+02:00,0.4672237443503348
2023-10-11 17:45:00+02:00,0.49480499577730863
2023-10-11 18:00:00+02:00,0.5224014912730619
2023-10-11 18:15:00+02:00,0.5456949175930166
2023-10-11 18:30:00+02:00,0.5690182326515447
2023-10-11 18:45:00+02:00,0.5925068858251334
2023-10-11 19:00:00+02:00,0.6162398874464593
2023-10-11 19:15:00+02:00,0.6302587026909783
2023-10-11 19:30:00+02:00,0.6459444927439656
2023-10-11 19:45:00+02:00,0.6632455020352682
2023-10-11 20:00:00+02:00,0.6821070978313368
2023-10-11 20:15:00+02:00,0.6917641917789743
2023-10-11 20:30:00+02:00,0.7018384534273083
2023-10-11 20:45:00+02:00,0.7123218250560989
2023-10-11 21:00:00+02:00,0.7232061404886857
2023-10-11 21:15:00+02:00,0.7130485732932702
2023-10-11 21:30:00+02:00,0.7030042956018129
2023-10-11 21:45:00+02:00,0.6930755162996629
2023-10-11 22:00:00+02:00,0.6832644756673544
2023-10-11 22:15:00+02:00,0.6828818798021723
2023-10-11 22:30:00+02:00,0.6826996051679712
2023-10-11 22:45:00+02:00,0.682717723122015
2023-10-11 23:00:00+02:00,0.6829362265699305
2023-10-11 23:15:00+02:00,0.680880703881771
2023-10-11 23:30:00+02:00,0.681806015092366
2023-10-11 23:45:00+02:00,0.6857067804158795
2023-10-12 00:00:00+02:00,0.6925604621752349
2023-10-12 00:15:00+02:00,0.6694437642182125
2023-10-12 00:30:00+02:00,0.6465410906859893
2023-10-12 00:45:00+02:00,0.623862402838779
2023-10-12 01:00:00+02:00,0.6014181829769685
2023-10-12 01:15:00+02:00,0.5898384132586031
2023-10-12 01:30:00+02:00,0.5785781437694982
2023-10-12 01:45:00+02:00,0.5676645603673575
2023-10-12 02:00:00+02:00,0.5570064600580396
2023-10-12 02:15:00+02:00,0.5599665407982994
2023-10-12 02:30:00+02:00,0.5633599185713161
2023-10-12 02:45:00+02:00,0.5671834384499916
2023-10-12 03:00:00+02:00,0.5714335821700134
2023-10-12 03:15:00+02:00,0.5384498222734393
2023-10-12 03:30:00+02:00,0.5055446383879961
2023-10-12 03:45:00+02:00,0.4727239803737991
2023-10-12 04:00:00+02:00,0.43999439658183265
2023-10-12 04:15:00+02:00,0.382722769133599
2023-10-12 04:30:00+02:00,0.32885341714129845
2023-10-12 04:45:00+02:00,0.27918184689286296
2023-10-12 05:00:00+02:00,0.24141511087383694
2023-10-12 05:15:00+02:00,0.22194779202361872
2023-10-12 05:30:00+02:00,0.20962892833045457
2023-10-12 05:45:00+02:00,0.2048485880378999
2023-10-12 06:00:00+02:00,0.20776568527658998
2023-10-12 06:15:00+02:00,0.2563498052882116
2023-10-12 06:30:00+02:00,0.3107444114421947
2023-10-12 06:45:00+02:00,0.3739404381852911
2023-10-12 07:00:00+02:00,0.43851795876842187
2023-10-12 07:15:00+02:00,0.4392978209289103
2023-10-12 07:30:00+02:00,0.440143674307257
2023-10-12 07:45:00+02:00,0.4410553872559358
2023-10-12 08:00:00+02:00,0.44203281826893487
2023-10-12 08:15:00+02:00,0.4025893907969861
2023-10-12 08:30:00+02:00,0.3648684226003933
2023-10-12 08:45:00+02:00,0.3271943263361568
2023-10-12 09:00:00+02:00,0.2895724683261992
2023-10-12 09:15:00+02:00,0.26448694753109797
2023-10-12 09:30:00+02:00,0.2405054486647198
2023-10-12 09:45:00+02:00,0.2167682538811077
2023-10-12 10:00:00+02:00,0.19330148885310072
2023-10-12 10:15:00+02:00,0.1914478301761941
2023-10-12 10:30:00+02:00,0.18965391769559153
2023-10-12 10:45:00+02:00,0.18792023819302892
2023-10-12 11:00:00+02:00,0.18624726714303558
2023-10-12 11:15:00+02:00,0.1594136894159531
2023-10-12 11:30:00+02:00,0.13479699479343626
2023-10-12 11:45:00+02:00,0.11026640715486154
2023-10-12 12:00:00+02:00,0.08937988842033397
2023-10-12 12:15:00+02:00,0.10067138222845912
2023-10-12 12:30:00+02:00,0.11550941742686757
2023-10-12 12:45:00+02:00,0.13035138614184014
2023-10-12 13:00:00+02:00,0.14519690818335113
2023-10-12 13:15:00+02:00,0.17203973664579908
2023-10-12 13:30:00+02:00,0.20794073323781473
2023-10-12 13:45:00+02:00,0.24740229276297626
2023-10-12 14:00:00+02:00,0.28923903123031086
2023-10-12 14:15:00+02:00,0.2565102609897296
2023-10-12 14:30:00+02:00,0.22464928657586838
2023-10-12 14:45:00+02:00,0.1928584010617583
2023-10-12 15:00:00+02:00,0.16507256519195032
2023-10-12 15:15:00+02:00,0.19496606542329686
2023-10-12 15:30:00+02:00,0.2290001037070317
2023-10-12 15:45:00+02:00,0.26322027874432513
2023-10-12 16:00:00+02:00,0.30112884043078547
2023-10-12 16:15:00+02:00,0.3162955318373228
2023-10-12 16:30:00+02:00,0.3316454325667779
2023-10-12 16:45:00+02:00,0.3471704675934809
2023-10-12 17:00:00+02:00,0.3628629452557423
2023-10-12 17:15:00+02:00,0.3401936960301691
2023-10-12 17:30:00+02:00,0.31759863976929537
2023-10-12 17:45:00+02:00,0.2950828426420458
2023-10-12 18:00:00+02:00,0.2756406911636524
2023-10-12 18:15:00+02:00,0.29616977892661256
2023-10-12 18:30:00+02:00,0.3197090457742053
2023-10-12 18:45:00+02:00,0.3432681772168638
2023-10-12 19:00:00+02:00,0.36684585430367994
2023-10-12 19:15:00+02:00,0.39136286403581216
2023-10-12 19:30:00+02:00,0.4159019614398478
2023-10-12 19:45:00+02:00,0.4421549159181182
2023-10-12 20:00:00+02:00,0.46965018710908707
2023-10-12 20:15:00+02:00,0.4839426923393113
2023-10-12 20:30:00+02:00,0.49838793650539687
2023-10-12 20:45:00+02:00,0.5129809944810999
2023-10-12 21:00:00+02:00,0.5277171034045082
2023-10-12 21:15:00+02:00,0.525507370170506
2023-10-12 21:30:00+02:00,0.5233986601453744
2023-10-12 21:45:00+02:00,0.5213914459057317
2023-10-12 22:00:00+02:00,0.5194861800241544
2023-10-12 22:15:00+02:00,0.5108563926048663
2023-10-12 22:30:00+02:00,0.5022298538566318
2023-10-12 22:45:00+02:00,0.49360662725292526
2023-10-12 23:00:00+02:00,0.4849867779062709
2023-10-12 23:15:00+02:00,0.44782140915972196
2023-10-12 23:30:00+02:00,0.41241635921523817
2023-10-12 23:45:00+02:00,0.3794286227640199
2023-10-13 00:00:00+02:00,0.34657567901242026
2023-10-13 00:15:00+02:00,0.36244741119395696
2023-10-13 00:30:00+02:00,0.37833145221581826
2023-10-13 00:45:00+02:00,0.3942272648758145
2023-10-13 01:00:00+02:00,0.41013434241933744
2023-10-13 01:15:00+02:00,0.40776968589226487
2023-10-13 01:30:00+02:00,0.4054123876213078
2023-10-13 01:45:00+02:00,0.40306249488336837
2023-10-13 02:00:00+02:00,0.40072005521078535
2023-10-13 02:15:00+02:00,0.3858374468980446
2023-10-13 02:30:00+02:00,0.3710768845779667
2023-10-13 02:45:00+02:00,0.3564434954753268
2023-10-13 03:00:00+02:00,0.341942650064967
2023-10-13 03:15:00+02:00,0.3240794603443383
2023-10-13 03:30:00+02:00,0.3081305551461972
2023-10-13 03:45:00+02:00,0.2941882875802776
2023-10-13 04:00:00+02:00,0.283110778429592
2023-10-13 04:15:00+02:00,0.2838401198159822
2023-10-13 04:30:00+02:00,0.28724668716983787
2023-10-13 04:45:00+02:00,0.29419006472550135
2023-10-13 05:00:00+02:00,0.3040521976044494
2023-10-13 05:15:00+02:00,0.34802123875861035
2023-10-13 05:30:00+02:00,0.3920417600910162
2023-10-13 05:45:00+02:00,0.43728439245945167
2023-10-13 06:00:00+02:00,0.48662373665997644
2023-10-13 06:15:00+02:00,0.5501011541294001
2023-10-13 06:30:00+02:00,0.6172711389179509
2023-10-13 06:45:00+02:00,0.687752660267416
2023-10-13 07:00:00+02:00,0.7572171251959207
2023-10-13 07:15:00+02:00,0.7605545121520239
2023-10-13 07:30:00+02:00,0.7639278769409454
2023-10-13 07:45:00+02:00,0.7673369416656712
2023-10-13 08:00:00+02:00,0.7707814283881547
2023-10-13 08:15:00+02:00,0.7724193497352794
2023-10-13 08:30:00+02:00,0.7756134394493436
2023-10-13 08:45:00+02:00,0.7803524282945821
2023-10-13 09:00:00+02:00,0.7866197957566875
2023-10-13 09:15:00+02:00,0.8287820684485925
2023-10-13 09:30:00+02:00,0.8709654551875158
2023-10-13 09:45:00+02:00,0.8977090284724575
2023-10-13 10:00:00+02:00,0.9242921900456957
2023-10-13 10:15:00+02:00,0.9415612348169863
2023-10-13 10:30:00+02:00,0.9552345207119877
2023-10-13 10:45:00+02:00,0.9628693394282996
2023-10-13 11:00:00+02:00,0.9705116014438315
2023-10-13 11:15:00+02:00,0.9456487464187422
2023-10-13 11:30:00+02:00,0.8979586480485596
2023-10-13 11:45:00+02:00,0.838077173955941
2023-10-13 12:00:00+02:00,0.7628898157020589
2023-10-13 12:15:00+02:00,0.8015281360535154
2023-10-13 12:30:00+02:00,0.8403157836189101
2023-10-13 12:45:00+02:00,0.876347218163621
2023-10-13 13:00:00+02:00,0.9009348263582567
2023-10-13 13:15:00+02:00,0.9100456840222664
2023-10-13 13:30:00+02:00,0.9192727994567153
2023-10-13 13:45:00+02:00,0.9286127767553776
2023-10-13 14:00:00+02:00,0.9380623118293626
2023-10-13 14:15:00+02:00,0.9484266500794973
2023-10-13 14:30:00+02:00,0.955472436887752
2023-10-13 14:45:00+02:00,0.9605632402279762
2023-10-13 15:00:00+02:00,0.9659000159717168
2023-10-13 15:15:00+02:00,0.973381607066373
2023-10-13 15:30:00+02:00,0.9820799449232488
2023-10-13 15:45:00+02:00,0.9893725612116504
2023-10-13 16:00:00+02:00,0.9930143412612602
2023-10-13 16:15:00+02:00,0.992036647551194
2023-10-13 16:30:00+02:00,0.9912351766178773
2023-10-13 16:45:00+02:00,0.9906126224964319
2023-10-13 17:00:00+02:00,0.9901711157861333
2023-10-13 17:15:00+02:00,0.9847655250209513
2023-10-13 17:30:00+02:00,0.975588781522385
2023-10-13 17:45:00+02:00,0.9668162934899315
2023-10-13 18:00:00+02:00,0.9584725379964764
2023-10-13 18:15:00+02:00,0.9588516930198995
2023-10-13 18:30:00+02:00,0.9594850717925059
2023-10-13 18:45:00+02:00,0.9603715678068173
2023-10-13 19:00:00+02:00,0.9615096431123844
2023-10-13 19:15:00+02:00,0.9617449377172587
2023-10-13 19:30:00+02:00,0.9620700913962774
2023-10-13 19:45:00+02:00,0.9624849043342482
2023-10-13 20:00:00+02:00,0.9629891224769525
2023-10-13 20:15:00+02:00,0.965484949732076
2023-10-13 20:30:00+02:00,0.9679834054275239
2023-10-13 20:45:00+02:00,0.9704844454571171
2023-10-13 21:00:00+02:00,0.9729880266518962
2023-10-13 21:15:00+02:00,0.9769330998012833
2023-10-13 21:30:00+02:00,0.9809890312043065
2023-10-13 21:45:00+02:00,0.9851528970167741
2023-10-13 22:00:00+02:00,0.9885374259129227
2023-10-13 22:15:00+02:00,0.9901199215908684
2023-10-13 22:30:00+02:00,0.9917269464884536
2023-10-13 22:45:00+02:00,0.9933577616127119
2023-10-13 23:00:00+02:00,0.9950116470642171
2023-10-13 23:15:00+02:00,0.9960875233675867
2023-10-13 23:30:00+02:00,0.9974962491386257
2023-10-13 23:45:00+02:00,0.9992293453011653
2023-10-14 00:00:00+02:00,1.0
2023-10-14 00:15:00+02:00,0.9996632966660788
2023-10-14 00:30:00+02:00,0.9981275816394011
2023-10-14 00:45:00+02:00,0.9966718183103304
2023-10-14 01:00:00+02:00,0.995298162545508
2023-10-14 01:15:00+02:00,0.9963386559509285
2023-10-14 01:30:00+02:00,0.9973796154534315
2023-10-14 01:45:00+02:00,0.9984210322360995
2023-10-14 02:00:00+02:00,0.9994628976992733
2023-10-14 02:15:00+02:00,0.9889937137474267
2023-10-14 02:30:00+02:00,0.9641594591155611
2023-10-14 02:45:00+02:00,0.9316058034588516
2023-10-14 03:00:00+02:00,0.899025614198942
2023-10-14 03:15:00+02:00,0.802840660038458
2023-10-14 03:30:00+02:00,0.7476654275837024
2023-10-14 03:45:00+02:00,0.757043223528683
2023-10-14 04:00:00+02:00,0.8296514909431414
2023-10-14 04:15:00+02:00,0.7680163626446208
2023-10-14 04:30:00+02:00,0.7000312332876724
2023-10-14 04:45:00+02:00,0.6287851408168645
2023-10-14 05:00:00+02:00,0.5610948246421006
2023-10-14 05:15:00+02:00,0.5722404075066925
2023-10-14 05:30:00+02:00,0.5869177797691085
2023-10-14 05:45:00+02:00,0.6051863318727648
2023-10-14 06:00:00+02:00,0.6267511597525779
2023-10-14 06:15:00+02:00,0.6126439689973489
2023-10-14 06:30:00+02:00,0.5992505042273872
2023-10-14 06:45:00+02:00,0.5865906949459339
2023-10-14 07:00:00+02:00,0.5748131600808035
2023-10-14 07:15:00+02:00,0.5568499098327603
2023-10-14 07:30:00+02:00,0.5403454947536723
2023-10-14 07:45:00+02:00,0.5253531720771227
2023-10-14 08:00:00+02:00,0.5119235872951275
2023-10-14 08:15:00+02:00,0.5018009854161711
2023-10-14 08:30:00+02:00,0.49259476299482047
2023-10-14 08:45:00+02:00,0.48432416264935896
2023-10-14 09:00:00+02:00,0.4770069331171151
2023-10-14 09:15:00+02:00,0.47285664323711823
2023-10-14 09:30:00+02:00,0.4689413710462586
2023-10-14 09:45:00+02:00,0.4652632461878445
2023-10-14 10:00:00+02:00,0.46182429281237075
2023-10-14 10:15:00+02:00,0.4894903528605506
2023-10-14 10:30:00+02:00,0.5173738222126708
2023-10-14 10:45:00+02:00,0.5454614880625325
2023-10-14 11:00:00+02:00,0.5737411013791651
2023-10-14 11:15:00+02:00,0.5251013282720969
2023-10-14 11:30:00+02:00,0.47749565253003423
2023-10-14 11:45:00+02:00,0.431041106103844
2023-10-14 12:00:00+02:00,0.39014599930607285
2023-10-14 12:15:00+02:00,0.38244084474403983
2023-10-14 12:30:00+02:00,0.37590246511806447
2023-10-14 12:45:00+02:00,0.3705522864683492
2023-10-14 13:00:00+02:00,0.36640823260518524
2023-10-14 13:15:00+02:00,0.4141507867796473
2023-10-14 13:30:00+02:00,0.4667395681512173
2023-10-14 13:45:00+02:00,0.5212939463692708
2023-10-14 14:00:00+02:00,0.5763230146307313
2023-10-14 14:15:00+02:00,0.6058979485254135
2023-10-14 14:30:00+02:00,0.6367508783960109
2023-10-14 14:45:00+02:00,0.6687042856299236
2023-10-14 15:00:00+02:00,0.701690290649122
2023-10-14 15:15:00+02:00,0.6842129403498365
2023-10-14 15:30:00+02:00,0.6667370739318617
2023-10-14 15:45:00+02:00,0.6492627432026504
2023-10-14 16:00:00+02:00,0.6317900024048781
2023-10-14 16:15:00+02:00,0.6371904656611274
2023-10-14 16:30:00+02:00,0.6430328650881852
2023-10-14 16:45:00+02:00,0.6493120425814204
2023-10-14 17:00:00+02:00,0.6560225434954724
2023-10-14 17:15:00+02:00,0.5592054744492763
2023-10-14 17:30:00+02:00,0.4635209380818043
2023-10-14 17:45:00+02:00,0.3740782315268181
2023-10-14 18:00:00+02:00,0.2886612966557956
2023-10-14 18:15:00+02:00,0.28776536961697236
2023-10-14 18:30:00+02:00,0.28689083843878493
2023-10-14 18:45:00+02:00,0.2860377601879285
2023-10-14 19:00:00+02:00,0.2853224497494428
2023-10-14 19:15:00+02:00,0.28352479766515604
2023-10-14 19:30:00+02:00,0.28188747932021413
2023-10-14 19:45:00+02:00,0.28041154055880624
2023-10-14 20:00:00+02:00,0.27909793195091986
2023-10-14 20:15:00+02:00,0.26687650370729415
2023-10-14 20:30:00+02:00,0.2553420759732886
2023-10-14 20:45:00+02:00,0.244527798197689
2023-10-14 21:00:00+02:00,0.23446671340339248
2023-10-14 21:15:00+02:00,0.22801029834584421
2023-10-14 21:30:00+02:00,0.22216756327339154
2023-10-14 21:45:00+02:00,0.21695410744523685
2023-10-14 22:00:00+02:00,0.2123842990566617
2023-10-14 22:15:00+02:00,0.2184517656525368
2023-10-14 22:30:00+02:00,0.22515603336612347
2023-10-14 22:45:00+02:00,0.2324789377850809
2023-10-14 23:00:00+02:00,0.24040141848774332
2023-10-14 23:15:00+02:00,0.24106343035595082
2023-10-14 23:30:00+02:00,0.24309042569814707
2023-10-14 23:45:00+02:00,0.24647086162003445
2023-10-15 00:00:00+02:00,0.2511857751674683
2023-10-15 00:15:00+02:00,0.25945758211855013
2023-10-15 00:30:00+02:00,0.26773571086276393
2023-10-15 00:45:00+02:00,0.2760199516891136
2023-10-15 01:00:00+02:00,0.2843101039158565
2023-10-15 01:15:00+02:00,0.2933780470733166
2023-10-15 01:30:00+02:00,0.30293379727856595
2023-10-15 01:45:00+02:00,0.3125587091411379
2023-10-15 02:00:00+02:00,0.32225082454587917
2023-10-15 02:15:00+02:00,0.33288592610445417
2023-10-15 02:30:00+02:00,0.3437841928847592
2023-10-15 02:45:00+02:00,0.35493745040781255
2023-10-15 03:00:00+02:00,0.366337679644373
2023-10-15 03:15:00+02:00,0.37026566807574857
2023-10-15 03:30:00+02:00,0.37431063501278206
2023-10-15 03:45:00+02:00,0.37847126130810943
2023-10-15 04:00:00+02:00,0.3827462107051289
2023-10-15 04:15:00+02:00,0.39152643084890754
2023-10-15 04:30:00+02:00,0.40122881063105553
2023-10-15 04:45:00+02:00,0.411829156820803
2023-10-15 05:00:00+02:00,0.42330199399320617
2023-10-15 05:15:00+02:00,0.42414572898935277
2023-10-15 05:30:00+02:00,0.4260756047833213
2023-10-15 05:45:00+02:00,0.4294295816960959
2023-10-15 06:00:00+02:00,0.43399629500633213
2023-10-15 06:15:00+02:00,0.4126296132283112
2023-10-15 06:30:00+02:00,0.3921292295090677
2023-10-15 06:45:00+02:00,0.3716694630599251
2023-10-15 07:00:00+02:00,0.351252690780092
2023-10-15 07:15:00+02:00,0.35214557765439564
2023-10-15 07:30:00+02:00,0.3532121682001158
2023-10-15 07:45:00+02:00,0.354451934114552
2023-10-15 08:00:00+02:00,0.3558642640063662
2023-10-15 08:15:00+02:00,0.3518615646056718
2023-10-15 08:30:00+02:00,0.3479047565096503
2023-10-15 08:45:00+02:00,0.34399436270445805
2023-10-15 09:00:00+02:00,0.3401309078777629
2023-10-15 09:15:00+02:00,0.3214421819942116
2023-10-15 09:30:00+02:00,0.30277551978364126
2023-10-15 09:45:00+02:00,0.2844941870692126
2023-10-15 10:00:00+02:00,0.2701357262689006
2023-10-15 10:15:00+02:00,0.25685548620150234
2023-10-15 10:30:00+02:00,0.24468303110561135
2023-10-15 10:45:00+02:00,0.2336756388138617
2023-10-15 11:00:00+02:00,0.22388854840173003
2023-10-15 11:15:00+02:00,0.1744187982252472
2023-10-15 11:30:00+02:00,0.1377286065159103
2023-10-15 11:45:00+02:00,0.1029785946252097
2023-10-15 12:00:00+02:00,0.0799418068763568
2023-10-15 12:15:00+02:00,0.073208417098769
2023-10-15 12:30:00+02:00,0.06723126220881208
2023-10-15 12:45:00+02:00,0.06207121803491597
2023-10-15 13:00:00+02:00,0.057786182202461664
2023-10-15 13:15:00+02:00,0.06612055498520167
2023-10-15 13:30:00+02:00,0.07445594380488173
2023-10-15 13:45:00+02:00,0.08279224432268452
2023-10-15 14:00:00+02:00,0.09112936600400884
2023-10-15 14:15:00+02:00,0.09492329772196308
2023-10-15 14:30:00+02:00,0.10176965398670096
2023-10-15 14:45:00+02:00,0.10970801218400336
2023-10-15 15:00:00+02:00,0.11849855242252968
2023-10-15 15:15:00+02:00,0.12114350450215386
2023-10-15 15:30:00+02:00,0.12520895186425554
2023-10-15 15:45:00+02:00,0.13065606276708325
2023-10-15 16:00:00+02:00,0.13743498862616554
2023-10-15 16:15:00+02:00,0.1364270068193374
2023-10-15 16:30:00+02:00,0.13543978500363796
2023-10-15 16:45:00+02:00,0.13447345982581818
2023-10-15 17:00:00+02:00,0.133528166204059
2023-10-15 17:15:00+02:00,0.12207173547743837
2023-10-15 17:30:00+02:00,0.11061539077416184
2023-10-15 17:45:00+02:00,0.09915913922468618
2023-10-15 18:00:00+02:00,0.09054230425063696
2023-10-15 18:15:00+02:00,0.09082547305139504
2023-10-15 18:30:00+02:00,0.09113308999094355
2023-10-15 18:45:00+02:00,0.09146506560128759
2023-10-15 19:00:00+02:00,0.09182130381894071
2023-10-15 19:15:00+02:00,0.08913202694558844
2023-10-15 19:30:00+02:00,0.08658424059101663
2023-10-15 19:45:00+02:00,0.08418236079197078
2023-10-15 20:00:00+02:00,0.08193072046025664
2023-10-15 20:15:00+02:00,0.08258614399721644
2023-10-15 20:30:00+02:00,0.08343484672006092
2023-10-15 20:45:00+02:00,0.08447482157511088
2023-10-15 21:00:00+02:00,0.08570364685674896
2023-10-15 21:15:00+02:00,0.08367714928898008
2023-10-15 21:30:00+02:00,0.08206270936250493
2023-10-15 21:45:00+02:00,0.08086858826328867
2023-10-15 22:00:00+02:00,0.08010103872583628
2023-10-15 22:15:00+02:00,0.08086067325283217
2023-10-15 22:30:00+02:00,0.08235858999069094
2023-10-15 22:45:00+02:00,0.08458126417557327
2023-10-15 23:00:00+02:00,0.08750922742822147
2023-10-15 23:15:00+02:00,0.08408044712263368
2023-10-15 23:30:00+02:00,0.08144598038736209
2023-10-15 23:45:00+02:00,0.07963194836891113
2023-10-16 00:00:00+02:00,0.07865700434231376
2023-10-16 00:15:00+02:00,0.0827780928521105
2023-10-16 00:30:00+02:00,0.0868993179314772
2023-10-16 00:45:00+02:00,0.09102067287295511
2023-10-16 01:00:00+02:00,0.0951421514010581
2023-10-16 01:15:00+02:00,0.09364561426217953
2023-10-16 01:30:00+02:00,0.09220555226447338
2023-10-16 01:45:00+02:00,0.09082293537804273
2023-10-16 02:00:00+02:00,0.08949871588831863
2023-10-16 02:15:00+02:00,0.09041271639451028
2023-10-16 02:30:00+02:00,0.09137738196906936
2023-10-16 02:45:00+02:00,0.09239213331268548
2023-10-16 03:00:00+02:00,0.09345637053854755
2023-10-16 03:15:00+02:00,0.08881012477298092
2023-10-16 03:30:00+02:00,0.08427475833128587
2023-10-16 03:45:00+02:00,0.07985654235934254
2023-10-16 04:00:00+02:00,0.07556204886457668
2023-10-16 04:15:00+02:00,0.07190578825811325
2023-10-16 04:30:00+02:00,0.06826628301507516
2023-10-16 04:45:00+02:00,0.06464434492610939
2023-10-16 05:00:00+02:00,0.06104083476865108
2023-10-16 05:15:00+02:00,0.05635068417544652
2023-10-16 05:30:00+02:00,0.05166061754204226
2023-10-16 05:45:00+02:00,0.04697064055653135
2023-10-16 06:00:00+02:00,0.04300393918198037
2023-10-16 06:15:00+02:00,0.03957232357942215
2023-10-16 06:30:00+02:00,0.036141649309153215
2023-10-16 06:45:00+02:00,0.03271200475379597
2023-10-16 07:00:00+02:00,0.02928348968590758
2023-10-16 07:15:00+02:00,0.026279125309624125
2023-10-16 07:30:00+02:00,0.023286117319595498
2023-10-16 07:45:00+02:00,0.020305514677085305
2023-10-16 08:00:00+02:00,0.017338494409838732
2023-10-16 08:15:00+02:00,0.013032488189847292
2023-10-16 08:30:00+02:00,0.010665329839019173
2023-10-16 08:45:00+02:00,0.008323959303676506
2023-10-16 09:00:00+02:00,0.006013762723052113
2023-10-16 09:15:00+02:00,0.003501926220398989
2023-10-16 09:30:00+02:00,0.0011037002983490746
2023-10-16 09:45:00+02:00,0.0
2023-10-16 10:00:00+02:00,0.0
2023-10-16 10:15:00+02:00,0.0
2023-10-16 10:30:00+02:00,0.0
2023-10-16 10:45:00+02:00,0.0
2023-10-16 11:00:00+02:00,0.0
2023-10-16 11:15:00+02:00,0.0
2023-10-16 11:30:00+02:00,0.0
2023-10-16 11:45:00+02:00,0.0
2023-10-16 12:00:00+02:00,0.0
2023-10-16 12:15:00+02:00,0.0
2023-10-16 12:30:00+02:00,0.0
2023-10-16 12:45:00+02:00,0.0
2023-10-16 13:00:00+02:00,0.0
2023-10-16 13:15:00+02:00,0.0
2023-10-16 13:30:00+02:00,0.0
2023-10-16 13:45:00+02:00,0.0
2023-10-16 14:00:00+02:00,0.0
2023-10-16 14:15:00+02:00,0.0
2023-10-16 14:30:00+02:00,0.0024690114667212343
2023-10-16 14:45:00+02:00,0.006466764172506077
2023-10-16 15:00:00+02:00,0.010476453456712564
2023-10-16 15:15:00+02:00,0.012754779552482866
2023-10-16 15:30:00+02:00,0.01654087289416746
2023-10-16 15:45:00+02:00,0.021625874809537322
2023-10-16 16:00:00+02:00,0.026748509276839045
2023-10-16 16:15:00+02:00,0.028646095080062425
2023-10-16 16:30:00+02:00,0.03063450193815398
2023-10-16 16:45:00+02:00,0.03270878743829518
2023-10-16 17:00:00+02:00,0.03486417029623233
2023-10-16 17:15:00+02:00,0.03519710831743062
2023-10-16 17:30:00+02:00,0.035688973092205055
2023-10-16 17:45:00+02:00,0.036337693760559175
2023-10-16 18:00:00+02:00,0.037140593638321374
2023-10-16 18:15:00+02:00,0.03960192890136049
2023-10-16 18:30:00+02:00,0.04234826210977636
2023-10-16 18:45:00+02:00,0.04627002623803255
2023-10-16 19:00:00+02:00,0.05178687423014881
2023-10-16 19:15:00+02:00,0.05443068145662682
2023-10-16 19:30:00+02:00,0.057177073835111406
2023-10-16 19:45:00+02:00,0.06002222232112086
2023-10-16 20:00:00+02:00,0.06296235843774538
2023-10-16 20:15:00+02:00,0.06471253231042466
2023-10-16 20:30:00+02:00,0.06655040715010216
2023-10-16 20:45:00+02:00,0.06847387312711313
2023-10-16 21:00:00+02:00,0.07048079398215389
2023-10-16 21:15:00+02:00,0.07653878334471288
2023-10-16 21:30:00+02:00,0.0831073755896607
2023-10-16 21:45:00+02:00,0.09014646471341693
2023-10-16 22:00:00+02:00,0.09905635899623638
2023-10-16 22:15:00+02:00,0.10563636425649463
2023-10-16 22:30:00+02:00,0.11312553595754822
2023-10-16 22:45:00+02:00,0.1214771285609672
2023-10-16 23:00:00+02:00,0.1306427097066069
2023-10-16 23:15:00+02:00,0.1432670597531635
2023-10-16 23:30:00+02:00,0.1559301342791856
2023-10-16 23:45:00+02:00,0.16862889446451432
2023-10-17 00:00:00+02:00,0.18262947846090713
2023-10-17 00:15:00+02:00,0.1892937057177974
2023-10-17 00:30:00+02:00,0.19596194946078915
2023-10-17 00:45:00+02:00,0.20263409069936858
2023-10-17 01:00:00+02:00,0.20931001503172947
2023-10-17 01:15:00+02:00,0.20599180220927868
2023-10-17 01:30:00+02:00,0.20274985576001506
2023-10-17 01:45:00+02:00,0.19958527915065594
2023-10-17 02:00:00+02:00,0.19649917013783086
2023-10-17 02:15:00+02:00,0.19190145388609336
2023-10-17 02:30:00+02:00,0.18733077302391882
2023-10-17 02:45:00+02:00,0.1827876931704103
2023-10-17 03:00:00+02:00,0.17827279227247575
2023-10-17 03:15:00+02:00,0.18379225115106576
2023-10-17 03:30:00+02:00,0.18931908068598474
2023-10-17 03:45:00+02:00,0.19485309778484872
2023-10-17 04:00:00+02:00,0.20039412514312005
2023-10-17 04:15:00+02:00,0.21154341244453972
2023-10-17 04:30:00+02:00,0.2227442512408456
2023-10-17 04:45:00+02:00,0.23399419003968733
2023-10-17 05:00:00+02:00,0.24529092059423716
2023-10-17 05:15:00+02:00,0.23824525302420754
2023-10-17 05:30:00+02:00,0.23120876847757132
2023-10-17 05:45:00+02:00,0.22418174515241235
2023-10-17 06:00:00+02:00,0.2171644722013533
2023-10-17 06:15:00+02:00,0.2182400199950055
2023-10-17 06:30:00+02:00,0.2193632991295705
2023-10-17 06:45:00+02:00,0.22053407755411258
2023-10-17 07:00:00+02:00,0.22175211500317832
2023-10-17 07:15:00+02:00,0.22255006546811454
2023-10-17 07:30:00+02:00,0.22334801983316024
2023-10-17 07:45:00+02:00,0.2241459780849159
2023-10-17 08:00:00+02:00,0.2249439402100431
2023-10-17 08:15:00+02:00,0.23633982246739316
2023-10-17 08:30:00+02:00,0.24773911253802433
2023-10-17 08:45:00+02:00,0.25914165116229904
2023-10-17 09:00:00+02:00,0.2705472888107535
2023-10-17 09:15:00+02:00,0.26782108954912137
2023-10-17 09:30:00+02:00,0.265147068101167
2023-10-17 09:45:00+02:00,0.2625257938430418
2023-10-17 10:00:00+02:00,0.2599578329879641
2023-10-17 10:15:00+02:00,0.25598184043281846
2023-10-17 10:30:00+02:00,0.25233110474535
2023-10-17 10:45:00+02:00,0.24901056238146077
2023-10-17 11:00:00+02:00,0.24602479039734831
2023-10-17 11:15:00+02:00,0.23393148061201807
2023-10-17 11:30:00+02:00,0.2218483100770761
2023-10-17 11:45:00+02:00,0.2097758174000627
2023-10-17 12:00:00+02:00,0.1977145794955703
2023-10-17 12:15:00+02:00,0.20448692748191147
2023-10-17 12:30:00+02:00,0.21137976471058906
2023-10-17 12:45:00+02:00,0.21838948553625134
2023-10-17 13:00:00+02:00,0.22551256919305007
2023-10-17 13:15:00+02:00,0.23746982356371002
2023-10-17 13:30:00+02:00,0.24942876899105673
2023-10-17 13:45:00+02:00,0.261389322819683
2023-10-17 14:00:00+02:00,0.2733514076844511
2023-10-17 14:15:00+02:00,0.282942934589036
2023-10-17 14:30:00+02:00,0.2945666708229383
2023-10-17 14:45:00+02:00,0.3070209956273785
2023-10-17 15:00:00+02:00,0.3194833343706565
2023-10-17 15:15:00+02:00,0.3251138300334778
2023-10-17 15:30:00+02:00,0.33074745327158317
2023-10-17 15:45:00+02:00,0.3363841529644919
2023-10-17 16:00:00+02:00,0.3420238790727592
2023-10-17 16:15:00+02:00,0.338123898726011
2023-10-17 16:30:00+02:00,0.3342335836447181
2023-10-17 16:45:00+02:00,0.3303530435621996
2023-10-17 17:00:00+02:00,0.326482389597165
2023-10-17 17:15:00+02:00,0.3269902026978788
2023-10-17 17:30:00+02:00,0.3275832629885852
2023-10-17 17:45:00+02:00,0.328261422625395
2023-10-17 18:00:00+02:00,0.32902451296865765
2023-10-17 18:15:00+02:00,0.3472582771824796
2023-10-17 18:30:00+02:00,0.36551478321915615
2023-10-17 18:45:00+02:00,0.38379287929000777
2023-10-17 19:00:00+02:00,0.40209148886304025
2023-10-17 19:15:00+02:00,0.4170273509864786
2023-10-17 19:30:00+02:00,0.4327405490795226
2023-10-17 19:45:00+02:00,0.4496296945564053
2023-10-17 20:00:00+02:00,0.46660416960039924
2023-10-17 20:15:00+02:00,0.47051224040806705
2023-10-17 20:30:00+02:00,0.47515341474397976
2023-10-17 20:45:00+02:00,0.4805199094825402
2023-10-17 21:00:00+02:00,0.48660286181123
2023-10-17 21:15:00+02:00,0.4922580229503983
2023-10-17 21:30:00+02:00,0.49880987271532856
2023-10-17 21:45:00+02:00,0.5062452306901479
2023-10-17 22:00:00+02:00,0.5145494499292173
2023-10-17 22:15:00+02:00,0.5171956086976839
2023-10-17 22:30:00+02:00,0.5200234337159211
2023-10-17 22:45:00+02:00,0.5230317867428114
2023-10-17 23:00:00+02:00,0.526219467285415
2023-10-17 23:15:00+02:00,0.5311282798879455
2023-10-17 23:30:00+02:00,0.5361018943774782
2023-10-17 23:45:00+02:00,0.5411396060646972
2023-10-18 00:00:00+02:00,0.5462407115556022
2023-10-18 00:15:00+02:00,0.5386930808434759
2023-10-18 00:30:00+02:00,0.5315231626929113
2023-10-18 00:45:00+02:00,0.5247369500126257
2023-10-18 01:00:00+02:00,0.5183402323085174
2023-10-18 01:15:00+02:00,0.5157135867124422
2023-10-18 01:30:00+02:00,0.5132153242921405
2023-10-18 01:45:00+02:00,0.5108461621484404
2023-10-18 02:00:00+02:00,0.5086067852669115
2023-10-18 02:15:00+02:00,0.5123476162813945
2023-10-18 02:30:00+02:00,0.5161646938867379
2023-10-18 02:45:00+02:00,0.5200573718128073
2023-10-18 03:00:00+02:00,0.5240249984893999
2023-10-18 03:15:00+02:00,0.5393199448705294
2023-10-18 03:30:00+02:00,0.5548261039517443
2023-10-18 03:45:00+02:00,0.5705364651395349
2023-10-18 04:00:00+02:00,0.5864913732733998
2023-10-18 04:15:00+02:00,0.6015063517150825
2023-10-18 04:30:00+02:00,0.6166454756659778
2023-10-18 04:45:00+02:00,0.6319049464269649
2023-10-18 05:00:00+02:00,0.6472810903175835
2023-10-18 05:15:00+02:00,0.648374057926168
2023-10-18 05:30:00+02:00,0.6497312524410832
2023-10-18 05:45:00+02:00,0.6513519584283171
2023-10-18 06:00:00+02:00,0.6532353249250323
2023-10-18 06:15:00+02:00,0.661047085179332
2023-10-18 06:30:00+02:00,0.6689445008895966
2023-10-18 06:45:00+02:00,0.6769262450697545
2023-10-18 07:00:00+02:00,0.6849910042680096
2023-10-18 07:15:00+02:00,0.6972349073586177
2023-10-18 07:30:00+02:00,0.709534749704146
2023-10-18 07:45:00+02:00,0.7218892201375366
2023-10-18 08:00:00+02:00,0.7342970425949122
2023-10-18 08:15:00+02:00,0.7359409095680561
2023-10-18 08:30:00+02:00,0.7377622136393598
2023-10-18 08:45:00+02:00,0.7397603458801167
2023-10-18 09:00:00+02:00,0.7419346414420475
2023-10-18 09:15:00+02:00,0.761311677264033
2023-10-18 09:30:00+02:00,0.780783791453581
2023-10-18 09:45:00+02:00,0.8005180589571369
2023-10-18 10:00:00+02:00,0.8205030960291284
2023-10-18 10:15:00+02:00,0.7652727086908329
2023-10-18 10:30:00+02:00,0.7021424763060062
2023-10-18 10:45:00+02:00,0.6336159260704877
2023-10-18 11:00:00+02:00,0.5653616986042945
2023-10-18 11:15:00+02:00,0.5294249264174955
2023-10-18 11:30:00+02:00,0.4935986156876047
2023-10-18 11:45:00+02:00,0.45789197801707976
2023-10-18 12:00:00+02:00,0.4227262518682091
2023-10-18 12:15:00+02:00,0.4345856580169921
2023-10-18 12:30:00+02:00,0.44714949142025906
2023-10-18 12:45:00+02:00,0.4599981756148259
2023-10-18 13:00:00+02:00,0.4731232909680198
2023-10-18 13:15:00+02:00,0.4908572262547009
2023-10-18 13:30:00+02:00,0.5086021387740014
2023-10-18 13:45:00+02:00,0.5263575979905135
2023-10-18 14:00:00+02:00,0.544123195356313
2023-10-18 14:15:00+02:00,0.5609258118920631
2023-10-18 14:30:00+02:00,0.5777359680185966
2023-10-18 14:45:00+02:00,0.594723397970719
2023-10-18 15:00:00+02:00,0.6118027612868348
2023-10-18 15:15:00+02:00,0.5999014853727013
2023-10-18 15:30:00+02:00,0.5880003456412698
2023-10-18 15:45:00+02:00,0.5762073154640063
2023-10-18 16:00:00+02:00,0.5644840831555148
2023-10-18 16:15:00+02:00,0.6112008399353016
2023-10-18 16:30:00+02:00,0.6605411221781743
2023-10-18 16:45:00+02:00,0.7119981368641741
2023-10-18 17:00:00+02:00,0.7610017620488265
2023-10-18 17:15:00+02:00,0.7577564266928192
2023-10-18 17:30:00+02:00,0.7554542251702538
2023-10-18 17:45:00+02:00,0.7541001799016364
2023-10-18 18:00:00+02:00,0.7536972614864793
2023-10-18 18:15:00+02:00,0.757662301544143
2023-10-18 18:30:00+02:00,0.7621147428024392
2023-10-18 18:45:00+02:00,0.7670496151646384
2023-10-18 19:00:00+02:00,0.7724614886209689
2023-10-18 19:15:00+02:00,0.7686974763430204
2023-10-18 19:30:00+02:00,0.765623628776451
2023-10-18 19:45:00+02:00,0.7632448187377909
2023-10-18 20:00:00+02:00,0.7615648487495426
2023-10-18 20:15:00+02:00,0.7603323377752993
2023-10-18 20:30:00+02:00,0.7591976096356268
2023-10-18 20:45:00+02:00,0.7581609201846469
2023-10-18 21:00:00+02:00,0.7572225039518757
2023-10-18 21:15:00+02:00,0.7666901851655
2023-10-18 21:30:00+02:00,0.776163099931261
2023-10-18 21:45:00+02:00,0.7856411362949505
2023-10-18 22:00:00+02:00,0.7951241854149383
2023-10-18 22:15:00+02:00,0.8101728224028649
2023-10-18 22:30:00+02:00,0.8252224015582952
2023-10-18 22:45:00+02:00,0.8402728921265842
2023-10-18 23:00:00+02:00,0.8553242646754777
2023-10-18 23:15:00+02:00,0.8015511889140698
2023-10-18 23:30:00+02:00,0.74949171674877
2023-10-18 23:45:00+02:00,0.6888900914371172
2023-10-19 00:00:00+02:00,0.6293861608977992
2023-10-19 00:15:00+02:00,0.5862852141797041
2023-10-19 00:30:00+02:00,0.5531492279820228
2023-10-19 00:45:00+02:00,0.5301063287519558
2023-10-19 01:00:00+02:00,0.5176276738195477
2023-10-19 01:15:00+02:00,0.4897994051429414
2023-10-19 01:30:00+02:00,0.4700829435944724
2023-10-19 01:45:00+02:00,0.45885034422031484
2023-10-19 02:00:00+02:00,0.45632371332829563
2023-10-19 02:15:00+02:00,0.4561364419036045
2023-10-19 02:30:00+02:00,0.4642733444524004
2023-10-19 02:45:00+02:00,0.48057949757559393
2023-10-19 03:00:00+02:00,0.504755747290888
2023-10-19 03:15:00+02:00,0.5282437823552294
2023-10-19 03:30:00+02:00,0.5570671037777478
2023-10-19 03:45:00+02:00,0.5910159492900877
2023-10-19 04:00:00+02:00,0.6300960306735337
2023-10-19 04:15:00+02:00,0.6163000045005171
2023-10-19 04:30:00+02:00,0.6030893435428368
2023-10-19 04:45:00+02:00,0.5904801264887253
2023-10-19 05:00:00+02:00,0.5785605683203597
2023-10-19 05:15:00+02:00,0.5336350172099097
2023-10-19 05:30:00+02:00,0.4890864586953443
2023-10-19 05:45:00+02:00,0.4449543817199896
2023-10-19 06:00:00+02:00,0.40392518072177996
2023-10-19 06:15:00+02:00,0.3845629419242713
2023-10-19 06:30:00+02:00,0.3664466617132556
2023-10-19 06:45:00+02:00,0.34964100262910003
2023-10-19 07:00:00+02:00,0.3342100059061099
2023-10-19 07:15:00+02:00,0.3303120224155062
2023-10-19 07:30:00+02:00,0.32648074492163814
2023-10-19 07:45:00+02:00,0.32271692485134484
2023-10-19 08:00:00+02:00,0.31902131143033663
2023-10-19 08:15:00+02:00,0.2990999665717715
2023-10-19 08:30:00+02:00,0.2807340300729604
2023-10-19 08:45:00+02:00,0.2654946080737742
2023-10-19 09:00:00+02:00,0.25032290295931425
2023-10-19 09:15:00+02:00,0.22058446441345453
2023-10-19 09:30:00+02:00,0.19189145680286207
2023-10-19 09:45:00+02:00,0.16752700441586346
2023-10-19 10:00:00+02:00,0.1476919763905147
2023-10-19 10:15:00+02:00,0.13647612286787636
2023-10-19 10:30:00+02:00,0.12753159390577426
2023-10-19 10:45:00+02:00,0.12099804846186604
2023-10-19 11:00:00+02:00,0.11698477451101866
2023-10-19 11:15:00+02:00,0.125018978551539
2023-10-19 11:30:00+02:00,0.13533277340427094
2023-10-19 11:45:00+02:00,0.14777392573781542
2023-10-19 12:00:00+02:00,0.1621762341054423
2023-10-19 12:15:00+02:00,0.14712674246691182
2023-10-19 12:30:00+02:00,0.13213769695011424
2023-10-19 12:45:00+02:00,0.11721537941707323
2023-10-19 13:00:00+02:00,0.1023669390437118
2023-10-19 13:15:00+02:00,0.11740991487733654
2023-10-19 13:30:00+02:00,0.13370424775950596
2023-10-19 13:45:00+02:00,0.15111885722940638
2023-10-19 14:00:00+02:00,0.1695330852675551
2023-10-19 14:15:00+02:00,0.14812692806896632
2023-10-19 14:30:00+02:00,0.12773467144048423
2023-10-19 14:45:00+02:00,0.10850263841253305
2023-10-19 15:00:00+02:00,0.09234501522952425
2023-10-19 15:15:00+02:00,0.09410521127337831
2023-10-19 15:30:00+02:00,0.09933682858606672
2023-10-19 15:45:00+02:00,0.10821604274712952
2023-10-19 16:00:00+02:00,0.11987662140877414
2023-10-19 16:15:00+02:00,0.13619589032235416
2023-10-19 16:30:00+02:00,0.15521176607208986
2023-10-19 16:45:00+02:00,0.17661173095276694
2023-10-19 17:00:00+02:00,0.20734243735076424
2023-10-19 17:15:00+02:00,0.22046021940295663
2023-10-19 17:30:00+02:00,0.23379132819265278
2023-10-19 17:45:00+02:00,0.24732391337047402
2023-10-19 18:00:00+02:00,0.261046826227865
2023-10-19 18:15:00+02:00,0.2605857145521162
2023-10-19 18:30:00+02:00,0.26119270927340105
2023-10-19 18:45:00+02:00,0.26286516587358855
2023-10-19 19:00:00+02:00,0.2655958428433242
2023-10-19 19:15:00+02:00,0.26249909937643795
2023-10-19 19:30:00+02:00,0.2594295124598446
2023-10-19 19:45:00+02:00,0.25638742513334206
2023-10-19 20:00:00+02:00,0.25337318308730095
2023-10-19 20:15:00+02:00,0.25990279138847444
2023-10-19 20:30:00+02:00,0.26774190764372235
2023-10-19 20:45:00+02:00,0.2768494423189202
2023-10-19 21:00:00+02:00,0.2876146022496384
2023-10-19 21:15:00+02:00,0.3006201916926108
2023-10-19 21:30:00+02:00,0.3137682166601656
2023-10-19 21:45:00+02:00,0.32705319420640167
2023-10-19 22:00:00+02:00,0.3404698663790359
2023-10-19 22:15:00+02:00,0.3465697800533399
2023-10-19 22:30:00+02:00,0.35317497509171497
2023-10-19 22:45:00+02:00,0.360275987038085
2023-10-19 23:00:00+02:00,0.36786290267315813
2023-10-19 23:15:00+02:00,0.35217027177447224
2023-10-19 23:30:00+02:00,0.3366696728879719
2023-10-19 23:45:00+02:00,0.321369869476961
2023-10-20 00:00:00+02:00,0.3062800421813448
2023-10-20 00:15:00+02:00,0.28859983019498975
2023-10-20 00:30:00+02:00,0.2743141097032544
2023-10-20 00:45:00+02:00,0.2606984286584051
2023-10-20 01:00:00+02:00,0.24709309085785483
2023-10-20 01:15:00+02:00,0.24280953522750018
2023-10-20 01:30:00+02:00,0.2394120516162518
2023-10-20 01:45:00+02:00,0.23691336858490808
2023-10-20 02:00:00+02:00,0.23532300315333277
2023-10-20 02:15:00+02:00,0.24498123884534118
2023-10-20 02:30:00+02:00,0.2569885874886545
2023-10-20 02:45:00+02:00,0.2712312985345626
2023-10-20 03:00:00+02:00,0.28813841463652085
2023-10-20 03:15:00+02:00,0.29651960278970835
2023-10-20 03:30:00+02:00,0.3071251137233364
2023-10-20 03:45:00+02:00,0.31988539705809593
2023-10-20 04:00:00+02:00,0.33472055338196904
2023-10-20 04:15:00+02:00,0.356368461486605
2023-10-20 04:30:00+02:00,0.378993756064957
2023-10-20 04:45:00+02:00,0.4025361373033895
2023-10-20 05:00:00+02:00,0.4270266999924538
2023-10-20 05:15:00+02:00,0.43524410893796295
2023-10-20 05:30:00+02:00,0.4451962598307623
2023-10-20 05:45:00+02:00,0.4568429347639484
2023-10-20 06:00:00+02:00,0.4701386290985674
2023-10-20 06:15:00+02:00,0.4957299116203566
2023-10-20 06:30:00+02:00,0.5213215280734453
2023-10-20 06:45:00+02:00,0.5469134598511416
2023-10-20 07:00:00+02:00,0.5725056897036984
2023-10-20 07:15:00+02:00,0.552603328411986
2023-10-20 07:30:00+02:00,0.5327332739625809
2023-10-20 07:45:00+02:00,0.5128969594158088
2023-10-20 08:00:00+02:00,0.4930959012021062
2023-10-20 08:15:00+02:00,0.47281896527145495
2023-10-20 08:30:00+02:00,0.4525779128721239
2023-10-20 08:45:00+02:00,0.432374468785631
2023-10-20 09:00:00+02:00,0.4136931948938606
2023-10-20 09:15:00+02:00,0.40712434454737906
2023-10-20 09:30:00+02:00,0.401638363447157
2023-10-20 09:45:00+02:00,0.3972515292551524
2023-10-20 10:00:00+02:00,0.3939770935879415
2023-10-20 10:15:00+02:00,0.3959690798045476
2023-10-20 10:30:00+02:00,0.39871722875684495
2023-10-20 10:45:00+02:00,0.40221587220561605
2023-10-20 11:00:00+02:00,0.4064578755822965
2023-10-20 11:15:00+02:00,0.3792372302029345
2023-10-20 11:30:00+02:00,0.35215377613736987
2023-10-20 11:45:00+02:00,0.32521841140583113
2023-10-20 12:00:00+02:00,0.29844314990953014
2023-10-20 12:15:00+02:00,0.27066369969458504
2023-10-20 12:30:00+02:00,0.24583248077348863
2023-10-20 12:45:00+02:00,0.22104078975276228
2023-10-20 13:00:00+02:00,0.19629302167963447
2023-10-20 13:15:00+02:00,0.18471657669371552
2023-10-20 13:30:00+02:00,0.17417646717494042
2023-10-20 13:45:00+02:00,0.16542149348408705
2023-10-20 14:00:00+02:00,0.15667885817331795
2023-10-20 14:15:00+02:00,0.1473175895723574
2023-10-20 14:30:00+02:00,0.138540552076968
2023-10-20 14:45:00+02:00,0.13038225002493029
2023-10-20 15:00:00+02:00,0.12287723108471761
2023-10-20 15:15:00+02:00,0.07033627107106138
2023-10-20 15:30:00+02:00,0.05669975538816115
2023-10-20 15:45:00+02:00,0.07651780334167155
2023-10-20 16:00:00+02:00,0.13956325982393636
2023-10-20 16:15:00+02:00,0.19802798276895558
2023-10-20 16:30:00+02:00,0.3023984539414879
2023-10-20 16:45:00+02:00,0.4624750963958462
2023-10-20 17:00:00+02:00,0.6570888293189582
2023-10-20 17:15:00+02:00,0.5849965991918205
2023-10-20 17:30:00+02:00,0.5191614698591109
2023-10-20 17:45:00+02:00,0.45935389644057
2023-10-20 18:00:00+02:00,0.40851666724737024
2023-10-20 18:15:00+02:00,0.42030622124743117
2023-10-20 18:30:00+02:00,0.4500994836394849
2023-10-20 18:45:00+02:00,0.4967023262281384
2023-10-20 19:00:00+02:00,0.5577955857223988
2023-10-20 19:15:00+02:00,0.5632525162041335
2023-10-20 19:30:00+02:00,0.5687146087383235
2023-10-20 19:45:00+02:00,0.5741818031265749
2023-10-20 20:00:00+02:00,0.5796540400479587
2023-10-20 20:15:00+02:00,0.5684144678046531
2023-10-20 20:30:00+02:00,0.5571784193813869
2023-10-20 20:45:00+02:00,0.5459459810455606
2023-10-20 21:00:00+02:00,0.5347172418745432
2023-10-20 21:15:00+02:00,0.530691692166103
2023-10-20 21:30:00+02:00,0.5269262718134854
2023-10-20 21:45:00+02:00,0.5234231504449797
2023-10-20 22:00:00+02:00,0.5201843682668121
2023-10-20 22:15:00+02:00,0.5021294900670271
2023-10-20 22:30:00+02:00,0.4844651622875629
2023-10-20 22:45:00+02:00,0.4672073279274706
2023-10-20 23:00:00+02:00,0.45037241195823824
2023-10-20 23:15:00+02:00,0.40547158539792955
2023-10-20 23:30:00+02:00,0.3631380497136404
2023-10-20 23:45:00+02:00,0.32080737090130057
2023-10-21 00:00:00+02:00,0.28013524146562124
2023-10-21 00:15:00+02:00,0.24735700368637614
2023-10-21 00:30:00+02:00,0.21612621070278454
2023-10-21 00:45:00+02:00,0.1866628108889324
2023-10-21 01:00:00+02:00,0.1636060876783442
2023-10-21 01:15:00+02:00,0.15725684083667574
2023-10-21 01:30:00+02:00,0.15095364005182757
2023-10-21 01:45:00+02:00,0.14469837746316416
2023-10-21 02:00:00+02:00,0.13849303470276322
2023-10-21 02:15:00+02:00,0.14303042783986555
2023-10-21 02:30:00+02:00,0.14792540447822272
2023-10-21 02:45:00+02:00,0.1531667598704303
2023-10-21 03:00:00+02:00,0.15874300899753332
2023-10-21 03:15:00+02:00,0.15420304937514645
2023-10-21 03:30:00+02:00,0.1522635918648215
2023-10-21 03:45:00+02:00,0.15295693822070458
2023-10-21 04:00:00+02:00,0.15627147997525287
2023-10-21 04:15:00+02:00,0.1800844961457937
2023-10-21 04:30:00+02:00,0.21090729830421714
2023-10-21 04:45:00+02:00,0.24197319857221683
2023-10-21 05:00:00+02:00,0.2732518220893624
2023-10-21 05:15:00+02:00,0.31448815164783117
2023-10-21 05:30:00+02:00,0.3598658533873162
2023-10-21 05:45:00+02:00,0.4056325230787703
2023-10-21 06:00:00+02:00,0.45477319714570585
2023-10-21 06:15:00+02:00,0.497783270906492
2023-10-21 06:30:00+02:00,0.5408393373693315
2023-10-21 06:45:00+02:00,0.5839463472326332
2023-10-21 07:00:00+02:00,0.6277358703827657
2023-10-21 07:15:00+02:00,0.6451283635793955
2023-10-21 07:30:00+02:00,0.6626401669933925
2023-10-21 07:45:00+02:00,0.6802671909692928
2023-10-21 08:00:00+02:00,0.6980055055326913
2023-10-21 08:15:00+02:00,0.7147941320932889
2023-10-21 08:30:00+02:00,0.7332893070045118
2023-10-21 08:45:00+02:00,0.7513802145353633
2023-10-21 09:00:00+02:00,0.7688932770121711
2023-10-21 09:15:00+02:00,0.7986888886351575
2023-10-21 09:30:00+02:00,0.8296409684461531
2023-10-21 09:45:00+02:00,0.8616730621517937
2023-10-21 10:00:00+02:00,0.8860891228351493
2023-10-21 10:15:00+02:00,0.8864192347125586
2023-10-21 10:30:00+02:00,0.8869920824447757
2023-10-21 10:45:00+02:00,0.887807206033204
2023-10-21 11:00:00+02:00,0.8888639529318236
2023-10-21 11:15:00+02:00,0.8688718807015495
2023-10-21 11:30:00+02:00,0.8391383099676017
2023-10-21 11:45:00+02:00,0.8099532798188903
2023-10-21 12:00:00+02:00,0.7813530595563141
2023-10-21 12:15:00+02:00,0.7998903385767432
2023-10-21 12:30:00+02:00,0.8184836190716552
2023-10-21 12:45:00+02:00,0.8371306374334648
2023-10-21 13:00:00+02:00,0.8558292443950529
2023-10-21 13:15:00+02:00,0.8466824997223416
2023-10-21 13:30:00+02:00,0.8376655336616279
2023-10-21 13:45:00+02:00,0.828780905657292
2023-10-21 14:00:00+02:00,0.8200312038351795
2023-10-21 14:15:00+02:00,0.8295700825806045
2023-10-21 14:30:00+02:00,0.8392889270551682
2023-10-21 14:45:00+02:00,0.8491839678517359
2023-10-21 15:00:00+02:00,0.859251474587112
2023-10-21 15:15:00+02:00,0.8397552762649361
2023-10-21 15:30:00+02:00,0.8217609060261066
2023-10-21 15:45:00+02:00,0.8053285003661497
2023-10-21 16:00:00+02:00,0.7905158091997949
2023-10-21 16:15:00+02:00,0.8078959034128018
2023-10-21 16:30:00+02:00,0.8257955050095082
2023-10-21 16:45:00+02:00,0.8441945017443178
2023-10-21 17:00:00+02:00,0.8630732874434451
2023-10-21 17:15:00+02:00,0.8656287858053356
2023-10-21 17:30:00+02:00,0.8682787303993401
2023-10-21 17:45:00+02:00,0.871022590181913
2023-10-21 18:00:00+02:00,0.8729593572361051
2023-10-21 18:15:00+02:00,0.8756367989737117
2023-10-21 18:30:00+02:00,0.8783143680256648
2023-10-21 18:45:00+02:00,0.880992063255704
2023-10-21 19:00:00+02:00,0.8836698835409985
2023-10-21 19:15:00+02:00,0.8843294098897269
2023-10-21 19:30:00+02:00,0.8850396964888715
2023-10-21 19:45:00+02:00,0.8858006238012934
2023-10-21 20:00:00+02:00,0.8866120641833543
2023-10-21 20:15:00+02:00,0.8819262681910589
2023-10-21 20:30:00+02:00,0.8774012557158427
2023-10-21 20:45:00+02:00,0.8730394734305408
2023-10-21 21:00:00+02:00,0.8673225949089748
2023-10-21 21:15:00+02:00,0.8785758889914651
2023-10-21 21:30:00+02:00,0.8883766023695261
2023-10-21 21:45:00+02:00,0.8982432826191946
2023-10-21 22:00:00+02:00,0.9081738238574736
2023-10-21 22:15:00+02:00,0.9206291537067673
2023-10-21 22:30:00+02:00,0.9336579543885482
2023-10-21 22:45:00+02:00,0.9472370291744846
2023-10-21 23:00:00+02:00,0.9563350233900372
2023-10-21 23:15:00+02:00,0.958015865666541
2023-10-21 23:30:00+02:00,0.9597628447996436
2023-10-21 23:45:00+02:00,0.9615751689985418
2023-10-22 00:00:00+02:00,0.9634520301543733
2023-10-22 00:15:00+02:00,0.9643941179155775
2023-10-22 00:30:00+02:00,0.9656466165116776
2023-10-22 00:45:00+02:00,0.9672068954265279
2023-10-22 01:00:00+02:00,0.9690717191188991
2023-10-22 01:15:00+02:00,0.9689162969551953
2023-10-22 01:30:00+02:00,0.9687776776173836
2023-10-22 01:45:00+02:00,0.9686558768133368
2023-10-22 02:00:00+02:00,0.9685509083612716
2023-10-22 02:15:00+02:00,0.9664761021373476
2023-10-22 02:30:00+02:00,0.9646070127043934
2023-10-22 02:45:00+02:00,0.9629462668357519
2023-10-22 03:00:00+02:00,0.9614962361363274
2023-10-22 03:15:00+02:00,0.9568802843952291
2023-10-22 03:30:00+02:00,0.9528071602229811
2023-10-22 03:45:00+02:00,0.9453803544156582
2023-10-22 04:00:00+02:00,0.93871101712755
2023-10-22 04:15:00+02:00,0.9231076282319854
2023-10-22 04:30:00+02:00,0.9090694437076652
2023-10-22 04:45:00+02:00,0.8966684514519275
2023-10-22 05:00:00+02:00,0.885971954639821
2023-10-22 05:15:00+02:00,0.862863254429021
2023-10-22 05:30:00+02:00,0.8321424459410627
2023-10-22 05:45:00+02:00,0.8024290526378139
2023-10-22 06:00:00+02:00,0.7737912806517883
2023-10-22 06:15:00+02:00,0.7192553627689529
2023-10-22 06:30:00+02:00,0.6573984135728087
2023-10-22 06:45:00+02:00,0.595683697149882
2023-10-22 07:00:00+02:00,0.5348645813426142
2023-10-22 07:15:00+02:00,0.5299644289549448
2023-10-22 07:30:00+02:00,0.5252373715740886
2023-10-22 07:45:00+02:00,0.5206852252872324
2023-10-22 08:00:00+02:00,0.5163097630709587
2023-10-22 08:15:00+02:00,0.4659480660701031
2023-10-22 08:30:00+02:00,0.4168291175880243
2023-10-22 08:45:00+02:00,0.3720598226206139
2023-10-22 09:00:00+02:00,0.32744088555050804
2023-10-22 09:15:00+02:00,0.31889056627279666
2023-10-22 09:30:00+02:00,0.3104044215851344
2023-10-22 09:45:00+02:00,0.30198408592207876
2023-10-22 10:00:00+02:00,0.29363123636121863
2023-10-22 10:15:00+02:00,0.2703121151125788
2023-10-22 10:30:00+02:00,0.24903946425548476
2023-10-22 10:45:00+02:00,0.22802318020819673
2023-10-22 11:00:00+02:00,0.20728703671837417
2023-10-22 11:15:00+02:00,0.19989033914102006
2023-10-22 11:30:00+02:00,0.19249614028545697
2023-10-22 11:45:00+02:00,0.18510452442438458
2023-10-22 12:00:00+02:00,0.17771557963171206
2023-10-22 12:15:00+02:00,0.1751545445117296
2023-10-22 12:30:00+02:00,0.17282993387180826
2023-10-22 12:45:00+02:00,0.17066307988828086
2023-10-22 13:00:00+02:00,0.16865610080275176
2023-10-22 13:15:00+02:00,0.17566738203956436
2023-10-22 13:30:00+02:00,0.1844328388961646
2023-10-22 13:45:00+02:00,0.19380697512444406
2023-10-22 14:00:00+02:00,0.20324084169410248
2023-10-22 14:15:00+02:00,0.21218160390873544
2023-10-22 14:30:00+02:00,0.2212320332235114
2023-10-22 14:45:00+02:00,0.23038789412684801
2023-10-22 15:00:00+02:00,0.23964512079212943
2023-10-22 15:15:00+02:00,0.22839730313019305
2023-10-22 15:30:00+02:00,0.21715480243068644
2023-10-22 15:45:00+02:00,0.20591788297973518
2023-10-22 16:00:00+02:00,0.19468682672924215
2023-10-22 16:15:00+02:00,0.1774614461062667
2023-10-22 16:30:00+02:00,0.16445294501572238
2023-10-22 16:45:00+02:00,0.15154187016742948
2023-10-22 17:00:00+02:00,0.1387154105074844
2023-10-22 17:15:00+02:00,0.13745169245285807
2023-10-22 17:30:00+02:00,0.137923773552693
2023-10-22 17:45:00+02:00,0.14012625809550303
2023-10-22 18:00:00+02:00,0.14403426470843236
2023-10-22 18:15:00+02:00,0.16055382829668682
2023-10-22 18:30:00+02:00,0.17707486450949778
2023-10-22 18:45:00+02:00,0.19876763732114613
2023-10-22 19:00:00+02:00,0.22055959111141904
2023-10-22 19:15:00+02:00,0.22180119829386954
2023-10-22 19:30:00+02:00,0.22355671174636088
2023-10-22 19:45:00+02:00,0.22582225641083511
2023-10-22 20:00:00+02:00,0.22859288872732986
2023-10-22 20:15:00+02:00,0.22678152710122063
2023-10-22 20:30:00+02:00,0.22537896598058796
2023-10-22 20:45:00+02:00,0.2243876732126972
2023-10-22 21:00:00+02:00,0.22380940499169732
2023-10-22 21:15:00+02:00,0.21794062597751662
2023-10-22 21:30:00+02:00,0.21207356557794801
2023-10-22 21:45:00+02:00,0.20620826835461595
2023-10-22 22:00:00+02:00,0.20034478040904655
2023-10-22 22:15:00+02:00,0.19003058854865895
2023-10-22 22:30:00+02:00,0.17996263363726522
2023-10-22 22:45:00+02:00,0.1719000276753512
2023-10-22 23:00:00+02:00,0.164666130390254
2023-10-22 23:15:00+02:00,0.1704859912392081
2023-10-22 23:30:00+02:00,0.1764752144044518
2023-10-22 23:45:00+02:00,0.18430056373900974
2023-10-23 00:00:00+02:00,0.19262212554510436
2023-10-23 00:15:00+02:00,0.17604677105473956
2023-10-23 00:30:00+02:00,0.16335552622813979
2023-10-23 00:45:00+02:00,0.150879993801656
2023-10-23 01:00:00+02:00,0.13863795243136756
2023-10-23 01:15:00+02:00,0.12934153199388468
2023-10-23 01:30:00+02:00,0.120047619343977
2023-10-23 01:45:00+02:00,0.11075637852703764
2023-10-23 02:00:00+02:00,0.10146798816157321
2023-10-23 02:15:00+02:00,0.09444309467424088
2023-10-23 02:30:00+02:00,0.08988630867557253
2023-10-23 02:45:00+02:00,0.08545683216800144
2023-10-23 03:00:00+02:00,0.081161659512455
2023-10-23 03:15:00+02:00,0.08163977957978542
2023-10-23 03:30:00+02:00,0.08240155278771935
2023-10-23 03:45:00+02:00,0.08344432416306355
2023-10-23 04:00:00+02:00,0.08476451276876618
2023-10-23 04:15:00+02:00,0.08133890247844082
2023-10-23 04:30:00+02:00,0.07801216363545371
2023-10-23 04:45:00+02:00,0.07478848628488506
2023-10-23 05:00:00+02:00,0.07167215949012508
2023-10-23 05:15:00+02:00,0.05957098912342074
2023-10-23 05:30:00+02:00,0.047517038167190204
2023-10-23 05:45:00+02:00,0.039009788573739934
2023-10-23 06:00:00+02:00,0.031962064234157685
2023-10-23 06:15:00+02:00,0.029039848823774594
2023-10-23 06:30:00+02:00,0.02673786549381186
2023-10-23 06:45:00+02:00,0.025098114763188697
2023-10-23 07:00:00+02:00,0.02415283773917266
2023-10-23 07:15:00+02:00,0.0186008776884557
2023-10-23 07:30:00+02:00,0.014383681586268014
2023-10-23 07:45:00+02:00,0.012842492466769094
2023-10-23 08:00:00+02:00,0.012374261040490626
2023-10-23 08:15:00+02:00,0.015684606104397453
2023-10-23 08:30:00+02:00,0.02271629723932998
2023-10-23 08:45:00+02:00,0.03137021371084289
2023-10-23 09:00:00+02:00,0.04129056722055937
2023-10-23 09:15:00+02:00,0.05200015859698103
2023-10-23 09:30:00+02:00,0.06490671319986874
2023-10-23 09:45:00+02:00,0.07805336671418983
2023-10-23 10:00:00+02:00,0.09140256200558444
2023-10-23 10:15:00+02:00,0.08787783870456861
2023-10-23 10:30:00+02:00,0.08451029382699779
2023-10-23 10:45:00+02:00,0.08130648853570417
2023-10-23 11:00:00+02:00,0.07827300808012291
2023-10-23 11:15:00+02:00,0.08757021297837933
2023-10-23 11:30:00+02:00,0.09787550928207275
2023-10-23 11:45:00+02:00,0.11283772045257309
2023-10-23 12:00:00+02:00,0.12781837468326324
2023-10-23 12:15:00+02:00,0.1350712312431154
2023-10-23 12:30:00+02:00,0.14346677390489496
2023-10-23 12:45:00+02:00,0.15294356520332966
2023-10-23 13:00:00+02:00,0.16343742186512072
2023-10-23 13:15:00+02:00,0.1856815207134714
2023-10-23 13:30:00+02:00,0.21259101848864986
2023-10-23 13:45:00+02:00,0.23969526038330152
2023-10-23 14:00:00+02:00,0.2669728360137899
2023-10-23 14:15:00+02:00,0.2798838970198768
2023-10-23 14:30:00+02:00,0.29514213428105
2023-10-23 14:45:00+02:00,0.3123641552672932
2023-10-23 15:00:00+02:00,0.32980830300452296
2023-10-23 15:15:00+02:00,0.3367381523855202
2023-10-23 15:30:00+02:00,0.34424358168277047
2023-10-23 15:45:00+02:00,0.35231224737724676
2023-10-23 16:00:00+02:00,0.3609312699530471
2023-10-23 16:15:00+02:00,0.33474259729707334
2023-10-23 16:30:00+02:00,0.3086813232219225
2023-10-23 16:45:00+02:00,0.2834341356886289
2023-10-23 17:00:00+02:00,0.26355684363962817
2023-10-23 17:15:00+02:00,0.2792946024393805
2023-10-23 17:30:00+02:00,0.29864238030460083
2023-10-23 17:45:00+02:00,0.3206872897216093
2023-10-23 18:00:00+02:00,0.34347425466898335
2023-10-23 18:15:00+02:00,0.3558175735730885
2023-10-23 18:30:00+02:00,0.3687372951049653
2023-10-23 18:45:00+02:00,0.3822127302362261
2023-10-23 19:00:00+02:00,0.39622334105664836
2023-10-23 19:15:00+02:00,0.4122213946765309
2023-10-23 19:30:00+02:00,0.42861439501414234
2023-10-23 19:45:00+02:00,0.4468124294167847
2023-10-23 20:00:00+02:00,0.46515192848617926
2023-10-23 20:15:00+02:00,0.4799528886118978
2023-10-23 20:30:00+02:00,0.49562301762245503
2023-10-23 20:45:00+02:00,0.5121318933740582
2023-10-23 21:00:00+02:00,0.5294489808847694
2023-10-23 21:15:00+02:00,0.5321920749874444
2023-10-23 21:30:00+02:00,0.5353023339053683
2023-10-23 21:45:00+02:00,0.538777256466265
2023-10-23 22:00:00+02:00,0.5426140750356206
2023-10-23 22:15:00+02:00,0.5462133993156075
2023-10-23 22:30:00+02:00,0.5500686981810036
2023-10-23 22:45:00+02:00,0.5541778342347107
2023-10-23 23:00:00+02:00,0.5585385554634126
2023-10-23 23:15:00+02:00,0.48315086565950455
2023-10-23 23:30:00+02:00,0.42812604718593494
2023-10-23 23:45:00+02:00,0.3993864655725348
2023-10-24 00:00:00+02:00,0.39312892554185624
2023-10-24 00:15:00+02:00,0.3567260995351062
2023-10-24 00:30:00+02:00,0.3351381968964164
2023-10-24 00:45:00+02:00,0.32929996149004365
2023-10-24 01:00:00+02:00,0.33947741117289437
2023-10-24 01:15:00+02:00,0.3468368347777423
2023-10-24 01:30:00+02:00,0.361474919708903
2023-10-24 01:45:00+02:00,0.3830959420569493
2023-10-24 02:00:00+02:00,0.4112915268246509
2023-10-24 02:15:00+02:00,0.43934224566266833
2023-10-24 02:30:00+02:00,0.4780378296550844
2023-10-24 02:45:00+02:00,0.524850735583147
2023-10-24 03:00:00+02:00,0.5789726512500011
2023-10-24 03:15:00+02:00,0.577543858044175
2023-10-24 03:30:00+02:00,0.5775497242958993
2023-10-24 03:45:00+02:00,0.578990232097907
2023-10-24 04:00:00+02:00,0.5818609931654293
2023-10-24 04:15:00+02:00,0.611749151984613
2023-10-24 04:30:00+02:00,0.6417991178680353
2023-10-24 04:45:00+02:00,0.6719803327657435
2023-10-24 05:00:00+02:00,0.7022851527631621
2023-10-24 05:15:00+02:00,0.6631005914185537
2023-10-24 05:30:00+02:00,0.6249600211250897
2023-10-24 05:45:00+02:00,0.5879463804474265
2023-10-24 06:00:00+02:00,0.5526142076050128
2023-10-24 06:15:00+02:00,0.5157103853422075
2023-10-24 06:30:00+02:00,0.47882917574696926
2023-10-24 06:45:00+02:00,0.44197254433154404
2023-10-24 07:00:00+02:00,0.4073750306375419
2023-10-24 07:15:00+02:00,0.39845055637276355
2023-10-24 07:30:00+02:00,0.3903730918470279
2023-10-24 07:45:00+02:00,0.38316162819715915
2023-10-24 08:00:00+02:00,0.3768336027234748
2023-10-24 08:15:00+02:00,0.35271356818565414
2023-10-24 08:30:00+02:00,0.32860058467259207
2023-10-24 08:45:00+02:00,0.30449516117204284
2023-10-24 09:00:00+02:00,0.2816143277337941
2023-10-24 09:15:00+02:00,0.27914339182365006
2023-10-24 09:30:00+02:00,0.2766796045437015
2023-10-24 09:45:00+02:00,0.27422303664266023
2023-10-24 10:00:00+02:00,0.27177375959446487
2023-10-24 10:15:00+02:00,0.31990669422105594
2023-10-24 10:30:00+02:00,0.3721782569001318
2023-10-24 10:45:00+02:00,0.4244519082505125
2023-10-24 11:00:00+02:00,0.4827232719319592
2023-10-24 11:15:00+02:00,0.44940213192372597
2023-10-24 11:30:00+02:00,0.41716117767010275
2023-10-24 11:45:00+02:00,0.3873906894620016
2023-10-24 12:00:00+02:00,0.357629554901856
2023-10-24 12:15:00+02:00,0.38469692744341694
2023-10-24 12:30:00+02:00,0.41394793845668626
2023-10-24 12:45:00+02:00,0.4474720669705269
2023-10-24 13:00:00+02:00,0.48452399063443397
2023-10-24 13:15:00+02:00,0.47575645767645947
2023-10-24 13:30:00+02:00,0.46759858218451106
2023-10-24 13:45:00+02:00,0.460061921424732
2023-10-24 14:00:00+02:00,0.45315741349133204
2023-10-24 14:15:00+02:00,0.42452756397092517
2023-10-24 14:30:00+02:00,0.3998094932456536
2023-10-24 14:45:00+02:00,0.37621569622744416
2023-10-24 15:00:00+02:00,0.3538218600239623
2023-10-24 15:15:00+02:00,0.3387544743405812
2023-10-24 15:30:00+02:00,0.32369270217207863
2023-10-24 15:45:00+02:00,0.30863679559001317
2023-10-24 16:00:00+02:00,0.2935870218800763
2023-10-24 16:15:00+02:00,0.29167791013818906
2023-10-24 16:30:00+02:00,0.28999164836352104
2023-10-24 16:45:00+02:00,0.28852937974178955
2023-10-24 17:00:00+02:00,0.2872921019416423
2023-10-24 17:15:00+02:00,0.2896631814011982
2023-10-24 17:30:00+02:00,0.2921647946061059
2023-10-24 17:45:00+02:00,0.2947959544347139
2023-10-24 18:00:00+02:00,0.2975556333557672
2023-10-24 18:15:00+02:00,0.3015428750770245
2023-10-24 18:30:00+02:00,0.3056126176984748
2023-10-24 18:45:00+02:00,0.30976386133042233
2023-10-24 19:00:00+02:00,0.31399560263513593
2023-10-24 19:15:00+02:00,0.3237422618753747
2023-10-24 19:30:00+02:00,0.33352898909800593
2023-10-24 19:45:00+02:00,0.3433546542047363
2023-10-24 20:00:00+02:00,0.3532181649510041
2023-10-24 20:15:00+02:00,0.3564183402090297
2023-10-24 20:30:00+02:00,0.3596243435372641
2023-10-24 20:45:00+02:00,0.3628361220768617
2023-10-24 21:00:00+02:00,0.36605362351276405
2023-10-24 21:15:00+02:00,0.37261828516650236
2023-10-24 21:30:00+02:00,0.37918314925815155
2023-10-24 21:45:00+02:00,0.38574821210758165
2023-10-24 22:00:00+02:00,0.3923134701232195
2023-10-24 22:15:00+02:00,0.3936496476604627
2023-10-24 22:30:00+02:00,0.39501474929319697
2023-10-24 22:45:00+02:00,0.39640866674904257
2023-10-24 23:00:00+02:00,0.3978312900270012
2023-10-24 23:15:00+02:00,0.4039448100107785
2023-10-24 23:30:00+02:00,0.41025021917435633
2023-10-24 23:45:00+02:00,0.41674426021910715
2023-10-25 00:00:00+02:00,0.4234236549967904
2023-10-25 00:15:00+02:00,0.40832849898497003
2023-10-25 00:30:00+02:00,0.3937084829724208
2023-10-25 00:45:00+02:00,0.3795829532380349
2023-10-25 01:00:00+02:00,0.3659716117562285
2023-10-25 01:15:00+02:00,0.3522540703067187
2023-10-25 01:30:00+02:00,0.33925112985418465
2023-10-25 01:45:00+02:00,0.326989996983303
2023-10-25 02:00:00+02:00,0.3154976049861092
2023-10-25 02:15:00+02:00,0.30235451257951473
2023-10-25 02:30:00+02:00,0.29027092979955127
2023-10-25 02:45:00+02:00,0.28075701269600867
2023-10-25 03:00:00+02:00,0.273161994889314
2023-10-25 03:15:00+02:00,0.2624412514373546
2023-10-25 03:30:00+02:00,0.25430481848022063
2023-10-25 03:45:00+02:00,0.24884013690376172
2023-10-25 04:00:00+02:00,0.246108151484839
2023-10-25 04:15:00+02:00,0.2387200483885331
2023-10-25 04:30:00+02:00,0.23624372376351424
2023-10-25 04:45:00+02:00,0.23873047558425808
2023-10-25 05:00:00+02:00,0.2461287913600306
2023-10-25 05:15:00+02:00,0.26536812383016384
2023-10-25 05:30:00+02:00,0.28484291554643676
2023-10-25 05:45:00+02:00,0.31011977161737714
2023-10-25 06:00:00+02:00,0.3359166049055247
2023-10-25 06:15:00+02:00,0.34301309489963766
2023-10-25 06:30:00+02:00,0.3511464233910752
2023-10-25 06:45:00+02:00,0.3602926767037139
2023-10-25 07:00:00+02:00,0.37042583246439326
2023-10-25 07:15:00+02:00,0.36926418883308004
2023-10-25 07:30:00+02:00,0.37127601376955993
2023-10-25 07:45:00+02:00,0.3764434747638984
2023-10-25 08:00:00+02:00,0.3847213745229653
2023-10-25 08:15:00+02:00,0.39958938535381555
2023-10-25 08:30:00+02:00,0.41506742669061203
2023-10-25 08:45:00+02:00,0.43171649665767753
2023-10-25 09:00:00+02:00,0.4503120558124827
2023-10-25 09:15:00+02:00,0.4783723302855604
2023-10-25 09:30:00+02:00,0.50884473820375
2023-10-25 09:45:00+02:00,0.5415686280090954
2023-10-25 10:00:00+02:00,0.5763869520028964
2023-10-25 10:15:00+02:00,0.5711344952165166
2023-10-25 10:30:00+02:00,0.5669721677534988
2023-10-25 10:45:00+02:00,0.5639097286238476
2023-10-25 11:00:00+02:00,0.5619544324762076
2023-10-25 11:15:00+02:00,0.5732542616870775
2023-10-25 11:30:00+02:00,0.5883669122977092
2023-10-25 11:45:00+02:00,0.6073075633446637
2023-10-25 12:00:00+02:00,0.6297826082145321
2023-10-25 12:15:00+02:00,0.6326855801555419
2023-10-25 12:30:00+02:00,0.6362235713461585
2023-10-25 12:45:00+02:00,0.6403920666543075
2023-10-25 13:00:00+02:00,0.6451858010415589
2023-10-25 13:15:00+02:00,0.6034613618632771
2023-10-25 13:30:00+02:00,0.5659928297635904
2023-10-25 13:45:00+02:00,0.5330798807882202
2023-10-25 14:00:00+02:00,0.5047366904373649
2023-10-25 14:15:00+02:00,0.4387953712607312
2023-10-25 14:30:00+02:00,0.37851156369017147
2023-10-25 14:45:00+02:00,0.31956536453601075
2023-10-25 15:00:00+02:00,0.2663619320316158
2023-10-25 15:15:00+02:00,0.23339409457720586
2023-10-25 15:30:00+02:00,0.2004378273375445
2023-10-25 15:45:00+02:00,0.1698849478293687
2023-10-25 16:00:00+02:00,0.1449180344262971
2023-10-25 16:15:00+02:00,0.12117001678951715
2023-10-25 16:30:00+02:00,0.09742736785320377
2023-10-25 16:45:00+02:00,0.08181023907574918
2023-10-25 17:00:00+02:00,0.0670227829345346
2023-10-25 17:15:00+02:00,0.0502154758096601
2023-10-25 17:30:00+02:00,0.037820172160452824
2023-10-25 17:45:00+02:00,0.028022796982635753
2023-10-25 18:00:00+02:00,0.018321493379751325
2023-10-25 18:15:00+02:00,0.009242808388192868
2023-10-25 18:30:00+02:00,0.0035700345465669715
2023-10-25 18:45:00+02:00,0.0
2023-10-25 19:00:00+02:00,0.0
2023-10-25 19:15:00+02:00,0.0
2023-10-25 19:30:00+02:00,0.0013370978295239046
2023-10-25 19:45:00+02:00,0.007495917026529813
2023-10-25 20:00:00+02:00,0.01662741661364551
2023-10-25 20:15:00+02:00,0.03153292594402407
2023-10-25 20:30:00+02:00,0.04980788239362951
2023-10-25 20:45:00+02:00,0.07788764728530662
2023-10-25 21:00:00+02:00,0.11370096478533141
2023-10-25 21:15:00+02:00,0.13876181859811074
2023-10-25 21:30:00+02:00,0.1640337581506993
2023-10-25 21:45:00+02:00,0.1933443824118194
2023-10-25 22:00:00+02:00,0.227113178592008
2023-10-25 22:15:00+02:00,0.24047944610574393
2023-10-25 22:30:00+02:00,0.2541687083684274
2023-10-25 22:45:00+02:00,0.26816305927913353
2023-10-25 23:00:00+02:00,0.282445535508888
2023-10-25 23:15:00+02:00,0.24667253977354073
2023-10-25 23:30:00+02:00,0.21323783518916836
2023-10-25 23:45:00+02:00,0.18249953149401904
2023-10-26 00:00:00+02:00,0.16030009405252268
2023-10-26 00:15:00+02:00,0.159449408128764
2023-10-26 00:30:00+02:00,0.1586950012313196
2023-10-26 00:45:00+02:00,0.1580373335387896
2023-10-26 01:00:00+02:00,0.15747680861522956
2023-10-26 01:15:00+02:00,0.15064501588586057
2023-10-26 01:30:00+02:00,0.14509591876524713
2023-10-26 01:45:00+02:00,0.14087631112936394
2023-10-26 02:00:00+02:00,0.13802330539126498
2023-10-26 02:15:00+02:00,0.162415400550121
2023-10-26 02:30:00+02:00,0.19183700545191737
2023-10-26 02:45:00+02:00,0.22775780925781916
2023-10-26 03:00:00+02:00,0.265153892755077
2023-10-26 03:15:00+02:00,0.25238268313447637
2023-10-26 03:30:00+02:00,0.24007575689315525
2023-10-26 03:45:00+02:00,0.2282575719778161
2023-10-26 04:00:00+02:00,0.21695325761958717
2023-10-26 04:15:00+02:00,0.18804002568937891
2023-10-26 04:30:00+02:00,0.1641308340566867
2023-10-26 04:45:00+02:00,0.14347191870816242
2023-10-26 05:00:00+02:00,0.12358142129143422
2023-10-26 05:15:00+02:00,0.09986740425799383
2023-10-26 05:30:00+02:00,0.08414879907440369
2023-10-26 05:45:00+02:00,0.07112408761868844
2023-10-26 06:00:00+02:00,0.05921765284311184
2023-10-26 06:15:00+02:00,0.053776522484503944
2023-10-26 06:30:00+02:00,0.050116663681951924
2023-10-26 06:45:00+02:00,0.048331653883358035
2023-10-26 07:00:00+02:00,0.04846949405507968
2023-10-26 07:15:00+02:00,0.04222309779162969
2023-10-26 07:30:00+02:00,0.03804377502896674
2023-10-26 07:45:00+02:00,0.03415068212265376
2023-10-26 08:00:00+02:00,0.030574926737363284
2023-10-26 08:15:00+02:00,0.025040403274821977
2023-10-26 08:30:00+02:00,0.019794567289729323
2023-10-26 08:45:00+02:00,0.014886927044314519
2023-10-26 09:00:00+02:00,0.012240795867617345
2023-10-26 09:15:00+02:00,0.010741133352312117
2023-10-26 09:30:00+02:00,0.009419555514550506
2023-10-26 09:45:00+02:00,0.008295727008945972
2023-10-26 10:00:00+02:00,0.0073886976329624295
2023-10-26 10:15:00+02:00,0.006108736987446706
2023-10-26 10:30:00+02:00,0.004988711569382931
2023-10-26 10:45:00+02:00,0.00404559736736325
2023-10-26 11:00:00+02:00,0.0032955897383006106
2023-10-26 11:15:00+02:00,0.00027283190076185965
2023-10-26 11:30:00+02:00,0.0
2023-10-26 11:45:00+02:00,0.0
2023-10-26 12:00:00+02:00,0.0
2023-10-26 12:15:00+02:00,0.0014040749932668882
2023-10-26 12:30:00+02:00,0.006351214938744794
2023-10-26 12:45:00+02:00,0.011426452249603966
2023-10-26 13:00:00+02:00,0.019888365104473338
2023-10-26 13:15:00+02:00,0.022329745506894677
2023-10-26 13:30:00+02:00,0.024863150858139834
2023-10-26 13:45:00+02:00,0.027481881191356004
2023-10-26 14:00:00+02:00,0.030179676869087412
2023-10-26 14:15:00+02:00,0.02836366998470299
2023-10-26 14:30:00+02:00,0.026555675379722234
2023-10-26 14:45:00+02:00,0.02475612053976334
2023-10-26 15:00:00+02:00,0.022965461692542755
2023-10-26 15:15:00+02:00,0.02164763828810917
2023-10-26 15:30:00+02:00,0.020341325934171872
2023-10-26 15:45:00+02:00,0.01904699477525447
2023-10-26 16:00:00+02:00,0.017765136234964323
2023-10-26 16:15:00+02:00,0.01689121551219125
2023-10-26 16:30:00+02:00,0.016122920959192034
2023-10-26 16:45:00+02:00,0.015462888341904877
2023-10-26 17:00:00+02:00,0.014913452403533653
2023-10-26 17:15:00+02:00,0.015489988153580918
2023-10-26 17:30:00+02:00,0.016252990231125846
2023-10-26 17:45:00+02:00,0.017197923034445176
2023-10-26 18:00:00+02:00,0.018319370685733055
2023-10-26 18:15:00+02:00,0.020926674075395345
2023-10-26 18:30:00+02:00,0.02361522463881211
2023-10-26 18:45:00+02:00,0.0263786777840588
2023-10-26 19:00:00+02:00,0.02921118187204047
2023-10-26 19:15:00+02:00,0.028815964743776377
2023-10-26 19:30:00+02:00,0.02991167218744992
2023-10-26 19:45:00+02:00,0.03245349873833773
2023-10-26 20:00:00+02:00,0.03634411349459824
2023-10-26 20:15:00+02:00,0.03077172430203307
2023-10-26 20:30:00+02:00,0.02521135573476366
2023-10-26 20:45:00+02:00,0.019665084211931014
2023-10-26 21:00:00+02:00,0.014135486192104998
2023-10-26 21:15:00+02:00,0.02104692354101409
2023-10-26 21:30:00+02:00,0.027994777725282676
2023-10-26 21:45:00+02:00,0.03497226421016589
2023-10-26 22:00:00+02:00,0.04197416539037758
2023-10-26 22:15:00+02:00,0.0494561679769301
2023-10-26 22:30:00+02:00,0.05862983258381904
2023-10-26 22:45:00+02:00,0.06802776469869007
2023-10-26 23:00:00+02:00,0.07762343641599252
2023-10-26 23:15:00+02:00,0.07654654564489165
2023-10-26 23:30:00+02:00,0.07557731599037378
2023-10-26 23:45:00+02:00,0.07471707712203234
2023-10-27 00:00:00+02:00,0.07396702758033057
2023-10-27 00:15:00+02:00,0.07418010643891162
2023-10-27 00:30:00+02:00,0.0744231134739206
2023-10-27 00:45:00+02:00,0.07469595600345985
2023-10-27 01:00:00+02:00,0.07499853042191958
2023-10-27 01:15:00+02:00,0.08123532642992971
2023-10-27 01:30:00+02:00,0.08747825994714806
2023-10-27 01:45:00+02:00,0.09372687920672379
2023-10-27 02:00:00+02:00,0.10284844241532629
2023-10-27 02:15:00+02:00,0.10691680062214866
2023-10-27 02:30:00+02:00,0.11110025829308484
2023-10-27 02:45:00+02:00,0.11539546283908224
2023-10-27 03:00:00+02:00,0.11979910618914091
2023-10-27 03:15:00+02:00,0.12493919150906455
2023-10-27 03:30:00+02:00,0.13050951558371435
2023-10-27 03:45:00+02:00,0.13649417121657978
2023-10-27 04:00:00+02:00,0.14287692907907462
2023-10-27 04:15:00+02:00,0.13063055213055746
2023-10-27 04:30:00+02:00,0.11839423952900527
2023-10-27 04:45:00+02:00,0.10616886748976515
2023-10-27 05:00:00+02:00,0.09443874443914439
2023-10-27 05:15:00+02:00,0.08271639616303823
2023-10-27 05:30:00+02:00,0.07099481009518821
2023-10-27 05:45:00+02:00,0.059274108073278466
2023-10-27 06:00:00+02:00,0.04755443935125135
2023-10-27 06:15:00+02:00,0.04948054916395708
2023-10-27 06:30:00+02:00,0.05199167330147097
2023-10-27 06:45:00+02:00,0.05506738870313855
2023-10-27 07:00:00+02:00,0.0586839518588893
2023-10-27 07:15:00+02:00,0.06186562870155677
2023-10-27 07:30:00+02:00,0.06531739952613391
2023-10-27 07:45:00+02:00,0.06902709049817746
2023-10-27 08:00:00+02:00,0.0729824193020257
2023-10-27 08:15:00+02:00,0.07137220670088303
2023-10-27 08:30:00+02:00,0.06980269956061616
2023-10-27 08:45:00+02:00,0.06827473487718355
2023-10-27 09:00:00+02:00,0.06678914967781821
2023-10-27 09:15:00+02:00,0.07221669821499814
2023-10-27 09:30:00+02:00,0.07841441432345825
2023-10-27 09:45:00+02:00,0.08532410323678907
2023-10-27 10:00:00+02:00,0.09288757595467233
2023-10-27 10:15:00+02:00,0.1178182838711235
2023-10-27 10:30:00+02:00,0.14548929358764104
2023-10-27 10:45:00+02:00,0.1742558223429873
2023-10-27 11:00:00+02:00,0.21240267256445478
2023-10-27 11:15:00+02:00,0.21193053318678376
2023-10-27 11:30:00+02:00,0.21465280280176005
2023-10-27 11:45:00+02:00,0.22053184542038962
2023-10-27 12:00:00+02:00,0.22948836652997298
2023-10-27 12:15:00+02:00,0.2132031994843228
2023-10-27 12:30:00+02:00,0.19704724332904677
2023-10-27 12:45:00+02:00,0.1810300790795267
2023-10-27 13:00:00+02:00,0.16811615651752476
2023-10-27 13:15:00+02:00,0.16911234768687167
2023-10-27 13:30:00+02:00,0.17018749219296148
2023-10-27 13:45:00+02:00,0.17134106692656206
2023-10-27 14:00:00+02:00,0.17257251574393537
2023-10-27 14:15:00+02:00,0.2098988175055205
2023-10-27 14:30:00+02:00,0.24881063527979108
2023-10-27 14:45:00+02:00,0.2883757893160775
2023-10-27 15:00:00+02:00,0.3389394771486959
2023-10-27 15:15:00+02:00,0.38263883565162377
2023-10-27 15:30:00+02:00,0.4272704488425235
2023-10-27 15:45:00+02:00,0.47787952733896993
2023-10-27 16:00:00+02:00,0.529208478645923
2023-10-27 16:15:00+02:00,0.4927468152727622
2023-10-27 16:30:00+02:00,0.4565878101349207
2023-10-27 16:45:00+02:00,0.42133389709331714
2023-10-27 17:00:00+02:00,0.3896239338269779
2023-10-27 17:15:00+02:00,0.38919227260194145
2023-10-27 17:30:00+02:00,0.38876137357494844
2023-10-27 17:45:00+02:00,0.3883312376533064
2023-10-27 18:00:00+02:00,0.3879018657441531
2023-10-27 18:15:00+02:00,0.38217198964323623
2023-10-27 18:30:00+02:00,0.3768935782593715
2023-10-27 18:45:00+02:00,0.3720733148896351
2023-10-27 19:00:00+02:00,0.3677174184158729
2023-10-27 19:15:00+02:00,0.3427246930662474
2023-10-27 19:30:00+02:00,0.32044376747210895
2023-10-27 19:45:00+02:00,0.30105616281152475
2023-10-27 20:00:00+02:00,0.28495768640218944
2023-10-27 20:15:00+02:00,0.2917217878943222
2023-10-27 20:30:00+02:00,0.2999277968372222
2023-10-27 20:45:00+02:00,0.3093214642116319
2023-10-27 21:00:00+02:00,0.3198698964279139
2023-10-27 21:15:00+02:00,0.33805864576375966
2023-10-27 21:30:00+02:00,0.35643442108671286
2023-10-27 21:45:00+02:00,0.3749876101159965
2023-10-27 22:00:00+02:00,0.39370916449288224
2023-10-27 22:15:00+02:00,0.39143918139585077
2023-10-27 22:30:00+02:00,0.38927150851154196
2023-10-27 22:45:00+02:00,0.387206759141562
2023-10-27 23:00:00+02:00,0.3852455220335487
2023-10-27 23:15:00+02:00,0.3993445314273605
2023-10-27 23:30:00+02:00,0.41345048816482494
2023-10-27 23:45:00+02:00,0.42772598830308417
2023-10-28 00:00:00+02:00,0.4435202138195587
2023-10-28 00:15:00+02:00,0.43817802230657116
2023-10-28 00:30:00+02:00,0.4341858875084675
2023-10-28 00:45:00+02:00,0.4315566163891715
2023-10-28 01:00:00+02:00,0.43029873227170856
2023-10-28 01:15:00+02:00,0.4079660560056527
2023-10-28 01:30:00+02:00,0.38638509151037237
2023-10-28 01:45:00+02:00,0.36513936469370245
2023-10-28 02:00:00+02:00,0.3442493842053575
2023-10-28 02:15:00+02:00,0.3337864493366702
2023-10-28 02:30:00+02:00,0.3233771938105131
2023-10-28 02:45:00+02:00,0.3130232762625037
2023-10-28 03:00:00+02:00,0.3027264149950975
2023-10-28 03:15:00+02:00,0.3005967499149827
2023-10-28 03:30:00+02:00,0.2995165969886341
2023-10-28 03:45:00+02:00,0.2994893669852716
2023-10-28 04:00:00+02:00,0.3005151460789671
2023-10-28 04:15:00+02:00,0.32464482463897143
2023-10-28 04:30:00+02:00,0.3501890122489654
2023-10-28 04:45:00+02:00,0.377046847452726
2023-10-28 05:00:00+02:00,0.40512235073421093
2023-10-28 05:15:00+02:00,0.41763271590927625
2023-10-28 05:30:00+02:00,0.431163430823175
2023-10-28 05:45:00+02:00,0.4462420303172033
2023-10-28 06:00:00+02:00,0.46183455237450993
2023-10-28 06:15:00+02:00,0.4708475486646944
2023-10-28 06:30:00+02:00,0.4799053758094487
2023-10-28 06:45:00+02:00,0.48900711089411086
2023-10-28 07:00:00+02:00,0.4981518518713664
2023-10-28 07:15:00+02:00,0.4895209007155227
2023-10-28 07:30:00+02:00,0.4809157524382628
2023-10-28 07:45:00+02:00,0.4723369181409358
2023-10-28 08:00:00+02:00,0.463784920887144
2023-10-28 08:15:00+02:00,0.4699440848146218
2023-10-28 08:30:00+02:00,0.47610452276041376
2023-10-28 08:45:00+02:00,0.48226621679488324
2023-10-28 09:00:00+02:00,0.48842914931970755
2023-10-28 09:15:00+02:00,0.48803688359462
2023-10-28 09:30:00+02:00,0.4876932715008559
2023-10-28 09:45:00+02:00,0.48739835108134894
2023-10-28 10:00:00+02:00,0.4871521550197791
2023-10-28 10:15:00+02:00,0.4970022233405773
2023-10-28 10:30:00+02:00,0.5075230763003296
2023-10-28 10:45:00+02:00,0.5186990272139426
2023-10-28 11:00:00+02:00,0.5305139435504792
2023-10-28 11:15:00+02:00,0.4771490186183227
2023-10-28 11:30:00+02:00,0.42436295232526583
2023-10-28 11:45:00+02:00,0.3773480118200432
2023-10-28 12:00:00+02:00,0.330749762010471
2023-10-28 12:15:00+02:00,0.39926890105835766
2023-10-28 12:30:00+02:00,0.4747400017607591
2023-10-28 12:45:00+02:00,0.555078517074148
2023-10-28 13:00:00+02:00,0.6376259553104273
2023-10-28 13:15:00+02:00,0.6106545471000333
2023-10-28 13:30:00+02:00,0.583685800451886
2023-10-28 13:45:00+02:00,0.5571170840824597
2023-10-28 14:00:00+02:00,0.5305565630612693
2023-10-28 14:15:00+02:00,0.5471396654025745
2023-10-28 14:30:00+02:00,0.5638982067661801
2023-10-28 14:45:00+02:00,0.5808259395091728
2023-10-28 15:00:00+02:00,0.5981378128226146
2023-10-28 15:15:00+02:00,0.6028241237823744
2023-10-28 15:30:00+02:00,0.6075108290876144
2023-10-28 15:45:00+02:00,0.6121979249525754
2023-10-28 16:00:00+02:00,0.6168854076394915
2023-10-28 16:15:00+02:00,0.5824799186318005
2023-10-28 16:30:00+02:00,0.5502597207033623
2023-10-28 16:45:00+02:00,0.5198445827767167
2023-10-28 17:00:00+02:00,0.49135906794543716
2023-10-28 17:15:00+02:00,0.46726808766407635
2023-10-28 17:30:00+02:00,0.4463006908237523
2023-10-28 17:45:00+02:00,0.42861287760580463
2023-10-28 18:00:00+02:00,0.41560080420962103
2023-10-28 18:15:00+02:00,0.44408234280754527
2023-10-28 18:30:00+02:00,0.4738209780978085
2023-10-28 18:45:00+02:00,0.5035602618618273
2023-10-28 19:00:00+02:00,0.5333001516914463
2023-10-28 19:15:00+02:00,0.5395640848071921
2023-10-28 19:30:00+02:00,0.5461188273395994
2023-10-28 19:45:00+02:00,0.5529602471390619
2023-10-28 20:00:00+02:00,0.5600841143887025
2023-10-28 20:15:00+02:00,0.5665457473846627
2023-10-28 20:30:00+02:00,0.5755975070162994
2023-10-28 20:45:00+02:00,0.5872482284111239
2023-10-28 21:00:00+02:00,0.6015325604180854
2023-10-28 21:15:00+02:00,0.622176657990458
2023-10-28 21:30:00+02:00,0.6454887999284141
2023-10-28 21:45:00+02:00,0.6713465325837559
2023-10-28 22:00:00+02:00,0.6996226258896973
2023-10-28 22:15:00+02:00,0.7381234172004348
2023-10-28 22:30:00+02:00,0.770136959819778
2023-10-28 22:45:00+02:00,0.8012921071638274
2023-10-28 23:00:00+02:00,0.8325032598629261
2023-10-28 23:15:00+02:00,0.8748507302759603
2023-10-28 23:30:00+02:00,0.9050311792261043
2023-10-28 23:45:00+02:00,0.9372484069484637
2023-10-29 00:00:00+02:00,0.9607292045757858
2023-10-29 00:15:00+02:00,0.9751959338880145
2023-10-29 00:30:00+02:00,0.9889158082501104
2023-10-29 00:45:00+02:00,0.9943057979778075
2023-10-29 01:00:00+02:00,0.9999392701892351
2023-10-29 01:15:00+02:00,0.9967132581440526
2023-10-29 01:30:00+02:00,0.9935915012107294
2023-10-29 01:45:00+02:00,0.9905802087122192
2023-10-29 02:00:00+02:00,0.9868670618061453
2023-10-29 02:15:00+02:00,0.9884889393242176
2023-10-29 02:30:00+02:00,0.9892920332735575
2023-10-29 02:45:00+02:00,0.9900951278373031
2023-10-29 02:00:00+01:00,0.9908982230060599
2023-10-29 02:15:00+01:00,0.9918438163718046
2023-10-29 02:30:00+01:00,0.9928064542084589
2023-10-29 02:45:00+01:00,0.9937858297404232
2023-10-29 03:00:00+01:00,0.9947816383660396
2023-10-29 03:15:00+01:00,0.9961880954155861
2023-10-29 03:30:00+01:00,0.9976792653448487
2023-10-29 03:45:00+01:00,0.9992528641473196
2023-10-29 04:00:00+01:00,1.0
2023-10-29 04:15:00+01:00,1.0
2023-10-29 04:30:00+01:00,1.0
2023-10-29 04:45:00+01:00,1.0
2023-10-29 05:00:00+01:00,1.0
2023-10-29 05:15:00+01:00,1.0
2023-10-29 05:30:00+01:00,1.0
2023-10-29 05:45:00+01:00,1.0
2023-10-29 06:00:00+01:00,1.0
2023-10-29 06:15:00+01:00,1.0
2023-10-29 06:30:00+01:00,1.0
2023-10-29 06:45:00+01:00,0.9980152495897525
2023-10-29 07:00:00+01:00,0.9957532079603483
2023-10-29 07:15:00+01:00,0.9925742123745992
2023-10-29 07:30:00+01:00,0.9893952429051389
2023-10-29 07:45:00+01:00,0.9824584273528649
2023-10-29 08:00:00+01:00,0.9729216907196229
2023-10-29 08:15:00+01:00,0.9686580277063557
2023-10-29 08:30:00+01:00,0.9643979540493764
2023-10-29 08:45:00+01:00,0.9601415748813976
2023-10-29 09:00:00+01:00,0.9558889993847491
2023-10-29 09:15:00+01:00,0.9510409043012812
2023-10-29 09:30:00+01:00,0.941751096816625
2023-10-29 09:45:00+01:00,0.9324631562612741
2023-10-29 10:00:00+01:00,0.9231771378447595
2023-10-29 10:15:00+01:00,0.865820063554257
2023-10-29 10:30:00+01:00,0.7785865172246138
2023-10-29 10:45:00+01:00,0.6798016925943153
2023-10-29 11:00:00+01:00,0.5736022517054774
2023-10-29 11:15:00+01:00,0.5984968166826782
2023-10-29 11:30:00+01:00,0.6254119975102523
2023-10-29 11:45:00+01:00,0.6540999569918097
2023-10-29 12:00:00+01:00,0.6844614219152418
2023-10-29 12:15:00+01:00,0.7116286166957227
2023-10-29 12:30:00+01:00,0.7392767236935291
2023-10-29 12:45:00+01:00,0.7626227336979491
2023-10-29 13:00:00+01:00,0.7856229773700375
2023-10-29 13:15:00+01:00,0.7963881601777366
2023-10-29 13:30:00+01:00,0.8075548094907202
2023-10-29 13:45:00+01:00,0.8191130506007641
2023-10-29 14:00:00+01:00,0.8310530005555872
2023-10-29 14:15:00+01:00,0.8332442142340917
2023-10-29 14:30:00+01:00,0.8374992738440569
2023-10-29 14:45:00+01:00,0.8437991803145014
2023-10-29 15:00:00+01:00,0.852116229426185
2023-10-29 15:15:00+01:00,0.8826577023774602
2023-10-29 15:30:00+01:00,0.9077499153009785
2023-10-29 15:45:00+01:00,0.9344111069185045
2023-10-29 16:00:00+01:00,0.9568511655712808
2023-10-29 16:15:00+01:00,0.9652071921591241
2023-10-29 16:30:00+01:00,0.9750053785515803
2023-10-29 16:45:00+01:00,0.9861540453900998
2023-10-29 17:00:00+01:00,0.9915828457152164
2023-10-29 17:15:00+01:00,0.9908972841532327
2023-10-29 17:30:00+01:00,0.9902727224685653
2023-10-29 17:45:00+01:00,0.9897098915560925
2023-10-29 18:00:00+01:00,0.9892094601018169
2023-10-29 18:15:00+01:00,0.9890930229648697
2023-10-29 18:30:00+01:00,0.9889874527515261
2023-10-29 18:45:00+01:00,0.9888927715862589
2023-10-29 19:00:00+01:00,0.9888089993626216
2023-10-29 19:15:00+01:00,0.9842364648188028
2023-10-29 19:30:00+01:00,0.9782379569910186
2023-10-29 19:45:00+01:00,0.9722410605853571
2023-10-29 20:00:00+01:00,0.966245841126721
2023-10-29 20:15:00+01:00,0.9601113811182163
2023-10-29 20:30:00+01:00,0.9539780475989995
2023-10-29 20:45:00+01:00,0.9421014764047314
2023-10-29 21:00:00+01:00,0.9282046993860411
2023-10-29 21:15:00+01:00,0.9213714664158991
2023-10-29 21:30:00+01:00,0.9145391178384469
2023-10-29 21:45:00+01:00,0.9077076732137959
2023-10-29 22:00:00+01:00,0.900877152680453
2023-10-29 22:15:00+01:00,0.8996704808424688
2023-10-29 22:30:00+01:00,0.8986055020917367
2023-10-29 22:45:00+01:00,0.8976827102490542
2023-10-29 23:00:00+01:00,0.8969025350614415
2023-10-29 23:15:00+01:00,0.895247844328518
2023-10-29 23:30:00+01:00,0.8936053174159883
2023-10-29 23:45:00+01:00,0.8919750201160803
2023-10-30 00:00:00+01:00,0.8903570182011827
2023-10-30 00:15:00+01:00,0.8736648010207669
2023-10-30 00:30:00+01:00,0.8484951686148622
2023-10-30 00:45:00+01:00,0.8220377336939598
2023-10-30 01:00:00+01:00,0.7956095637170636
2023-10-30 01:15:00+01:00,0.7932196010741636
2023-10-30 01:30:00+01:00,0.7908853767311788
2023-10-30 01:45:00+01:00,0.7886071838368814
2023-10-30 02:00:00+01:00,0.78638531048874
2023-10-30 02:15:00+01:00,0.7642815076916747
2023-10-30 02:30:00+01:00,0.7420319335909314
2023-10-30 02:45:00+01:00,0.7146433729398012
2023-10-30 03:00:00+01:00,0.6872745427976965
2023-10-30 03:15:00+01:00,0.6562665382468182
2023-10-30 03:30:00+01:00,0.6258682702221742
2023-10-30 03:45:00+01:00,0.5961181271084502
2023-10-30 04:00:00+01:00,0.5672997942509773
2023-10-30 04:15:00+01:00,0.5570548665921228
2023-10-30 04:30:00+01:00,0.5475122072453199
2023-10-30 04:45:00+01:00,0.5386864949918904
2023-10-30 05:00:00+01:00,0.5305916719465906
2023-10-30 05:15:00+01:00,0.5217113285556575
2023-10-30 05:30:00+01:00,0.5129540552353711
2023-10-30 05:45:00+01:00,0.5043222734184005
2023-10-30 06:00:00+01:00,0.49581843239651263
2023-10-30 06:15:00+01:00,0.4908723976539947
2023-10-30 06:30:00+01:00,0.48601120712267315
2023-10-30 06:45:00+01:00,0.48123580375576747
2023-10-30 07:00:00+01:00,0.4765471275195068
2023-10-30 07:15:00+01:00,0.4787086455989569
2023-10-30 07:30:00+01:00,0.480952759305834
2023-10-30 07:45:00+01:00,0.4832790455321235
2023-10-30 08:00:00+01:00,0.4856870687217547
2023-10-30 08:15:00+01:00,0.4564702096196203
2023-10-30 08:30:00+01:00,0.4273881537759176
2023-10-30 08:45:00+01:00,0.40139258982686216
2023-10-30 09:00:00+01:00,0.375662441932638
2023-10-30 09:15:00+01:00,0.3172687745860074
2023-10-30 09:30:00+01:00,0.26518759579172
2023-10-30 09:45:00+01:00,0.22053109721155953
2023-10-30 10:00:00+01:00,0.1764259326621283
2023-10-30 10:15:00+01:00,0.16394701229741276
2023-10-30 10:30:00+01:00,0.15172299641283013
2023-10-30 10:45:00+01:00,0.1397744189294129
2023-10-30 11:00:00+01:00,0.12812353761314602
2023-10-30 11:15:00+01:00,0.1331571480062765
2023-10-30 11:30:00+01:00,0.13866609360631904
2023-10-30 11:45:00+01:00,0.14463330099534855
2023-10-30 12:00:00+01:00,0.1510411856733826
2023-10-30 12:15:00+01:00,0.13226886761236462
2023-10-30 12:30:00+01:00,0.11683695681456933
2023-10-30 12:45:00+01:00,0.10511330426023129
2023-10-30 13:00:00+01:00,0.09741390910154517
2023-10-30 13:15:00+01:00,0.09252027211782021
2023-10-30 13:30:00+01:00,0.08937581870715942
2023-10-30 13:45:00+01:00,0.08719604120641561
2023-10-30 14:00:00+01:00,0.0860065096670951
2023-10-30 14:15:00+01:00,0.08467190124190198
2023-10-30 14:30:00+01:00,0.08339303977338731
2023-10-30 14:45:00+01:00,0.08217080583553363
2023-10-30 15:00:00+01:00,0.08100605842363591
2023-10-30 15:15:00+01:00,0.08451838705760391
2023-10-30 15:30:00+01:00,0.08803239594871491
2023-10-30 15:45:00+01:00,0.09154801487913178
2023-10-30 16:00:00+01:00,0.09506517746021025
2023-10-30 16:15:00+01:00,0.10255023063483339
2023-10-30 16:30:00+01:00,0.11015619558605648
2023-10-30 16:45:00+01:00,0.11777765592429626
2023-10-30 17:00:00+01:00,0.12541380806564065
2023-10-30 17:15:00+01:00,0.1328313726619943
2023-10-30 17:30:00+01:00,0.14217908212021818
2023-10-30 17:45:00+01:00,0.1533414957509853
2023-10-30 18:00:00+01:00,0.1661924656757603
2023-10-30 18:15:00+01:00,0.17285908969846575
2023-10-30 18:30:00+01:00,0.18151580117510394
2023-10-30 18:45:00+01:00,0.19286105323068023
2023-10-30 19:00:00+01:00,0.20539050730909694
2023-10-30 19:15:00+01:00,0.19227289739985903
2023-10-30 19:30:00+01:00,0.17916288997516802
2023-10-30 19:45:00+01:00,0.16879765629677929
2023-10-30 20:00:00+01:00,0.158869724710075
2023-10-30 20:15:00+01:00,0.15232707170323664
2023-10-30 20:30:00+01:00,0.14669563014745882
2023-10-30 20:45:00+01:00,0.1420090511136234
2023-10-30 21:00:00+01:00,0.13829661125111548
2023-10-30 21:15:00+01:00,0.15148578166845691
2023-10-30 21:30:00+01:00,0.17351646333275328
2023-10-30 21:45:00+01:00,0.21151576063237293
2023-10-30 22:00:00+01:00,0.2592891057704182
2023-10-30 22:15:00+01:00,0.3070626796987132
2023-10-30 22:30:00+01:00,0.39680870190235806
2023-10-30 22:45:00+01:00,0.5234339791107201
2023-10-30 23:00:00+01:00,0.6769803261586147
2023-10-30 23:15:00+01:00,0.6839042684219523
2023-10-30 23:30:00+01:00,0.7026257839615854
2023-10-30 23:45:00+01:00,0.7327269087868304
2023-10-31 00:00:00+01:00,0.7676154296937259
2023-10-31 00:15:00+01:00,0.7070345962288387
2023-10-31 00:30:00+01:00,0.6405301672176822
2023-10-31 00:45:00+01:00,0.574205903086818
2023-10-31 01:00:00+01:00,0.5087826154079754
2023-10-31 01:15:00+01:00,0.5048250453131792
2023-10-31 01:30:00+01:00,0.5036279855382791
2023-10-31 01:45:00+01:00,0.5051988555391278
2023-10-31 02:00:00+01:00,0.5095279243811106
2023-10-31 02:15:00+01:00,0.5207062881525666
2023-10-31 02:30:00+01:00,0.5330523378814819
2023-10-31 02:45:00+01:00,0.5465346769506799
2023-10-31 03:00:00+01:00,0.5611202905826631
2023-10-31 03:15:00+01:00,0.5640655918688922
2023-10-31 03:30:00+01:00,0.5671478792349918
2023-10-31 03:45:00+01:00,0.5703662487530795
2023-10-31 04:00:00+01:00,0.5737197650536346
2023-10-31 04:15:00+01:00,0.5742798817813634
2023-10-31 04:30:00+01:00,0.5748415932982204
2023-10-31 04:45:00+01:00,0.5754048976932874
2023-10-31 05:00:00+01:00,0.5759697930532911
2023-10-31 05:15:00+01:00,0.5631015803089929
2023-10-31 05:30:00+01:00,0.5504377620284164
2023-10-31 05:45:00+01:00,0.5379840106877799
2023-10-31 06:00:00+01:00,0.5257461111988253
2023-10-31 06:15:00+01:00,0.5131114250867305
2023-10-31 06:30:00+01:00,0.5005093775918682
2023-10-31 06:45:00+01:00,0.48794090430217696
2023-10-31 07:00:00+01:00,0.4754069742695241
2023-10-31 07:15:00+01:00,0.4740933841295988
2023-10-31 07:30:00+01:00,0.4728173055356529
2023-10-31 07:45:00+01:00,0.47157884873690464
2023-10-31 08:00:00+01:00,0.4703781211456591
2023-10-31 08:15:00+01:00,0.5222582002081753
2023-10-31 08:30:00+01:00,0.5742264888636256
2023-10-31 08:45:00+01:00,0.626924159165166
2023-10-31 09:00:00+01:00,0.6798315053634307
2023-10-31 09:15:00+01:00,0.7379926759596256
2023-10-31 09:30:00+01:00,0.7864609481604973
2023-10-31 09:45:00+01:00,0.8345665244207996
2023-10-31 10:00:00+01:00,0.8788367138223466
2023-10-31 10:15:00+01:00,0.7927662057102
2023-10-31 10:30:00+01:00,0.6926932190812903
2023-10-31 10:45:00+01:00,0.5807794315278036
2023-10-31 11:00:00+01:00,0.47066546969671635
2023-10-31 11:15:00+01:00,0.45626263210259155
2023-10-31 11:30:00+01:00,0.4422961408031597
2023-10-31 11:45:00+01:00,0.42878050902233283
2023-10-31 12:00:00+01:00,0.4168398024881075
2023-10-31 12:15:00+01:00,0.3912312637757843
2023-10-31 12:30:00+01:00,0.36593072215087113
2023-10-31 12:45:00+01:00,0.3409606869421639
2023-10-31 13:00:00+01:00,0.3163455757359245
2023-10-31 13:15:00+01:00,0.3191934957096578
2023-10-31 13:30:00+01:00,0.32286324205579003
2023-10-31 13:45:00+01:00,0.327345987503428
2023-10-31 14:00:00+01:00,0.3326311197293711
2023-10-31 14:15:00+01:00,0.3359663032685716
2023-10-31 14:30:00+01:00,0.3396011905093932
2023-10-31 14:45:00+01:00,0.34353264246393667
2023-10-31 15:00:00+01:00,0.34775731317537356
2023-10-31 15:15:00+01:00,0.3341953636839647
2023-10-31 15:30:00+01:00,0.3206392694500644
2023-10-31 15:45:00+01:00,0.30708926748106236
2023-10-31 16:00:00+01:00,0.29354560763517795
2023-10-31 16:15:00+01:00,0.2876575639282386
2023-10-31 16:30:00+01:00,0.2828039549466441
2023-10-31 16:45:00+01:00,0.27852913444940136
2023-10-31 17:00:00+01:00,0.27439075691563425
2023-10-31 17:15:00+01:00,0.27787489850341685
2023-10-31 17:30:00+01:00,0.28142589068117546
2023-10-31 17:45:00+01:00,0.2850427935080476
2023-10-31 18:00:00+01:00,0.2896178578593466
2023-10-31 18:15:00+01:00,0.29853207967127193
2023-10-31 18:30:00+01:00,0.3074476776036359
2023-10-31 18:45:00+01:00,0.3163646153572257
2023-10-31 19:00:00+01:00,0.32528285789319056
2023-10-31 19:15:00+01:00,0.3616304644164918
2023-10-31 19:30:00+01:00,0.39798620454614286
2023-10-31 19:45:00+01:00,0.4353172899984392
2023-10-31 20:00:00+01:00,0.47600209921744363
2023-10-31 20:15:00+01:00,0.5053323367862239
2023-10-31 20:30:00+01:00,0.534687066278846
2023-10-31 20:45:00+01:00,0.5640647415779421
2023-10-31 21:00:00+01:00,0.5936174370416865
2023-10-31 21:15:00+01:00,0.5929785476754104
2023-10-31 21:30:00+01:00,0.5923888073220499
2023-10-31 21:45:00+01:00,0.5918482761905169
2023-10-31 22:00:00+01:00,0.5913570095521643
2023-10-31 22:15:00+01:00,0.6170075640826698
2023-10-31 22:30:00+01:00,0.642683571857561
2023-10-31 22:45:00+01:00,0.6683837436489402
2023-10-31 23:00:00+01:00,0.6941068747545363
2023-10-31 23:15:00+01:00,0.6782186770694437
2023-10-31 23:30:00+01:00,0.6623328653050977
2023-10-31 23:45:00+01:00,0.6464495153252261
2023-11-01 00:00:00+01:00,0.6305687062317419
2023-11-01 00:15:00+01:00,0.5994358611630414
2023-11-01 00:30:00+01:00,0.5690986571561851
2023-11-01 00:45:00+01:00,0.5396107347669032
2023-11-01 01:00:00+01:00,0.5107719078917828
2023-11-01 01:15:00+01:00,0.49340631782523353
2023-11-01 01:30:00+01:00,0.47860188332235815
2023-11-01 01:45:00+01:00,0.4664462823084641
2023-11-01 02:00:00+01:00,0.4570145146161972
2023-11-01 02:15:00+01:00,0.4493823022819913
2023-11-01 02:30:00+01:00,0.4476513708067427
2023-11-01 02:45:00+01:00,0.4518456089273588
2023-11-01 03:00:00+01:00,0.4619073514137568
2023-11-01 03:15:00+01:00,0.4721649803178873
2023-11-01 03:30:00+01:00,0.4832033066995473
2023-11-01 03:45:00+01:00,0.49500283322554073
2023-11-01 04:00:00+01:00,0.5075434289391197
2023-11-01 04:15:00+01:00,0.5354829061738595
2023-11-01 04:30:00+01:00,0.5758985854995061
2023-11-01 04:45:00+01:00,0.6284268563227345
2023-11-01 05:00:00+01:00,0.6914932313659129
2023-11-01 05:15:00+01:00,0.7145571398319364
2023-11-01 05:30:00+01:00,0.7444455700796301
2023-11-01 05:45:00+01:00,0.7743287928385694
2023-11-01 06:00:00+01:00,0.8093341938268427
2023-11-01 06:15:00+01:00,0.7965144672195213
2023-11-01 06:30:00+01:00,0.7837255482924198
2023-11-01 06:45:00+01:00,0.7709683367016917
2023-11-01 07:00:00+01:00,0.7582437651129175
2023-11-01 07:15:00+01:00,0.7392345983578161
2023-11-01 07:30:00+01:00,0.7180590972027422
2023-11-01 07:45:00+01:00,0.6984844432335716
2023-11-01 08:00:00+01:00,0.6805719625149828
2023-11-01 08:15:00+01:00,0.6564119508845735
2023-11-01 08:30:00+01:00,0.634701634230226
2023-11-01 08:45:00+01:00,0.6155497076508082
2023-11-01 09:00:00+01:00,0.599057449591958
2023-11-01 09:15:00+01:00,0.5897733071577032
2023-11-01 09:30:00+01:00,0.583434701052532
2023-11-01 09:45:00+01:00,0.5801292798425646
2023-11-01 10:00:00+01:00,0.5797861203464263
2023-11-01 10:15:00+01:00,0.5875349665924228
2023-11-01 10:30:00+01:00,0.5954143794293513
2023-11-01 10:45:00+01:00,0.60336936580042
2023-11-01 11:00:00+01:00,0.6113986935812799
2023-11-01 11:15:00+01:00,0.5899614494220214
2023-11-01 11:30:00+01:00,0.5694396607550251
2023-11-01 11:45:00+01:00,0.5497420384564563
2023-11-01 12:00:00+01:00,0.5308011273147986
2023-11-01 12:15:00+01:00,0.5504935307147096
2023-11-01 12:30:00+01:00,0.5705857827554551
2023-11-01 12:45:00+01:00,0.591178019493782
2023-11-01 13:00:00+01:00,0.6123355545179718
2023-11-01 13:15:00+01:00,0.6233850025643871
2023-11-01 13:30:00+01:00,0.6351147006364333
2023-11-01 13:45:00+01:00,0.6475086893900196
2023-11-01 14:00:00+01:00,0.6605506432354649
2023-11-01 14:15:00+01:00,0.6802018531420753
2023-11-01 14:30:00+01:00,0.6998583050213326
2023-11-01 14:45:00+01:00,0.7195198022223157
2023-11-01 15:00:00+01:00,0.7391861577621971
2023-11-01 15:15:00+01:00,0.7797434364472018
2023-11-01 15:30:00+01:00,0.8215410157055518
2023-11-01 15:45:00+01:00,0.8651172921095153
2023-11-01 16:00:00+01:00,0.8959108943536064
2023-11-01 16:15:00+01:00,0.8999462119664814
2023-11-01 16:30:00+01:00,0.9048721723431457
2023-11-01 16:45:00+01:00,0.9106746188762266
2023-11-01 17:00:00+01:00,0.9173372578815647
2023-11-01 17:15:00+01:00,0.9115401739966474
2023-11-01 17:30:00+01:00,0.9066239351369929
2023-11-01 17:45:00+01:00,0.9026026371408942
2023-11-01 18:00:00+01:00,0.8994880340875158
2023-11-01 18:15:00+01:00,0.8968611431634662
2023-11-01 18:30:00+01:00,0.894406475152864
2023-11-01 18:45:00+01:00,0.8921254219441216
2023-11-01 19:00:00+01:00,0.8900192904538627
2023-11-01 19:15:00+01:00,0.889877246613122
2023-11-01 19:30:00+01:00,0.8898373154834344
2023-11-01 19:45:00+01:00,0.8898995105225991
2023-11-01 20:00:00+01:00,0.8900638107703436
2023-11-01 20:15:00+01:00,0.8787337473986382
2023-11-01 20:30:00+01:00,0.8650393609356996
2023-11-01 20:45:00+01:00,0.8470511963790359
2023-11-01 21:00:00+01:00,0.8290665491828227
2023-11-01 21:15:00+01:00,0.8134247883925758
2023-11-01 21:30:00+01:00,0.7986577676213256
2023-11-01 21:45:00+01:00,0.784794675499361
2023-11-01 22:00:00+01:00,0.7718641067932545
2023-11-01 22:15:00+01:00,0.7357270241741163
2023-11-01 22:30:00+01:00,0.6990177674151431
2023-11-01 22:45:00+01:00,0.6691835793483291
2023-11-01 23:00:00+01:00,0.6466350096730178
2023-11-01 23:15:00+01:00,0.6505052378462599
2023-11-01 23:30:00+01:00,0.6556116537948481
2023-11-01 23:45:00+01:00,0.6619417520015204
2023-11-02 00:00:00+01:00,0.6694802630252871
2023-11-02 00:15:00+01:00,0.6876868573122197
2023-11-02 00:30:00+01:00,0.707051730743081
2023-11-02 00:45:00+01:00,0.7275322930805339
2023-11-02 01:00:00+01:00,0.747877206632457
2023-11-02 01:15:00+01:00,0.7691076719778067
2023-11-02 01:30:00+01:00,0.7903527493802024
2023-11-02 01:45:00+01:00,0.8116117512619409
2023-11-02 02:00:00+01:00,0.8328840321081489
2023-11-02 02:15:00+01:00,0.8351589097460911
2023-11-02 02:30:00+01:00,0.8408673079089537
2023-11-02 02:45:00+01:00,0.8499670110625444
2023-11-02 03:00:00+01:00,0.8623921394819978
2023-11-02 03:15:00+01:00,0.8961505385247146
2023-11-02 03:30:00+01:00,0.926744239536055
2023-11-02 03:45:00+01:00,0.9546406580755755
2023-11-02 04:00:00+01:00,0.96827680957378
2023-11-02 04:15:00+01:00,0.9742038788707628
2023-11-02 04:30:00+01:00,0.9803005651361811
2023-11-02 04:45:00+01:00,0.9865601643666653
2023-11-02 05:00:00+01:00,0.9897222106888522
2023-11-02 05:15:00+01:00,0.9926049452755513
2023-11-02 05:30:00+01:00,0.9954935426096159
2023-11-02 05:45:00+01:00,0.9983876948815378
2023-11-02 06:00:00+01:00,1.0
2023-11-02 06:15:00+01:00,1.0
2023-11-02 06:30:00+01:00,1.0
2023-11-02 06:45:00+01:00,1.0
2023-11-02 07:00:00+01:00,1.0
2023-11-02 07:15:00+01:00,1.0
2023-11-02 07:30:00+01:00,1.0
2023-11-02 07:45:00+01:00,1.0
2023-11-02 08:00:00+01:00,1.0
2023-11-02 08:15:00+01:00,1.0
2023-11-02 08:30:00+01:00,1.0
2023-11-02 08:45:00+01:00,1.0
2023-11-02 09:00:00+01:00,1.0
2023-11-02 09:15:00+01:00,1.0
2023-11-02 09:30:00+01:00,1.0
2023-11-02 09:45:00+01:00,1.0
2023-11-02 10:00:00+01:00,1.0
2023-11-02 10:15:00+01:00,1.0
2023-11-02 10:30:00+01:00,1.0
2023-11-02 10:45:00+01:00,1.0
2023-11-02 11:00:00+01:00,1.0
2023-11-02 11:15:00+01:00,1.0
2023-11-02 11:30:00+01:00,1.0
2023-11-02 11:45:00+01:00,1.0
2023-11-02 12:00:00+01:00,1.0
2023-11-02 12:15:00+01:00,1.0
2023-11-02 12:30:00+01:00,1.0
2023-11-02 12:45:00+01:00,1.0
2023-11-02 13:00:00+01:00,1.0
2023-11-02 13:15:00+01:00,1.0
2023-11-02 13:30:00+01:00,1.0
2023-11-02 13:45:00+01:00,1.0
2023-11-02 14:00:00+01:00,1.0
2023-11-02 14:15:00+01:00,1.0
2023-11-02 14:30:00+01:00,1.0
2023-11-02 14:45:00+01:00,1.0
2023-11-02 15:00:00+01:00,1.0
2023-11-02 15:15:00+01:00,1.0
2023-11-02 15:30:00+01:00,1.0
2023-11-02 15:45:00+01:00,1.0
2023-11-02 16:00:00+01:00,1.0
2023-11-02 16:15:00+01:00,1.0
2023-11-02 16:30:00+01:00,1.0
2023-11-02 16:45:00+01:00,1.0
2023-11-02 17:00:00+01:00,1.0
2023-11-02 17:15:00+01:00,1.0
2023-11-02 17:30:00+01:00,1.0
2023-11-02 17:45:00+01:00,1.0
2023-11-02 18:00:00+01:00,1.0
2023-11-02 18:15:00+01:00,1.0
2023-11-02 18:30:00+01:00,1.0
2023-11-02 18:45:00+01:00,1.0
2023-11-02 19:00:00+01:00,1.0
2023-11-02 19:15:00+01:00,1.0
2023-11-02 19:30:00+01:00,1.0
2023-11-02 19:45:00+01:00,1.0
2023-11-02 20:00:00+01:00,1.0
2023-11-02 20:15:00+01:00,1.0
2023-11-02 20:30:00+01:00,1.0
2023-11-02 20:45:00+01:00,1.0
2023-11-02 21:00:00+01:00,1.0
2023-11-02 21:15:00+01:00,1.0
2023-11-02 21:30:00+01:00,1.0
2023-11-02 21:45:00+01:00,1.0
2023-11-02 22:00:00+01:00,1.0
2023-11-02 22:15:00+01:00,1.0
2023-11-02 22:30:00+01:00,1.0
2023-11-02 22:45:00+01:00,0.9995782500653949
2023-11-02 23:00:00+01:00,0.9931593570093483
2023-11-02 23:15:00+01:00,0.9927595606257883
2023-11-02 23:30:00+01:00,0.9923618969675718
2023-11-02 23:45:00+01:00,0.9919663820737413
2023-11-03 00:00:00+01:00,0.9915730320565941
2023-11-03 00:15:00+01:00,0.9904455959562964
2023-11-03 00:30:00+01:00,0.989320979438896
2023-11-03 00:45:00+01:00,0.988199243930761
2023-11-03 01:00:00+01:00,0.9850508812832425
2023-11-03 01:15:00+01:00,0.9831708771484308
2023-11-03 01:30:00+01:00,0.9812909045544109
2023-11-03 01:45:00+01:00,0.9794109638916283
2023-11-03 02:00:00+01:00,0.9775310555569926
2023-11-03 02:15:00+01:00,0.9795299958276673
2023-11-03 02:30:00+01:00,0.9815795629799923
2023-11-03 02:45:00+01:00,0.9836790801060322
2023-11-03 03:00:00+01:00,0.9858278662539391
2023-11-03 03:15:00+01:00,0.9852528214987246
2023-11-03 03:30:00+01:00,0.9847293609293515
2023-11-03 03:45:00+01:00,0.9842576604763333
2023-11-03 04:00:00+01:00,0.9838378793599071
2023-11-03 04:15:00+01:00,0.9839550845644651
2023-11-03 04:30:00+01:00,0.9841042701140964
2023-11-03 04:45:00+01:00,0.9842854049257058
2023-11-03 05:00:00+01:00,0.9844984513136253
2023-11-03 05:15:00+01:00,0.9820895246366783
2023-11-03 05:30:00+01:00,0.9797717891375023
2023-11-03 05:45:00+01:00,0.9775466422597717
2023-11-03 06:00:00+01:00,0.9754154526099263
2023-11-03 06:15:00+01:00,0.972555795122913
2023-11-03 06:30:00+01:00,0.9697446346073662
2023-11-03 06:45:00+01:00,0.9669828939498293
2023-11-03 07:00:00+01:00,0.9642715027536395
2023-11-03 07:15:00+01:00,0.9612961342380191
2023-11-03 07:30:00+01:00,0.9583244459766632
2023-11-03 07:45:00+01:00,0.9553565139976958
2023-11-03 08:00:00+01:00,0.9523924163377708
2023-11-03 08:15:00+01:00,0.9453323339651759
2023-11-03 08:30:00+01:00,0.938461040952402
2023-11-03 08:45:00+01:00,0.9317974659958999
2023-11-03 09:00:00+01:00,0.9253460060378655
2023-11-03 09:15:00+01:00,0.8917833984105804
2023-11-03 09:30:00+01:00,0.8506818390090726
2023-11-03 09:45:00+01:00,0.7978645374598179
2023-11-03 10:00:00+01:00,0.7453366179189225
2023-11-03 10:15:00+01:00,0.6911044893657851
2023-11-03 10:30:00+01:00,0.6439925576436444
2023-11-03 10:45:00+01:00,0.605346147563796
2023-11-03 11:00:00+01:00,0.5759642796239701
2023-11-03 11:15:00+01:00,0.6498179499700197
2023-11-03 11:30:00+01:00,0.7238805743041767
2023-11-03 11:45:00+01:00,0.7873227240601618
2023-11-03 12:00:00+01:00,0.8471419645893219
2023-11-03 12:15:00+01:00,0.8785462067872108
2023-11-03 12:30:00+01:00,0.9029170555456731
2023-11-03 12:45:00+01:00,0.9290982978667353
2023-11-03 13:00:00+01:00,0.9543941726917552
2023-11-03 13:15:00+01:00,0.9303654923879777
2023-11-03 13:30:00+01:00,0.9038592594227507
2023-11-03 13:45:00+01:00,0.8774319860485865
2023-11-03 14:00:00+01:00,0.8391275108525014
2023-11-03 14:15:00+01:00,0.8194608690467058
2023-11-03 14:30:00+01:00,0.800160164250442
2023-11-03 14:45:00+01:00,0.7812413987882758
2023-11-03 15:00:00+01:00,0.7627211764897674
2023-11-03 15:15:00+01:00,0.7617065970132878
2023-11-03 15:30:00+01:00,0.7607107692515582
2023-11-03 15:45:00+01:00,0.7597337362115085
2023-11-03 16:00:00+01:00,0.758775540216287
2023-11-03 16:15:00+01:00,0.7604103121063838
2023-11-03 16:30:00+01:00,0.7620853883094642
2023-11-03 16:45:00+01:00,0.7638006138206126
2023-11-03 17:00:00+01:00,0.7655558307421754
2023-11-03 17:15:00+01:00,0.7680110655564535
2023-11-03 17:30:00+01:00,0.770630046386516
2023-11-03 17:45:00+01:00,0.7734117958161874
2023-11-03 18:00:00+01:00,0.7763552841827551
2023-11-03 18:15:00+01:00,0.7785408848392866
2023-11-03 18:30:00+01:00,0.7809146519731797
2023-11-03 18:45:00+01:00,0.7834755752876438
2023-11-03 19:00:00+01:00,0.7862225729233465
2023-11-03 19:15:00+01:00,0.7851280107873969
2023-11-03 19:30:00+01:00,0.7840529518028133
2023-11-03 19:45:00+01:00,0.7829974434115371
2023-11-03 20:00:00+01:00,0.7819615323425645
2023-11-03 20:15:00+01:00,0.776622479923431
2023-11-03 20:30:00+01:00,0.7712995586023894
2023-11-03 20:45:00+01:00,0.7659929651886213
2023-11-03 21:00:00+01:00,0.7607028990873754
2023-11-03 21:15:00+01:00,0.7608709562978031
2023-11-03 21:30:00+01:00,0.7610758386075083
2023-11-03 21:45:00+01:00,0.7613175286611219
2023-11-03 22:00:00+01:00,0.7615960059993445
2023-11-03 22:15:00+01:00,0.7488785383658155
2023-11-03 22:30:00+01:00,0.735293335777077
2023-11-03 22:45:00+01:00,0.7210241566755824
2023-11-03 23:00:00+01:00,0.7075416065962142
2023-11-03 23:15:00+01:00,0.707454163919694
2023-11-03 23:30:00+01:00,0.7075766460366973
2023-11-03 23:45:00+01:00,0.7079090035101967
2023-11-04 00:00:00+01:00,0.7084511022700842
2023-11-04 00:15:00+01:00,0.7220507338744249
2023-11-04 00:30:00+01:00,0.735825045734881
2023-11-04 00:45:00+01:00,0.7484283225492714
2023-11-04 01:00:00+01:00,0.7598007684996279
2023-11-04 01:15:00+01:00,0.7682163532043373
2023-11-04 01:30:00+01:00,0.7766335066238487
2023-11-04 01:45:00+01:00,0.7850521989275566
2023-11-04 02:00:00+01:00,0.7934724010311851
2023-11-04 02:15:00+01:00,0.8007761449308891
2023-11-04 02:30:00+01:00,0.8080921699674372
2023-11-04 02:45:00+01:00,0.8154202776929341
2023-11-04 03:00:00+01:00,0.822760273594835
2023-11-04 03:15:00+01:00,0.8253285683509918
2023-11-04 03:30:00+01:00,0.8281033032050491
2023-11-04 03:45:00+01:00,0.8310832274121721
2023-11-04 04:00:00+01:00,0.8342670089608122
2023-11-04 04:15:00+01:00,0.8197181312137533
2023-11-04 04:30:00+01:00,0.805171011596197
2023-11-04 04:45:00+01:00,0.7906257076470617
2023-11-04 05:00:00+01:00,0.7760822794360894
2023-11-04 05:15:00+01:00,0.7521605733089566
2023-11-04 05:30:00+01:00,0.7259830434044852
2023-11-04 05:45:00+01:00,0.6988986216392284
2023-11-04 06:00:00+01:00,0.6732180104312672
2023-11-04 06:15:00+01:00,0.6735180730819378
2023-11-04 06:30:00+01:00,0.6747714638484483
2023-11-04 06:45:00+01:00,0.6769758388204384
2023-11-04 07:00:00+01:00,0.6801270942876948
2023-11-04 07:15:00+01:00,0.6862833115380128
2023-11-04 07:30:00+01:00,0.692736241324156
2023-11-04 07:45:00+01:00,0.6994821822961131
2023-11-04 08:00:00+01:00,0.7065173305487022
2023-11-04 08:15:00+01:00,0.696905769781641
2023-11-04 08:30:00+01:00,0.6880007379743783
2023-11-04 08:45:00+01:00,0.6798145540929851
2023-11-04 09:00:00+01:00,0.6723587964615351
2023-11-04 09:15:00+01:00,0.6287793365035382
2023-11-04 09:30:00+01:00,0.5868528048660335
2023-11-04 09:45:00+01:00,0.5472741584971172
2023-11-04 10:00:00+01:00,0.5096796629774577
2023-11-04 10:15:00+01:00,0.5740747437163606
2023-11-04 10:30:00+01:00,0.640991935685368
2023-11-04 10:45:00+01:00,0.7095188863433117
2023-11-04 11:00:00+01:00,0.7722533250375038
2023-11-04 11:15:00+01:00,0.7018361585796179
2023-11-04 11:30:00+01:00,0.6309211058159708
2023-11-04 11:45:00+01:00,0.5678063239595924
2023-11-04 12:00:00+01:00,0.5138917053640419
2023-11-04 12:15:00+01:00,0.5782176578148004
2023-11-04 12:30:00+01:00,0.6461915848540455
2023-11-04 12:45:00+01:00,0.7166359824507457
2023-11-04 13:00:00+01:00,0.7801801342060863
2023-11-04 13:15:00+01:00,0.8315900795369772
2023-11-04 13:30:00+01:00,0.8789686953563939
2023-11-04 13:45:00+01:00,0.9118199617175051
2023-11-04 14:00:00+01:00,0.9448756006732417
2023-11-04 14:15:00+01:00,0.95192775361711
2023-11-04 14:30:00+01:00,0.9556662456231365
2023-11-04 14:45:00+01:00,0.9595164948444661
2023-11-04 15:00:00+01:00,0.9637221753424586
2023-11-04 15:15:00+01:00,0.9564812855571674
2023-11-04 15:30:00+01:00,0.946975847686211
2023-11-04 15:45:00+01:00,0.9340694255816344
2023-11-04 16:00:00+01:00,0.9230294601814015
2023-11-04 16:15:00+01:00,0.8961911186052511
2023-11-04 16:30:00+01:00,0.8728653915581048
2023-11-04 16:45:00+01:00,0.8426902698303618
2023-11-04 17:00:00+01:00,0.8181085341704452
2023-11-04 17:15:00+01:00,0.8281444864437292
2023-11-04 17:30:00+01:00,0.838893187684671
2023-11-04 17:45:00+01:00,0.8503381411097015
2023-11-04 18:00:00+01:00,0.862462335941461
2023-11-04 18:15:00+01:00,0.8915680078734928
2023-11-04 18:30:00+01:00,0.917565855695059
2023-11-04 18:45:00+01:00,0.9437594528421489
2023-11-04 19:00:00+01:00,0.9602128479739748
2023-11-04 19:15:00+01:00,0.9532985575884232
2023-11-04 19:30:00+01:00,0.9397102323596273
2023-11-04 19:45:00+01:00,0.9259245397473171
2023-11-04 20:00:00+01:00,0.9131465901880199
2023-11-04 20:15:00+01:00,0.8976850131628212
2023-11-04 20:30:00+01:00,0.8822285130394927
2023-11-04 20:45:00+01:00,0.8640413462480817
2023-11-04 21:00:00+01:00,0.8395102099284986
2023-11-04 21:15:00+01:00,0.8344284211799373
2023-11-04 21:30:00+01:00,0.8294729076742262
2023-11-04 21:45:00+01:00,0.8246450421893952
2023-11-04 22:00:00+01:00,0.8199461813433147
2023-11-04 22:15:00+01:00,0.8373958656758062
2023-11-04 22:30:00+01:00,0.8557728938339212
2023-11-04 22:45:00+01:00,0.873703195120888
2023-11-04 23:00:00+01:00,0.8863737202416976
2023-11-04 23:15:00+01:00,0.8868716101157245
2023-11-04 23:30:00+01:00,0.8873742826613011
2023-11-04 23:45:00+01:00,0.8878817299259305
2023-11-05 00:00:00+01:00,0.8883939438994498
2023-11-05 00:15:00+01:00,0.8546651347020601
2023-11-05 00:30:00+01:00,0.8118455313380631
2023-11-05 00:45:00+01:00,0.7700017372243501
2023-11-05 01:00:00+01:00,0.7259494538906958
2023-11-05 01:15:00+01:00,0.6980948084966254
2023-11-05 01:30:00+01:00,0.6723668866096295
2023-11-05 01:45:00+01:00,0.6488750330107015
2023-11-05 02:00:00+01:00,0.627725722346363
2023-11-05 02:15:00+01:00,0.6145372234595681
2023-11-05 02:30:00+01:00,0.6020088034743828
2023-11-05 02:45:00+01:00,0.5901576608108521
2023-11-05 03:00:00+01:00,0.5790652855383206
2023-11-05 03:15:00+01:00,0.5631842637157978
2023-11-05 03:30:00+01:00,0.5478141748736183
2023-11-05 03:45:00+01:00,0.5329722922568126
2023-11-05 04:00:00+01:00,0.518676042051594
2023-11-05 04:15:00+01:00,0.5026511809683625
2023-11-05 04:30:00+01:00,0.49177081511616844
2023-11-05 04:45:00+01:00,0.48616244294510713
2023-11-05 05:00:00+01:00,0.48589342555111104
2023-11-05 05:15:00+01:00,0.47386523151295656
2023-11-05 05:30:00+01:00,0.46380641107270054
2023-11-05 05:45:00+01:00,0.4557631514343801
2023-11-05 06:00:00+01:00,0.44977342775026097
2023-11-05 06:15:00+01:00,0.4436972666267205
2023-11-05 06:30:00+01:00,0.4385580785518312
2023-11-05 06:45:00+01:00,0.4343672803301906
2023-11-05 07:00:00+01:00,0.4311343194713513
2023-11-05 07:15:00+01:00,0.43862223344047147
2023-11-05 07:30:00+01:00,0.4462678950743676
2023-11-05 07:45:00+01:00,0.4540684886585817
2023-11-05 08:00:00+01:00,0.46202121005262187
2023-11-05 08:15:00+01:00,0.49718068092807194
2023-11-05 08:30:00+01:00,0.5331075053974714
2023-11-05 08:45:00+01:00,0.5697426384943401
2023-11-05 09:00:00+01:00,0.6073910149575542
2023-11-05 09:15:00+01:00,0.644132419853519
2023-11-05 09:30:00+01:00,0.6820939076027341
2023-11-05 09:45:00+01:00,0.721187179147971
2023-11-05 10:00:00+01:00,0.7577456996434901
2023-11-05 10:15:00+01:00,0.7413527889379266
2023-11-05 10:30:00+01:00,0.7236438469728451
2023-11-05 10:45:00+01:00,0.7082803718917835
2023-11-05 11:00:00+01:00,0.695332212558186
2023-11-05 11:15:00+01:00,0.7280517987637305
2023-11-05 11:30:00+01:00,0.7578674634088949
2023-11-05 11:45:00+01:00,0.785347617903707
2023-11-05 12:00:00+01:00,0.8133322877773719
2023-11-05 12:15:00+01:00,0.8252021000226093
2023-11-05 12:30:00+01:00,0.8371643851457231
2023-11-05 12:45:00+01:00,0.8492167592517579
2023-11-05 13:00:00+01:00,0.8613569026404562
2023-11-05 13:15:00+01:00,0.8729577230267713
2023-11-05 13:30:00+01:00,0.8811482092739836
2023-11-05 13:45:00+01:00,0.8896499585626496
2023-11-05 14:00:00+01:00,0.8984543182640747
2023-11-05 14:15:00+01:00,0.9576591464118992
2023-11-05 14:30:00+01:00,0.9876355338477038
2023-11-05 14:45:00+01:00,0.9981815065053682
2023-11-05 15:00:00+01:00,1.0
2023-11-05 15:15:00+01:00,1.0
2023-11-05 15:30:00+01:00,1.0
2023-11-05 15:45:00+01:00,1.0
2023-11-05 16:00:00+01:00,1.0
2023-11-05 16:15:00+01:00,1.0
2023-11-05 16:30:00+01:00,1.0
2023-11-05 16:45:00+01:00,1.0
2023-11-05 17:00:00+01:00,0.9984592908609448
2023-11-05 17:15:00+01:00,0.9965476110832066
2023-11-05 17:30:00+01:00,0.9947092617637836
2023-11-05 17:45:00+01:00,0.9929467766754957
2023-11-05 18:00:00+01:00,0.9912626957637198
2023-11-05 18:15:00+01:00,0.9897415458791418
2023-11-05 18:30:00+01:00,0.9882550745017528
2023-11-05 18:45:00+01:00,0.9842223916800613
2023-11-05 19:00:00+01:00,0.9799801589107047
2023-11-05 19:15:00+01:00,0.9769415000238147
2023-11-05 19:30:00+01:00,0.9739628647391187
2023-11-05 19:45:00+01:00,0.9710454523475119
2023-11-05 20:00:00+01:00,0.9681904686567909
2023-11-05 20:15:00+01:00,0.9659172358798372
2023-11-05 20:30:00+01:00,0.9637208354613948
2023-11-05 20:45:00+01:00,0.9616024238033644
2023-11-05 21:00:00+01:00,0.9595631383318698
2023-11-05 21:15:00+01:00,0.9592256188946342
2023-11-05 21:30:00+01:00,0.959006231983667
2023-11-05 21:45:00+01:00,0.9589051562957887
2023-11-05 22:00:00+01:00,0.9589224742812413
2023-11-05 22:15:00+01:00,0.9502410185658675
2023-11-05 22:30:00+01:00,0.9335147124224159
2023-11-05 22:45:00+01:00,0.9170424065815199
2023-11-05 23:00:00+01:00,0.9008377462272114
2023-11-05 23:15:00+01:00,0.8900313495050007
2023-11-05 23:30:00+01:00,0.8792374944990513
2023-11-05 23:45:00+01:00,0.8667084431484219
2023-11-06 00:00:00+01:00,0.8496073152330027
2023-11-06 00:15:00+01:00,0.8480761877989802
2023-11-06 00:30:00+01:00,0.8466234353501242
2023-11-06 00:45:00+01:00,0.8452493039614997
2023-11-06 01:00:00+01:00,0.8439540273397815
2023-11-06 01:15:00+01:00,0.8537265744948306
2023-11-06 01:30:00+01:00,0.863590289363676
2023-11-06 01:45:00+01:00,0.8727600466009392
2023-11-06 02:00:00+01:00,0.8790817626128903
2023-11-06 02:15:00+01:00,0.8890041826158179
2023-11-06 02:30:00+01:00,0.8995268915056587
2023-11-06 02:45:00+01:00,0.9106295060898284
2023-11-06 03:00:00+01:00,0.9222915075168298
2023-11-06 03:15:00+01:00,0.9133609053847985
2023-11-06 03:30:00+01:00,0.9044311841860224
2023-11-06 03:45:00+01:00,0.8955023697249573
2023-11-06 04:00:00+01:00,0.8865744888210451
2023-11-06 04:15:00+01:00,0.8862721300784847
2023-11-06 04:30:00+01:00,0.886470575997675
2023-11-06 04:45:00+01:00,0.8871694975759246
2023-11-06 05:00:00+01:00,0.8883677383648275
2023-11-06 05:15:00+01:00,0.895880824323175
2023-11-06 05:30:00+01:00,0.9034905700539747
2023-11-06 05:45:00+01:00,0.9111946034158579
2023-11-06 06:00:00+01:00,0.9189906012812371
2023-11-06 06:15:00+01:00,0.9215798441795361
2023-11-06 06:30:00+01:00,0.9242002663115934
2023-11-06 06:45:00+01:00,0.9268516085501977
2023-11-06 07:00:00+01:00,0.9295336116246485
2023-11-06 07:15:00+01:00,0.9363133610783907
2023-11-06 07:30:00+01:00,0.9433440605995915
2023-11-06 07:45:00+01:00,0.9506202515680171
2023-11-06 08:00:00+01:00,0.9549201425740734
2023-11-06 08:15:00+01:00,0.9553584609526196
2023-11-06 08:30:00+01:00,0.9558832175852658
2023-11-06 08:45:00+01:00,0.9564940979771125
2023-11-06 09:00:00+01:00,0.9571907379363671
2023-11-06 09:15:00+01:00,0.9362679354873386
2023-11-06 09:30:00+01:00,0.9097577831555507
2023-11-06 09:45:00+01:00,0.8837971658638921
2023-11-06 10:00:00+01:00,0.8507914995589626
2023-11-06 10:15:00+01:00,0.887688594294914
2023-11-06 10:30:00+01:00,0.9177065009877652
2023-11-06 10:45:00+01:00,0.9484174514465732
2023-11-06 11:00:00+01:00,0.9644588495216022
2023-11-06 11:15:00+01:00,0.9641155390205998
2023-11-06 11:30:00+01:00,0.9638374192873896
2023-11-06 11:45:00+01:00,0.9636246139933182
2023-11-06 12:00:00+01:00,0.9634772179776933
2023-11-06 12:15:00+01:00,0.9570768855572875
2023-11-06 12:30:00+01:00,0.9488317018362716
2023-11-06 12:45:00+01:00,0.934966407658597
2023-11-06 13:00:00+01:00,0.9214436950504419
2023-11-06 13:15:00+01:00,0.9059312252194691
2023-11-06 13:30:00+01:00,0.8905675432024913
2023-11-06 13:45:00+01:00,0.8753603164352602
2023-11-06 14:00:00+01:00,0.8537818327510515
2023-11-06 14:15:00+01:00,0.8279105660703673
2023-11-06 14:30:00+01:00,0.8020835174608453
2023-11-06 14:45:00+01:00,0.7763032840821046
2023-11-06 15:00:00+01:00,0.7505726652562431
2023-11-06 15:15:00+01:00,0.7279129419070273
2023-11-06 15:30:00+01:00,0.7034646785657471
2023-11-06 15:45:00+01:00,0.6790886155845894
2023-11-06 16:00:00+01:00,0.6547882561453356
2023-11-06 16:15:00+01:00,0.6407314558567583
2023-11-06 16:30:00+01:00,0.6266927786828436
2023-11-06 16:45:00+01:00,0.6126727456105053
2023-11-06 17:00:00+01:00,0.5986718970562473
2023-11-06 17:15:00+01:00,0.6169224376478886
2023-11-06 17:30:00+01:00,0.6352137918847913
2023-11-06 17:45:00+01:00,0.6535444725688605
2023-11-06 18:00:00+01:00,0.6719130609182791
2023-11-06 18:15:00+01:00,0.6640288360871729
2023-11-06 18:30:00+01:00,0.6561905780490978
2023-11-06 18:45:00+01:00,0.6483990070288989
2023-11-06 19:00:00+01:00,0.6406548539507166
2023-11-06 19:15:00+01:00,0.6470936120185098
2023-11-06 19:30:00+01:00,0.6535789282357982
2023-11-06 19:45:00+01:00,0.6601102037013694
2023-11-06 20:00:00+01:00,0.6666868456060302
2023-11-06 20:15:00+01:00,0.6659598426497896
2023-11-06 20:30:00+01:00,0.6653783136189104
2023-11-06 20:45:00+01:00,0.6649424257763169
2023-11-06 21:00:00+01:00,0.6646523046628812
2023-11-06 21:15:00+01:00,0.673385883578203
2023-11-06 21:30:00+01:00,0.6827620798911019
2023-11-06 21:45:00+01:00,0.6927691951577579
2023-11-06 22:00:00+01:00,0.7033950547708464
2023-11-06 22:15:00+01:00,0.7008375696546201
2023-11-06 22:30:00+01:00,0.6983792719418733
2023-11-06 22:45:00+01:00,0.6960206340530818
2023-11-06 23:00:00+01:00,0.6937621120808479
2023-11-06 23:15:00+01:00,0.6823767469229451
2023-11-06 23:30:00+01:00,0.671143571039826
2023-11-06 23:45:00+01:00,0.6600659754347238
2023-11-07 00:00:00+01:00,0.6491474035138981
2023-11-07 00:15:00+01:00,0.6472203684410732
2023-11-07 00:30:00+01:00,0.6454185514373976
2023-11-07 00:45:00+01:00,0.6437424049122524
2023-11-07 01:00:00+01:00,0.6421923516796233
2023-11-07 01:15:00+01:00,0.6443692936416645
2023-11-07 01:30:00+01:00,0.6468134086719293
2023-11-07 01:45:00+01:00,0.6495233924235118
2023-11-07 02:00:00+01:00,0.6524978085689358
2023-11-07 02:15:00+01:00,0.6318201575229262
2023-11-07 02:30:00+01:00,0.6113755109884875
2023-11-07 02:45:00+01:00,0.5911737689253744
2023-11-07 03:00:00+01:00,0.5714059895387215
2023-11-07 03:15:00+01:00,0.5569151957325642
2023-11-07 03:30:00+01:00,0.542704330721181
2023-11-07 03:45:00+01:00,0.5287821713128407
2023-11-07 04:00:00+01:00,0.5151576753608393
2023-11-07 04:15:00+01:00,0.5182022761310848
2023-11-07 04:30:00+01:00,0.5220320811824056
2023-11-07 04:45:00+01:00,0.5266404452853098
2023-11-07 05:00:00+01:00,0.5320194712704205
2023-11-07 05:15:00+01:00,0.5311213931519643
2023-11-07 05:30:00+01:00,0.5302753484436042
2023-11-07 05:45:00+01:00,0.5294814342230362
2023-11-07 06:00:00+01:00,0.5287397418060871
2023-11-07 06:15:00+01:00,0.524698229316061
2023-11-07 06:30:00+01:00,0.5210863136987091
2023-11-07 06:45:00+01:00,0.5179074460234627
2023-11-07 07:00:00+01:00,0.5151646942337402
2023-11-07 07:15:00+01:00,0.524787355716384
2023-11-07 07:30:00+01:00,0.5347386739193701
2023-11-07 07:45:00+01:00,0.5450115180761168
2023-11-07 08:00:00+01:00,0.5555987417263555
2023-11-07 08:15:00+01:00,0.5642783762925757
2023-11-07 08:30:00+01:00,0.5729696612250257
2023-11-07 08:45:00+01:00,0.5816723814843376
2023-11-07 09:00:00+01:00,0.5904931905589884
2023-11-07 09:15:00+01:00,0.659999354039042
2023-11-07 09:30:00+01:00,0.7302596842898714
2023-11-07 09:45:00+01:00,0.7898620527977638
2023-11-07 10:00:00+01:00,0.8474850863195832
2023-11-07 10:15:00+01:00,0.7769618899569843
2023-11-07 10:30:00+01:00,0.6976767619099329
2023-11-07 10:45:00+01:00,0.6101876867466733
2023-11-07 11:00:00+01:00,0.5236111797415244
2023-11-07 11:15:00+01:00,0.5328254064394671
2023-11-07 11:30:00+01:00,0.5421383465407381
2023-11-07 11:45:00+01:00,0.551548005156891
2023-11-07 12:00:00+01:00,0.5610524208990761
2023-11-07 12:15:00+01:00,0.5468086988826145
2023-11-07 12:30:00+01:00,0.5326329766253224
2023-11-07 12:45:00+01:00,0.5185273970562326
2023-11-07 13:00:00+01:00,0.5044941828118469
2023-11-07 13:15:00+01:00,0.5097125259430193
2023-11-07 13:30:00+01:00,0.5150234248961829
2023-11-07 13:45:00+01:00,0.520425788442181
2023-11-07 14:00:00+01:00,0.5259185240862577
2023-11-07 14:15:00+01:00,0.563707404708861
2023-11-07 14:30:00+01:00,0.6017715056853733
2023-11-07 14:45:00+01:00,0.6401329914691297
2023-11-07 15:00:00+01:00,0.678494497832383
2023-11-07 15:15:00+01:00,0.6723186365827222
2023-11-07 15:30:00+01:00,0.6664609449864215
2023-11-07 15:45:00+01:00,0.6609251177527341
2023-11-07 16:00:00+01:00,0.6557146993271242
2023-11-07 16:15:00+01:00,0.628239268520116
2023-11-07 16:30:00+01:00,0.6012415200841272
2023-11-07 16:45:00+01:00,0.5748766948573298
2023-11-07 17:00:00+01:00,0.54930462047691
2023-11-07 17:15:00+01:00,0.5609225061404619
2023-11-07 17:30:00+01:00,0.5733224576181982
2023-11-07 17:45:00+01:00,0.5865316867805156
2023-11-07 18:00:00+01:00,0.6006443496565226
2023-11-07 18:15:00+01:00,0.6203333015074494
2023-11-07 18:30:00+01:00,0.6400432882156175
2023-11-07 18:45:00+01:00,0.6597734872526532
2023-11-07 19:00:00+01:00,0.6795231176430819
2023-11-07 19:15:00+01:00,0.7023085725102787
2023-11-07 19:30:00+01:00,0.7251296996913138
2023-11-07 19:45:00+01:00,0.7469900209886403
2023-11-07 20:00:00+01:00,0.7654370475262535
2023-11-07 20:15:00+01:00,0.7771570572619614
2023-11-07 20:30:00+01:00,0.7891683779700569
2023-11-07 20:45:00+01:00,0.8014632012006375
2023-11-07 21:00:00+01:00,0.8140338205050757
2023-11-07 21:15:00+01:00,0.8120939909795335
2023-11-07 21:30:00+01:00,0.8103626620194274
2023-11-07 21:45:00+01:00,0.8088406348020184
2023-11-07 22:00:00+01:00,0.8075286170429272
2023-11-07 22:15:00+01:00,0.7887135009818887
2023-11-07 22:30:00+01:00,0.7701222461415211
2023-11-07 22:45:00+01:00,0.7517644967523317
2023-11-07 23:00:00+01:00,0.7314338715067454
2023-11-07 23:15:00+01:00,0.7433917566591006
2023-11-07 23:30:00+01:00,0.7531367218914076
2023-11-07 23:45:00+01:00,0.7628851436759844
2023-11-08 00:00:00+01:00,0.7726369451688637
2023-11-08 00:15:00+01:00,0.7575651032496286
2023-11-08 00:30:00+01:00,0.7424605953653947
2023-11-08 00:45:00+01:00,0.723872166810075
2023-11-08 01:00:00+01:00,0.7053426592891234
2023-11-08 01:15:00+01:00,0.6928015679976894
2023-11-08 01:30:00+01:00,0.6802698981122128
2023-11-08 01:45:00+01:00,0.6677478826378634
2023-11-08 02:00:00+01:00,0.655235762138493
2023-11-08 02:15:00+01:00,0.663304700935383
2023-11-08 02:30:00+01:00,0.6714206186994334
2023-11-08 02:45:00+01:00,0.6795827687863162
2023-11-08 03:00:00+01:00,0.6877904161705487
2023-11-08 03:15:00+01:00,0.6982632525007709
2023-11-08 03:30:00+01:00,0.7087360993173314
2023-11-08 03:45:00+01:00,0.7192089564105901
2023-11-08 04:00:00+01:00,0.7296818235764608
2023-11-08 04:15:00+01:00,0.7233230059324879
2023-11-08 04:30:00+01:00,0.7171072607167035
2023-11-08 04:45:00+01:00,0.711036294387665
2023-11-08 05:00:00+01:00,0.7051117999514352
2023-11-08 05:15:00+01:00,0.701726538460236
2023-11-08 05:30:00+01:00,0.6990657797074518
2023-11-08 05:45:00+01:00,0.6971332559518397
2023-11-08 06:00:00+01:00,0.6959316940315634
2023-11-08 06:15:00+01:00,0.6952168427686111
2023-11-08 06:30:00+01:00,0.6946498449937021
2023-11-08 06:45:00+01:00,0.6942308633189458
2023-11-08 07:00:00+01:00,0.6939600180594026
2023-11-08 07:15:00+01:00,0.6930634750137339
2023-11-08 07:30:00+01:00,0.6922622104937856
2023-11-08 07:45:00+01:00,0.6915563728410173
2023-11-08 08:00:00+01:00,0.6909460929853167
2023-11-08 08:15:00+01:00,0.6919283630416574
2023-11-08 08:30:00+01:00,0.6931249064230599
2023-11-08 08:45:00+01:00,0.6945352259068096
2023-11-08 09:00:00+01:00,0.6961587374086601
2023-11-08 09:15:00+01:00,0.6703659859553306
2023-11-08 09:30:00+01:00,0.6455410058439613
2023-11-08 09:45:00+01:00,0.6217326914787125
2023-11-08 10:00:00+01:00,0.598991075892674
2023-11-08 10:15:00+01:00,0.5822847298733022
2023-11-08 10:30:00+01:00,0.5664796456939992
2023-11-08 10:45:00+01:00,0.5513650241986368
2023-11-08 11:00:00+01:00,0.5369637531268326
2023-11-08 11:15:00+01:00,0.5769520333077037
2023-11-08 11:30:00+01:00,0.6176718647138102
2023-11-08 11:45:00+01:00,0.6586927186905068
2023-11-08 12:00:00+01:00,0.699901709500753
2023-11-08 12:15:00+01:00,0.8104848777618211
2023-11-08 12:30:00+01:00,0.8988067481350596
2023-11-08 12:45:00+01:00,0.9582365444859611
2023-11-08 13:00:00+01:00,0.9881033202146373
2023-11-08 13:15:00+01:00,0.9733821777078276
2023-11-08 13:30:00+01:00,0.9586908550375219
2023-11-08 13:45:00+01:00,0.9334982291317268
2023-11-08 14:00:00+01:00,0.9004406909771253
2023-11-08 14:15:00+01:00,0.8984480881757493
2023-11-08 14:30:00+01:00,0.8979207468715665
2023-11-08 14:45:00+01:00,0.8988611924591328
2023-11-08 15:00:00+01:00,0.9012649252594859
2023-11-08 15:15:00+01:00,0.9012751800751911
2023-11-08 15:30:00+01:00,0.9020868615698423
2023-11-08 15:45:00+01:00,0.9036978548510524
2023-11-08 16:00:00+01:00,0.9061039843339542
2023-11-08 16:15:00+01:00,0.9055271955256068
2023-11-08 16:30:00+01:00,0.9049754429045638
2023-11-08 16:45:00+01:00,0.9044487713452254
2023-11-08 17:00:00+01:00,0.9039472237822264
2023-11-08 17:15:00+01:00,0.9073301781454668
2023-11-08 17:30:00+01:00,0.9109460923587203
2023-11-08 17:45:00+01:00,0.9147922602997786
2023-11-08 18:00:00+01:00,0.9188658493197924
2023-11-08 18:15:00+01:00,0.9235520566008376
2023-11-08 18:30:00+01:00,0.9287578466658724
2023-11-08 18:45:00+01:00,0.9344747095091723
2023-11-08 19:00:00+01:00,0.940693512295915
2023-11-08 19:15:00+01:00,0.950035666002069
2023-11-08 19:30:00+01:00,0.9555021892060633
2023-11-08 19:45:00+01:00,0.9596915112996154
2023-11-08 20:00:00+01:00,0.9639132796946144
2023-11-08 20:15:00+01:00,0.9691378448437202
2023-11-08 20:30:00+01:00,0.9743792162950972
2023-11-08 20:45:00+01:00,0.9796368143027395
2023-11-08 21:00:00+01:00,0.9849100838077349
2023-11-08 21:15:00+01:00,0.9864361081912015
2023-11-08 21:30:00+01:00,0.9879621326600818
2023-11-08 21:45:00+01:00,0.9885595444680041
2023-11-08 22:00:00+01:00,0.9890682193470707
2023-11-08 22:15:00+01:00,0.9862738560285474
2023-11-08 22:30:00+01:00,0.9815697424945067
2023-11-08 22:45:00+01:00,0.9769029691412933
2023-11-08 23:00:00+01:00,0.9722747016673563
2023-11-08 23:15:00+01:00,0.9691108209736193
2023-11-08 23:30:00+01:00,0.9659576099735012
2023-11-08 23:45:00+01:00,0.9628152985760783
2023-11-09 00:00:00+01:00,0.9596841225139798
2023-11-09 00:15:00+01:00,0.958466558433745
2023-11-09 00:30:00+01:00,0.9572490454331992
2023-11-09 00:45:00+01:00,0.9560315839439968
2023-11-09 01:00:00+01:00,0.9548141744026509
2023-11-09 01:15:00+01:00,0.9552538127508632
2023-11-09 01:30:00+01:00,0.9557165159725538
2023-11-09 01:45:00+01:00,0.9562022100225959
2023-11-09 02:00:00+01:00,0.9567108175172466
2023-11-09 02:15:00+01:00,0.9565709642297024
2023-11-09 02:30:00+01:00,0.9564369635241964
2023-11-09 02:45:00+01:00,0.956308820840623
2023-11-09 03:00:00+01:00,0.9561865413873715
2023-11-09 03:15:00+01:00,0.9537225088117813
2023-11-09 03:30:00+01:00,0.9498954817559988
2023-11-09 03:45:00+01:00,0.944428970472785
2023-11-09 04:00:00+01:00,0.9390233037386245
2023-11-09 04:15:00+01:00,0.921414034915001
2023-11-09 04:30:00+01:00,0.9038482554635308
2023-11-09 04:45:00+01:00,0.88632849668289
2023-11-09 05:00:00+01:00,0.8673450776561903
2023-11-09 05:15:00+01:00,0.849828674906819
2023-11-09 05:30:00+01:00,0.832326993368528
2023-11-09 05:45:00+01:00,0.8148406023418185
2023-11-09 06:00:00+01:00,0.7973701003280088
2023-11-09 06:15:00+01:00,0.7739037158519038
2023-11-09 06:30:00+01:00,0.7523030916750824
2023-11-09 06:45:00+01:00,0.730208879203568
2023-11-09 07:00:00+01:00,0.7083871208803977
2023-11-09 07:15:00+01:00,0.6682840435171227
2023-11-09 07:30:00+01:00,0.6321243184103221
2023-11-09 07:45:00+01:00,0.6002024656312779
2023-11-09 08:00:00+01:00,0.5729604433693017
2023-11-09 08:15:00+01:00,0.5312788766068572
2023-11-09 08:30:00+01:00,0.4910398033226492
2023-11-09 08:45:00+01:00,0.4523789195828355
2023-11-09 09:00:00+01:00,0.4165829657303268
2023-11-09 09:15:00+01:00,0.36962249465870534
2023-11-09 09:30:00+01:00,0.32286098846050765
2023-11-09 09:45:00+01:00,0.2784750199323707
2023-11-09 10:00:00+01:00,0.24279067772612542
2023-11-09 10:15:00+01:00,0.21232854950792396
2023-11-09 10:30:00+01:00,0.1852006485251562
2023-11-09 10:45:00+01:00,0.16559321992834022
2023-11-09 11:00:00+01:00,0.1510539212758066
2023-11-09 11:15:00+01:00,0.15720996866519052
2023-11-09 11:30:00+01:00,0.1635597680568989
2023-11-09 11:45:00+01:00,0.17009571845490215
2023-11-09 12:00:00+01:00,0.17681040549168625
2023-11-09 12:15:00+01:00,0.1821555666579448
2023-11-09 12:30:00+01:00,0.18859373721211697
2023-11-09 12:45:00+01:00,0.19591668191018957
2023-11-09 13:00:00+01:00,0.20409567809674475
2023-11-09 13:15:00+01:00,0.22010723109877603
2023-11-09 13:30:00+01:00,0.23643516998645686
2023-11-09 13:45:00+01:00,0.25305813876228767
2023-11-09 14:00:00+01:00,0.2699563244589491
2023-11-09 14:15:00+01:00,0.2756235284514124
2023-11-09 14:30:00+01:00,0.28189358079220583
2023-11-09 14:45:00+01:00,0.28965276542781315
2023-11-09 15:00:00+01:00,0.2992875660566461
2023-11-09 15:15:00+01:00,0.3594583396079249
2023-11-09 15:30:00+01:00,0.41964005126951276
2023-11-09 15:45:00+01:00,0.4861951566117155
2023-11-09 16:00:00+01:00,0.5535362791997713
2023-11-09 16:15:00+01:00,0.6100766906861257
2023-11-09 16:30:00+01:00,0.6688052323393603
2023-11-09 16:45:00+01:00,0.7290769692779904
2023-11-09 17:00:00+01:00,0.7814348609754206
2023-11-09 17:15:00+01:00,0.77605820483548
2023-11-09 17:30:00+01:00,0.7707211934940952
2023-11-09 17:45:00+01:00,0.7654243121330543
2023-11-09 18:00:00+01:00,0.7601680501453164
2023-11-09 18:15:00+01:00,0.7549912779376091
2023-11-09 18:30:00+01:00,0.749989235635438
2023-11-09 18:45:00+01:00,0.7451639589362034
2023-11-09 19:00:00+01:00,0.7399541802730503
2023-11-09 19:15:00+01:00,0.7435077254087099
2023-11-09 19:30:00+01:00,0.748710466422709
2023-11-09 19:45:00+01:00,0.7560990801568843
2023-11-09 20:00:00+01:00,0.765636538521032
2023-11-09 20:15:00+01:00,0.802902808958861
2023-11-09 20:30:00+01:00,0.8452898399553276
2023-11-09 20:45:00+01:00,0.8845975422726186
2023-11-09 21:00:00+01:00,0.9168837762526473
2023-11-09 21:15:00+01:00,0.8957495775202323
2023-11-09 21:30:00+01:00,0.8750443193172087
2023-11-09 21:45:00+01:00,0.8450160933515659
2023-11-09 22:00:00+01:00,0.8136425336830196
2023-11-09 22:15:00+01:00,0.8060849341306137
2023-11-09 22:30:00+01:00,0.8005469205651127
2023-11-09 22:45:00+01:00,0.7970535348030218
2023-11-09 23:00:00+01:00,0.7956207861849933
2023-11-09 23:15:00+01:00,0.7842723321090335
2023-11-09 23:30:00+01:00,0.772946674545748
2023-11-09 23:45:00+01:00,0.7616444072519357
2023-11-10 00:00:00+01:00,0.7503661434932484
2023-11-10 00:15:00+01:00,0.7402964588465462
2023-11-10 00:30:00+01:00,0.728760546207976
2023-11-10 00:45:00+01:00,0.717573655798858
2023-11-10 01:00:00+01:00,0.706743300457566
2023-11-10 01:15:00+01:00,0.7118688031454196
2023-11-10 01:30:00+01:00,0.7174951591249588
2023-11-10 01:45:00+01:00,0.7236170042253012
2023-11-10 02:00:00+01:00,0.7302285885086556
2023-11-10 02:15:00+01:00,0.737862055336817
2023-11-10 02:30:00+01:00,0.7453742725518043
2023-11-10 02:45:00+01:00,0.7523020474696165
2023-11-10 03:00:00+01:00,0.7596084367095534
2023-11-10 03:15:00+01:00,0.7564828779722189
2023-11-10 03:30:00+01:00,0.7539041654404405
2023-11-10 03:45:00+01:00,0.7518755665707342
2023-11-10 04:00:00+01:00,0.7503996700857549
2023-11-10 04:15:00+01:00,0.7469226703165913
2023-11-10 04:30:00+01:00,0.7435477365740537
2023-11-10 04:45:00+01:00,0.7396542095600138
2023-11-10 05:00:00+01:00,0.7357230440980541
2023-11-10 05:15:00+01:00,0.7202698393979887
2023-11-10 05:30:00+01:00,0.7050058837381018
2023-11-10 05:45:00+01:00,0.6899367959882202
2023-11-10 06:00:00+01:00,0.6750683435813866
2023-11-10 06:15:00+01:00,0.6799558675669615
2023-11-10 06:30:00+01:00,0.6849954680015655
2023-11-10 06:45:00+01:00,0.6901856543741925
2023-11-10 07:00:00+01:00,0.6955249119247027
2023-11-10 07:15:00+01:00,0.7075431927837745
2023-11-10 07:30:00+01:00,0.7198860710308197
2023-11-10 07:45:00+01:00,0.7325459631178253
2023-11-10 08:00:00+01:00,0.7449995656527567
2023-11-10 08:15:00+01:00,0.7491190194183538
2023-11-10 08:30:00+01:00,0.753611707789129
2023-11-10 08:45:00+01:00,0.7584737651281352
2023-11-10 09:00:00+01:00,0.7637010678756542
2023-11-10 09:15:00+01:00,0.7410907825772908
2023-11-10 09:30:00+01:00,0.7150090214232155
2023-11-10 09:45:00+01:00,0.690552194830452
2023-11-10 10:00:00+01:00,0.6677987312276685
2023-11-10 10:15:00+01:00,0.6739620569659666
2023-11-10 10:30:00+01:00,0.6805419194301235
2023-11-10 10:45:00+01:00,0.6875329791990995
2023-11-10 11:00:00+01:00,0.6949296626671879
2023-11-10 11:15:00+01:00,0.7200984505334563
2023-11-10 11:30:00+01:00,0.7462435833131688
2023-11-10 11:45:00+01:00,0.7693450937205485
2023-11-10 12:00:00+01:00,0.7937476968967138
2023-11-10 12:15:00+01:00,0.8067278590246402
2023-11-10 12:30:00+01:00,0.8208290973409827
2023-11-10 12:45:00+01:00,0.8360170177745577
2023-11-10 13:00:00+01:00,0.852256130235935
2023-11-10 13:15:00+01:00,0.8294676674891226
2023-11-10 13:30:00+01:00,0.8078170380294152
2023-11-10 13:45:00+01:00,0.7873598011882502
2023-11-10 14:00:00+01:00,0.7681518239419342
2023-11-10 14:15:00+01:00,0.7305978218943535
2023-11-10 14:30:00+01:00,0.6870054129798029
2023-11-10 14:45:00+01:00,0.6434685208973591
2023-11-10 15:00:00+01:00,0.5999921382370775
2023-11-10 15:15:00+01:00,0.5688534286476327
2023-11-10 15:30:00+01:00,0.5380932286136466
2023-11-10 15:45:00+01:00,0.5074718535050866
2023-11-10 16:00:00+01:00,0.47699905374352425
2023-11-10 16:15:00+01:00,0.4380149515325517
2023-11-10 16:30:00+01:00,0.40198780593253153
2023-11-10 16:45:00+01:00,0.3672986446646792
2023-11-10 17:00:00+01:00,0.33270182836026546
2023-11-10 17:15:00+01:00,0.26311196251377317
2023-11-10 17:30:00+01:00,0.20506238985013261
2023-11-10 17:45:00+01:00,0.15512062224093984
2023-11-10 18:00:00+01:00,0.11286923530225079
2023-11-10 18:15:00+01:00,0.09254691751655139
2023-11-10 18:30:00+01:00,0.07988295111608548
2023-11-10 18:45:00+01:00,0.06840204227322692
2023-11-10 19:00:00+01:00,0.05829032885387028
2023-11-10 19:15:00+01:00,0.050653145260524675
2023-11-10 19:30:00+01:00,0.043439134069413146
2023-11-10 19:45:00+01:00,0.03892979936471411
2023-11-10 20:00:00+01:00,0.03442160776116726
2023-11-10 20:15:00+01:00,0.02320376438806004
2023-11-10 20:30:00+01:00,0.013196758887150072
2023-11-10 20:45:00+01:00,0.008603245486687774
2023-11-10 21:00:00+01:00,0.00445254464824804
2023-11-10 21:15:00+01:00,0.00031572339876862897
2023-11-10 21:30:00+01:00,0.0007394333005384173
2023-11-10 21:45:00+01:00,0.005549356854272391
2023-11-10 22:00:00+01:00,0.013224192672774424
2023-11-10 22:15:00+01:00,0.04123056002644258
2023-11-10 22:30:00+01:00,0.0912865516474015
2023-11-10 22:45:00+01:00,0.17504414605239976
2023-11-10 23:00:00+01:00,0.29111369320320757
2023-11-10 23:15:00+01:00,0.26831526528240585
2023-11-10 23:30:00+01:00,0.24885382724604513
2023-11-10 23:45:00+01:00,0.23166815675540317
2023-11-11 00:00:00+01:00,0.21692843245261628
2023-11-11 00:15:00+01:00,0.2547146462541379
2023-11-11 00:30:00+01:00,0.29943987677313205
2023-11-11 00:45:00+01:00,0.3575333587834577
2023-11-11 01:00:00+01:00,0.41914673714868456
2023-11-11 01:15:00+01:00,0.4401230563873785
2023-11-11 01:30:00+01:00,0.4619642023699683
2023-11-11 01:45:00+01:00,0.4838330255820026
2023-11-11 02:00:00+01:00,0.5057281675804396
2023-11-11 02:15:00+01:00,0.5119524280522602
2023-11-11 02:30:00+01:00,0.5188767369122934
2023-11-11 02:45:00+01:00,0.5264903813726471
2023-11-11 03:00:00+01:00,0.5347818328343372
2023-11-11 03:15:00+01:00,0.5541124104507776
2023-11-11 03:30:00+01:00,0.5736408999125426
2023-11-11 03:45:00+01:00,0.5935110671118505
2023-11-11 04:00:00+01:00,0.6137128451832569
2023-11-11 04:15:00+01:00,0.596242695078334
2023-11-11 04:30:00+01:00,0.579273161657322
2023-11-11 04:45:00+01:00,0.5629444688431305
2023-11-11 05:00:00+01:00,0.5470798709363562
2023-11-11 05:15:00+01:00,0.534236690219313
2023-11-11 05:30:00+01:00,0.5246329891012788
2023-11-11 05:45:00+01:00,0.5183379412600769
2023-11-11 06:00:00+01:00,0.5153979576982529
2023-11-11 06:15:00+01:00,0.5213909583782749
2023-11-11 06:30:00+01:00,0.5281009210544443
2023-11-11 06:45:00+01:00,0.5355172839782656
2023-11-11 07:00:00+01:00,0.5436286133408053
2023-11-11 07:15:00+01:00,0.5400467598656542
2023-11-11 07:30:00+01:00,0.5367612316881875
2023-11-11 07:45:00+01:00,0.5337741689863297
2023-11-11 08:00:00+01:00,0.5310875354376253
2023-11-11 08:15:00+01:00,0.5291687277268301
2023-11-11 08:30:00+01:00,0.5274445263871496
2023-11-11 08:45:00+01:00,0.5259156732902553
2023-11-11 09:00:00+01:00,0.5245828294123519
2023-11-11 09:15:00+01:00,0.5134083974080378
2023-11-11 09:30:00+01:00,0.5027111068009379
2023-11-11 09:45:00+01:00,0.4925025276320056
2023-11-11 10:00:00+01:00,0.4827940526728876
2023-11-11 10:15:00+01:00,0.46641411960177803
2023-11-11 10:30:00+01:00,0.4502564578610783
2023-11-11 10:45:00+01:00,0.43432958269994076
2023-11-11 11:00:00+01:00,0.419442880869258
2023-11-11 11:15:00+01:00,0.4142000826266376
2023-11-11 11:30:00+01:00,0.4091443941893736
2023-11-11 11:45:00+01:00,0.4042783910330549
2023-11-11 12:00:00+01:00,0.3996045968279704
2023-11-11 12:15:00+01:00,0.40105127856468753
2023-11-11 12:30:00+01:00,0.40251911285762165
2023-11-11 12:45:00+01:00,0.40400801515425794
2023-11-11 13:00:00+01:00,0.4055179001482401
2023-11-11 13:15:00+01:00,0.4047559956752472
2023-11-11 13:30:00+01:00,0.4040047971538795
2023-11-11 13:45:00+01:00,0.4032643265000689
2023-11-11 14:00:00+01:00,0.4025346053753476
2023-11-11 14:15:00+01:00,0.41948080142910527
2023-11-11 14:30:00+01:00,0.438249761647929
2023-11-11 14:45:00+01:00,0.4583953569717976
2023-11-11 15:00:00+01:00,0.47909474086991133
2023-11-11 15:15:00+01:00,0.4919633164971108
2023-11-11 15:30:00+01:00,0.5065260469131484
2023-11-11 15:45:00+01:00,0.5227282566933636
2023-11-11 16:00:00+01:00,0.5405118416040444
2023-11-11 16:15:00+01:00,0.5020640961763846
2023-11-11 16:30:00+01:00,0.46362817131352585
2023-11-11 16:45:00+01:00,0.42530965614636196
2023-11-11 17:00:00+01:00,0.39097443450751973
2023-11-11 17:15:00+01:00,0.3756100279790502
2023-11-11 17:30:00+01:00,0.36043084642495304
2023-11-11 17:45:00+01:00,0.3454449763318155
2023-11-11 18:00:00+01:00,0.3306608695393513
2023-11-11 18:15:00+01:00,0.3264769695879688
2023-11-11 18:30:00+01:00,0.32248947973476066
2023-11-11 18:45:00+01:00,0.31870071180380655
2023-11-11 19:00:00+01:00,0.31511289613477356
2023-11-11 19:15:00+01:00,0.311541895065302
2023-11-11 19:30:00+01:00,0.30844115377176373
2023-11-11 19:45:00+01:00,0.3058150317545083
2023-11-11 20:00:00+01:00,0.30366726344126715
2023-11-11 20:15:00+01:00,0.28797695480886965
2023-11-11 20:30:00+01:00,0.2758834288309915
2023-11-11 20:45:00+01:00,0.264856681005881
2023-11-11 21:00:00+01:00,0.25440396463927006
2023-11-11 21:15:00+01:00,0.2564992073329963
2023-11-11 21:30:00+01:00,0.25953611796933307
2023-11-11 21:45:00+01:00,0.26350304193774937
2023-11-11 22:00:00+01:00,0.26838504306565364
2023-11-11 22:15:00+01:00,0.2825531168836886
2023-11-11 22:30:00+01:00,0.3000026437598049
2023-11-11 22:45:00+01:00,0.3184049172550536
2023-11-11 23:00:00+01:00,0.33682121736932097
2023-11-11 23:15:00+01:00,0.32627010840798504
2023-11-11 23:30:00+01:00,0.31585566147248245
2023-11-11 23:45:00+01:00,0.30558213272537543
2023-11-12 00:00:00+01:00,0.295453895652792
2023-11-12 00:15:00+01:00,0.27216783669913186
2023-11-12 00:30:00+01:00,0.251218830276282
2023-11-12 00:45:00+01:00,0.23038802105062542
2023-11-12 01:00:00+01:00,0.20968623480438348
2023-11-12 01:15:00+01:00,0.20846217370281117
2023-11-12 01:30:00+01:00,0.20786197431235645
2023-11-12 01:45:00+01:00,0.20788728735331566
2023-11-12 02:00:00+01:00,0.20853804309014062
2023-11-12 02:15:00+01:00,0.21404991784932137
2023-11-12 02:30:00+01:00,0.21971509185009017
2023-11-12 02:45:00+01:00,0.22552983323275136
2023-11-12 03:00:00+01:00,0.2314904364939302
2023-11-12 03:15:00+01:00,0.22275830222330337
2023-11-12 03:30:00+01:00,0.21409499892847833
2023-11-12 03:45:00+01:00,0.20550316465066032
2023-11-12 04:00:00+01:00,0.19698555049645713
2023-11-12 04:15:00+01:00,0.1929848029494479
2023-11-12 04:30:00+01:00,0.1890006249767735
2023-11-12 04:45:00+01:00,0.18503331772301268
2023-11-12 05:00:00+01:00,0.18108318835251747
2023-11-12 05:15:00+01:00,0.1644438991664571
2023-11-12 05:30:00+01:00,0.14878946272473104
2023-11-12 05:45:00+01:00,0.13323423248988525
2023-11-12 06:00:00+01:00,0.11778889379850124
2023-11-12 06:15:00+01:00,0.11428209534286865
2023-11-12 06:30:00+01:00,0.11077744790099636
2023-11-12 06:45:00+01:00,0.10727500496921093
2023-11-12 07:00:00+01:00,0.10377482179726305
2023-11-12 07:15:00+01:00,0.10335737209479073
2023-11-12 07:30:00+01:00,0.10302112564313158
2023-11-12 07:45:00+01:00,0.1027662782926362
2023-11-12 08:00:00+01:00,0.10259297890155901
2023-11-12 08:15:00+01:00,0.10293097081430665
2023-11-12 08:30:00+01:00,0.10344451844284937
2023-11-12 08:45:00+01:00,0.10413297721486206
2023-11-12 09:00:00+01:00,0.10499548795960242
2023-11-12 09:15:00+01:00,0.0889400181442762
2023-11-12 09:30:00+01:00,0.07670452809191808
2023-11-12 09:45:00+01:00,0.0646356588583918
2023-11-12 10:00:00+01:00,0.052761672052379555
2023-11-12 10:15:00+01:00,0.038713645239912414
2023-11-12 10:30:00+01:00,0.028268385359920746
2023-11-12 10:45:00+01:00,0.01787114172025937
2023-11-12 11:00:00+01:00,0.010946117889289605
2023-11-12 11:15:00+01:00,0.011381053658927652
2023-11-12 11:30:00+01:00,0.011826213495095605
2023-11-12 11:45:00+01:00,0.012281255195558654
2023-11-12 12:00:00+01:00,0.012745844560857218
2023-11-12 12:15:00+01:00,0.01187779602503415
2023-11-12 12:30:00+01:00,0.011012422412493682
2023-11-12 12:45:00+01:00,0.010149907589613335
2023-11-12 13:00:00+01:00,0.009290451972696135
2023-11-12 13:15:00+01:00,0.00824132172430095
2023-11-12 13:30:00+01:00,0.007280079891393346
2023-11-12 13:45:00+01:00,0.006414174308340653
2023-11-12 14:00:00+01:00,0.005651049626796241
2023-11-12 14:15:00+01:00,0.005154905126401666
2023-11-12 14:30:00+01:00,0.004842682231079267
2023-11-12 14:45:00+01:00,0.004719708535958357
2023-11-12 15:00:00+01:00,0.004788138511992768
2023-11-12 15:15:00+01:00,0.004975567213297599
2023-11-12 15:30:00+01:00,0.0051680067976332175
2023-11-12 15:45:00+01:00,0.005365369560770036
2023-11-12 16:00:00+01:00,0.005567567667518108
2023-11-12 16:15:00+01:00,0.005873465172819976
2023-11-12 16:30:00+01:00,0.006370928675949524
2023-11-12 16:45:00+01:00,0.007051713267348803
2023-11-12 17:00:00+01:00,0.007905281070387729
2023-11-12 17:15:00+01:00,0.007925516360964972
2023-11-12 17:30:00+01:00,0.00798811473222831
2023-11-12 17:45:00+01:00,0.008092853413770288
2023-11-12 18:00:00+01:00,0.008239363145125739
2023-11-12 18:15:00+01:00,0.009980340345561568
2023-11-12 18:30:00+01:00,0.011820707549945736
2023-11-12 18:45:00+01:00,0.013747201424865017
2023-11-12 19:00:00+01:00,0.01805487490115283
2023-11-12 19:15:00+01:00,0.024154330192626552
2023-11-12 19:30:00+01:00,0.030357722238830244
2023-11-12 19:45:00+01:00,0.03664801811241337
2023-11-12 20:00:00+01:00,0.04301154278510232
2023-11-12 20:15:00+01:00,0.04858669469642712
2023-11-12 20:30:00+01:00,0.055493133465769874
2023-11-12 20:45:00+01:00,0.06295613621315714
2023-11-12 21:00:00+01:00,0.07092191398469423
2023-11-12 21:15:00+01:00,0.07803570490632426
2023-11-12 21:30:00+01:00,0.08572604306989172
2023-11-12 21:45:00+01:00,0.09394070029761668
2023-11-12 22:00:00+01:00,0.10710051078433186
2023-11-12 22:15:00+01:00,0.11066902963578511
2023-11-12 22:30:00+01:00,0.11700253701902785
2023-11-12 22:45:00+01:00,0.12598204286307146
2023-11-12 23:00:00+01:00,0.13745019953183388
2023-11-12 23:15:00+01:00,0.12810738674048927
2023-11-12 23:30:00+01:00,0.1187648176191489
2023-11-12 23:45:00+01:00,0.1094225082410831
2023-11-13 00:00:00+01:00,0.10008047612449558
2023-11-13 00:15:00+01:00,0.11752726441962465
2023-11-13 00:30:00+01:00,0.1351900982739716
2023-11-13 00:45:00+01:00,0.1530445441222588
2023-11-13 01:00:00+01:00,0.17106950804573695
2023-11-13 01:15:00+01:00,0.15020078293525962
2023-11-13 01:30:00+01:00,0.12946880417648157
2023-11-13 01:45:00+01:00,0.10889361388392688
2023-11-13 02:00:00+01:00,0.0910384747397399
2023-11-13 02:15:00+01:00,0.09372030734856893
2023-11-13 02:30:00+01:00,0.09823480689142129
2023-11-13 02:45:00+01:00,0.10475209034594128
2023-11-13 03:00:00+01:00,0.11230483578551508
2023-11-13 03:15:00+01:00,0.1251562358841249
2023-11-13 03:30:00+01:00,0.1384687076910246
2023-11-13 03:45:00+01:00,0.1522028796831566
2023-11-13 04:00:00+01:00,0.1663226902192544
2023-11-13 04:15:00+01:00,0.13524706008660628
2023-11-13 04:30:00+01:00,0.10636317792765305
2023-11-13 04:45:00+01:00,0.08583622869314861
2023-11-13 05:00:00+01:00,0.07151820273080488
2023-11-13 05:15:00+01:00,0.08694537090049688
2023-11-13 05:30:00+01:00,0.10686239229977389
2023-11-13 05:45:00+01:00,0.13194020141131638
2023-11-13 06:00:00+01:00,0.15714125975071427
2023-11-13 06:15:00+01:00,0.18267723702221914
2023-11-13 06:30:00+01:00,0.21576606351987615
2023-11-13 06:45:00+01:00,0.2498034241883853
2023-11-13 07:00:00+01:00,0.28466142900007557
2023-11-13 07:15:00+01:00,0.3293567100379817
2023-11-13 07:30:00+01:00,0.37448825686388104
2023-11-13 07:45:00+01:00,0.41972867239088785
2023-11-13 08:00:00+01:00,0.4696775094437816
2023-11-13 08:15:00+01:00,0.46520369694342034
2023-11-13 08:30:00+01:00,0.46601793971921684
2023-11-13 08:45:00+01:00,0.4721103247921336
2023-11-13 09:00:00+01:00,0.48340745770060756
2023-11-13 09:15:00+01:00,0.4798726628922671
2023-11-13 09:30:00+01:00,0.4875358591880333
2023-11-13 09:45:00+01:00,0.5062045346407892
2023-11-13 10:00:00+01:00,0.5354276643353653
2023-11-13 10:15:00+01:00,0.5869897456794274
2023-11-13 10:30:00+01:00,0.643543628035931
2023-11-13 10:45:00+01:00,0.7038984734997064
2023-11-13 11:00:00+01:00,0.7628229341819867
2023-11-13 11:15:00+01:00,0.7762627969178245
2023-11-13 11:30:00+01:00,0.8189681131496804
2023-11-13 11:45:00+01:00,0.8820648582408572
2023-11-13 12:00:00+01:00,0.9402216341770633
2023-11-13 12:15:00+01:00,0.9565748868026609
2023-11-13 12:30:00+01:00,0.9661448751683945
2023-11-13 12:45:00+01:00,0.9757257723441768
2023-11-13 13:00:00+01:00,0.9853168989295289
2023-11-13 13:15:00+01:00,0.9887418700233713
2023-11-13 13:30:00+01:00,0.9903147071912278
2023-11-13 13:45:00+01:00,0.9918876338001986
2023-11-13 14:00:00+01:00,0.9934606472145499
2023-11-13 14:15:00+01:00,0.9943113770926322
2023-11-13 14:30:00+01:00,0.995199899754764
2023-11-13 14:45:00+01:00,0.9961255963813408
2023-11-13 15:00:00+01:00,0.9970878365454755
2023-11-13 15:15:00+01:00,0.9936356227739892
2023-11-13 15:30:00+01:00,0.9902621243447505
2023-11-13 15:45:00+01:00,0.9847271032169584
2023-11-13 16:00:00+01:00,0.9751265231740864
2023-11-13 16:15:00+01:00,0.9814902423361576
2023-11-13 16:30:00+01:00,0.988867989014294
2023-11-13 16:45:00+01:00,0.9926478021478031
2023-11-13 17:00:00+01:00,0.9971772811816785
2023-11-13 17:15:00+01:00,0.9984512894537443
2023-11-13 17:30:00+01:00,0.9999658679688824
2023-11-13 17:45:00+01:00,1.0
2023-11-13 18:00:00+01:00,1.0
2023-11-13 18:15:00+01:00,1.0
2023-11-13 18:30:00+01:00,1.0
2023-11-13 18:45:00+01:00,1.0
2023-11-13 19:00:00+01:00,1.0
2023-11-13 19:15:00+01:00,1.0
2023-11-13 19:30:00+01:00,1.0
2023-11-13 19:45:00+01:00,1.0
2023-11-13 20:00:00+01:00,1.0
2023-11-13 20:15:00+01:00,1.0
2023-11-13 20:30:00+01:00,1.0
2023-11-13 20:45:00+01:00,1.0
2023-11-13 21:00:00+01:00,1.0
2023-11-13 21:15:00+01:00,1.0
2023-11-13 21:30:00+01:00,0.9996959811698577
2023-11-13 21:45:00+01:00,0.9988580785825145
2023-11-13 22:00:00+01:00,0.9980407459933185
2023-11-13 22:15:00+01:00,0.9955859201689858
2023-11-13 22:30:00+01:00,0.9931452602542732
2023-11-13 22:45:00+01:00,0.9907194252827658
2023-11-13 23:00:00+01:00,0.9883091114202822
2023-11-13 23:15:00+01:00,0.9898176614711764
2023-11-13 23:30:00+01:00,0.991335834934296
2023-11-13 23:45:00+01:00,0.9928633570651859
2023-11-14 00:00:00+01:00,0.9943999618816511
2023-11-14 00:15:00+01:00,0.9955382141111561
2023-11-14 00:30:00+01:00,0.9966840308417146
2023-11-14 00:45:00+01:00,0.9978372540066799
2023-11-14 01:00:00+01:00,0.9989977289330872
2023-11-14 01:15:00+01:00,0.9998385440830221
2023-11-14 01:30:00+01:00,1.0
2023-11-14 01:45:00+01:00,1.0
2023-11-14 02:00:00+01:00,1.0
2023-11-14 02:15:00+01:00,1.0
2023-11-14 02:30:00+01:00,1.0
2023-11-14 02:45:00+01:00,1.0
2023-11-14 03:00:00+01:00,1.0
2023-11-14 03:15:00+01:00,1.0
2023-11-14 03:30:00+01:00,1.0
2023-11-14 03:45:00+01:00,1.0
2023-11-14 04:00:00+01:00,1.0
2023-11-14 04:15:00+01:00,1.0
2023-11-14 04:30:00+01:00,1.0
2023-11-14 04:45:00+01:00,1.0
2023-11-14 05:00:00+01:00,1.0
2023-11-14 05:15:00+01:00,1.0
2023-11-14 05:30:00+01:00,1.0
2023-11-14 05:45:00+01:00,1.0
2023-11-14 06:00:00+01:00,1.0
2023-11-14 06:15:00+01:00,1.0
2023-11-14 06:30:00+01:00,1.0
2023-11-14 06:45:00+01:00,1.0
2023-11-14 07:00:00+01:00,0.9995816103992026
2023-11-14 07:15:00+01:00,0.9986832844449038
2023-11-14 07:30:00+01:00,0.997785818139913
2023-11-14 07:45:00+01:00,0.9968892256354713
2023-11-14 08:00:00+01:00,0.9959935213808995
2023-11-14 08:15:00+01:00,0.9948139809916111
2023-11-14 08:30:00+01:00,0.9936408487985849
2023-11-14 08:45:00+01:00,0.9924742665189367
2023-11-14 09:00:00+01:00,0.9913143792526625
2023-11-14 09:15:00+01:00,0.9904262883852213
2023-11-14 09:30:00+01:00,0.9895529993773133
2023-11-14 09:45:00+01:00,0.9886947618335877
2023-11-14 10:00:00+01:00,0.9873650034714295
2023-11-14 10:15:00+01:00,0.9823324972201678
2023-11-14 10:30:00+01:00,0.9774403858544923
2023-11-14 10:45:00+01:00,0.9726932596337897
2023-11-14 11:00:00+01:00,0.9680957660104298
2023-11-14 11:15:00+01:00,0.969460114510153
2023-11-14 11:30:00+01:00,0.9708783218489995
2023-11-14 11:45:00+01:00,0.9723498771501425
2023-11-14 12:00:00+01:00,0.9738742571259845
2023-11-14 12:15:00+01:00,0.9758663651872027
2023-11-14 12:30:00+01:00,0.9778772060693002
2023-11-14 12:45:00+01:00,0.9799065320045139
2023-11-14 13:00:00+01:00,0.9819540973573625
2023-11-14 13:15:00+01:00,0.9737315974973177
2023-11-14 13:30:00+01:00,0.9655316888458975
2023-11-14 13:45:00+01:00,0.9573556532467739
2023-11-14 14:00:00+01:00,0.9451818259974935
2023-11-14 14:15:00+01:00,0.9423816031171626
2023-11-14 14:30:00+01:00,0.939616004888697
2023-11-14 14:45:00+01:00,0.9368853318286476
2023-11-14 15:00:00+01:00,0.9341898840801512
2023-11-14 15:15:00+01:00,0.8951834872830408
2023-11-14 15:30:00+01:00,0.8472945625453194
2023-11-14 15:45:00+01:00,0.7855335138495678
2023-11-14 16:00:00+01:00,0.7193221563034533
2023-11-14 16:15:00+01:00,0.6494340049639438
2023-11-14 16:30:00+01:00,0.5799750477055526
2023-11-14 16:45:00+01:00,0.5119323387804351
2023-11-14 17:00:00+01:00,0.444388075052078
2023-11-14 17:15:00+01:00,0.400996370822098
2023-11-14 17:30:00+01:00,0.3613635035375201
2023-11-14 17:45:00+01:00,0.32377233349439394
2023-11-14 18:00:00+01:00,0.28845638910618915
2023-11-14 18:15:00+01:00,0.29411453185727243
2023-11-14 18:30:00+01:00,0.3039224296307266
2023-11-14 18:45:00+01:00,0.31775983776566596
2023-11-14 19:00:00+01:00,0.33546485185923025
2023-11-14 19:15:00+01:00,0.4105941028247027
2023-11-14 19:30:00+01:00,0.5632205926597801
2023-11-14 19:45:00+01:00,0.7652490441153527
2023-11-14 20:00:00+01:00,0.9272258080395853
2023-11-14 20:15:00+01:00,0.9315938509601053
2023-11-14 20:30:00+01:00,0.9367942801653879
2023-11-14 20:45:00+01:00,0.9428135945322852
2023-11-14 21:00:00+01:00,0.9496365287494227
2023-11-14 21:15:00+01:00,0.919779103654994
2023-11-14 21:30:00+01:00,0.8916447256163822
2023-11-14 21:45:00+01:00,0.8618503529630634
2023-11-14 22:00:00+01:00,0.8234363278084835
2023-11-14 22:15:00+01:00,0.8153035367967983
2023-11-14 22:30:00+01:00,0.807725015270997
2023-11-14 22:45:00+01:00,0.8007101424961244
2023-11-14 23:00:00+01:00,0.794267789604484
2023-11-14 23:15:00+01:00,0.8063015263696541
2023-11-14 23:30:00+01:00,0.8184126644782814
2023-11-14 23:45:00+01:00,0.8305991563566736
2023-11-15 00:00:00+01:00,0.842859013940883
2023-11-15 00:15:00+01:00,0.8361144146904419
2023-11-15 00:30:00+01:00,0.8295107599277626
2023-11-15 00:45:00+01:00,0.8230500938973054
2023-11-15 01:00:00+01:00,0.8167344550122367
2023-11-15 01:15:00+01:00,0.7983378067260889
2023-11-15 01:30:00+01:00,0.7803763457514455
2023-11-15 01:45:00+01:00,0.7628680314272754
2023-11-15 02:00:00+01:00,0.7458313334403783
2023-11-15 02:15:00+01:00,0.7523601839438765
2023-11-15 02:30:00+01:00,0.7596043363970169
2023-11-15 02:45:00+01:00,0.7675519279402524
2023-11-15 03:00:00+01:00,0.7761902434436889
2023-11-15 03:15:00+01:00,0.790657648552268
2023-11-15 03:30:00+01:00,0.8051494895867759
2023-11-15 03:45:00+01:00,0.8196649868429156
2023-11-15 04:00:00+01:00,0.8342033922452368
2023-11-15 04:15:00+01:00,0.8321833185471761
2023-11-15 04:30:00+01:00,0.8301854853160799
2023-11-15 04:45:00+01:00,0.8282099897742031
2023-11-15 05:00:00+01:00,0.826256928614745
2023-11-15 05:15:00+01:00,0.807307798252715
2023-11-15 05:30:00+01:00,0.7884030911311911
2023-11-15 05:45:00+01:00,0.7695447269570512
2023-11-15 06:00:00+01:00,0.7507347325353799
2023-11-15 06:15:00+01:00,0.7482571720659063
2023-11-15 06:30:00+01:00,0.745867551637511
2023-11-15 06:45:00+01:00,0.7435663613143706
2023-11-15 07:00:00+01:00,0.7409922271580738
2023-11-15 07:15:00+01:00,0.7437766218618163
2023-11-15 07:30:00+01:00,0.7462115430429138
2023-11-15 07:45:00+01:00,0.748658770019117
2023-11-15 08:00:00+01:00,0.7511182329705348
2023-11-15 08:15:00+01:00,0.7593879886716691
2023-11-15 08:30:00+01:00,0.7676599937556858
2023-11-15 08:45:00+01:00,0.7759342058954053
2023-11-15 09:00:00+01:00,0.7842105838081258
2023-11-15 09:15:00+01:00,0.7925316233719235
2023-11-15 09:30:00+01:00,0.8008983067176966
2023-11-15 09:45:00+01:00,0.8093097865677711
2023-11-15 10:00:00+01:00,0.817765232115336
2023-11-15 10:15:00+01:00,0.7727307362532488
2023-11-15 10:30:00+01:00,0.7250156669809843
2023-11-15 10:45:00+01:00,0.6711828770958976
2023-11-15 11:00:00+01:00,0.6185420886997296
2023-11-15 11:15:00+01:00,0.5837819947006893
2023-11-15 11:30:00+01:00,0.5498521343778052
2023-11-15 11:45:00+01:00,0.5162711244946586
2023-11-15 12:00:00+01:00,0.48305850125320055
2023-11-15 12:15:00+01:00,0.47840341924303675
2023-11-15 12:30:00+01:00,0.4737578406744379
2023-11-15 12:45:00+01:00,0.4691218674238604
2023-11-15 13:00:00+01:00,0.4644956026139314
2023-11-15 13:15:00+01:00,0.48694931356033855
2023-11-15 13:30:00+01:00,0.5097375729309739
2023-11-15 13:45:00+01:00,0.5328436104843104
2023-11-15 14:00:00+01:00,0.5562515470425636
2023-11-15 14:15:00+01:00,0.5877127588666674
2023-11-15 14:30:00+01:00,0.6209730934597785
2023-11-15 14:45:00+01:00,0.6555303247996209
2023-11-15 15:00:00+01:00,0.6912973572205775
2023-11-15 15:15:00+01:00,0.6770549184034881
2023-11-15 15:30:00+01:00,0.6628656368702474
2023-11-15 15:45:00+01:00,0.6487310200314791
2023-11-15 16:00:00+01:00,0.6346526266917597
2023-11-15 16:15:00+01:00,0.6265369644119472
2023-11-15 16:30:00+01:00,0.618422436880571
2023-11-15 16:45:00+01:00,0.6103090629832739
2023-11-15 17:00:00+01:00,0.6021968620243481
2023-11-15 17:15:00+01:00,0.5942442959839336
2023-11-15 17:30:00+01:00,0.5871263356952474
2023-11-15 17:45:00+01:00,0.5808923998969698
2023-11-15 18:00:00+01:00,0.5755604682578173
2023-11-15 18:15:00+01:00,0.5998499971830129
2023-11-15 18:30:00+01:00,0.6242832108717723
2023-11-15 18:45:00+01:00,0.6487410732596562
2023-11-15 19:00:00+01:00,0.6732223988728844
2023-11-15 19:15:00+01:00,0.6634169144903851
2023-11-15 19:30:00+01:00,0.6536782490456321
2023-11-15 19:45:00+01:00,0.6440077071346464
2023-11-15 20:00:00+01:00,0.6344066180497818
2023-11-15 20:15:00+01:00,0.6447992938155135
2023-11-15 20:30:00+01:00,0.6555598868805309
2023-11-15 20:45:00+01:00,0.6666805786053575
2023-11-15 21:00:00+01:00,0.6781535197007593
2023-11-15 21:15:00+01:00,0.6930330692683909
2023-11-15 21:30:00+01:00,0.707913399186189
2023-11-15 21:45:00+01:00,0.7227944873387753
2023-11-15 22:00:00+01:00,0.7376763124375597
2023-11-15 22:15:00+01:00,0.7047057476462053
2023-11-15 22:30:00+01:00,0.6720714979365876
2023-11-15 22:45:00+01:00,0.6397956293395877
2023-11-15 23:00:00+01:00,0.6079019053796911
2023-11-15 23:15:00+01:00,0.6202435399311073
2023-11-15 23:30:00+01:00,0.6327420423491404
2023-11-15 23:45:00+01:00,0.6453934855855185
2023-11-16 00:00:00+01:00,0.6581940268923197
2023-11-16 00:15:00+01:00,0.6604054740141405
2023-11-16 00:30:00+01:00,0.6626834428293833
2023-11-16 00:45:00+01:00,0.6650276337463706
2023-11-16 01:00:00+01:00,0.6674377403392747
2023-11-16 01:15:00+01:00,0.6526203273472639
2023-11-16 01:30:00+01:00,0.638039344896176
2023-11-16 01:45:00+01:00,0.6237017994991867
2023-11-16 02:00:00+01:00,0.6096148532117898
2023-11-16 02:15:00+01:00,0.568151975047683
2023-11-16 02:30:00+01:00,0.527081940995942
2023-11-16 02:45:00+01:00,0.48601254407365296
2023-11-16 03:00:00+01:00,0.444943845805858
2023-11-16 03:15:00+01:00,0.4233747557332092
2023-11-16 03:30:00+01:00,0.4039650009286022
2023-11-16 03:45:00+01:00,0.3847347518419636
2023-11-16 04:00:00+01:00,0.365693747720746
2023-11-16 04:15:00+01:00,0.3448250597198916
2023-11-16 04:30:00+01:00,0.3245028027175395
2023-11-16 04:45:00+01:00,0.30476021232339445
2023-11-16 05:00:00+01:00,0.28565098721199106
2023-11-16 05:15:00+01:00,0.2750031996983815
2023-11-16 05:30:00+01:00,0.26485740333868035
2023-11-16 05:45:00+01:00,0.2552345907055772
2023-11-16 06:00:00+01:00,0.24615576690878876
2023-11-16 06:15:00+01:00,0.24267509851719068
2023-11-16 06:30:00+01:00,0.23950469566195398
2023-11-16 06:45:00+01:00,0.23664871898454778
2023-11-16 07:00:00+01:00,0.23411098039142955
2023-11-16 07:15:00+01:00,0.21736183281397234
2023-11-16 07:30:00+01:00,0.20094394577438854
2023-11-16 07:45:00+01:00,0.18488213459258318
2023-11-16 08:00:00+01:00,0.1711801879102119
2023-11-16 08:15:00+01:00,0.139170795468736
2023-11-16 08:30:00+01:00,0.10800145620590869
2023-11-16 08:45:00+01:00,0.08441569684271094
2023-11-16 09:00:00+01:00,0.06644805276281121
2023-11-16 09:15:00+01:00,0.04885420823856891
2023-11-16 09:30:00+01:00,0.03680557758499044
2023-11-16 09:45:00+01:00,0.027126213624441422
2023-11-16 10:00:00+01:00,0.017971859914089488
2023-11-16 10:15:00+01:00,0.005899378909504471
2023-11-16 10:30:00+01:00,0.0
2023-11-16 10:45:00+01:00,0.0
2023-11-16 11:00:00+01:00,0.0
2023-11-16 11:15:00+01:00,0.0
2023-11-16 11:30:00+01:00,0.0
2023-11-16 11:45:00+01:00,0.0
2023-11-16 12:00:00+01:00,0.0018938262787994236
2023-11-16 12:15:00+01:00,0.005485688001932564
2023-11-16 12:30:00+01:00,0.009112268802454498
2023-11-16 12:45:00+01:00,0.01276421602165842
2023-11-16 13:00:00+01:00,0.019558896874879717
2023-11-16 13:15:00+01:00,0.02257006462581304
2023-11-16 13:30:00+01:00,0.02811979679554262
2023-11-16 13:45:00+01:00,0.03583382029260445
2023-11-16 14:00:00+01:00,0.046172828711796544
2023-11-16 14:15:00+01:00,0.04772624228840276
2023-11-16 14:30:00+01:00,0.049361038157673315
2023-11-16 14:45:00+01:00,0.05107533176768057
2023-11-16 15:00:00+01:00,0.05286720888154049
2023-11-16 15:15:00+01:00,0.05623961626755577
2023-11-16 15:30:00+01:00,0.05981919669040881
2023-11-16 15:45:00+01:00,0.06359603206662393
2023-11-16 16:00:00+01:00,0.06756033177403548
2023-11-16 16:15:00+01:00,0.07224574227728005
2023-11-16 16:30:00+01:00,0.07779546229107497
2023-11-16 16:45:00+01:00,0.08415073168241796
2023-11-16 17:00:00+01:00,0.0912506030999162
2023-11-16 17:15:00+01:00,0.09790751761285026
2023-11-16 17:30:00+01:00,0.10847090092995502
2023-11-16 17:45:00+01:00,0.12042100584780804
2023-11-16 18:00:00+01:00,0.13364715390441567
2023-11-16 18:15:00+01:00,0.13506161165090735
2023-11-16 18:30:00+01:00,0.13846920168091992
2023-11-16 18:45:00+01:00,0.143825564596758
2023-11-16 19:00:00+01:00,0.15106358339391587
2023-11-16 19:15:00+01:00,0.14913696831632156
2023-11-16 19:30:00+01:00,0.1486052584013659
2023-11-16 19:45:00+01:00,0.14947323925803113
2023-11-16 20:00:00+01:00,0.15173310992012393
2023-11-16 20:15:00+01:00,0.14844339441948787
2023-11-16 20:30:00+01:00,0.14539338126610854
2023-11-16 20:45:00+01:00,0.1425878586493312
2023-11-16 21:00:00+01:00,0.14003134412646961
2023-11-16 21:15:00+01:00,0.12760532519781193
2023-11-16 21:30:00+01:00,0.11565679857606366
2023-11-16 21:45:00+01:00,0.10422654746016503
2023-11-16 22:00:00+01:00,0.09406646925562254
2023-11-16 22:15:00+01:00,0.0891692161143263
2023-11-16 22:30:00+01:00,0.08428912702479585
2023-11-16 22:45:00+01:00,0.07942724839848898
2023-11-16 23:00:00+01:00,0.07458470906225485
2023-11-16 23:15:00+01:00,0.06717186860781543
2023-11-16 23:30:00+01:00,0.06019410280427406
2023-11-16 23:45:00+01:00,0.053693893470422055
2023-11-17 00:00:00+01:00,0.04771592534452643
2023-11-17 00:15:00+01:00,0.03866962855271264
2023-11-17 00:30:00+01:00,0.03181576007203813
2023-11-17 00:45:00+01:00,0.025791313970747343
2023-11-17 01:00:00+01:00,0.020749915574498002
2023-11-17 01:15:00+01:00,0.017688934272396827
2023-11-17 01:30:00+01:00,0.014986287384681683
2023-11-17 01:45:00+01:00,0.013291127272366731
2023-11-17 02:00:00+01:00,0.012427892484858842
2023-11-17 02:15:00+01:00,0.00970682380141928
2023-11-17 02:30:00+01:00,0.007187965637612277
2023-11-17 02:45:00+01:00,0.004918313911077726
2023-11-17 03:00:00+01:00,0.00295342116866362
2023-11-17 03:15:00+01:00,0.0
2023-11-17 03:30:00+01:00,0.0
2023-11-17 03:45:00+01:00,0.0
2023-11-17 04:00:00+01:00,0.0
2023-11-17 04:15:00+01:00,0.0
2023-11-17 04:30:00+01:00,0.0
2023-11-17 04:45:00+01:00,0.0
2023-11-17 05:00:00+01:00,0.0
2023-11-17 05:15:00+01:00,0.0
2023-11-17 05:30:00+01:00,0.0
2023-11-17 05:45:00+01:00,0.0
2023-11-17 06:00:00+01:00,0.0
2023-11-17 06:15:00+01:00,0.0
2023-11-17 06:30:00+01:00,0.0
2023-11-17 06:45:00+01:00,0.0003498531902159825
2023-11-17 07:00:00+01:00,0.0024346292132003578
2023-11-17 07:15:00+01:00,0.0028750998020293703
2023-11-17 07:30:00+01:00,0.0033959480057448826
2023-11-17 07:45:00+01:00,0.003993201132658811
2023-11-17 08:00:00+01:00,0.004662618687696435
2023-11-17 08:15:00+01:00,0.0010459963548293985
2023-11-17 08:30:00+01:00,0.0
2023-11-17 08:45:00+01:00,0.0
2023-11-17 09:00:00+01:00,0.0
2023-11-17 09:15:00+01:00,0.0
2023-11-17 09:30:00+01:00,0.0
2023-11-17 09:45:00+01:00,0.0
2023-11-17 10:00:00+01:00,0.0
2023-11-17 10:15:00+01:00,0.0
2023-11-17 10:30:00+01:00,0.0
2023-11-17 10:45:00+01:00,0.0
2023-11-17 11:00:00+01:00,0.0
2023-11-17 11:15:00+01:00,0.0
2023-11-17 11:30:00+01:00,0.0
2023-11-17 11:45:00+01:00,0.0
2023-11-17 12:00:00+01:00,0.0
2023-11-17 12:15:00+01:00,0.0
2023-11-17 12:30:00+01:00,0.0
2023-11-17 12:45:00+01:00,0.0
2023-11-17 13:00:00+01:00,0.0
2023-11-17 13:15:00+01:00,0.0
2023-11-17 13:30:00+01:00,0.0
2023-11-17 13:45:00+01:00,0.0
2023-11-17 14:00:00+01:00,0.0
2023-11-17 14:15:00+01:00,0.0
2023-11-17 14:30:00+01:00,0.0
2023-11-17 14:45:00+01:00,0.0
2023-11-17 15:00:00+01:00,0.00016685149456651213
2023-11-17 15:15:00+01:00,0.0007819227666830352
2023-11-17 15:30:00+01:00,0.0015104523153574331
2023-11-17 15:45:00+01:00,0.0023441653642758656
2023-11-17 16:00:00+01:00,0.0032745474520614083
2023-11-17 16:15:00+01:00,0.0014599999847530658
2023-11-17 16:30:00+01:00,0.0
2023-11-17 16:45:00+01:00,0.0
2023-11-17 17:00:00+01:00,0.0
2023-11-17 17:15:00+01:00,0.0
2023-11-17 17:30:00+01:00,0.0
2023-11-17 17:45:00+01:00,0.0
2023-11-17 18:00:00+01:00,0.0
2023-11-17 18:15:00+01:00,0.0009250182577349402
2023-11-17 18:30:00+01:00,0.0037727201561102877
2023-11-17 18:45:00+01:00,0.00667722096181028
2023-11-17 19:00:00+01:00,0.009625234631262941
2023-11-17 19:15:00+01:00,0.010383340273166243
2023-11-17 19:30:00+01:00,0.011151419942729465
2023-11-17 19:45:00+01:00,0.011928892512979206
2023-11-17 20:00:00+01:00,0.012715214822367968
2023-11-17 20:15:00+01:00,0.017518407212113285
2023-11-17 20:30:00+01:00,0.02390531255186819
2023-11-17 20:45:00+01:00,0.030523819883167148
2023-11-17 21:00:00+01:00,0.037333682084629796
2023-11-17 21:15:00+01:00,0.046072469936502894
2023-11-17 21:30:00+01:00,0.059463448826021774
2023-11-17 21:45:00+01:00,0.07285443950995216
2023-11-17 22:00:00+01:00,0.08624544006969569
2023-11-17 22:15:00+01:00,0.09170723204893036
2023-11-17 22:30:00+01:00,0.09895969047005339
2023-11-17 22:45:00+01:00,0.10892887070344737
2023-11-17 23:00:00+01:00,0.11943982714300896
2023-11-17 23:15:00+01:00,0.1172087035904707
2023-11-17 23:30:00+01:00,0.11540697744879899
2023-11-17 23:45:00+01:00,0.11404005243498783
2023-11-18 00:00:00+01:00,0.11311208878941977
2023-11-18 00:15:00+01:00,0.1112398385531584
2023-11-18 00:30:00+01:00,0.11024980506249442
2023-11-18 00:45:00+01:00,0.1101481446649537
2023-11-18 01:00:00+01:00,0.11093549274952329
2023-11-18 01:15:00+01:00,0.10955842488038801
2023-11-18 01:30:00+01:00,0.10872321874426683
2023-11-18 01:45:00+01:00,0.10843307715828501
2023-11-18 02:00:00+01:00,0.10868911864461914
2023-11-18 02:15:00+01:00,0.10822055078228676
2023-11-18 02:30:00+01:00,0.10787369326856226
2023-11-18 02:45:00+01:00,0.10764884542038722
2023-11-18 03:00:00+01:00,0.10754620179212253
2023-11-18 03:15:00+01:00,0.11906753487610662
2023-11-18 03:30:00+01:00,0.1310054211158317
2023-11-18 03:45:00+01:00,0.14332734601919928
2023-11-18 04:00:00+01:00,0.15600320045797736
2023-11-18 04:15:00+01:00,0.17036038083626284
2023-11-18 04:30:00+01:00,0.18723026808296164
2023-11-18 04:45:00+01:00,0.20649745165985167
2023-11-18 05:00:00+01:00,0.22591034388413175
2023-11-18 05:15:00+01:00,0.22919048749598847
2023-11-18 05:30:00+01:00,0.23247319021815904
2023-11-18 05:45:00+01:00,0.2357584164730089
2023-11-18 06:00:00+01:00,0.23904613131274588
2023-11-18 06:15:00+01:00,0.24324036917539754
2023-11-18 06:30:00+01:00,0.24762607817315585
2023-11-18 06:45:00+01:00,0.2521997826733593
2023-11-18 07:00:00+01:00,0.25695794706373554
2023-11-18 07:15:00+01:00,0.2652055149110822
2023-11-18 07:30:00+01:00,0.2736136788797067
2023-11-18 07:45:00+01:00,0.28217707203534226
2023-11-18 08:00:00+01:00,0.29242626265774085
2023-11-18 08:15:00+01:00,0.29578848267110075
2023-11-18 08:30:00+01:00,0.2992051752162844
2023-11-18 08:45:00+01:00,0.30267578211033663
2023-11-18 09:00:00+01:00,0.3061997441423908
2023-11-18 09:15:00+01:00,0.31429055087194363
2023-11-18 09:30:00+01:00,0.32248705499992747
2023-11-18 09:45:00+01:00,0.33078672927070796
2023-11-18 10:00:00+01:00,0.3391870960439994
2023-11-18 10:15:00+01:00,0.35258433640484427
2023-11-18 10:30:00+01:00,0.3661069854871191
2023-11-18 10:45:00+01:00,0.3797503210819019
2023-11-18 11:00:00+01:00,0.39350981605248725
2023-11-18 11:15:00+01:00,0.43146218005399123
2023-11-18 11:30:00+01:00,0.47378046342628477
2023-11-18 11:45:00+01:00,0.5165412712189549
2023-11-18 12:00:00+01:00,0.559703782937786
2023-11-18 12:15:00+01:00,0.5953762182164392
2023-11-18 12:30:00+01:00,0.6322806730084415
2023-11-18 12:45:00+01:00,0.6699955646316891
2023-11-18 13:00:00+01:00,0.7084621460626931
2023-11-18 13:15:00+01:00,0.7502255675327711
2023-11-18 13:30:00+01:00,0.7853586846777191
2023-11-18 13:45:00+01:00,0.8205318022058868
2023-11-18 14:00:00+01:00,0.8557419022330552
2023-11-18 14:15:00+01:00,0.8557593179366896
2023-11-18 14:30:00+01:00,0.855777206808551
2023-11-18 14:45:00+01:00,0.8557955688304829
2023-11-18 15:00:00+01:00,0.8558144039838508
2023-11-18 15:15:00+01:00,0.8454508526911707
2023-11-18 15:30:00+01:00,0.8371915706909459
2023-11-18 15:45:00+01:00,0.8310745074550747
2023-11-18 16:00:00+01:00,0.8271283586702034
2023-11-18 16:15:00+01:00,0.8158002158950409
2023-11-18 16:30:00+01:00,0.8067342289392954
2023-11-18 16:45:00+01:00,0.799976216649141
2023-11-18 17:00:00+01:00,0.7955611401239588
2023-11-18 17:15:00+01:00,0.8041226150133162
2023-11-18 17:30:00+01:00,0.8156758149005259
2023-11-18 17:45:00+01:00,0.8301452197851069
2023-11-18 18:00:00+01:00,0.8474397821322491
2023-11-18 18:15:00+01:00,0.8629391287032974
2023-11-18 18:30:00+01:00,0.877703814267246
2023-11-18 18:45:00+01:00,0.8911145606277248
2023-11-18 19:00:00+01:00,0.9062377653046094
2023-11-18 19:15:00+01:00,0.9106166522041039
2023-11-18 19:30:00+01:00,0.9154220017595596
2023-11-18 19:45:00+01:00,0.9206472715442126
2023-11-18 20:00:00+01:00,0.9262854983351608
2023-11-18 20:15:00+01:00,0.9221903872931975
2023-11-18 20:30:00+01:00,0.9183343247805715
2023-11-18 20:45:00+01:00,0.9147202723069141
2023-11-18 21:00:00+01:00,0.9113510500771588
2023-11-18 21:15:00+01:00,0.9012301013276386
2023-11-18 21:30:00+01:00,0.8911092812139062
2023-11-18 21:45:00+01:00,0.8809885940754529
2023-11-18 22:00:00+01:00,0.8705383226964964
2023-11-18 22:15:00+01:00,0.8590931431302632
2023-11-18 22:30:00+01:00,0.8476794645179826
2023-11-18 22:45:00+01:00,0.8362980689511773
2023-11-18 23:00:00+01:00,0.8249497623028499
2023-11-18 23:15:00+01:00,0.8249857094138571
2023-11-18 23:30:00+01:00,0.8264076853209672
2023-11-18 23:45:00+01:00,0.8292113806990423
2023-11-19 00:00:00+01:00,0.8333883510330012
2023-11-19 00:15:00+01:00,0.8503785107626413
2023-11-19 00:30:00+01:00,0.867858950777998
2023-11-19 00:45:00+01:00,0.8804845994504978
2023-11-19 01:00:00+01:00,0.8920744629701952
2023-11-19 01:15:00+01:00,0.8962316476263741
2023-11-19 01:30:00+01:00,0.9006626270498779
2023-11-19 01:45:00+01:00,0.9053634641079128
2023-11-19 02:00:00+01:00,0.9103300639507835
2023-11-19 02:15:00+01:00,0.9081993854437886
2023-11-19 02:30:00+01:00,0.9062782932702854
2023-11-19 02:45:00+01:00,0.9045680952305116
2023-11-19 03:00:00+01:00,0.9030699647245942
2023-11-19 03:15:00+01:00,0.9073955795859696
2023-11-19 03:30:00+01:00,0.9118793157841266
2023-11-19 03:45:00+01:00,0.9165188999152428
2023-11-19 04:00:00+01:00,0.9213120251957995
2023-11-19 04:15:00+01:00,0.9270047664362971
2023-11-19 04:30:00+01:00,0.9331197869863386
2023-11-19 04:45:00+01:00,0.9396490063884416
2023-11-19 05:00:00+01:00,0.9465840227325024
2023-11-19 05:15:00+01:00,0.9493543468789611
2023-11-19 05:30:00+01:00,0.9521451070584341
2023-11-19 05:45:00+01:00,0.9535170590988391
2023-11-19 06:00:00+01:00,0.9547660764567482
2023-11-19 06:15:00+01:00,0.9526340144253514
2023-11-19 06:30:00+01:00,0.9483329276718866
2023-11-19 06:45:00+01:00,0.9439253761791634
2023-11-19 07:00:00+01:00,0.939734857611432
2023-11-19 07:15:00+01:00,0.9470438571432492
2023-11-19 07:30:00+01:00,0.9532908160634089
2023-11-19 07:45:00+01:00,0.9565942834704263
2023-11-19 08:00:00+01:00,0.9599358674730746
2023-11-19 08:15:00+01:00,0.9621374376668858
2023-11-19 08:30:00+01:00,0.964339235396956
2023-11-19 08:45:00+01:00,0.9665412572685287
2023-11-19 09:00:00+01:00,0.968743499953709
2023-11-19 09:15:00+01:00,0.9674813601111795
2023-11-19 09:30:00+01:00,0.9662723179468795
2023-11-19 09:45:00+01:00,0.9651168098734786
2023-11-19 10:00:00+01:00,0.9640152574604777
2023-11-19 10:15:00+01:00,0.9345521988997733
2023-11-19 10:30:00+01:00,0.8906225977696309
2023-11-19 10:45:00+01:00,0.8326371847660576
2023-11-19 11:00:00+01:00,0.7639343445504894
2023-11-19 11:15:00+01:00,0.8037860044016885
2023-11-19 11:30:00+01:00,0.8436491242206339
2023-11-19 11:45:00+01:00,0.8790434203157351
2023-11-19 12:00:00+01:00,0.9041551035315836
2023-11-19 12:15:00+01:00,0.9192039832224465
2023-11-19 12:30:00+01:00,0.9342828585813753
2023-11-19 12:45:00+01:00,0.9493903284841763
2023-11-19 13:00:00+01:00,0.9577386536745806
2023-11-19 13:15:00+01:00,0.9658985427762241
2023-11-19 13:30:00+01:00,0.974072078229177
2023-11-19 13:45:00+01:00,0.9822585301451902
2023-11-19 14:00:00+01:00,0.9888825649768108
2023-11-19 14:15:00+01:00,0.9891711100644216
2023-11-19 14:30:00+01:00,0.9894603650934156
2023-11-19 14:45:00+01:00,0.9897503261252032
2023-11-19 15:00:00+01:00,0.9900409892407679
2023-11-19 15:15:00+01:00,0.989050939452473
2023-11-19 15:30:00+01:00,0.9879941386525434
2023-11-19 15:45:00+01:00,0.9850279185566053
2023-11-19 16:00:00+01:00,0.9820637203943628
2023-11-19 16:15:00+01:00,0.9784860091786842
2023-11-19 16:30:00+01:00,0.9749296879909903
2023-11-19 16:45:00+01:00,0.9713952666990838
2023-11-19 17:00:00+01:00,0.9678832682127594
2023-11-19 17:15:00+01:00,0.9688890732578004
2023-11-19 17:30:00+01:00,0.9699143088730978
2023-11-19 17:45:00+01:00,0.9709588414059173
2023-11-19 18:00:00+01:00,0.9720225359454829
2023-11-19 18:15:00+01:00,0.97578304799995
2023-11-19 18:30:00+01:00,0.9795527542249233
2023-11-19 18:45:00+01:00,0.9833314283462282
2023-11-19 19:00:00+01:00,0.9871188509418861
2023-11-19 19:15:00+01:00,0.9899703302735848
2023-11-19 19:30:00+01:00,0.9921859976997893
2023-11-19 19:45:00+01:00,0.9944161543658362
2023-11-19 20:00:00+01:00,0.9966602067402001
2023-11-19 20:15:00+01:00,0.997101130407558
2023-11-19 20:30:00+01:00,0.9975572557749027
2023-11-19 20:45:00+01:00,0.9980284565383425
2023-11-19 21:00:00+01:00,0.9985146036844241
2023-11-19 21:15:00+01:00,0.9971426915208605
2023-11-19 21:30:00+01:00,0.9957736291138294
2023-11-19 21:45:00+01:00,0.9944074891285339
2023-11-19 22:00:00+01:00,0.9930443465586398
2023-11-19 22:15:00+01:00,0.990919135780907
2023-11-19 22:30:00+01:00,0.9887957511759439
2023-11-19 22:45:00+01:00,0.9838323296317506
2023-11-19 23:00:00+01:00,0.9774738281881826
2023-11-19 23:15:00+01:00,0.9763938791075927
2023-11-19 23:30:00+01:00,0.9753191100962334
2023-11-19 23:45:00+01:00,0.9742495582337004
2023-11-20 00:00:00+01:00,0.9731852607717478
2023-11-20 00:15:00+01:00,0.9707608756483509
2023-11-20 00:30:00+01:00,0.9683400656424005
2023-11-20 00:45:00+01:00,0.9659228894810106
2023-11-20 01:00:00+01:00,0.9635094070935334
2023-11-20 01:15:00+01:00,0.9655172044451813
2023-11-20 01:30:00+01:00,0.9675891967563449
2023-11-20 01:45:00+01:00,0.9697244891613702
2023-11-20 02:00:00+01:00,0.9719221767712369
2023-11-20 02:15:00+01:00,0.965893464306315
2023-11-20 02:30:00+01:00,0.9598689782047116
2023-11-20 02:45:00+01:00,0.9538488960897378
2023-11-20 03:00:00+01:00,0.9420731795376756
2023-11-20 03:15:00+01:00,0.9362418499707432
2023-11-20 03:30:00+01:00,0.93042634265698
2023-11-20 03:45:00+01:00,0.9246269501160089
2023-11-20 04:00:00+01:00,0.9188439712818726
2023-11-20 04:15:00+01:00,0.9104596010663969
2023-11-20 04:30:00+01:00,0.9020896998467904
2023-11-20 04:45:00+01:00,0.893734665650364
2023-11-20 05:00:00+01:00,0.8853949104917384
2023-11-20 05:15:00+01:00,0.8800275364807097
2023-11-20 05:30:00+01:00,0.8746617681054537
2023-11-20 05:45:00+01:00,0.8680441421270949
2023-11-20 06:00:00+01:00,0.8595272794060488
2023-11-20 06:15:00+01:00,0.8545801234902968
2023-11-20 06:30:00+01:00,0.8496545510616776
2023-11-20 06:45:00+01:00,0.8447507919640158
2023-11-20 07:00:00+01:00,0.8398690782765053
2023-11-20 07:15:00+01:00,0.817186353539762
2023-11-20 07:30:00+01:00,0.7945253182643034
2023-11-20 07:45:00+01:00,0.7718870939744003
2023-11-20 08:00:00+01:00,0.7492728796216389
2023-11-20 08:15:00+01:00,0.7332415288283743
2023-11-20 08:30:00+01:00,0.7158120705561456
2023-11-20 08:45:00+01:00,0.6985339705747797
2023-11-20 09:00:00+01:00,0.6814123440221178
2023-11-20 09:15:00+01:00,0.6767577074448649
2023-11-20 09:30:00+01:00,0.6721629075312777
2023-11-20 09:45:00+01:00,0.6676284869178797
2023-11-20 10:00:00+01:00,0.6631549875618458
2023-11-20 10:15:00+01:00,0.6071932962205466
2023-11-20 10:30:00+01:00,0.5534348662815055
2023-11-20 10:45:00+01:00,0.5019639305639844
2023-11-20 11:00:00+01:00,0.45265672762891057
2023-11-20 11:15:00+01:00,0.4787624185992331
2023-11-20 11:30:00+01:00,0.505382197537274
2023-11-20 11:45:00+01:00,0.5324859536050189
2023-11-20 12:00:00+01:00,0.5600453960354624
2023-11-20 12:15:00+01:00,0.5201253602030305
2023-11-20 12:30:00+01:00,0.48026293166398487
2023-11-20 12:45:00+01:00,0.44046352887697093
2023-11-20 13:00:00+01:00,0.40343326912048993
2023-11-20 13:15:00+01:00,0.4225917497532253
2023-11-20 13:30:00+01:00,0.4447965970750141
2023-11-20 13:45:00+01:00,0.46856599629630774
2023-11-20 14:00:00+01:00,0.49341172993973165
2023-11-20 14:15:00+01:00,0.45852325425754886
2023-11-20 14:30:00+01:00,0.4240003844171641
2023-11-20 14:45:00+01:00,0.3930093822062425
2023-11-20 15:00:00+01:00,0.362130017788912
2023-11-20 15:15:00+01:00,0.2850753428800059
2023-11-20 15:30:00+01:00,0.2258928947597243
2023-11-20 15:45:00+01:00,0.16966526609229168
2023-11-20 16:00:00+01:00,0.1256544774822189
2023-11-20 16:15:00+01:00,0.09183487652777647
2023-11-20 16:30:00+01:00,0.07066371646683253
2023-11-20 16:45:00+01:00,0.05103614504729281
2023-11-20 17:00:00+01:00,0.03777044708749878
2023-11-20 17:15:00+01:00,0.031484518535057994
2023-11-20 17:30:00+01:00,0.0268839811292447
2023-11-20 17:45:00+01:00,0.02419916856468151
2023-11-20 18:00:00+01:00,0.023583749088460136
2023-11-20 18:15:00+01:00,0.01979251117354309
2023-11-20 18:30:00+01:00,0.01705869204536761
2023-11-20 18:45:00+01:00,0.015476215650189194
2023-11-20 19:00:00+01:00,0.015104507346173263
2023-11-20 19:15:00+01:00,0.0117958037978625
2023-11-20 19:30:00+01:00,0.00934769366402396
2023-11-20 19:45:00+01:00,0.007089844172749579
2023-11-20 20:00:00+01:00,0.005061713345050477
2023-11-20 20:15:00+01:00,0.0
2023-11-20 20:30:00+01:00,0.0
2023-11-20 20:45:00+01:00,0.0
2023-11-20 21:00:00+01:00,0.0
2023-11-20 21:15:00+01:00,0.0
2023-11-20 21:30:00+01:00,0.0
2023-11-20 21:45:00+01:00,0.0
2023-11-20 22:00:00+01:00,0.0
2023-11-20 22:15:00+01:00,0.0
2023-11-20 22:30:00+01:00,0.0
2023-11-20 22:45:00+01:00,0.0
2023-11-20 23:00:00+01:00,0.0021420365348422043
2023-11-20 23:15:00+01:00,0.006226938553116771
2023-11-20 23:30:00+01:00,0.010520103913424917
2023-11-20 23:45:00+01:00,0.016325562062368484
2023-11-21 00:00:00+01:00,0.026272603687930836
2023-11-21 00:15:00+01:00,0.026993442322314008
2023-11-21 00:30:00+01:00,0.027900678308283227
2023-11-21 00:45:00+01:00,0.0289895209464156
2023-11-21 01:00:00+01:00,0.030254434474065988
2023-11-21 01:15:00+01:00,0.028964962898685425
2023-11-21 01:30:00+01:00,0.027718595814691976
2023-11-21 01:45:00+01:00,0.026516891631437296
2023-11-21 02:00:00+01:00,0.02536142482850842
2023-11-21 02:15:00+01:00,0.026611921732482457
2023-11-21 02:30:00+01:00,0.028078307133128137
2023-11-21 02:45:00+01:00,0.02975167685562084
2023-11-21 03:00:00+01:00,0.031622456914076294
2023-11-21 03:15:00+01:00,0.034510005068508265
2023-11-21 03:30:00+01:00,0.0375995680907809
2023-11-21 03:45:00+01:00,0.04087524950894193
2023-11-21 04:00:00+01:00,0.04451205939600881
2023-11-21 04:15:00+01:00,0.04306958399250369
2023-11-21 04:30:00+01:00,0.04191568622299306
2023-11-21 04:45:00+01:00,0.040863164381521766
2023-11-21 05:00:00+01:00,0.03991475863418673
2023-11-21 05:15:00+01:00,0.03660715352130924
2023-11-21 05:30:00+01:00,0.033310505550274316
2023-11-21 05:45:00+01:00,0.03002582814513333
2023-11-21 06:00:00+01:00,0.026754259257876382
2023-11-21 06:15:00+01:00,0.026724479872744754
2023-11-21 06:30:00+01:00,0.026922311596618557
2023-11-21 06:45:00+01:00,0.02734645866284914
2023-11-21 07:00:00+01:00,0.02799417586539768
2023-11-21 07:15:00+01:00,0.028158635251169545
2023-11-21 07:30:00+01:00,0.028449059587109908
2023-11-21 07:45:00+01:00,0.028864411242693684
2023-11-21 08:00:00+01:00,0.029403225932515535
2023-11-21 08:15:00+01:00,0.028305310642167965
2023-11-21 08:30:00+01:00,0.027288643704659186
2023-11-21 08:45:00+01:00,0.0263556249795027
2023-11-21 09:00:00+01:00,0.025508540680040177
2023-11-21 09:15:00+01:00,0.019565167764868382
2023-11-21 09:30:00+01:00,0.013732113965892577
2023-11-21 09:45:00+01:00,0.011036215238895771
2023-11-21 10:00:00+01:00,0.008352654251459746
2023-11-21 10:15:00+01:00,0.006267798999646107
2023-11-21 10:30:00+01:00,0.0045399707803950515
2023-11-21 10:45:00+01:00,0.003229219875758564
2023-11-21 11:00:00+01:00,0.002390247654336363
2023-11-21 11:15:00+01:00,0.0012492626871630805
2023-11-21 11:30:00+01:00,0.0002393341224026747
2023-11-21 11:45:00+01:00,0.0
2023-11-21 12:00:00+01:00,0.0
2023-11-21 12:15:00+01:00,0.0
2023-11-21 12:30:00+01:00,0.0006345275437991645
2023-11-21 12:45:00+01:00,0.0022514227225335004
2023-11-21 13:00:00+01:00,0.004211483945090183
2023-11-21 13:15:00+01:00,0.006601938263971166
2023-11-21 13:30:00+01:00,0.00960325969764651
2023-11-21 13:45:00+01:00,0.01308052978875263
2023-11-21 14:00:00+01:00,0.020625689483515328
2023-11-21 14:15:00+01:00,0.026991538123134724
2023-11-21 14:30:00+01:00,0.034897910738185704
2023-11-21 14:45:00+01:00,0.0440430710640817
2023-11-21 15:00:00+01:00,0.061180510720931953
2023-11-21 15:15:00+01:00,0.07412832302298153
2023-11-21 15:30:00+01:00,0.08737781017333984
2023-11-21 15:45:00+01:00,0.10429641991916618
2023-11-21 16:00:00+01:00,0.1263178855818429
2023-11-21 16:15:00+01:00,0.16204771603041623
2023-11-21 16:30:00+01:00,0.20430091711612125
2023-11-21 16:45:00+01:00,0.2514591573105123
2023-11-21 17:00:00+01:00,0.30246292658477025
2023-11-21 17:15:00+01:00,0.323612171232007
2023-11-21 17:30:00+01:00,0.34503403794133525
2023-11-21 17:45:00+01:00,0.3667120655901526
2023-11-21 18:00:00+01:00,0.38863091786111587
2023-11-21 18:15:00+01:00,0.3876910316465836
2023-11-21 18:30:00+01:00,0.38738078086726113
2023-11-21 18:45:00+01:00,0.38770070548825797
2023-11-21 19:00:00+01:00,0.38865024871787923
2023-11-21 19:15:00+01:00,0.37682150486887045
2023-11-21 19:30:00+01:00,0.36530902488978484
2023-11-21 19:45:00+01:00,0.3541231944035497
2023-11-21 20:00:00+01:00,0.34327454435501936
2023-11-21 20:15:00+01:00,0.3193450883135205
2023-11-21 20:30:00+01:00,0.29547548119024303
2023-11-21 20:45:00+01:00,0.27488363443388775
2023-11-21 21:00:00+01:00,0.2565785895698308
2023-11-21 21:15:00+01:00,0.24140375828735264
2023-11-21 21:30:00+01:00,0.2264490066977057
2023-11-21 21:45:00+01:00,0.2117287628670602
2023-11-21 22:00:00+01:00,0.19725848656701866
2023-11-21 22:15:00+01:00,0.19677547189908065
2023-11-21 22:30:00+01:00,0.19679008283573796
2023-11-21 22:45:00+01:00,0.1973022868174542
2023-11-21 23:00:00+01:00,0.19831094422194884
2023-11-21 23:15:00+01:00,0.19705682129369614
2023-11-21 23:30:00+01:00,0.1959828487982234
2023-11-21 23:45:00+01:00,0.19508989602178636
2023-11-22 00:00:00+01:00,0.19437868999300767
2023-11-22 00:15:00+01:00,0.18802537053001614
2023-11-22 00:30:00+01:00,0.1817421528316855
2023-11-22 00:45:00+01:00,0.17597829857099567
2023-11-22 01:00:00+01:00,0.17132508795587362
2023-11-22 01:15:00+01:00,0.16643485923970933
2023-11-22 01:30:00+01:00,0.16175474244200663
2023-11-22 01:45:00+01:00,0.15729097755704857
2023-11-22 02:00:00+01:00,0.15304974834349627
2023-11-22 02:15:00+01:00,0.14015055187054148
2023-11-22 02:30:00+01:00,0.12734568477227493
2023-11-22 02:45:00+01:00,0.11464357182041203
2023-11-22 03:00:00+01:00,0.10205359109639416
2023-11-22 03:15:00+01:00,0.1012550547246554
2023-11-22 03:30:00+01:00,0.1005167247786062
2023-11-22 03:45:00+01:00,0.09983892235581428
2023-11-22 04:00:00+01:00,0.09922194424360392
2023-11-22 04:15:00+01:00,0.09590504852475737
2023-11-22 04:30:00+01:00,0.09358972168230319
2023-11-22 04:45:00+01:00,0.09152882503676289
2023-11-22 05:00:00+01:00,0.08947111982296566
2023-11-22 05:15:00+01:00,0.07065700981176447
2023-11-22 05:30:00+01:00,0.052943642402304696
2023-11-22 05:45:00+01:00,0.039664659260003066
2023-11-22 06:00:00+01:00,0.031073515584937626
2023-11-22 06:15:00+01:00,0.03295479750142826
2023-11-22 06:30:00+01:00,0.034983989144977676
2023-11-22 06:45:00+01:00,0.037153196455396706
2023-11-22 07:00:00+01:00,0.039454589048968675
2023-11-22 07:15:00+01:00,0.03167177546498382
2023-11-22 07:30:00+01:00,0.02537832067896418
2023-11-22 07:45:00+01:00,0.020862267820243287
2023-11-22 08:00:00+01:00,0.018376683416276095
2023-11-22 08:15:00+01:00,0.011902464916464154
2023-11-22 08:30:00+01:00,0.007946801174672863
2023-11-22 08:45:00+01:00,0.004042262249825518
2023-11-22 09:00:00+01:00,0.00021037529411498877
2023-11-22 09:15:00+01:00,0.0
2023-11-22 09:30:00+01:00,0.0
2023-11-22 09:45:00+01:00,0.0
2023-11-22 10:00:00+01:00,0.0
2023-11-22 10:15:00+01:00,0.0
2023-11-22 10:30:00+01:00,0.0
2023-11-22 10:45:00+01:00,0.0
2023-11-22 11:00:00+01:00,0.0
2023-11-22 11:15:00+01:00,0.0
2023-11-22 11:30:00+01:00,0.0
2023-11-22 11:45:00+01:00,0.0
2023-11-22 12:00:00+01:00,0.0
2023-11-22 12:15:00+01:00,0.0
2023-11-22 12:30:00+01:00,0.0
2023-11-22 12:45:00+01:00,0.0
2023-11-22 13:00:00+01:00,0.000323444962959406
2023-11-22 13:15:00+01:00,0.003394248352204501
2023-11-22 13:30:00+01:00,0.007154449203537714
2023-11-22 13:45:00+01:00,0.011405272419937384
2023-11-22 14:00:00+01:00,0.01861363249479229
2023-11-22 14:15:00+01:00,0.020233955345295686
2023-11-22 14:30:00+01:00,0.022853613728954128
2023-11-22 14:45:00+01:00,0.026396608022948336
2023-11-22 15:00:00+01:00,0.030771832341986015
2023-11-22 15:15:00+01:00,0.036043402750909635
2023-11-22 15:30:00+01:00,0.04140790401300334
2023-11-22 15:45:00+01:00,0.04879731259682015
2023-11-22 16:00:00+01:00,0.0581353867302559
2023-11-22 16:15:00+01:00,0.06616987782711083
2023-11-22 16:30:00+01:00,0.0742347047985408
2023-11-22 16:45:00+01:00,0.08232684775993578
2023-11-22 17:00:00+01:00,0.09044366641582988
2023-11-22 17:15:00+01:00,0.1047019816765239
2023-11-22 17:30:00+01:00,0.12187260516942049
2023-11-22 17:45:00+01:00,0.13905506683992927
2023-11-22 18:00:00+01:00,0.1562480730800896
2023-11-22 18:15:00+01:00,0.1745073756576545
2023-11-22 18:30:00+01:00,0.1985059356188254
2023-11-22 18:45:00+01:00,0.22416495036355322
2023-11-22 19:00:00+01:00,0.25048898455306123
2023-11-22 19:15:00+01:00,0.27010001017511404
2023-11-22 19:30:00+01:00,0.29113915616302377
2023-11-22 19:45:00+01:00,0.3170349915197815
2023-11-22 20:00:00+01:00,0.3431379976118719
2023-11-22 20:15:00+01:00,0.3756795430374294
2023-11-22 20:30:00+01:00,0.40827724329084747
2023-11-22 20:45:00+01:00,0.4426745901961812
2023-11-22 21:00:00+01:00,0.47924985565020284
2023-11-22 21:15:00+01:00,0.49932923976168825
2023-11-22 21:30:00+01:00,0.5195523306502412
2023-11-22 21:45:00+01:00,0.539912768415749
2023-11-22 22:00:00+01:00,0.5604045234698174
2023-11-22 22:15:00+01:00,0.572587465254451
2023-11-22 22:30:00+01:00,0.5858562610828264
2023-11-22 22:45:00+01:00,0.6003224383207553
2023-11-22 23:00:00+01:00,0.6157925998337227
2023-11-22 23:15:00+01:00,0.6213912740057942
2023-11-22 23:30:00+01:00,0.6270300092742236
2023-11-22 23:45:00+01:00,0.6327083493151752
2023-11-23 00:00:00+01:00,0.6384258415763818
2023-11-23 00:15:00+01:00,0.6365701922264237
2023-11-23 00:30:00+01:00,0.6348020941799325
2023-11-23 00:45:00+01:00,0.6331218600569243
2023-11-23 01:00:00+01:00,0.6315297883227452
2023-11-23 01:15:00+01:00,0.6385017049958739
2023-11-23 01:30:00+01:00,0.6455138566411819
2023-11-23 01:45:00+01:00,0.6525656808460211
2023-11-23 02:00:00+01:00,0.6596566225371542
2023-11-23 02:15:00+01:00,0.6603833761855866
2023-11-23 02:30:00+01:00,0.6618295109391609
2023-11-23 02:45:00+01:00,0.663992968622191
2023-11-23 03:00:00+01:00,0.666870684772807
2023-11-23 03:15:00+01:00,0.6695908306603653
2023-11-23 03:30:00+01:00,0.6724978472979481
2023-11-23 03:45:00+01:00,0.6755906681025458
2023-11-23 04:00:00+01:00,0.678868167211408
2023-11-23 04:15:00+01:00,0.6820310861048721
2023-11-23 04:30:00+01:00,0.6852905054839905
2023-11-23 04:45:00+01:00,0.6886458130255444
2023-11-23 05:00:00+01:00,0.6920963837914997
2023-11-23 05:15:00+01:00,0.7008304044613133
2023-11-23 05:30:00+01:00,0.709908142850372
2023-11-23 05:45:00+01:00,0.7193236433096971
2023-11-23 06:00:00+01:00,0.7290708730418083
2023-11-23 06:15:00+01:00,0.7249484883392054
2023-11-23 06:30:00+01:00,0.7208585518246422
2023-11-23 06:45:00+01:00,0.7168013172182416
2023-11-23 07:00:00+01:00,0.7127770388316933
2023-11-23 07:15:00+01:00,0.711784617644461
2023-11-23 07:30:00+01:00,0.7113501108551015
2023-11-23 07:45:00+01:00,0.7114739835022017
2023-11-23 08:00:00+01:00,0.712156102956236
2023-11-23 08:15:00+01:00,0.7187501860097035
2023-11-23 08:30:00+01:00,0.7253508117774865
2023-11-23 08:45:00+01:00,0.7319578984853967
2023-11-23 09:00:00+01:00,0.7385713656382673
2023-11-23 09:15:00+01:00,0.748312268711418
2023-11-23 09:30:00+01:00,0.7572249089225631
2023-11-23 09:45:00+01:00,0.7661407874596483
2023-11-23 10:00:00+01:00,0.7750598385995967
2023-11-23 10:15:00+01:00,0.7600994750710759
2023-11-23 10:30:00+01:00,0.7462755241574351
2023-11-23 10:45:00+01:00,0.7314023323270662
2023-11-23 11:00:00+01:00,0.7172056759354393
2023-11-23 11:15:00+01:00,0.7212563877181509
2023-11-23 11:30:00+01:00,0.725402849920662
2023-11-23 11:45:00+01:00,0.7296443096623229
2023-11-23 12:00:00+01:00,0.7339800049573955
2023-11-23 12:15:00+01:00,0.7559463239792964
2023-11-23 12:30:00+01:00,0.7761960539500506
2023-11-23 12:45:00+01:00,0.7964513596857422
2023-11-23 13:00:00+01:00,0.8167119919776833
2023-11-23 13:15:00+01:00,0.8490663813058478
2023-11-23 13:30:00+01:00,0.8779687770991502
2023-11-23 13:45:00+01:00,0.8988209319515408
2023-11-23 14:00:00+01:00,0.9198896782415794
2023-11-23 14:15:00+01:00,0.9226199420796262
2023-11-23 14:30:00+01:00,0.9269639384216698
2023-11-23 14:45:00+01:00,0.9328995758109777
2023-11-23 15:00:00+01:00,0.940397314484462
2023-11-23 15:15:00+01:00,0.9376363488389374
2023-11-23 15:30:00+01:00,0.935559249200004
2023-11-23 15:45:00+01:00,0.9341704860907
2023-11-23 16:00:00+01:00,0.9334730702736271
2023-11-23 16:15:00+01:00,0.9330247354372946
2023-11-23 16:30:00+01:00,0.9328269351132807
2023-11-23 16:45:00+01:00,0.9328798254767605
2023-11-23 17:00:00+01:00,0.9331833647549239
2023-11-23 17:15:00+01:00,0.9329204383653321
2023-11-23 17:30:00+01:00,0.9332213288127126
2023-11-23 17:45:00+01:00,0.9340855021305633
2023-11-23 18:00:00+01:00,0.9355114284806678
2023-11-23 18:15:00+01:00,0.9416125007547012
2023-11-23 18:30:00+01:00,0.947724882198869
2023-11-23 18:45:00+01:00,0.9530283379443315
2023-11-23 19:00:00+01:00,0.9557346755632004
2023-11-23 19:15:00+01:00,0.9569879899959812
2023-11-23 19:30:00+01:00,0.9582710021836841
2023-11-23 19:45:00+01:00,0.9595834498166493
2023-11-23 20:00:00+01:00,0.9609250677535254
2023-11-23 20:15:00+01:00,0.9623246409579645
2023-11-23 20:30:00+01:00,0.9637332692751975
2023-11-23 20:45:00+01:00,0.9651508660016741
2023-11-23 21:00:00+01:00,0.9665773449957255
2023-11-23 21:15:00+01:00,0.9656637114511128
2023-11-23 21:30:00+01:00,0.9649498119237527
2023-11-23 21:45:00+01:00,0.9644366172357738
2023-11-23 22:00:00+01:00,0.9641248291620513
2023-11-23 22:15:00+01:00,0.9569788024700621
2023-11-23 22:30:00+01:00,0.9504394221876691
2023-11-23 22:45:00+01:00,0.942058417228477
2023-11-23 23:00:00+01:00,0.9377643837561199
2023-11-23 23:15:00+01:00,0.921662033535697
2023-11-23 23:30:00+01:00,0.9097720609193616
2023-11-23 23:45:00+01:00,0.9022575698018328
2023-11-24 00:00:00+01:00,0.8992259838531197
2023-11-24 00:15:00+01:00,0.8769009038278418
2023-11-24 00:30:00+01:00,0.8499914731778495
2023-11-24 00:45:00+01:00,0.8255440910693943
2023-11-24 01:00:00+01:00,0.807086463037142
2023-11-24 01:15:00+01:00,0.7717153658197843
2023-11-24 01:30:00+01:00,0.7349167957710601
2023-11-24 01:45:00+01:00,0.6913232567346541
2023-11-24 02:00:00+01:00,0.6478953819476077
2023-11-24 02:15:00+01:00,0.626061973774411
2023-11-24 02:30:00+01:00,0.6054621019295394
2023-11-24 02:45:00+01:00,0.5861487604348368
2023-11-24 03:00:00+01:00,0.5684006762018358
2023-11-24 03:15:00+01:00,0.5604132263679036
2023-11-24 03:30:00+01:00,0.5536101861203222
2023-11-24 03:45:00+01:00,0.5480090852541558
2023-11-24 04:00:00+01:00,0.5436246167688552
2023-11-24 04:15:00+01:00,0.558732482037642
2023-11-24 04:30:00+01:00,0.5739036000625568
2023-11-24 04:45:00+01:00,0.589223861953054
2023-11-24 05:00:00+01:00,0.6047471730581375
2023-11-24 05:15:00+01:00,0.5954021866796677
2023-11-24 05:30:00+01:00,0.5862344210084061
2023-11-24 05:45:00+01:00,0.5773381219697049
2023-11-24 06:00:00+01:00,0.5686664333327569
2023-11-24 06:15:00+01:00,0.5860843471075009
2023-11-24 06:30:00+01:00,0.6040744470258667
2023-11-24 06:45:00+01:00,0.6224017004363913
2023-11-24 07:00:00+01:00,0.6410536948672828
2023-11-24 07:15:00+01:00,0.6487421069879413
2023-11-24 07:30:00+01:00,0.6572558185515246
2023-11-24 07:45:00+01:00,0.6665809523252486
2023-11-24 08:00:00+01:00,0.6767026629785178
2023-11-24 08:15:00+01:00,0.6807579805765936
2023-11-24 08:30:00+01:00,0.6848904195545401
2023-11-24 08:45:00+01:00,0.6890993596657093
2023-11-24 09:00:00+01:00,0.6933841759989483
2023-11-24 09:15:00+01:00,0.7086824076573498
2023-11-24 09:30:00+01:00,0.7239897227705417
2023-11-24 09:45:00+01:00,0.7393058592707118
2023-11-24 10:00:00+01:00,0.7523461696046408
2023-11-24 10:15:00+01:00,0.7201865669533992
2023-11-24 10:30:00+01:00,0.6865363127052693
2023-11-24 10:45:00+01:00,0.653733005632864
2023-11-24 11:00:00+01:00,0.6218331840646859
2023-11-24 11:15:00+01:00,0.6435780202867777
2023-11-24 11:30:00+01:00,0.6668095597057632
2023-11-24 11:45:00+01:00,0.6914606885990348
2023-11-24 12:00:00+01:00,0.7174645333702836
2023-11-24 12:15:00+01:00,0.7616721586762839
2023-11-24 12:30:00+01:00,0.8011781543821298
2023-11-24 12:45:00+01:00,0.8408901483610657
2023-11-24 13:00:00+01:00,0.8773233721852077
2023-11-24 13:15:00+01:00,0.8485036016211023
2023-11-24 13:30:00+01:00,0.8162237768506403
2023-11-24 13:45:00+01:00,0.7839519733541512
2023-11-24 14:00:00+01:00,0.7516887910200525
2023-11-24 14:15:00+01:00,0.7296728891440061
2023-11-24 14:30:00+01:00,0.7061650794820492
2023-11-24 14:45:00+01:00,0.6833206253176388
2023-11-24 15:00:00+01:00,0.6611695635959602
2023-11-24 15:15:00+01:00,0.7044258113642371
2023-11-24 15:30:00+01:00,0.7479141245149277
2023-11-24 15:45:00+01:00,0.7850187590110289
2023-11-24 16:00:00+01:00,0.823109091394635
2023-11-24 16:15:00+01:00,0.8372589398373909
2023-11-24 16:30:00+01:00,0.8515556387697201
2023-11-24 16:45:00+01:00,0.8659947175855242
2023-11-24 17:00:00+01:00,0.8771854464001428
2023-11-24 17:15:00+01:00,0.8792523700150673
2023-11-24 17:30:00+01:00,0.8813864199961161
2023-11-24 17:45:00+01:00,0.8835871202338189
2023-11-24 18:00:00+01:00,0.8858539844525548
2023-11-24 18:15:00+01:00,0.8908695434544194
2023-11-24 18:30:00+01:00,0.8960204643474394
2023-11-24 18:45:00+01:00,0.9013044744007638
2023-11-24 19:00:00+01:00,0.9067192947137802
2023-11-24 19:15:00+01:00,0.9103538394054619
2023-11-24 19:30:00+01:00,0.9140013007790947
2023-11-24 19:45:00+01:00,0.9176615279454889
2023-11-24 20:00:00+01:00,0.9213343718406536
2023-11-24 20:15:00+01:00,0.9236362553317897
2023-11-24 20:30:00+01:00,0.9271456625562597
2023-11-24 20:45:00+01:00,0.9318492240426415
2023-11-24 21:00:00+01:00,0.9377293283936805
2023-11-24 21:15:00+01:00,0.9237974139994458
2023-11-24 21:30:00+01:00,0.9112261419202502
2023-11-24 21:45:00+01:00,0.9000713445073939
2023-11-24 22:00:00+01:00,0.8903851452648028
2023-11-24 22:15:00+01:00,0.8112282811633165
2023-11-24 22:30:00+01:00,0.7156425154002319
2023-11-24 22:45:00+01:00,0.6036008097610676
2023-11-24 23:00:00+01:00,0.4929335218820199
2023-11-24 23:15:00+01:00,0.4710000366630029
2023-11-24 23:30:00+01:00,0.45006739391598444
2023-11-24 23:45:00+01:00,0.4301854312360495
2023-11-25 00:00:00+01:00,0.4129727928004265
2023-11-25 00:15:00+01:00,0.4088615104046958
2023-11-25 00:30:00+01:00,0.4049682819025348
2023-11-25 00:45:00+01:00,0.40129542485700154
2023-11-25 01:00:00+01:00,0.3978451558453427
2023-11-25 01:15:00+01:00,0.38541461565498025
2023-11-25 01:30:00+01:00,0.3731834552021002
2023-11-25 01:45:00+01:00,0.36115858430452796
2023-11-25 02:00:00+01:00,0.34934711096762816
2023-11-25 02:15:00+01:00,0.35489692448921634
2023-11-25 02:30:00+01:00,0.3604921150952513
2023-11-25 02:45:00+01:00,0.36613196675346366
2023-11-25 03:00:00+01:00,0.37181577288046547
2023-11-25 03:15:00+01:00,0.3638903456220371
2023-11-25 03:30:00+01:00,0.3563000896449226
2023-11-25 03:45:00+01:00,0.34905229676435084
2023-11-25 04:00:00+01:00,0.342154128475342
2023-11-25 04:15:00+01:00,0.3525068293239171
2023-11-25 04:30:00+01:00,0.3645290800588018
2023-11-25 04:45:00+01:00,0.3781649087766613
2023-11-25 05:00:00+01:00,0.3933538138911557
2023-11-25 05:15:00+01:00,0.40885872474214596
2023-11-25 05:30:00+01:00,0.42594556279480045
2023-11-25 05:45:00+01:00,0.44672079058046515
2023-11-25 06:00:00+01:00,0.4691341330134152
2023-11-25 06:15:00+01:00,0.4972982790052668
2023-11-25 06:30:00+01:00,0.5256394260051808
2023-11-25 06:45:00+01:00,0.5541467089596389
2023-11-25 07:00:00+01:00,0.5828100779458928
2023-11-25 07:15:00+01:00,0.5889250540897735
2023-11-25 07:30:00+01:00,0.5953676033437136
2023-11-25 07:45:00+01:00,0.6021255501229106
2023-11-25 08:00:00+01:00,0.6091945194842807
2023-11-25 08:15:00+01:00,0.6059043140899097
2023-11-25 08:30:00+01:00,0.6027077271568517
2023-11-25 08:45:00+01:00,0.5996053769959145
2023-11-25 09:00:00+01:00,0.5965978689068897
2023-11-25 09:15:00+01:00,0.5840548805726175
2023-11-25 09:30:00+01:00,0.5727158971386483
2023-11-25 09:45:00+01:00,0.5624403109433339
2023-11-25 10:00:00+01:00,0.5532407954367621
2023-11-25 10:15:00+01:00,0.47730263134169704
2023-11-25 10:30:00+01:00,0.4044138818633285
2023-11-25 10:45:00+01:00,0.33744389132855324
2023-11-25 11:00:00+01:00,0.27442460431475413
2023-11-25 11:15:00+01:00,0.27819700474501596
2023-11-25 11:30:00+01:00,0.2819858221858432
2023-11-25 11:45:00+01:00,0.2858135157754887
2023-11-25 12:00:00+01:00,0.29076811170443023
2023-11-25 12:15:00+01:00,0.3273938050857187
2023-11-25 12:30:00+01:00,0.3640313286770691
2023-11-25 12:45:00+01:00,0.400679498567145
2023-11-25 13:00:00+01:00,0.4386597859920721
2023-11-25 13:15:00+01:00,0.47192934745044146
2023-11-25 13:30:00+01:00,0.506151622096366
2023-11-25 13:45:00+01:00,0.5412553310003544
2023-11-25 14:00:00+01:00,0.577174554919048
2023-11-25 14:15:00+01:00,0.6513279329173105
2023-11-25 14:30:00+01:00,0.7285852238248546
2023-11-25 14:45:00+01:00,0.7957093483160816
2023-11-25 15:00:00+01:00,0.8618652423236695
2023-11-25 15:15:00+01:00,0.8267930638421352
2023-11-25 15:30:00+01:00,0.791844692925797
2023-11-25 15:45:00+01:00,0.7570301155699084
2023-11-25 16:00:00+01:00,0.7174259697643216
2023-11-25 16:15:00+01:00,0.7049120787275266
2023-11-25 16:30:00+01:00,0.6924152604319803
2023-11-25 16:45:00+01:00,0.6799359325882288
2023-11-25 17:00:00+01:00,0.6674745260315391
2023-11-25 17:15:00+01:00,0.6686740922764817
2023-11-25 17:30:00+01:00,0.6705451361260704
2023-11-25 17:45:00+01:00,0.6730851868017166
2023-11-25 18:00:00+01:00,0.6762909094293456
2023-11-25 18:15:00+01:00,0.6453744220511481
2023-11-25 18:30:00+01:00,0.6148321637622971
2023-11-25 18:45:00+01:00,0.5846879954145909
2023-11-25 19:00:00+01:00,0.5553908681365324
2023-11-25 19:15:00+01:00,0.5199558093741142
2023-11-25 19:30:00+01:00,0.4848196682738311
2023-11-25 19:45:00+01:00,0.45000704260311253
2023-11-25 20:00:00+01:00,0.41667410000215793
2023-11-25 20:15:00+01:00,0.37676135832616525
2023-11-25 20:30:00+01:00,0.3368747320469325
2023-11-25 20:45:00+01:00,0.297017362986048
2023-11-25 21:00:00+01:00,0.26371899139830457
2023-11-25 21:15:00+01:00,0.24597515816415977
2023-11-25 21:30:00+01:00,0.22835529984767533
2023-11-25 21:45:00+01:00,0.2108690044839268
2023-11-25 22:00:00+01:00,0.19352679021870314
2023-11-25 22:15:00+01:00,0.18864523976754433
2023-11-25 22:30:00+01:00,0.18606860487190763
2023-11-25 22:45:00+01:00,0.18582394504015168
2023-11-25 23:00:00+01:00,0.18791385155159118
2023-11-25 23:15:00+01:00,0.18213797252753883
2023-11-25 23:30:00+01:00,0.17688638574562052
2023-11-25 23:45:00+01:00,0.17306982367637055
2023-11-26 00:00:00+01:00,0.16954496484320566
2023-11-26 00:15:00+01:00,0.17173703237683385
2023-11-26 00:30:00+01:00,0.17401770777997932
2023-11-26 00:45:00+01:00,0.1763857584779183
2023-11-26 01:00:00+01:00,0.17930510961158944
2023-11-26 01:15:00+01:00,0.1839267628462226
2023-11-26 01:30:00+01:00,0.18877796291882212
2023-11-26 01:45:00+01:00,0.19385369729080504
2023-11-26 02:00:00+01:00,0.1991488763824082
2023-11-26 02:15:00+01:00,0.20211365164066383
2023-11-26 02:30:00+01:00,0.20571137864137087
2023-11-26 02:45:00+01:00,0.20993204859152892
2023-11-26 03:00:00+01:00,0.21476418660561142
2023-11-26 03:15:00+01:00,0.2183913974486501
2023-11-26 03:30:00+01:00,0.22220915818866135
2023-11-26 03:45:00+01:00,0.2262143458826218
2023-11-26 04:00:00+01:00,0.23040375717035297
2023-11-26 04:15:00+01:00,0.23348452585853335
2023-11-26 04:30:00+01:00,0.23656668297249647
2023-11-26 04:45:00+01:00,0.23965021048810473
2023-11-26 05:00:00+01:00,0.24273509068404694
2023-11-26 05:15:00+01:00,0.2361386009710051
2023-11-26 05:30:00+01:00,0.22954217815674183
2023-11-26 05:45:00+01:00,0.22294582414457037
2023-11-26 06:00:00+01:00,0.21634954091067482
2023-11-26 06:15:00+01:00,0.2074067818324854
2023-11-26 06:30:00+01:00,0.1985959141756898
2023-11-26 06:45:00+01:00,0.18992219987293552
2023-11-26 07:00:00+01:00,0.1813910958761536
2023-11-26 07:15:00+01:00,0.18394099874350509
2023-11-26 07:30:00+01:00,0.18704335847613662
2023-11-26 07:45:00+01:00,0.1906904234438071
2023-11-26 08:00:00+01:00,0.19487326517473036
2023-11-26 08:15:00+01:00,0.19938187670294458
2023-11-26 08:30:00+01:00,0.20431002892524014
2023-11-26 08:45:00+01:00,0.20964863062993558
2023-11-26 09:00:00+01:00,0.21538812721714493
2023-11-26 09:15:00+01:00,0.21838143306728125
2023-11-26 09:30:00+01:00,0.22158407749844852
2023-11-26 09:45:00+01:00,0.22499317738031457
2023-11-26 10:00:00+01:00,0.22860572158532505
2023-11-26 10:15:00+01:00,0.21893807025509965
2023-11-26 10:30:00+01:00,0.20929887752609214
2023-11-26 10:45:00+01:00,0.19968936747129767
2023-11-26 11:00:00+01:00,0.19011083127846762
2023-11-26 11:15:00+01:00,0.2010176047607512
2023-11-26 11:30:00+01:00,0.21192832959491567
2023-11-26 11:45:00+01:00,0.22284281980912293
2023-11-26 12:00:00+01:00,0.2337609008633173
2023-11-26 12:15:00+01:00,0.255261869268448
2023-11-26 12:30:00+01:00,0.27676698119767196
2023-11-26 12:45:00+01:00,0.30200295925325155
2023-11-26 13:00:00+01:00,0.3298981544153862
2023-11-26 13:15:00+01:00,0.3076060035372613
2023-11-26 13:30:00+01:00,0.2854120568894797
2023-11-26 13:45:00+01:00,0.2682342697034765
2023-11-26 14:00:00+01:00,0.2510640212501809
2023-11-26 14:15:00+01:00,0.25473191435436227
2023-11-26 14:30:00+01:00,0.25842331069321484
2023-11-26 14:45:00+01:00,0.2621378560282157
2023-11-26 15:00:00+01:00,0.2658752010486875
2023-11-26 15:15:00+01:00,0.2743782333673916
2023-11-26 15:30:00+01:00,0.2830165480525791
2023-11-26 15:45:00+01:00,0.2935869254848463
2023-11-26 16:00:00+01:00,0.3051214391852616
2023-11-26 16:15:00+01:00,0.3258872832751626
2023-11-26 16:30:00+01:00,0.34689418043095727
2023-11-26 16:45:00+01:00,0.3681278765844818
2023-11-26 17:00:00+01:00,0.38957508316627504
2023-11-26 17:15:00+01:00,0.3943342790239543
2023-11-26 17:30:00+01:00,0.39932353566070933
2023-11-26 17:45:00+01:00,0.4045397287608792
2023-11-26 18:00:00+01:00,0.4099796520836971
2023-11-26 18:15:00+01:00,0.3954365204638155
2023-11-26 18:30:00+01:00,0.3820210802117254
2023-11-26 18:45:00+01:00,0.36977585198451646
2023-11-26 19:00:00+01:00,0.3587415315151393
2023-11-26 19:15:00+01:00,0.35670044885686536
2023-11-26 19:30:00+01:00,0.3556977268086892
2023-11-26 19:45:00+01:00,0.3557363307189582
2023-11-26 20:00:00+01:00,0.35681614621577334
2023-11-26 20:15:00+01:00,0.3603517280486754
2023-11-26 20:30:00+01:00,0.36425271473609017
2023-11-26 20:45:00+01:00,0.3685150952345647
2023-11-26 21:00:00+01:00,0.3731345537197305
2023-11-26 21:15:00+01:00,0.37551123851013246
2023-11-26 21:30:00+01:00,0.3779586690663839
2023-11-26 21:45:00+01:00,0.3804763635796151
2023-11-26 22:00:00+01:00,0.38306383096273017
2023-11-26 22:15:00+01:00,0.38646204185268684
2023-11-26 22:30:00+01:00,0.3901954068727059
2023-11-26 22:45:00+01:00,0.3942604881415157
2023-11-26 23:00:00+01:00,0.39865359556090446
2023-11-26 23:15:00+01:00,0.40934383761315773
2023-11-26 23:30:00+01:00,0.42003878842914155
2023-11-26 23:45:00+01:00,0.43127788810618206
2023-11-27 00:00:00+01:00,0.4432518224795926
2023-11-27 00:15:00+01:00,0.459785703853666
2023-11-27 00:30:00+01:00,0.47665906325255286
2023-11-27 00:45:00+01:00,0.49385892953092875
2023-11-27 01:00:00+01:00,0.5113727516720348
2023-11-27 01:15:00+01:00,0.5109028034876711
2023-11-27 01:30:00+01:00,0.5111920246580733
2023-11-27 01:45:00+01:00,0.51223992478181
2023-11-27 02:00:00+01:00,0.514044730577948
2023-11-27 02:15:00+01:00,0.5217595154794568
2023-11-27 02:30:00+01:00,0.5298059873710451
2023-11-27 02:45:00+01:00,0.5381782982258219
2023-11-27 03:00:00+01:00,0.5468705081964464
2023-11-27 03:15:00+01:00,0.565107539813901
2023-11-27 03:30:00+01:00,0.5835652033484536
2023-11-27 03:45:00+01:00,0.6025109606616271
2023-11-27 04:00:00+01:00,0.6216604910290452
2023-11-27 04:15:00+01:00,0.6241353478284344
2023-11-27 04:30:00+01:00,0.6287619341004638
2023-11-27 04:45:00+01:00,0.6355201777556178
2023-11-27 05:00:00+01:00,0.6443812042242851
2023-11-27 05:15:00+01:00,0.6678803514537396
2023-11-27 05:30:00+01:00,0.6949404133279985
2023-11-27 05:45:00+01:00,0.7253781813185883
2023-11-27 06:00:00+01:00,0.7558696254237075
2023-11-27 06:15:00+01:00,0.7320005783787167
2023-11-27 06:30:00+01:00,0.7050858555352298
2023-11-27 06:45:00+01:00,0.6782626788280579
2023-11-27 07:00:00+01:00,0.6515359465907299
2023-11-27 07:15:00+01:00,0.6553281742528588
2023-11-27 07:30:00+01:00,0.6611112701318324
2023-11-27 07:45:00+01:00,0.6688625291919348
2023-11-27 08:00:00+01:00,0.6785520567343444
2023-11-27 08:15:00+01:00,0.7084610793049987
2023-11-27 08:30:00+01:00,0.7410433527492911
2023-11-27 08:45:00+01:00,0.7696808679403351
2023-11-27 09:00:00+01:00,0.7998637150655535
2023-11-27 09:15:00+01:00,0.825384271526318
2023-11-27 09:30:00+01:00,0.8513684421249386
2023-11-27 09:45:00+01:00,0.8754344115376477
2023-11-27 10:00:00+01:00,0.892331483569866
2023-11-27 10:15:00+01:00,0.8592686372081827
2023-11-27 10:30:00+01:00,0.8141580145601135
2023-11-27 10:45:00+01:00,0.7693210297057447
2023-11-27 11:00:00+01:00,0.7204364317215931
2023-11-27 11:15:00+01:00,0.738424927842684
2023-11-27 11:30:00+01:00,0.7539745964161735
2023-11-27 11:45:00+01:00,0.7688493450105812
2023-11-27 12:00:00+01:00,0.7839029312819856
2023-11-27 12:15:00+01:00,0.7918815460150123
2023-11-27 12:30:00+01:00,0.8000203769236719
2023-11-27 12:45:00+01:00,0.8083165288117526
2023-11-27 13:00:00+01:00,0.8167671218600454
2023-11-27 13:15:00+01:00,0.8015436976884117
2023-11-27 13:30:00+01:00,0.7866653350496141
2023-11-27 13:45:00+01:00,0.7721437464227638
2023-11-27 14:00:00+01:00,0.7579908800503986
2023-11-27 14:15:00+01:00,0.7378096217761817
2023-11-27 14:30:00+01:00,0.7140090473677023
2023-11-27 14:45:00+01:00,0.6902335743775325
2023-11-27 15:00:00+01:00,0.6664843815770448
2023-11-27 15:15:00+01:00,0.6603946362821861
2023-11-27 15:30:00+01:00,0.6544025993905297
2023-11-27 15:45:00+01:00,0.6485094411525898
2023-11-27 16:00:00+01:00,0.6427163308055531
2023-11-27 16:15:00+01:00,0.6131215500653876
2023-11-27 16:30:00+01:00,0.5839816309218109
2023-11-27 16:45:00+01:00,0.5557428584585746
2023-11-27 17:00:00+01:00,0.5280193176601539
2023-11-27 17:15:00+01:00,0.48979483883139824
2023-11-27 17:30:00+01:00,0.45214466519609114
2023-11-27 17:45:00+01:00,0.4162949064777274
2023-11-27 18:00:00+01:00,0.3838092077159003
2023-11-27 18:15:00+01:00,0.32218042723780177
2023-11-27 18:30:00+01:00,0.2680769979264386
2023-11-27 18:45:00+01:00,0.22443355389720285
2023-11-27 19:00:00+01:00,0.18332865492790107
2023-11-27 19:15:00+01:00,0.1184576627533837
2023-11-27 19:30:00+01:00,0.07628350109385273
2023-11-27 19:45:00+01:00,0.051864750710925826
2023-11-27 20:00:00+01:00,0.04152097497088893
2023-11-27 20:15:00+01:00,0.03810707806704432
2023-11-27 20:30:00+01:00,0.04554238067221746
2023-11-27 20:45:00+01:00,0.07185671331565598
2023-11-27 21:00:00+01:00,0.11674559145011344
2023-11-27 21:15:00+01:00,0.15082184528563525
2023-11-27 21:30:00+01:00,0.19411694606208657
2023-11-27 21:45:00+01:00,0.2512401787763272
2023-11-27 22:00:00+01:00,0.3205179919396223
2023-11-27 22:15:00+01:00,0.3566850629097526
2023-11-27 22:30:00+01:00,0.39447742856245244
2023-11-27 22:45:00+01:00,0.43462700712308816
2023-11-27 23:00:00+01:00,0.48001070626000963
2023-11-27 23:15:00+01:00,0.4686811123104899
2023-11-27 23:30:00+01:00,0.4573565200644535
2023-11-27 23:45:00+01:00,0.4460370625901626
2023-11-28 00:00:00+01:00,0.43472287765478856
2023-11-28 00:15:00+01:00,0.4389339443745853
2023-11-28 00:30:00+01:00,0.44316092311559263
2023-11-28 00:45:00+01:00,0.4474036560349968
2023-11-28 01:00:00+01:00,0.4516619867940673
2023-11-28 01:15:00+01:00,0.4860316841380985
2023-11-28 01:30:00+01:00,0.5204482005605323
2023-11-28 01:45:00+01:00,0.5549080479448475
2023-11-28 02:00:00+01:00,0.5895001139954136
2023-11-28 02:15:00+01:00,0.6082161748055093
2023-11-28 02:30:00+01:00,0.6269356083798419
2023-11-28 02:45:00+01:00,0.6456582882806682
2023-11-28 03:00:00+01:00,0.6643840942917497
2023-11-28 03:15:00+01:00,0.678141364143708
2023-11-28 03:30:00+01:00,0.6919841537357311
2023-11-28 03:45:00+01:00,0.7059101839733546
2023-11-28 04:00:00+01:00,0.7199172430415368
2023-11-28 04:15:00+01:00,0.7172647573161325
2023-11-28 04:30:00+01:00,0.7146186247470081
2023-11-28 04:45:00+01:00,0.711978877573474
2023-11-28 05:00:00+01:00,0.7093455481747534
2023-11-28 05:15:00+01:00,0.6917464969265678
2023-11-28 05:30:00+01:00,0.6741773360767661
2023-11-28 05:45:00+01:00,0.6566391096460586
2023-11-28 06:00:00+01:00,0.6391329088781655
2023-11-28 06:15:00+01:00,0.626291107065897
2023-11-28 06:30:00+01:00,0.6134502150339864
2023-11-28 06:45:00+01:00,0.6006102569031401
2023-11-28 07:00:00+01:00,0.5877712576524899
2023-11-28 07:15:00+01:00,0.5634196324060955
2023-11-28 07:30:00+01:00,0.5391393446000395
2023-11-28 07:45:00+01:00,0.5148644325770926
2023-11-28 08:00:00+01:00,0.4905951925733007
2023-11-28 08:15:00+01:00,0.44222366313229183
2023-11-28 08:30:00+01:00,0.3972896668798079
2023-11-28 08:45:00+01:00,0.35406481985819127
2023-11-28 09:00:00+01:00,0.3108497460573067
2023-11-28 09:15:00+01:00,0.26481621213817724
2023-11-28 09:30:00+01:00,0.22463094562372038
2023-11-28 09:45:00+01:00,0.1845603944585394
2023-11-28 10:00:00+01:00,0.1525454624323468
2023-11-28 10:15:00+01:00,0.1372431464407552
2023-11-28 10:30:00+01:00,0.12263831929693664
2023-11-28 10:45:00+01:00,0.1088030154212054
2023-11-28 11:00:00+01:00,0.0958148994686942
2023-11-28 11:15:00+01:00,0.0794091517930874
2023-11-28 11:30:00+01:00,0.06359186488750532
2023-11-28 11:45:00+01:00,0.04822999037445279
2023-11-28 12:00:00+01:00,0.03777679815710798
2023-11-28 12:15:00+01:00,0.03397886067687991
2023-11-28 12:30:00+01:00,0.031304022405715504
2023-11-28 12:45:00+01:00,0.029836748078911127
2023-11-28 13:00:00+01:00,0.029626945167627764
2023-11-28 13:15:00+01:00,0.03286726511349831
2023-11-28 13:30:00+01:00,0.03652460535443252
2023-11-28 13:45:00+01:00,0.04056001977522975
2023-11-28 14:00:00+01:00,0.045551483442583175
2023-11-28 14:15:00+01:00,0.05084043727227284
2023-11-28 14:30:00+01:00,0.05641842908632652
2023-11-28 14:45:00+01:00,0.062263768322805946
2023-11-28 15:00:00+01:00,0.0683559896476041
2023-11-28 15:15:00+01:00,0.054173762566578715
2023-11-28 15:30:00+01:00,0.042324527250433265
2023-11-28 15:45:00+01:00,0.0354312965781229
2023-11-28 16:00:00+01:00,0.029507208186303834
2023-11-28 16:15:00+01:00,0.02953652327528129
2023-11-28 16:30:00+01:00,0.03181550933886861
2023-11-28 16:45:00+01:00,0.0362082698121442
2023-11-28 17:00:00+01:00,0.04248170669818706
2023-11-28 17:15:00+01:00,0.05481818507849199
2023-11-28 17:30:00+01:00,0.06983461130633625
2023-11-28 17:45:00+01:00,0.08615507301858724
2023-11-28 18:00:00+01:00,0.10855665197271151
2023-11-28 18:15:00+01:00,0.13139979529505955
2023-11-28 18:30:00+01:00,0.15525573264488
2023-11-28 18:45:00+01:00,0.18080629301914997
2023-11-28 19:00:00+01:00,0.2143913813724844
2023-11-28 19:15:00+01:00,0.24380971645829247
2023-11-28 19:30:00+01:00,0.2744943062676367
2023-11-28 19:45:00+01:00,0.3124020355423439
2023-11-28 20:00:00+01:00,0.35491652635668197
2023-11-28 20:15:00+01:00,0.38898185900267956
2023-11-28 20:30:00+01:00,0.423551571663135
2023-11-28 20:45:00+01:00,0.462423298256094
2023-11-28 21:00:00+01:00,0.5020764354914784
2023-11-28 21:15:00+01:00,0.5215988312345403
2023-11-28 21:30:00+01:00,0.5411678735691497
2023-11-28 21:45:00+01:00,0.560781594816507
2023-11-28 22:00:00+01:00,0.5804381323046867
2023-11-28 22:15:00+01:00,0.6028667356002437
2023-11-28 22:30:00+01:00,0.6254688530270276
2023-11-28 22:45:00+01:00,0.6481947595489771
2023-11-28 23:00:00+01:00,0.6710389152338322
2023-11-28 23:15:00+01:00,0.6825287967536138
2023-11-28 23:30:00+01:00,0.6940202892851766
2023-11-28 23:45:00+01:00,0.7055133571786114
2023-11-29 00:00:00+01:00,0.7170079658234907
2023-11-29 00:15:00+01:00,0.7212816964661325
2023-11-29 00:30:00+01:00,0.7264054230576193
2023-11-29 00:45:00+01:00,0.7323709011485
2023-11-29 01:00:00+01:00,0.7391686655575317
2023-11-29 01:15:00+01:00,0.7452314746528677
2023-11-29 01:30:00+01:00,0.7506701605991629
2023-11-29 01:45:00+01:00,0.7561992482157454
2023-11-29 02:00:00+01:00,0.7618175881620394
2023-11-29 02:15:00+01:00,0.7691352187025952
2023-11-29 02:30:00+01:00,0.7764925859863894
2023-11-29 02:45:00+01:00,0.783889028942568
2023-11-29 03:00:00+01:00,0.7913238976872631
2023-11-29 03:15:00+01:00,0.7981205786014102
2023-11-29 03:30:00+01:00,0.804917263617728
2023-11-29 03:45:00+01:00,0.8117139526744664
2023-11-29 04:00:00+01:00,0.8185106457111108
2023-11-29 04:15:00+01:00,0.8256613222397422
2023-11-29 04:30:00+01:00,0.8329920129805096
2023-11-29 04:45:00+01:00,0.8404998561403524
2023-11-29 05:00:00+01:00,0.8481819832926796
2023-11-29 05:15:00+01:00,0.8525869255282821
2023-11-29 05:30:00+01:00,0.8570321170618405
2023-11-29 05:45:00+01:00,0.8615171756965024
2023-11-29 06:00:00+01:00,0.8660417206960785
2023-11-29 06:15:00+01:00,0.8727348524173852
2023-11-29 06:30:00+01:00,0.8774422819045409
2023-11-29 06:45:00+01:00,0.8821589913229582
2023-11-29 07:00:00+01:00,0.8868848357256196
2023-11-29 07:15:00+01:00,0.888183754086207
2023-11-29 07:30:00+01:00,0.8900209653286713
2023-11-29 07:45:00+01:00,0.8923932143125834
2023-11-29 08:00:00+01:00,0.8952963366099724
2023-11-29 08:15:00+01:00,0.8847948269585443
2023-11-29 08:30:00+01:00,0.8746032760581394
2023-11-29 08:45:00+01:00,0.8607934869002916
2023-11-29 09:00:00+01:00,0.8456427947323161
2023-11-29 09:15:00+01:00,0.8092765406969339
2023-11-29 09:30:00+01:00,0.7738928481087878
2023-11-29 09:45:00+01:00,0.7387824344028092
2023-11-29 10:00:00+01:00,0.6976292731372059
2023-11-29 10:15:00+01:00,0.6371719051961072
2023-11-29 10:30:00+01:00,0.5778608870448345
2023-11-29 10:45:00+01:00,0.5205370485958064
2023-11-29 11:00:00+01:00,0.46455395766575913
2023-11-29 11:15:00+01:00,0.3923116011361027
2023-11-29 11:30:00+01:00,0.32442907930329096
2023-11-29 11:45:00+01:00,0.2634928070778494
2023-11-29 12:00:00+01:00,0.21174944317734803
2023-11-29 12:15:00+01:00,0.18751824296053204
2023-11-29 12:30:00+01:00,0.1668121584965557
2023-11-29 12:45:00+01:00,0.14868854336839213
2023-11-29 13:00:00+01:00,0.13071267225634264
2023-11-29 13:15:00+01:00,0.10876666345667721
2023-11-29 13:30:00+01:00,0.09002157616784863
2023-11-29 13:45:00+01:00,0.07640837264186699
2023-11-29 14:00:00+01:00,0.06283557262895155
2023-11-29 14:15:00+01:00,0.06122699549977444
2023-11-29 14:30:00+01:00,0.05979559926867582
2023-11-29 14:45:00+01:00,0.058544854049744764
2023-11-29 15:00:00+01:00,0.05747786650831309
2023-11-29 15:15:00+01:00,0.05700406769705662
2023-11-29 15:30:00+01:00,0.056771010193458406
2023-11-29 15:45:00+01:00,0.056779467904820184
2023-11-29 16:00:00+01:00,0.05702941268797372
2023-11-29 16:15:00+01:00,0.06403585198926084
2023-11-29 16:30:00+01:00,0.07120776838228514
2023-11-29 16:45:00+01:00,0.07853028063931616
2023-11-29 17:00:00+01:00,0.08598997946532942
2023-11-29 17:15:00+01:00,0.08886134409111586
2023-11-29 17:30:00+01:00,0.09174545119870416
2023-11-29 17:45:00+01:00,0.0946418690305206
2023-11-29 18:00:00+01:00,0.09894819018783876
2023-11-29 18:15:00+01:00,0.10201715072667324
2023-11-29 18:30:00+01:00,0.10512273965385002
2023-11-29 18:45:00+01:00,0.10826415162280764
2023-11-29 19:00:00+01:00,0.11144059583661603
2023-11-29 19:15:00+01:00,0.10979841203431817
2023-11-29 19:30:00+01:00,0.10815806009915514
2023-11-29 19:45:00+01:00,0.1065195613932396
2023-11-29 20:00:00+01:00,0.1048829375874257
2023-11-29 20:15:00+01:00,0.09457681131798387
2023-11-29 20:30:00+01:00,0.08790508046483031
2023-11-29 20:45:00+01:00,0.08123346545765184
2023-11-29 21:00:00+01:00,0.07456197615141326
2023-11-29 21:15:00+01:00,0.06371744759223337
2023-11-29 21:30:00+01:00,0.052878678920744916
2023-11-29 21:45:00+01:00,0.042865618110600474
2023-11-29 22:00:00+01:00,0.03647174704866109
2023-11-29 22:15:00+01:00,0.02667625549216034
2023-11-29 22:30:00+01:00,0.017357201179274348
2023-11-29 22:45:00+01:00,0.011462511726854247
2023-11-29 23:00:00+01:00,0.007880968160176732
2023-11-29 23:15:00+01:00,0.007710062748406764
2023-11-29 23:30:00+01:00,0.0075564859415230045
2023-11-29 23:45:00+01:00,0.0074204655920452394
2023-11-30 00:00:00+01:00,0.007302206850892797
2023-11-30 00:15:00+01:00,0.008696093169919318
2023-11-30 00:30:00+01:00,0.010384175705433065
2023-11-30 00:45:00+01:00,0.012329176513420676
2023-11-30 01:00:00+01:00,0.01531160668873618
2023-11-30 01:15:00+01:00,0.016233656046179178
2023-11-30 01:30:00+01:00,0.01762194799367508
2023-11-30 01:45:00+01:00,0.01945633291067245
2023-11-30 02:00:00+01:00,0.021711920395048753
2023-11-30 02:15:00+01:00,0.021125648856413697
2023-11-30 02:30:00+01:00,0.02136424217533342
2023-11-30 02:45:00+01:00,0.02242175627889705
2023-11-30 03:00:00+01:00,0.024272516121431477
2023-11-30 03:15:00+01:00,0.028546531270166584
2023-11-30 03:30:00+01:00,0.033114971635978145
2023-11-30 03:45:00+01:00,0.0379427073626181
2023-11-30 04:00:00+01:00,0.04299842203337953
2023-11-30 04:15:00+01:00,0.043447433673064126
2023-11-30 04:30:00+01:00,0.04390156223193715
2023-11-30 04:45:00+01:00,0.044577723005586024
2023-11-30 05:00:00+01:00,0.045363556753508484
2023-11-30 05:15:00+01:00,0.0411305078277174
2023-11-30 05:30:00+01:00,0.037838247867347505
2023-11-30 05:45:00+01:00,0.0349836673140002
2023-11-30 06:00:00+01:00,0.032600999611506205
2023-11-30 06:15:00+01:00,0.03457694246576292
2023-11-30 06:30:00+01:00,0.03663286578077265
2023-11-30 06:45:00+01:00,0.038764504880169644
2023-11-30 07:00:00+01:00,0.04096775204005446
2023-11-30 07:15:00+01:00,0.03898997652430232
2023-11-30 07:30:00+01:00,0.037153605324994794
2023-11-30 07:45:00+01:00,0.035465571201451586
2023-11-30 08:00:00+01:00,0.03393265180284522
2023-11-30 08:15:00+01:00,0.033243544233854616
2023-11-30 08:30:00+01:00,0.03312551942046532
2023-11-30 08:45:00+01:00,0.03358040754027282
2023-11-30 09:00:00+01:00,0.034601197225566906
2023-11-30 09:15:00+01:00,0.032931181924441506
2023-11-30 09:30:00+01:00,0.0313332390000975
2023-11-30 09:45:00+01:00,0.029810606110626702
2023-11-30 10:00:00+01:00,0.028366551135355345
2023-11-30 10:15:00+01:00,0.018189822249525017
2023-11-30 10:30:00+01:00,0.011247567972522625
2023-11-30 10:45:00+01:00,0.006804300271504459
2023-11-30 11:00:00+01:00,0.0025328881180786502
2023-11-30 11:15:00+01:00,0.0
2023-11-30 11:30:00+01:00,0.0
2023-11-30 11:45:00+01:00,0.0
2023-11-30 12:00:00+01:00,0.0
2023-11-30 12:15:00+01:00,0.0
2023-11-30 12:30:00+01:00,0.0
2023-11-30 12:45:00+01:00,0.0
2023-11-30 13:00:00+01:00,0.0
2023-11-30 13:15:00+01:00,0.0
2023-11-30 13:30:00+01:00,0.0
2023-11-30 13:45:00+01:00,0.0
2023-11-30 14:00:00+01:00,0.00014465337263533664
2023-11-30 14:15:00+01:00,0.001964775182842746
2023-11-30 14:30:00+01:00,0.0038206917446071834
2023-11-30 14:45:00+01:00,0.005706423297329049
2023-11-30 15:00:00+01:00,0.00761718335426755
2023-11-30 15:15:00+01:00,0.011082545864301154
2023-11-30 15:30:00+01:00,0.015480604858127028
2023-11-30 15:45:00+01:00,0.023164667044961194
2023-11-30 16:00:00+01:00,0.030881621139687242
2023-11-30 16:15:00+01:00,0.03534646630458021
2023-11-30 16:30:00+01:00,0.03981186186076982
2023-11-30 16:45:00+01:00,0.04443720567934583
2023-11-30 17:00:00+01:00,0.051998302745103454
2023-11-30 17:15:00+01:00,0.05809284926593365
2023-11-30 17:30:00+01:00,0.06421300476568217
2023-11-30 17:45:00+01:00,0.0703567344122484
2023-11-30 18:00:00+01:00,0.07652220670883177
2023-11-30 18:15:00+01:00,0.07627294786439627
2023-11-30 18:30:00+01:00,0.0760552758288534
2023-11-30 18:45:00+01:00,0.07586927778788269
2023-11-30 19:00:00+01:00,0.07571502849492863
2023-11-30 19:15:00+01:00,0.06553619232155984
2023-11-30 19:30:00+01:00,0.0554235159946413
2023-11-30 19:45:00+01:00,0.04538673846025806
2023-11-30 20:00:00+01:00,0.0389616482050741
2023-11-30 20:15:00+01:00,0.036664884704513026
2023-11-30 20:30:00+01:00,0.03436867494156853
2023-11-30 20:45:00+01:00,0.03207305391872026
2023-11-30 21:00:00+01:00,0.029778059641835348
2023-11-30 21:15:00+01:00,0.031110897454760072
2023-11-30 21:30:00+01:00,0.03244426320872871
2023-11-30 21:45:00+01:00,0.03377813782387119
2023-11-30 22:00:00+01:00,0.03511250312200009
2023-11-30 22:15:00+01:00,0.03318493839562379
2023-11-30 22:30:00+01:00,0.0313736945340878
2023-11-30 22:45:00+01:00,0.029684701522582676
2023-11-30 23:00:00+01:00,0.02812385737149445
2023-11-30 23:15:00+01:00,0.022564049272830077
2023-11-30 23:30:00+01:00,0.01703900961608394
2023-11-30 23:45:00+01:00,0.012780014464865772
2023-12-01 00:00:00+01:00,0.010298211676986548
2023-12-01 00:15:00+01:00,0.009299453396937834
2023-12-01 00:30:00+01:00,0.008302061362167316
2023-12-01 00:45:00+01:00,0.007306152624353881
2023-12-01 01:00:00+01:00,0.00631185779285429
2023-12-01 01:15:00+01:00,0.007085434156446772
2023-12-01 01:30:00+01:00,0.007881580714567562
2023-12-01 01:45:00+01:00,0.008698813171464407
2023-12-01 02:00:00+01:00,0.009535740178196132
2023-12-01 02:15:00+01:00,0.011747655236212814
2023-12-01 02:30:00+01:00,0.014138081584130286
2023-12-01 02:45:00+01:00,0.018981427089570492
2023-12-01 03:00:00+01:00,0.023824778195433206
2023-12-01 03:15:00+01:00,0.0277833997466479
2023-12-01 03:30:00+01:00,0.03175918203994061
2023-12-01 03:45:00+01:00,0.03575030819771523
2023-12-01 04:00:00+01:00,0.039755203415314695
2023-12-01 04:15:00+01:00,0.04034036530751755
2023-12-01 04:30:00+01:00,0.041035850353052156
2023-12-01 04:45:00+01:00,0.04183972008347543
2023-12-01 05:00:00+01:00,0.042749790051041
2023-12-01 05:15:00+01:00,0.04252975666772569
2023-12-01 05:30:00+01:00,0.04231104155641624
2023-12-01 05:45:00+01:00,0.04209365198593276
2023-12-01 06:00:00+01:00,0.041877595234092416
2023-12-01 06:15:00+01:00,0.04250846383552526
2023-12-01 06:30:00+01:00,0.04319345939253271
2023-12-01 06:45:00+01:00,0.04393166140659664
2023-12-01 07:00:00+01:00,0.045189458722031735
2023-12-01 07:15:00+01:00,0.0456123791808898
2023-12-01 07:30:00+01:00,0.046346407881909045
2023-12-01 07:45:00+01:00,0.04738825278587272
2023-12-01 08:00:00+01:00,0.048733320478251414
2023-12-01 08:15:00+01:00,0.051426932915808965
2023-12-01 08:30:00+01:00,0.05414229920257455
2023-12-01 08:45:00+01:00,0.05687860493383998
2023-12-01 09:00:00+01:00,0.05963507003080204
2023-12-01 09:15:00+01:00,0.06500310782496932
2023-12-01 09:30:00+01:00,0.07037467809066618
2023-12-01 09:45:00+01:00,0.07574954009454633
2023-12-01 10:00:00+01:00,0.08112747436296974
2023-12-01 10:15:00+01:00,0.07897171558066883
2023-12-01 10:30:00+01:00,0.07689899827020301
2023-12-01 10:45:00+01:00,0.07491151390165163
2023-12-01 11:00:00+01:00,0.07301143681756278
2023-12-01 11:15:00+01:00,0.07615389029321816
2023-12-01 11:30:00+01:00,0.07932286102577361
2023-12-01 11:45:00+01:00,0.08251731256808259
2023-12-01 12:00:00+01:00,0.08573625408788572
2023-12-01 12:15:00+01:00,0.08497112383173122
2023-12-01 12:30:00+01:00,0.0842394957543598
2023-12-01 12:45:00+01:00,0.08354167090656382
2023-12-01 13:00:00+01:00,0.08287793979943282
2023-12-01 13:15:00+01:00,0.08785078824594852
2023-12-01 13:30:00+01:00,0.09318887377604498
2023-12-01 13:45:00+01:00,0.10106549813037775
2023-12-01 14:00:00+01:00,0.1106958233524882
2023-12-01 14:15:00+01:00,0.11401420394739112
2023-12-01 14:30:00+01:00,0.11733491456269465
2023-12-01 14:45:00+01:00,0.12065790197630616
2023-12-01 15:00:00+01:00,0.12398311453995065
2023-12-01 15:15:00+01:00,0.1183768929913888
2023-12-01 15:30:00+01:00,0.11293460284599136
2023-12-01 15:45:00+01:00,0.1076625694680088
2023-12-01 16:00:00+01:00,0.10256723433856066
2023-12-01 16:15:00+01:00,0.1058717073144146
2023-12-01 16:30:00+01:00,0.10918340706897223
2023-12-01 16:45:00+01:00,0.11250216583966216
2023-12-01 17:00:00+01:00,0.1158278206752943
2023-12-01 17:15:00+01:00,0.11697972968791188
2023-12-01 17:30:00+01:00,0.11813368505375466
2023-12-01 17:45:00+01:00,0.11928967047853323
2023-12-01 18:00:00+01:00,0.12044766981228172
2023-12-01 18:15:00+01:00,0.11847177538303295
2023-12-01 18:30:00+01:00,0.11667365909660565
2023-12-01 18:45:00+01:00,0.11505554843059561
2023-12-01 19:00:00+01:00,0.11361947978195835
2023-12-01 19:15:00+01:00,0.1116476906931273
2023-12-01 19:30:00+01:00,0.10974194761140099
2023-12-01 19:45:00+01:00,0.10790314240969766
2023-12-01 20:00:00+01:00,0.10613215091876627
2023-12-01 20:15:00+01:00,0.09998739188807292
2023-12-01 20:30:00+01:00,0.09443522543155786
2023-12-01 20:45:00+01:00,0.0907424122951445
2023-12-01 21:00:00+01:00,0.08712248091322791
2023-12-01 21:15:00+01:00,0.08463844083399542
2023-12-01 21:30:00+01:00,0.08215486345784428
2023-12-01 21:45:00+01:00,0.07967176312619241
2023-12-01 22:00:00+01:00,0.07718915477639506
2023-12-01 22:15:00+01:00,0.05701297040453013
2023-12-01 22:30:00+01:00,0.03989143097564792
2023-12-01 22:45:00+01:00,0.028214688702323697
2023-12-01 23:00:00+01:00,0.016727656839003034
2023-12-01 23:15:00+01:00,0.019318160931930624
2023-12-01 23:30:00+01:00,0.021934549091357208
2023-12-01 23:45:00+01:00,0.02457481927619361
2023-12-02 00:00:00+01:00,0.02723715508671585
2023-12-02 00:15:00+01:00,0.02850632886518408
2023-12-02 00:30:00+01:00,0.029897848842945773
2023-12-02 00:45:00+01:00,0.031406999646371336
2023-12-02 01:00:00+01:00,0.033028936935308756
2023-12-02 01:15:00+01:00,0.03637716585993957
2023-12-02 01:30:00+01:00,0.039843515357258996
2023-12-02 01:45:00+01:00,0.04341777711992508
2023-12-02 02:00:00+01:00,0.04919915531116206
2023-12-02 02:15:00+01:00,0.0498662995689456
2023-12-02 02:30:00+01:00,0.05055398408665581
2023-12-02 02:45:00+01:00,0.051262008956862885
2023-12-02 03:00:00+01:00,0.05199017106014784
2023-12-02 03:15:00+01:00,0.04562334685634375
2023-12-02 03:30:00+01:00,0.041366164920540384
2023-12-02 03:45:00+01:00,0.037916596293403416
2023-12-02 04:00:00+01:00,0.03464478367307337
2023-12-02 04:15:00+01:00,0.03190736337830807
2023-12-02 04:30:00+01:00,0.02920158274345867
2023-12-02 04:45:00+01:00,0.026529924813896044
2023-12-02 05:00:00+01:00,0.023895102849901116
2023-12-02 05:15:00+01:00,0.02150147482312526
2023-12-02 05:30:00+01:00,0.01912885145546486
2023-12-02 05:45:00+01:00,0.01677882864762901
2023-12-02 06:00:00+01:00,0.014453150496105004
2023-12-02 06:15:00+01:00,0.011549352040553693
2023-12-02 06:30:00+01:00,0.009043410625689165
2023-12-02 06:45:00+01:00,0.006596224946329454
2023-12-02 07:00:00+01:00,0.0042213454127946115
2023-12-02 07:15:00+01:00,0.002178047744253095
2023-12-02 07:30:00+01:00,0.0004057542227126941
2023-12-02 07:45:00+01:00,0.0
2023-12-02 08:00:00+01:00,0.0
2023-12-02 08:15:00+01:00,0.0
2023-12-02 08:30:00+01:00,0.0
2023-12-02 08:45:00+01:00,0.0
2023-12-02 09:00:00+01:00,0.0
2023-12-02 09:15:00+01:00,0.0
2023-12-02 09:30:00+01:00,0.0
2023-12-02 09:45:00+01:00,0.0
2023-12-02 10:00:00+01:00,0.0
2023-12-02 10:15:00+01:00,0.0
2023-12-02 10:30:00+01:00,0.0
2023-12-02 10:45:00+01:00,0.0
2023-12-02 11:00:00+01:00,0.0
2023-12-02 11:15:00+01:00,0.0
2023-12-02 11:30:00+01:00,0.0
2023-12-02 11:45:00+01:00,0.0
2023-12-02 12:00:00+01:00,0.0
2023-12-02 12:15:00+01:00,0.0
2023-12-02 12:30:00+01:00,0.00030095571267220526
2023-12-02 12:45:00+01:00,0.002862682246171107
2023-12-02 13:00:00+01:00,0.005424691124006449
2023-12-02 13:15:00+01:00,0.00811007320472006
2023-12-02 13:30:00+01:00,0.010802184305847232
2023-12-02 13:45:00+01:00,0.013499702769074886
2023-12-02 14:00:00+01:00,0.019047411512691185
2023-12-02 14:15:00+01:00,0.02389127175729789
2023-12-02 14:30:00+01:00,0.028737646119342
2023-12-02 14:45:00+01:00,0.03358620377532201
2023-12-02 15:00:00+01:00,0.0384366693910295
2023-12-02 15:15:00+01:00,0.03750928179980926
2023-12-02 15:30:00+01:00,0.03722219684143142
2023-12-02 15:45:00+01:00,0.03758023152596315
2023-12-02 16:00:00+01:00,0.03857738572579207
2023-12-02 16:15:00+01:00,0.04260752825063325
2023-12-02 16:30:00+01:00,0.04998265596803016
2023-12-02 16:45:00+01:00,0.05972936336742869
2023-12-02 17:00:00+01:00,0.0706762643065367
2023-12-02 17:15:00+01:00,0.0799284475018403
2023-12-02 17:30:00+01:00,0.09000992848750063
2023-12-02 17:45:00+01:00,0.10420284708793887
2023-12-02 18:00:00+01:00,0.12259401498706408
2023-12-02 18:15:00+01:00,0.13622160755914028
2023-12-02 18:30:00+01:00,0.15009821967102346
2023-12-02 18:45:00+01:00,0.1642022401588522
2023-12-02 19:00:00+01:00,0.17887551353391917
2023-12-02 19:15:00+01:00,0.18906981177889323
2023-12-02 19:30:00+01:00,0.19927377925796907
2023-12-02 19:45:00+01:00,0.20948698203046345
2023-12-02 20:00:00+01:00,0.21970901138018187
2023-12-02 20:15:00+01:00,0.2212608186704152
2023-12-02 20:30:00+01:00,0.2228128500062607
2023-12-02 20:45:00+01:00,0.22436510389101672
2023-12-02 21:00:00+01:00,0.2259175788410713
2023-12-02 21:15:00+01:00,0.23018470745549663
2023-12-02 21:30:00+01:00,0.23447880263226947
2023-12-02 21:45:00+01:00,0.23879937606405166
2023-12-02 22:00:00+01:00,0.2431459482587996
2023-12-02 22:15:00+01:00,0.25418209454476454
2023-12-02 22:30:00+01:00,0.2656932785147264
2023-12-02 22:45:00+01:00,0.27765763556878914
2023-12-02 23:00:00+01:00,0.2913413983492191
2023-12-02 23:15:00+01:00,0.30201429446962197
2023-12-02 23:30:00+01:00,0.3129387257053751
2023-12-02 23:45:00+01:00,0.3241066237443129
2023-12-03 00:00:00+01:00,0.3355100931493496
2023-12-03 00:15:00+01:00,0.3369419977859034
2023-12-03 00:30:00+01:00,0.33849071788428536
2023-12-03 00:45:00+01:00,0.3401557304570081
2023-12-03 01:00:00+01:00,0.34193647672185573
2023-12-03 01:15:00+01:00,0.34170726941302915
2023-12-03 01:30:00+01:00,0.34149722865862575
2023-12-03 01:45:00+01:00,0.3413063660834201
2023-12-03 02:00:00+01:00,0.3411346922589167
2023-12-03 02:15:00+01:00,0.332277686097588
2023-12-03 02:30:00+01:00,0.3234787747224647
2023-12-03 02:45:00+01:00,0.3147394729267177
2023-12-03 03:00:00+01:00,0.3060613378191112
2023-12-03 03:15:00+01:00,0.29299376930708987
2023-12-03 03:30:00+01:00,0.28217481649189435
2023-12-03 03:45:00+01:00,0.27397972534952
2023-12-03 04:00:00+01:00,0.26677471329326835
2023-12-03 04:15:00+01:00,0.26926128441540303
2023-12-03 04:30:00+01:00,0.27259827765831596
2023-12-03 04:45:00+01:00,0.2767743325078809
2023-12-03 05:00:00+01:00,0.2817755148700333
2023-12-03 05:15:00+01:00,0.2898393531708257
2023-12-03 05:30:00+01:00,0.2995733783319091
2023-12-03 05:45:00+01:00,0.30979440591689195
2023-12-03 06:00:00+01:00,0.3204877686159963
2023-12-03 06:15:00+01:00,0.3273557420473294
2023-12-03 06:30:00+01:00,0.33422733786872344
2023-12-03 06:45:00+01:00,0.3411024841891122
2023-12-03 07:00:00+01:00,0.3479811109715913
2023-12-03 07:15:00+01:00,0.3480435275942495
2023-12-03 07:30:00+01:00,0.3483925534123076
2023-12-03 07:45:00+01:00,0.3490279016987218
2023-12-03 08:00:00+01:00,0.3499490514913379
2023-12-03 08:15:00+01:00,0.35005938258006025
2023-12-03 08:30:00+01:00,0.35112191736015474
2023-12-03 08:45:00+01:00,0.35313376719368084
2023-12-03 09:00:00+01:00,0.3560894945018547
2023-12-03 09:15:00+01:00,0.3505695501891706
2023-12-03 09:30:00+01:00,0.34621036760204865
2023-12-03 09:45:00+01:00,0.3430265338617599
2023-12-03 10:00:00+01:00,0.3410288576401384
2023-12-03 10:15:00+01:00,0.3064820872511246
2023-12-03 10:30:00+01:00,0.27571409991076656
2023-12-03 10:45:00+01:00,0.250391610938783
2023-12-03 11:00:00+01:00,0.22583810288574055
2023-12-03 11:15:00+01:00,0.2343349326598213
2023-12-03 11:30:00+01:00,0.2428605442076368
2023-12-03 11:45:00+01:00,0.25141392079903413
2023-12-03 12:00:00+01:00,0.25999408995056694
2023-12-03 12:15:00+01:00,0.24940578879614603
2023-12-03 12:30:00+01:00,0.23940009237207205
2023-12-03 12:45:00+01:00,0.23000189092428547
2023-12-03 13:00:00+01:00,0.22123587028371497
2023-12-03 13:15:00+01:00,0.2131231509115076
2023-12-03 13:30:00+01:00,0.20677512018143387
2023-12-03 13:45:00+01:00,0.20224157820321675
2023-12-03 14:00:00+01:00,0.19955923972534992
2023-12-03 14:15:00+01:00,0.20465044758994755
2023-12-03 14:30:00+01:00,0.20984069613299897
2023-12-03 14:45:00+01:00,0.21512774305440474
2023-12-03 15:00:00+01:00,0.2205093732808751
2023-12-03 15:15:00+01:00,0.22913459864190858
2023-12-03 15:30:00+01:00,0.23835639975969805
2023-12-03 15:45:00+01:00,0.24815187858691493
2023-12-03 16:00:00+01:00,0.2584979771490312
2023-12-03 16:15:00+01:00,0.2731894017909207
2023-12-03 16:30:00+01:00,0.28888759416454945
2023-12-03 16:45:00+01:00,0.3086448435623216
2023-12-03 17:00:00+01:00,0.32872517422657954
2023-12-03 17:15:00+01:00,0.3437989426307156
2023-12-03 17:30:00+01:00,0.35893441307398166
2023-12-03 17:45:00+01:00,0.37412897144867496
2023-12-03 18:00:00+01:00,0.389380139885418
2023-12-03 18:15:00+01:00,0.4035681268622604
2023-12-03 18:30:00+01:00,0.4177575479271295
2023-12-03 18:45:00+01:00,0.4326314864919854
2023-12-03 19:00:00+01:00,0.4485074282855469
2023-12-03 19:15:00+01:00,0.44067401583521193
2023-12-03 19:30:00+01:00,0.4330439339904339
2023-12-03 19:45:00+01:00,0.4256812977146152
2023-12-03 20:00:00+01:00,0.41923391856338843
2023-12-03 20:15:00+01:00,0.4139026483809856
2023-12-03 20:30:00+01:00,0.408605263787125
2023-12-03 20:45:00+01:00,0.403342253913534
2023-12-03 21:00:00+01:00,0.39811411408482156
2023-12-03 21:15:00+01:00,0.3978023302138889
2023-12-03 21:30:00+01:00,0.39781663413772467
2023-12-03 21:45:00+01:00,0.3981570130863789
2023-12-03 22:00:00+01:00,0.3988231633802113
2023-12-03 22:15:00+01:00,0.3759999509862293
2023-12-03 22:30:00+01:00,0.3554604304022462
2023-12-03 22:45:00+01:00,0.3373405750963278
2023-12-03 23:00:00+01:00,0.3217694234903977
2023-12-03 23:15:00+01:00,0.3171247757684649
2023-12-03 23:30:00+01:00,0.3125824790884507
2023-12-03 23:45:00+01:00,0.3081439201859979
2023-12-04 00:00:00+01:00,0.30381047842892356
2023-12-04 00:15:00+01:00,0.30842847073648505
2023-12-04 00:30:00+01:00,0.3130552591778388
2023-12-04 00:45:00+01:00,0.31769072350047944
2023-12-04 01:00:00+01:00,0.3223347454145313
2023-12-04 01:15:00+01:00,0.3254587989817654
2023-12-04 01:30:00+01:00,0.32936520495889754
2023-12-04 01:45:00+01:00,0.334045076229774
2023-12-04 02:00:00+01:00,0.33948794222644807
2023-12-04 02:15:00+01:00,0.3551168606225541
2023-12-04 02:30:00+01:00,0.37264239059032084
2023-12-04 02:45:00+01:00,0.39197301789746125
2023-12-04 03:00:00+01:00,0.4130144931390681
2023-12-04 03:15:00+01:00,0.4334360259173876
2023-12-04 03:30:00+01:00,0.4557368726458969
2023-12-04 03:45:00+01:00,0.47833763096979115
2023-12-04 04:00:00+01:00,0.5012230367041213
2023-12-04 04:15:00+01:00,0.515005915201357
2023-12-04 04:30:00+01:00,0.5289989375385518
2023-12-04 04:45:00+01:00,0.543195684013231
2023-12-04 05:00:00+01:00,0.5575899058850065
2023-12-04 05:15:00+01:00,0.5817701133530798
2023-12-04 05:30:00+01:00,0.6076377360240708
2023-12-04 05:45:00+01:00,0.6348035452021799
2023-12-04 06:00:00+01:00,0.663175322330198
2023-12-04 06:15:00+01:00,0.6775265742858593
2023-12-04 06:30:00+01:00,0.6921135821644046
2023-12-04 06:45:00+01:00,0.7069297296457228
2023-12-04 07:00:00+01:00,0.721968547469004
2023-12-04 07:15:00+01:00,0.7166917257804507
2023-12-04 07:30:00+01:00,0.7115143914147003
2023-12-04 07:45:00+01:00,0.7064375356596476
2023-12-04 08:00:00+01:00,0.7014621433938355
2023-12-04 08:15:00+01:00,0.6885519259106725
2023-12-04 08:30:00+01:00,0.6758906906971247
2023-12-04 08:45:00+01:00,0.6634846766232593
2023-12-04 09:00:00+01:00,0.6513402005857203
2023-12-04 09:15:00+01:00,0.6578960571546422
2023-12-04 09:30:00+01:00,0.6647698186254879
2023-12-04 09:45:00+01:00,0.6719571843788651
2023-12-04 10:00:00+01:00,0.6794537401288645
2023-12-04 10:15:00+01:00,0.6246424344277278
2023-12-04 10:30:00+01:00,0.5714171732556296
2023-12-04 10:45:00+01:00,0.5203546997185665
2023-12-04 11:00:00+01:00,0.47102039945761165
2023-12-04 11:15:00+01:00,0.5170610082231824
2023-12-04 11:30:00+01:00,0.5631758688698361
2023-12-04 11:45:00+01:00,0.6097521602276841
2023-12-04 12:00:00+01:00,0.6566956542411385
2023-12-04 12:15:00+01:00,0.6709598634199788
2023-12-04 12:30:00+01:00,0.686532322780592
2023-12-04 12:45:00+01:00,0.7033737476936437
2023-12-04 13:00:00+01:00,0.7214434012533225
2023-12-04 13:15:00+01:00,0.7231182707583041
2023-12-04 13:30:00+01:00,0.7248091168471628
2023-12-04 13:45:00+01:00,0.7265158881917638
2023-12-04 14:00:00+01:00,0.7282385332032761
2023-12-04 14:15:00+01:00,0.7157408532311853
2023-12-04 14:30:00+01:00,0.7033592165614141
2023-12-04 14:45:00+01:00,0.6910964158633007
2023-12-04 15:00:00+01:00,0.678955306022283
2023-12-04 15:15:00+01:00,0.6553845350974931
2023-12-04 15:30:00+01:00,0.6318696650570171
2023-12-04 15:45:00+01:00,0.6084133954661575
2023-12-04 16:00:00+01:00,0.5850185951500453
2023-12-04 16:15:00+01:00,0.58899421056255
2023-12-04 16:30:00+01:00,0.5940040861301774
2023-12-04 16:45:00+01:00,0.6000375193680194
2023-12-04 17:00:00+01:00,0.6070818161392791
2023-12-04 17:15:00+01:00,0.6041204848548679
2023-12-04 17:30:00+01:00,0.6013777929089023
2023-12-04 17:45:00+01:00,0.5988549799218917
2023-12-04 18:00:00+01:00,0.5965531944216309
2023-12-04 18:15:00+01:00,0.6028283407116023
2023-12-04 18:30:00+01:00,0.609137941445227
2023-12-04 18:45:00+01:00,0.6154815523157341
2023-12-04 19:00:00+01:00,0.6218587342892733
2023-12-04 19:15:00+01:00,0.59644178412956
2023-12-04 19:30:00+01:00,0.5712725730126993
2023-12-04 19:45:00+01:00,0.5463665235001443
2023-12-04 20:00:00+01:00,0.521531716846284
2023-12-04 20:15:00+01:00,0.5099299198406462
2023-12-04 20:30:00+01:00,0.4983489593897616
2023-12-04 20:45:00+01:00,0.48678938485930956
2023-12-04 21:00:00+01:00,0.47525176402928637
2023-12-04 21:15:00+01:00,0.47419484318608784
2023-12-04 21:30:00+01:00,0.47344902507798287
2023-12-04 21:45:00+01:00,0.4730148435207683
2023-12-04 22:00:00+01:00,0.4728926098402376
2023-12-04 22:15:00+01:00,0.42312624440372254
2023-12-04 22:30:00+01:00,0.37975787040531606
2023-12-04 22:45:00+01:00,0.3380157468509416
2023-12-04 23:00:00+01:00,0.2981044188448417
2023-12-04 23:15:00+01:00,0.30353340698729014
2023-12-04 23:30:00+01:00,0.3091092939395007
2023-12-04 23:45:00+01:00,0.314829652644651
2023-12-05 00:00:00+01:00,0.32069204839708526
2023-12-05 00:15:00+01:00,0.31807836273962525
2023-12-05 00:30:00+01:00,0.3154703267072471
2023-12-05 00:45:00+01:00,0.31286798404447885
2023-12-05 01:00:00+01:00,0.31027137885164674
2023-12-05 01:15:00+01:00,0.2933348366383094
2023-12-05 01:30:00+01:00,0.27857101128439266
2023-12-05 01:45:00+01:00,0.26559413729899106
2023-12-05 02:00:00+01:00,0.252662851673361
2023-12-05 02:15:00+01:00,0.2358331052531236
2023-12-05 02:30:00+01:00,0.21967669968297113
2023-12-05 02:45:00+01:00,0.20424185383038806
2023-12-05 03:00:00+01:00,0.18957902504853427
2023-12-05 03:15:00+01:00,0.1721069417417395
2023-12-05 03:30:00+01:00,0.1587119674891177
2023-12-05 03:45:00+01:00,0.14654324864485943
2023-12-05 04:00:00+01:00,0.13570001649514304
2023-12-05 04:15:00+01:00,0.12356261258822081
2023-12-05 04:30:00+01:00,0.11418682536424658
2023-12-05 04:45:00+01:00,0.10775622734130823
2023-12-05 05:00:00+01:00,0.10440615915030818
2023-12-05 05:15:00+01:00,0.10248408359089732
2023-12-05 05:30:00+01:00,0.10357202545146732
2023-12-05 05:45:00+01:00,0.10764676712552454
2023-12-05 06:00:00+01:00,0.11462342662506228
2023-12-05 06:15:00+01:00,0.12429503186564081
2023-12-05 06:30:00+01:00,0.13455886853382518
2023-12-05 06:45:00+01:00,0.14537536875411503
2023-12-05 07:00:00+01:00,0.15670655372418257
2023-12-05 07:15:00+01:00,0.16390509048141555
2023-12-05 07:30:00+01:00,0.1712092229380161
2023-12-05 07:45:00+01:00,0.17900749914193287
2023-12-05 08:00:00+01:00,0.18890076652332835
2023-12-05 08:15:00+01:00,0.18309973622642284
2023-12-05 08:30:00+01:00,0.177319860846768
2023-12-05 08:45:00+01:00,0.17292385408903174
2023-12-05 09:00:00+01:00,0.16852918839742434
2023-12-05 09:15:00+01:00,0.1551349519070127
2023-12-05 09:30:00+01:00,0.14174209925632272
2023-12-05 09:45:00+01:00,0.128350755720966
2023-12-05 10:00:00+01:00,0.11496106215133421
2023-12-05 10:15:00+01:00,0.08051120729509752
2023-12-05 10:30:00+01:00,0.05349327892660865
2023-12-05 10:45:00+01:00,0.03366779192099855
2023-12-05 11:00:00+01:00,0.017708542405926748
2023-12-05 11:15:00+01:00,0.012807747729111038
2023-12-05 11:30:00+01:00,0.01090075682624155
2023-12-05 11:45:00+01:00,0.010002566292279504
2023-12-05 12:00:00+01:00,0.010185148953434022
2023-12-05 12:15:00+01:00,0.00977325974725256
2023-12-05 12:30:00+01:00,0.010696647628143294
2023-12-05 12:45:00+01:00,0.012864045577866795
2023-12-05 13:00:00+01:00,0.018804703686807395
2023-12-05 13:15:00+01:00,0.02548404227652081
2023-12-05 13:30:00+01:00,0.03293631383178507
2023-12-05 13:45:00+01:00,0.041015066350244316
2023-12-05 14:00:00+01:00,0.05344788359471465
2023-12-05 14:15:00+01:00,0.06808891168608358
2023-12-05 14:30:00+01:00,0.08306500607535401
2023-12-05 14:45:00+01:00,0.1001803597257106
2023-12-05 15:00:00+01:00,0.1250265307470547
2023-12-05 15:15:00+01:00,0.14462584457572936
2023-12-05 15:30:00+01:00,0.16426408235950687
2023-12-05 15:45:00+01:00,0.18602687551533387
2023-12-05 16:00:00+01:00,0.21201199014132072
2023-12-05 16:15:00+01:00,0.21243143705373102
2023-12-05 16:30:00+01:00,0.21287174680617832
2023-12-05 16:45:00+01:00,0.21333287922334734
2023-12-05 17:00:00+01:00,0.2138147923405
2023-12-05 17:15:00+01:00,0.20104017987537826
2023-12-05 17:30:00+01:00,0.18826560859105945
2023-12-05 17:45:00+01:00,0.17594797292353956
2023-12-05 18:00:00+01:00,0.16626182766977632
2023-12-05 18:15:00+01:00,0.15321070031161446
2023-12-05 18:30:00+01:00,0.1402815444047109
2023-12-05 18:45:00+01:00,0.12748504038887565
2023-12-05 19:00:00+01:00,0.11483302280364759
2023-12-05 19:15:00+01:00,0.1071688441527176
2023-12-05 19:30:00+01:00,0.09986846778534941
2023-12-05 19:45:00+01:00,0.09381305474375248
2023-12-05 20:00:00+01:00,0.08975362834464728
2023-12-05 20:15:00+01:00,0.09145786100309394
2023-12-05 20:30:00+01:00,0.09325609264681926
2023-12-05 20:45:00+01:00,0.09514634136132875
2023-12-05 21:00:00+01:00,0.09826845997039567
2023-12-05 21:15:00+01:00,0.09539427334154216
2023-12-05 21:30:00+01:00,0.09354620162842013
2023-12-05 21:45:00+01:00,0.0917589586237278
2023-12-05 22:00:00+01:00,0.08997373693403815
2023-12-05 22:15:00+01:00,0.0843308365377732
2023-12-05 22:30:00+01:00,0.07897360990599346
2023-12-05 22:45:00+01:00,0.07392162543611887
2023-12-05 23:00:00+01:00,0.06919500601407114
2023-12-05 23:15:00+01:00,0.075187563203592
2023-12-05 23:30:00+01:00,0.08128655824402602
2023-12-05 23:45:00+01:00,0.08748414474815804
2023-12-06 00:00:00+01:00,0.09377311976058131
2023-12-06 00:15:00+01:00,0.1001868714730745
2023-12-06 00:30:00+01:00,0.10751060106862043
2023-12-06 00:45:00+01:00,0.1148572749477435
2023-12-06 01:00:00+01:00,0.12222573777662737
2023-12-06 01:15:00+01:00,0.13152650274945657
2023-12-06 01:30:00+01:00,0.14084393783735005
2023-12-06 01:45:00+01:00,0.15017704236510246
2023-12-06 02:00:00+01:00,0.1595248926861172
2023-12-06 02:15:00+01:00,0.16135056430919267
2023-12-06 02:30:00+01:00,0.16320728543207763
2023-12-06 02:45:00+01:00,0.16509469616879816
2023-12-06 03:00:00+01:00,0.16701243636235671
2023-12-06 03:15:00+01:00,0.16597526113245886
2023-12-06 03:30:00+01:00,0.16524711381853918
2023-12-06 03:45:00+01:00,0.1648293998894116
2023-12-06 04:00:00+01:00,0.16472292946187714
2023-12-06 04:15:00+01:00,0.1681695701546532
2023-12-06 04:30:00+01:00,0.17220645903058118
2023-12-06 04:45:00+01:00,0.17681907595501017
2023-12-06 05:00:00+01:00,0.1834614062272316
2023-12-06 05:15:00+01:00,0.19197738998611308
2023-12-06 05:30:00+01:00,0.20080686913190096
2023-12-06 05:45:00+01:00,0.2099376777469073
2023-12-06 06:00:00+01:00,0.219357887580956
2023-12-06 06:15:00+01:00,0.22115044501495823
2023-12-06 06:30:00+01:00,0.22294313382626488
2023-12-06 06:45:00+01:00,0.22473595300168217
2023-12-06 07:00:00+01:00,0.22652890153833533
2023-12-06 07:15:00+01:00,0.22405430201329626
2023-12-06 07:30:00+01:00,0.2215797087977729
2023-12-06 07:45:00+01:00,0.2191051219594808
2023-12-06 08:00:00+01:00,0.21663054156710748
2023-12-06 08:15:00+01:00,0.21742687853757822
2023-12-06 08:30:00+01:00,0.21825328959738963
2023-12-06 08:45:00+01:00,0.21910966695764583
2023-12-06 09:00:00+01:00,0.21999589946368878
2023-12-06 09:15:00+01:00,0.21529460515932877
2023-12-06 09:30:00+01:00,0.21067406137007944
2023-12-06 09:45:00+01:00,0.2061359171965599
2023-12-06 10:00:00+01:00,0.20168183632544012
2023-12-06 10:15:00+01:00,0.18615868259331692
2023-12-06 10:30:00+01:00,0.1723204772485486
2023-12-06 10:45:00+01:00,0.16066254723563367
2023-12-06 11:00:00+01:00,0.14906718461927093
2023-12-06 11:15:00+01:00,0.13998789972059797
2023-12-06 11:30:00+01:00,0.13120661718278923
2023-12-06 11:45:00+01:00,0.12274125206009792
2023-12-06 12:00:00+01:00,0.11461045929754585
2023-12-06 12:15:00+01:00,0.11604994664327854
2023-12-06 12:30:00+01:00,0.11755901336039963
2023-12-06 12:45:00+01:00,0.11913693466758146
2023-12-06 13:00:00+01:00,0.12078296343758939
2023-12-06 13:15:00+01:00,0.13174270297780744
2023-12-06 13:30:00+01:00,0.14321310924555908
2023-12-06 13:45:00+01:00,0.15515684536447255
2023-12-06 14:00:00+01:00,0.16753879986916928
2023-12-06 14:15:00+01:00,0.18447614629782344
2023-12-06 14:30:00+01:00,0.20605158274785754
2023-12-06 14:45:00+01:00,0.22898866269666568
2023-12-06 15:00:00+01:00,0.2531582996605342
2023-12-06 15:15:00+01:00,0.2390194746569301
2023-12-06 15:30:00+01:00,0.22488464820625398
2023-12-06 15:45:00+01:00,0.21075406842565
2023-12-06 16:00:00+01:00,0.19662800430960417
2023-12-06 16:15:00+01:00,0.19793301811952987
2023-12-06 16:30:00+01:00,0.19968153829027785
2023-12-06 16:45:00+01:00,0.20187011564337126
2023-12-06 17:00:00+01:00,0.2044944831123363
2023-12-06 17:15:00+01:00,0.1977746327215869
2023-12-06 17:30:00+01:00,0.19132975846540906
2023-12-06 17:45:00+01:00,0.18516794288811075
2023-12-06 18:00:00+01:00,0.1792972123247647
2023-12-06 18:15:00+01:00,0.17438967865702418
2023-12-06 18:30:00+01:00,0.17017418310684987
2023-12-06 18:45:00+01:00,0.16619346045964908
2023-12-06 19:00:00+01:00,0.16245337709162633
2023-12-06 19:15:00+01:00,0.15765914295003877
2023-12-06 19:30:00+01:00,0.15302793290109837
2023-12-06 19:45:00+01:00,0.14856462799895062
2023-12-06 20:00:00+01:00,0.14427411839267829
2023-12-06 20:15:00+01:00,0.14336786247914118
2023-12-06 20:30:00+01:00,0.142835671708373
2023-12-06 20:45:00+01:00,0.14267884961923583
2023-12-06 21:00:00+01:00,0.14289778148311838
2023-12-06 21:15:00+01:00,0.15514393255200631
2023-12-06 21:30:00+01:00,0.1678958801161573
2023-12-06 21:45:00+01:00,0.18230511840743305
2023-12-06 22:00:00+01:00,0.20030641156102452
2023-12-06 22:15:00+01:00,0.20017228658765016
2023-12-06 22:30:00+01:00,0.2000642919550395
2023-12-06 22:45:00+01:00,0.19998244024985742
2023-12-06 23:00:00+01:00,0.19992674101722296
2023-12-06 23:15:00+01:00,0.20169531306405653
2023-12-06 23:30:00+01:00,0.2034878666668305
2023-12-06 23:45:00+01:00,0.2053042115906575
2023-12-07 00:00:00+01:00,0.2071441571224821
2023-12-07 00:15:00+01:00,0.19336415042594385
2023-12-07 00:30:00+01:00,0.17972652892816182
2023-12-07 00:45:00+01:00,0.16893372878009827
2023-12-07 01:00:00+01:00,0.15883029755004616
2023-12-07 01:15:00+01:00,0.146746473055585
2023-12-07 01:30:00+01:00,0.13516385838175612
2023-12-07 01:45:00+01:00,0.12412207321536843
2023-12-07 02:00:00+01:00,0.11366286635764232
2023-12-07 02:15:00+01:00,0.12153064366924562
2023-12-07 02:30:00+01:00,0.13010718011803932
2023-12-07 02:45:00+01:00,0.13935238303379233
2023-12-07 03:00:00+01:00,0.14922634500521842
2023-12-07 03:15:00+01:00,0.1502805467940518
2023-12-07 03:30:00+01:00,0.15179882068736472
2023-12-07 03:45:00+01:00,0.15377666217223787
2023-12-07 04:00:00+01:00,0.15620829018326732
2023-12-07 04:15:00+01:00,0.16031510916354558
2023-12-07 04:30:00+01:00,0.16475192563538227
2023-12-07 04:45:00+01:00,0.16950968289393678
2023-12-07 05:00:00+01:00,0.1745790333572205
2023-12-07 05:15:00+01:00,0.17561973098805445
2023-12-07 05:30:00+01:00,0.1766728487511977
2023-12-07 05:45:00+01:00,0.17785224626968177
2023-12-07 06:00:00+01:00,0.17927358596399262
2023-12-07 06:15:00+01:00,0.174409083658293
2023-12-07 06:30:00+01:00,0.17062391218185932
2023-12-07 06:45:00+01:00,0.16747513153712593
2023-12-07 07:00:00+01:00,0.16497525421364323
2023-12-07 07:15:00+01:00,0.15656077267630408
2023-12-07 07:30:00+01:00,0.15032736748082529
2023-12-07 07:45:00+01:00,0.14636336042228404
2023-12-07 08:00:00+01:00,0.1447273982628572
2023-12-07 08:15:00+01:00,0.1407704518896895
2023-12-07 08:30:00+01:00,0.13806667209339737
2023-12-07 08:45:00+01:00,0.1366385423531311
2023-12-07 09:00:00+01:00,0.13649815506863971
2023-12-07 09:15:00+01:00,0.1318279081572728
2023-12-07 09:30:00+01:00,0.12857549999375115
2023-12-07 09:45:00+01:00,0.12677221313362588
2023-12-07 10:00:00+01:00,0.12643578799118413
2023-12-07 10:15:00+01:00,0.10078293684679246
2023-12-07 10:30:00+01:00,0.08346483140030118
2023-12-07 10:45:00+01:00,0.069144572045858
2023-12-07 11:00:00+01:00,0.05591304084409219
2023-12-07 11:15:00+01:00,0.053669170328321365
2023-12-07 11:30:00+01:00,0.05143208408606667
2023-12-07 11:45:00+01:00,0.04920199901826286
2023-12-07 12:00:00+01:00,0.04697914064802848
2023-12-07 12:15:00+01:00,0.05218006401180941
2023-12-07 12:30:00+01:00,0.05739804171558274
2023-12-07 12:45:00+01:00,0.0626318784543648
2023-12-07 13:00:00+01:00,0.06788048491974212
2023-12-07 13:15:00+01:00,0.07385221088498423
2023-12-07 13:30:00+01:00,0.0799717957357547
2023-12-07 13:45:00+01:00,0.08622824726046205
2023-12-07 14:00:00+01:00,0.09261142496562516
2023-12-07 14:15:00+01:00,0.1194259403073333
2023-12-07 14:30:00+01:00,0.15075221961721877
2023-12-07 14:45:00+01:00,0.18670754537065623
2023-12-07 15:00:00+01:00,0.23369359756638122
2023-12-07 15:15:00+01:00,0.25072288978844764
2023-12-07 15:30:00+01:00,0.26790474496337136
2023-12-07 15:45:00+01:00,0.28522878648322064
2023-12-07 16:00:00+01:00,0.3077208932108987
2023-12-07 16:15:00+01:00,0.3473621590100182
2023-12-07 16:30:00+01:00,0.38739535212383647
2023-12-07 16:45:00+01:00,0.42796707498875647
2023-12-07 17:00:00+01:00,0.47349256107422044
2023-12-07 17:15:00+01:00,0.507258785606718
2023-12-07 17:30:00+01:00,0.5413985544911727
2023-12-07 17:45:00+01:00,0.5758846735449689
2023-12-07 18:00:00+01:00,0.6111068170762785
2023-12-07 18:15:00+01:00,0.6279171628203046
2023-12-07 18:30:00+01:00,0.6447875709518465
2023-12-07 18:45:00+01:00,0.6617160337864663
2023-12-07 19:00:00+01:00,0.6787006256731476
2023-12-07 19:15:00+01:00,0.6954718402893264
2023-12-07 19:30:00+01:00,0.712249857898635
2023-12-07 19:45:00+01:00,0.7290344619721416
2023-12-07 20:00:00+01:00,0.7452495057732093
2023-12-07 20:15:00+01:00,0.754066335101072
2023-12-07 20:30:00+01:00,0.7629173977346776
2023-12-07 20:45:00+01:00,0.7718020022376457
2023-12-07 21:00:00+01:00,0.780719473153421
2023-12-07 21:15:00+01:00,0.7766318790481345
2023-12-07 21:30:00+01:00,0.7725669882107548
2023-12-07 21:45:00+01:00,0.7685250117612353
2023-12-07 22:00:00+01:00,0.7645061622329014
2023-12-07 22:15:00+01:00,0.7300012884216855
2023-12-07 22:30:00+01:00,0.691472245831086
2023-12-07 22:45:00+01:00,0.6542219537540562
2023-12-07 23:00:00+01:00,0.6183475791442639
2023-12-07 23:15:00+01:00,0.5880304446887916
2023-12-07 23:30:00+01:00,0.5582001311856061
2023-12-07 23:45:00+01:00,0.5285512146278213
2023-12-08 00:00:00+01:00,0.4990210318690579
2023-12-08 00:15:00+01:00,0.4403189681966984
2023-12-08 00:30:00+01:00,0.3892981437847369
2023-12-08 00:45:00+01:00,0.343151258471343
2023-12-08 01:00:00+01:00,0.3008479643057606
2023-12-08 01:15:00+01:00,0.3086090960728935
2023-12-08 01:30:00+01:00,0.31640887407647006
2023-12-08 01:45:00+01:00,0.3242464133704407
2023-12-08 02:00:00+01:00,0.3321208517308393
2023-12-08 02:15:00+01:00,0.33594821387780915
2023-12-08 02:30:00+01:00,0.34079792523231073
2023-12-08 02:45:00+01:00,0.3466557422308824
2023-12-08 03:00:00+01:00,0.3535048107673572
2023-12-08 03:15:00+01:00,0.3466158400332969
2023-12-08 03:30:00+01:00,0.34302028038473353
2023-12-08 03:45:00+01:00,0.34275227881334375
2023-12-08 04:00:00+01:00,0.34581439933092506
2023-12-08 04:15:00+01:00,0.3388237544983801
2023-12-08 04:30:00+01:00,0.33183777514970053
2023-12-08 04:45:00+01:00,0.32485655691447995
2023-12-08 05:00:00+01:00,0.31788019798591916
2023-12-08 05:15:00+01:00,0.2950980487467291
2023-12-08 05:30:00+01:00,0.2766057294651632
2023-12-08 05:45:00+01:00,0.2615664008073755
2023-12-08 06:00:00+01:00,0.24791470471731816
2023-12-08 06:15:00+01:00,0.230287291835721
2023-12-08 06:30:00+01:00,0.2140709912018762
2023-12-08 06:45:00+01:00,0.1993679688972406
2023-12-08 07:00:00+01:00,0.186279537064091
2023-12-08 07:15:00+01:00,0.1920835609581477
2023-12-08 07:30:00+01:00,0.19900335629723032
2023-12-08 07:45:00+01:00,0.20700484224673585
2023-12-08 08:00:00+01:00,0.21605031611901243
2023-12-08 08:15:00+01:00,0.21216747085692123
2023-12-08 08:30:00+01:00,0.21082013508949593
2023-12-08 08:45:00+01:00,0.21202327818036926
2023-12-08 09:00:00+01:00,0.21576352721167652
2023-12-08 09:15:00+01:00,0.2265106010040959
2023-12-08 09:30:00+01:00,0.24157627498820966
2023-12-08 09:45:00+01:00,0.26069442497031464
2023-12-08 10:00:00+01:00,0.283557741448744
2023-12-08 10:15:00+01:00,0.26479027769150215
2023-12-08 10:30:00+01:00,0.24654065881055404
2023-12-08 10:45:00+01:00,0.22884930321064417
2023-12-08 11:00:00+01:00,0.2117595059946745
2023-12-08 11:15:00+01:00,0.22228894200553767
2023-12-08 11:30:00+01:00,0.2341269400147073
2023-12-08 11:45:00+01:00,0.24720894268377291
2023-12-08 12:00:00+01:00,0.2614684456711186
2023-12-08 12:15:00+01:00,0.2544021625344232
2023-12-08 12:30:00+01:00,0.24737719237369363
2023-12-08 12:45:00+01:00,0.2403947562985509
2023-12-08 13:00:00+01:00,0.23345611617946208
2023-12-08 13:15:00+01:00,0.2226935484212739
2023-12-08 13:30:00+01:00,0.21204260172117928
2023-12-08 13:45:00+01:00,0.20150856680417017
2023-12-08 14:00:00+01:00,0.19109701031861182
2023-12-08 14:15:00+01:00,0.19160637364885558
2023-12-08 14:30:00+01:00,0.1921268945248947
2023-12-08 14:45:00+01:00,0.19265854675735153
2023-12-08 15:00:00+01:00,0.19320130368132882
2023-12-08 15:15:00+01:00,0.2006426607943716
2023-12-08 15:30:00+01:00,0.2081713151867104
2023-12-08 15:45:00+01:00,0.21578440271082666
2023-12-08 16:00:00+01:00,0.2234791530871432
2023-12-08 16:15:00+01:00,0.23173583579738175
2023-12-08 16:30:00+01:00,0.24001029571443078
2023-12-08 16:45:00+01:00,0.24830192071825513
2023-12-08 17:00:00+01:00,0.2566101252875501
2023-12-08 17:15:00+01:00,0.2657842060661703
2023-12-08 17:30:00+01:00,0.2750934425252862
2023-12-08 17:45:00+01:00,0.2845328494351782
2023-12-08 18:00:00+01:00,0.2965849816793916
2023-12-08 18:15:00+01:00,0.3114276486622963
2023-12-08 18:30:00+01:00,0.32666718551895435
2023-12-08 18:45:00+01:00,0.34228614432514126
2023-12-08 19:00:00+01:00,0.35826768768243517
2023-12-08 19:15:00+01:00,0.36773925100685845
2023-12-08 19:30:00+01:00,0.3772844819757441
2023-12-08 19:45:00+01:00,0.3869014354693959
2023-12-08 20:00:00+01:00,0.39658822038835984
2023-12-08 20:15:00+01:00,0.4015562209327336
2023-12-08 20:30:00+01:00,0.4065578843887234
2023-12-08 20:45:00+01:00,0.4115927553775098
2023-12-08 21:00:00+01:00,0.41666038375452846
2023-12-08 21:15:00+01:00,0.41444562788338535
2023-12-08 21:30:00+01:00,0.41228781003099635
2023-12-08 21:45:00+01:00,0.4101872629140759
2023-12-08 22:00:00+01:00,0.4081443129132048
2023-12-08 22:15:00+01:00,0.41854057481539825
2023-12-08 22:30:00+01:00,0.42934059206445796
2023-12-08 22:45:00+01:00,0.44112398938204
2023-12-08 23:00:00+01:00,0.45298106534482985
2023-12-08 23:15:00+01:00,0.4635843390074833
2023-12-08 23:30:00+01:00,0.47418761336458676
2023-12-08 23:45:00+01:00,0.4847908883993516
2023-12-09 00:00:00+01:00,0.4953941640955259
2023-12-09 00:15:00+01:00,0.5009512332972186
2023-12-09 00:30:00+01:00,0.5068147755876746
2023-12-09 00:45:00+01:00,0.5129807795726804
2023-12-09 01:00:00+01:00,0.5194451020784445
2023-12-09 01:15:00+01:00,0.5185205016407248
2023-12-09 01:30:00+01:00,0.5176833976742106
2023-12-09 01:45:00+01:00,0.5169339531977974
2023-12-09 02:00:00+01:00,0.5162723145031729
2023-12-09 02:15:00+01:00,0.4998240076190257
2023-12-09 02:30:00+01:00,0.4854493419981313
2023-12-09 02:45:00+01:00,0.4732168869990897
2023-12-09 03:00:00+01:00,0.4631873897930928
2023-12-09 03:15:00+01:00,0.4879728898463708
2023-12-09 03:30:00+01:00,0.5136842217138811
2023-12-09 03:45:00+01:00,0.5402693064709426
2023-12-09 04:00:00+01:00,0.5676783202844253
2023-12-09 04:15:00+01:00,0.5747440714780584
2023-12-09 04:30:00+01:00,0.5823685632764314
2023-12-09 04:45:00+01:00,0.5906520393539428
2023-12-09 05:00:00+01:00,0.5994986436299049
2023-12-09 05:15:00+01:00,0.6010626723061652
2023-12-09 05:30:00+01:00,0.6038285772104877
2023-12-09 05:45:00+01:00,0.6077895284535777
2023-12-09 06:00:00+01:00,0.6129358349474684
2023-12-09 06:15:00+01:00,0.6251736195682719
2023-12-09 06:30:00+01:00,0.637546522909382
2023-12-09 06:45:00+01:00,0.6500512067654783
2023-12-09 07:00:00+01:00,0.6626844081646526
2023-12-09 07:15:00+01:00,0.6680006968533576
2023-12-09 07:30:00+01:00,0.6736764762206453
2023-12-09 07:45:00+01:00,0.6797077509617172
2023-12-09 08:00:00+01:00,0.686090340132738
2023-12-09 08:15:00+01:00,0.693968146327368
2023-12-09 08:30:00+01:00,0.7021346404031089
2023-12-09 08:45:00+01:00,0.7105852971865109
2023-12-09 09:00:00+01:00,0.7193155330482919
2023-12-09 09:15:00+01:00,0.7239900608994285
2023-12-09 09:30:00+01:00,0.7287830892088972
2023-12-09 09:45:00+01:00,0.7336935436718144
2023-12-09 10:00:00+01:00,0.7387203370872841
2023-12-09 10:15:00+01:00,0.7283936975705704
2023-12-09 10:30:00+01:00,0.7180743945494664
2023-12-09 10:45:00+01:00,0.7077625736019729
2023-12-09 11:00:00+01:00,0.6974583840735187
2023-12-09 11:15:00+01:00,0.734725323919835
2023-12-09 11:30:00+01:00,0.7667671354399132
2023-12-09 11:45:00+01:00,0.7976299093097985
2023-12-09 12:00:00+01:00,0.8288645447365018
2023-12-09 12:15:00+01:00,0.854479635189516
2023-12-09 12:30:00+01:00,0.8773435067353551
2023-12-09 12:45:00+01:00,0.8943634869343035
2023-12-09 13:00:00+01:00,0.9117931812743042
2023-12-09 13:15:00+01:00,0.9222532058371878
2023-12-09 13:30:00+01:00,0.9333160368649744
2023-12-09 13:45:00+01:00,0.9449609214057875
2023-12-09 14:00:00+01:00,0.9544924573948691
2023-12-09 14:15:00+01:00,0.9618673499155398
2023-12-09 14:30:00+01:00,0.9692697314194287
2023-12-09 14:45:00+01:00,0.976698254001689
2023-12-09 15:00:00+01:00,0.9841516521514401
2023-12-09 15:15:00+01:00,0.9838891120157699
2023-12-09 15:30:00+01:00,0.984086199326949
2023-12-09 15:45:00+01:00,0.9847423244978645
2023-12-09 16:00:00+01:00,0.9858555319722416
2023-12-09 16:15:00+01:00,0.9818927914624965
2023-12-09 16:30:00+01:00,0.9796784435121989
2023-12-09 16:45:00+01:00,0.9792379915197443
2023-12-09 17:00:00+01:00,0.9805765671189237
2023-12-09 17:15:00+01:00,0.9753195061884345
2023-12-09 17:30:00+01:00,0.971947912099242
2023-12-09 17:45:00+01:00,0.9705044806502262
2023-12-09 18:00:00+01:00,0.971007882943182
2023-12-09 18:15:00+01:00,0.9676870610824416
2023-12-09 18:30:00+01:00,0.966041390541081
2023-12-09 18:45:00+01:00,0.9660895708205302
2023-12-09 19:00:00+01:00,0.9678310505275552
2023-12-09 19:15:00+01:00,0.9648285862159104
2023-12-09 19:30:00+01:00,0.965109200689828
2023-12-09 19:45:00+01:00,0.9686666811258575
2023-12-09 20:00:00+01:00,0.9754235960089336
2023-12-09 20:15:00+01:00,0.9787973192207983
2023-12-09 20:30:00+01:00,0.9858610363311014
2023-12-09 20:45:00+01:00,0.9908799363008121
2023-12-09 21:00:00+01:00,0.9955075401401471
2023-12-09 21:15:00+01:00,0.9938332816487481
2023-12-09 21:30:00+01:00,0.9921593352460313
2023-12-09 21:45:00+01:00,0.9904857109048602
2023-12-09 22:00:00+01:00,0.9888124190255413
2023-12-09 22:15:00+01:00,0.9808441313825479
2023-12-09 22:30:00+01:00,0.9729292241526334
2023-12-09 22:45:00+01:00,0.9665818501124824
2023-12-09 23:00:00+01:00,0.9618701538937344
2023-12-09 23:15:00+01:00,0.9645950463904748
2023-12-09 23:30:00+01:00,0.9675514535163372
2023-12-09 23:45:00+01:00,0.9707347808924828
2023-12-10 00:00:00+01:00,0.9741402163380138
2023-12-10 00:15:00+01:00,0.9779358424685874
2023-12-10 00:30:00+01:00,0.9817866424318694
2023-12-10 00:45:00+01:00,0.9856912362441769
2023-12-10 01:00:00+01:00,0.9886129158069612
2023-12-10 01:15:00+01:00,0.9903828692936716
2023-12-10 01:30:00+01:00,0.9921677469547453
2023-12-10 01:45:00+01:00,0.9939670513021484
2023-12-10 02:00:00+01:00,0.9957803029555419
2023-12-10 02:15:00+01:00,0.9975409259711079
2023-12-10 02:30:00+01:00,0.9993060119070694
2023-12-10 02:45:00+01:00,1.0
2023-12-10 03:00:00+01:00,1.0
2023-12-10 03:15:00+01:00,1.0
2023-12-10 03:30:00+01:00,1.0
2023-12-10 03:45:00+01:00,1.0
2023-12-10 04:00:00+01:00,1.0
2023-12-10 04:15:00+01:00,1.0
2023-12-10 04:30:00+01:00,1.0
2023-12-10 04:45:00+01:00,1.0
2023-12-10 05:00:00+01:00,1.0
2023-12-10 05:15:00+01:00,1.0
2023-12-10 05:30:00+01:00,1.0
2023-12-10 05:45:00+01:00,1.0
2023-12-10 06:00:00+01:00,1.0
2023-12-10 06:15:00+01:00,1.0
2023-12-10 06:30:00+01:00,1.0
2023-12-10 06:45:00+01:00,1.0
2023-12-10 07:00:00+01:00,1.0
2023-12-10 07:15:00+01:00,1.0
2023-12-10 07:30:00+01:00,1.0
2023-12-10 07:45:00+01:00,1.0
2023-12-10 08:00:00+01:00,1.0
2023-12-10 08:15:00+01:00,1.0
2023-12-10 08:30:00+01:00,1.0
2023-12-10 08:45:00+01:00,1.0
2023-12-10 09:00:00+01:00,1.0
2023-12-10 09:15:00+01:00,1.0
2023-12-10 09:30:00+01:00,1.0
2023-12-10 09:45:00+01:00,0.9984079195424026
2023-12-10 10:00:00+01:00,0.9962972088053554
2023-12-10 10:15:00+01:00,0.9882393776066241
2023-12-10 10:30:00+01:00,0.9644192747745505
2023-12-10 10:45:00+01:00,0.9251953614987196
2023-12-10 11:00:00+01:00,0.8706334232738874
2023-12-10 11:15:00+01:00,0.8429616184516247
2023-12-10 11:30:00+01:00,0.8160756150275622
2023-12-10 11:45:00+01:00,0.7900229658967209
2023-12-10 12:00:00+01:00,0.7648534790979246
2023-12-10 12:15:00+01:00,0.7101502195552648
2023-12-10 12:30:00+01:00,0.6531956597254182
2023-12-10 12:45:00+01:00,0.5996434672921197
2023-12-10 13:00:00+01:00,0.5503827547831959
2023-12-10 13:15:00+01:00,0.6035923165078593
2023-12-10 13:30:00+01:00,0.6576342348420059
2023-12-10 13:45:00+01:00,0.7119747367970827
2023-12-10 14:00:00+01:00,0.7619800854390743
2023-12-10 14:15:00+01:00,0.7557979164916737
2023-12-10 14:30:00+01:00,0.7508089508058995
2023-12-10 14:45:00+01:00,0.7470270335366538
2023-12-10 15:00:00+01:00,0.744462803009231
2023-12-10 15:15:00+01:00,0.7602705988378355
2023-12-10 15:30:00+01:00,0.7774131323825542
2023-12-10 15:45:00+01:00,0.7958391290973124
2023-12-10 16:00:00+01:00,0.8154963596468288
2023-12-10 16:15:00+01:00,0.8295142484944308
2023-12-10 16:30:00+01:00,0.8458908070832529
2023-12-10 16:45:00+01:00,0.864543701165271
2023-12-10 17:00:00+01:00,0.8802151630614381
2023-12-10 17:15:00+01:00,0.8803022706073086
2023-12-10 17:30:00+01:00,0.8837085335066905
2023-12-10 17:45:00+01:00,0.8903966574990587
2023-12-10 18:00:00+01:00,0.9002950197595238
2023-12-10 18:15:00+01:00,0.9545617001852813
2023-12-10 18:30:00+01:00,0.9823563599668965
2023-12-10 18:45:00+01:00,0.9961756010126809
2023-12-10 19:00:00+01:00,1.0
2023-12-10 19:15:00+01:00,1.0
2023-12-10 19:30:00+01:00,1.0
2023-12-10 19:45:00+01:00,1.0
2023-12-10 20:00:00+01:00,1.0
2023-12-10 20:15:00+01:00,1.0
2023-12-10 20:30:00+01:00,1.0
2023-12-10 20:45:00+01:00,1.0
2023-12-10 21:00:00+01:00,1.0
2023-12-10 21:15:00+01:00,1.0
2023-12-10 21:30:00+01:00,1.0
2023-12-10 21:45:00+01:00,1.0
2023-12-10 22:00:00+01:00,1.0
2023-12-10 22:15:00+01:00,0.9971560115611727
2023-12-10 22:30:00+01:00,0.9942761573105423
2023-12-10 22:45:00+01:00,0.9914012654278116
2023-12-10 23:00:00+01:00,0.9885316116818363
2023-12-10 23:15:00+01:00,0.9830371340724504
2023-12-10 23:30:00+01:00,0.9766961629858963
2023-12-10 23:45:00+01:00,0.9703825639396563
2023-12-11 00:00:00+01:00,0.9640975144560953
2023-12-11 00:15:00+01:00,0.9554420964432067
2023-12-11 00:30:00+01:00,0.9404949596599038
2023-12-11 00:45:00+01:00,0.9225123814574734
2023-12-11 01:00:00+01:00,0.905420947986419
2023-12-11 01:15:00+01:00,0.905656881256898
2023-12-11 01:30:00+01:00,0.90727470864688
2023-12-11 01:45:00+01:00,0.9102672130409221
2023-12-11 02:00:00+01:00,0.914621176589582
2023-12-11 02:15:00+01:00,0.9349335927321936
2023-12-11 02:30:00+01:00,0.9536488278487419
2023-12-11 02:45:00+01:00,0.9626177100105111
2023-12-11 03:00:00+01:00,0.9715900154629449
2023-12-11 03:15:00+01:00,0.9741087122477528
2023-12-11 03:30:00+01:00,0.9766354567456136
2023-12-11 03:45:00+01:00,0.9791701149889943
2023-12-11 04:00:00+01:00,0.9817125555616166
2023-12-11 04:15:00+01:00,0.9865226010176181
2023-12-11 04:30:00+01:00,0.9891754803540453
2023-12-11 04:45:00+01:00,0.9907810072889429
2023-12-11 05:00:00+01:00,0.9923875740681515
2023-12-11 05:15:00+01:00,0.9924790493269416
2023-12-11 05:30:00+01:00,0.992575767615211
2023-12-11 05:45:00+01:00,0.9926777193857738
2023-12-11 06:00:00+01:00,0.9927848945999176
2023-12-11 06:15:00+01:00,0.9951925707416762
2023-12-11 06:30:00+01:00,0.9976309592123362
2023-12-11 06:45:00+01:00,1.0
2023-12-11 07:00:00+01:00,1.0
2023-12-11 07:15:00+01:00,1.0
2023-12-11 07:30:00+01:00,1.0
2023-12-11 07:45:00+01:00,1.0
2023-12-11 08:00:00+01:00,1.0
2023-12-11 08:15:00+01:00,1.0
2023-12-11 08:30:00+01:00,1.0
2023-12-11 08:45:00+01:00,1.0
2023-12-11 09:00:00+01:00,1.0
2023-12-11 09:15:00+01:00,1.0
2023-12-11 09:30:00+01:00,1.0
2023-12-11 09:45:00+01:00,1.0
2023-12-11 10:00:00+01:00,1.0
2023-12-11 10:15:00+01:00,1.0
2023-12-11 10:30:00+01:00,0.9968675896922821
2023-12-11 10:45:00+01:00,0.9906473514866336
2023-12-11 11:00:00+01:00,0.9785624279699531
2023-12-11 11:15:00+01:00,0.9721085780022426
2023-12-11 11:30:00+01:00,0.9658471056475175
2023-12-11 11:45:00+01:00,0.9597862997318533
2023-12-11 12:00:00+01:00,0.9539346429893159
2023-12-11 12:15:00+01:00,0.9404058164548464
2023-12-11 12:30:00+01:00,0.9250930116351704
2023-12-11 12:45:00+01:00,0.9099733366221524
2023-12-11 13:00:00+01:00,0.89505637481737
2023-12-11 13:15:00+01:00,0.881154927375368
2023-12-11 13:30:00+01:00,0.8647997987227362
2023-12-11 13:45:00+01:00,0.8427256469671658
2023-12-11 14:00:00+01:00,0.8206539727127116
2023-12-11 14:15:00+01:00,0.7945532441541623
2023-12-11 14:30:00+01:00,0.7684695884350886
2023-12-11 14:45:00+01:00,0.7422949658949868
2023-12-11 15:00:00+01:00,0.7099782524333521
2023-12-11 15:15:00+01:00,0.6734959755273299
2023-12-11 15:30:00+01:00,0.6371960843271792
2023-12-11 15:45:00+01:00,0.6010922439195733
2023-12-11 16:00:00+01:00,0.5654700890396893
2023-12-11 16:15:00+01:00,0.5585823466154739
2023-12-11 16:30:00+01:00,0.5524132617481036
2023-12-11 16:45:00+01:00,0.5469724869413332
2023-12-11 17:00:00+01:00,0.5422686790319281
2023-12-11 17:15:00+01:00,0.5471514762374288
2023-12-11 17:30:00+01:00,0.5520737537184468
2023-12-11 17:45:00+01:00,0.5570350914434351
2023-12-11 18:00:00+01:00,0.5620350720553685
2023-12-11 18:15:00+01:00,0.5602406275437867
2023-12-11 18:30:00+01:00,0.5585857544571283
2023-12-11 18:45:00+01:00,0.5570709520082627
2023-12-11 19:00:00+01:00,0.5556966792449461
2023-12-11 19:15:00+01:00,0.5497793916725165
2023-12-11 19:30:00+01:00,0.5440225813325831
2023-12-11 19:45:00+01:00,0.5384282721423205
2023-12-11 20:00:00+01:00,0.5329984636217512
2023-12-11 20:15:00+01:00,0.5210221027323612
2023-12-11 20:30:00+01:00,0.509276130473899
2023-12-11 20:45:00+01:00,0.49776665681682375
2023-12-11 21:00:00+01:00,0.48649988004453343
2023-12-11 21:15:00+01:00,0.4757264369098136
2023-12-11 21:30:00+01:00,0.4652960896187957
2023-12-11 21:45:00+01:00,0.45521718532999633
2023-12-11 22:00:00+01:00,0.44549804909509805
2023-12-11 22:15:00+01:00,0.4225809506341318
2023-12-11 22:30:00+01:00,0.4017170864691585
2023-12-11 22:45:00+01:00,0.3808590006801867
2023-12-11 23:00:00+01:00,0.36000703514385063
2023-12-11 23:15:00+01:00,0.3449175387094096
2023-12-11 23:30:00+01:00,0.3298332487513735
2023-12-11 23:45:00+01:00,0.31475439799811616
2023-12-12 00:00:00+01:00,0.2996812331666064
2023-12-12 00:15:00+01:00,0.291401849240891
2023-12-12 00:30:00+01:00,0.2846207949008104
2023-12-12 00:45:00+01:00,0.28006619026652163
2023-12-12 01:00:00+01:00,0.2764535178344349
2023-12-12 01:15:00+01:00,0.25724669728349525
2023-12-12 01:30:00+01:00,0.23845449500932164
2023-12-12 01:45:00+01:00,0.22011065482398195
2023-12-12 02:00:00+01:00,0.20225173886114278
2023-12-12 02:15:00+01:00,0.19410338974924143
2023-12-12 02:30:00+01:00,0.18644399343610069
2023-12-12 02:45:00+01:00,0.1792907845111597
2023-12-12 03:00:00+01:00,0.17380178191146736
2023-12-12 03:15:00+01:00,0.1775089290173356
2023-12-12 03:30:00+01:00,0.1841379743853408
2023-12-12 03:45:00+01:00,0.19249449138019883
2023-12-12 04:00:00+01:00,0.20251433729789292
2023-12-12 04:15:00+01:00,0.18655458710295994
2023-12-12 04:30:00+01:00,0.17359104583568905
2023-12-12 04:45:00+01:00,0.1642920125089404
2023-12-12 05:00:00+01:00,0.15652519897283507
2023-12-12 05:15:00+01:00,0.16221020665719568
2023-12-12 05:30:00+01:00,0.16932455927610282
2023-12-12 05:45:00+01:00,0.177942071938801
2023-12-12 06:00:00+01:00,0.1908405922674722
2023-12-12 06:15:00+01:00,0.19744211571686707
2023-12-12 06:30:00+01:00,0.20499103444635036
2023-12-12 06:45:00+01:00,0.21345607645639875
2023-12-12 07:00:00+01:00,0.2228037879899582
2023-12-12 07:15:00+01:00,0.22837194749111192
2023-12-12 07:30:00+01:00,0.23460693356495727
2023-12-12 07:45:00+01:00,0.24149127998790548
2023-12-12 08:00:00+01:00,0.24900640219908818
2023-12-12 08:15:00+01:00,0.24469878905339693
2023-12-12 08:30:00+01:00,0.24165165057811738
2023-12-12 08:45:00+01:00,0.23988115891363518
2023-12-12 09:00:00+01:00,0.2393968376156753
2023-12-12 09:15:00+01:00,0.23724395412712998
2023-12-12 09:30:00+01:00,0.23519456552086984
2023-12-12 09:45:00+01:00,0.23324957324524487
2023-12-12 10:00:00+01:00,0.2314098425354085
2023-12-12 10:15:00+01:00,0.20418186743114833
2023-12-12 10:30:00+01:00,0.17711601836501006
2023-12-12 10:45:00+01:00,0.1565960953690894
2023-12-12 11:00:00+01:00,0.1361518322527194
2023-12-12 11:15:00+01:00,0.14536946177843216
2023-12-12 11:30:00+01:00,0.15504118978206188
2023-12-12 11:45:00+01:00,0.16513960273427528
2023-12-12 12:00:00+01:00,0.17563838055250344
2023-12-12 12:15:00+01:00,0.17983306683021413
2023-12-12 12:30:00+01:00,0.18718378235730468
2023-12-12 12:45:00+01:00,0.19704929807133006
2023-12-12 13:00:00+01:00,0.20932047900627118
2023-12-12 13:15:00+01:00,0.21972576085020565
2023-12-12 13:30:00+01:00,0.23550005131730484
2023-12-12 13:45:00+01:00,0.25629486455870604
2023-12-12 14:00:00+01:00,0.2816950998539175
2023-12-12 14:15:00+01:00,0.26974036018495573
2023-12-12 14:30:00+01:00,0.25784643119566997
2023-12-12 14:45:00+01:00,0.24601633227299305
2023-12-12 15:00:00+01:00,0.23425326817270806
2023-12-12 15:15:00+01:00,0.22465374834122484
2023-12-12 15:30:00+01:00,0.21509938033856013
2023-12-12 15:45:00+01:00,0.20559207241031482
2023-12-12 16:00:00+01:00,0.19613383164447637
2023-12-12 16:15:00+01:00,0.203546243026484
2023-12-12 16:30:00+01:00,0.21128443677991218
2023-12-12 16:45:00+01:00,0.21933748325633856
2023-12-12 17:00:00+01:00,0.22769452087576578
2023-12-12 17:15:00+01:00,0.2589069267132343
2023-12-12 17:30:00+01:00,0.2962014306627613
2023-12-12 17:45:00+01:00,0.3456037167622257
2023-12-12 18:00:00+01:00,0.39859848955933425
2023-12-12 18:15:00+01:00,0.3899750615224311
2023-12-12 18:30:00+01:00,0.3823760602429988
2023-12-12 18:45:00+01:00,0.37582324198834355
2023-12-12 19:00:00+01:00,0.37033586461932066
2023-12-12 19:15:00+01:00,0.3636984761189698
2023-12-12 19:30:00+01:00,0.35706635033861134
2023-12-12 19:45:00+01:00,0.350439587185888
2023-12-12 20:00:00+01:00,0.3438182890295085
2023-12-12 20:15:00+01:00,0.3530213927827678
2023-12-12 20:30:00+01:00,0.3624297422430141
2023-12-12 20:45:00+01:00,0.37203792160358135
2023-12-12 21:00:00+01:00,0.38184059487032196
2023-12-12 21:15:00+01:00,0.3970760937813378
2023-12-12 21:30:00+01:00,0.41239379909580476
2023-12-12 21:45:00+01:00,0.4279801701653357
2023-12-12 22:00:00+01:00,0.4452880688588188
2023-12-12 22:15:00+01:00,0.49064529681310487
2023-12-12 22:30:00+01:00,0.5379578714943819
2023-12-12 22:45:00+01:00,0.5870860907052954
2023-12-12 23:00:00+01:00,0.6385090634205631
2023-12-12 23:15:00+01:00,0.602596061722556
2023-12-12 23:30:00+01:00,0.5678851472079736
2023-12-12 23:45:00+01:00,0.5344874339849737
2023-12-13 00:00:00+01:00,0.5021925076869683
2023-12-13 00:15:00+01:00,0.4884133050479429
2023-12-13 00:30:00+01:00,0.4762974048996032
2023-12-13 00:45:00+01:00,0.4658914268171148
2023-12-13 01:00:00+01:00,0.4572368096617854
2023-12-13 01:15:00+01:00,0.4541930713216994
2023-12-13 01:30:00+01:00,0.4515184866205834
2023-12-13 01:45:00+01:00,0.4492153693182563
2023-12-13 02:00:00+01:00,0.44728572733560557
2023-12-13 02:15:00+01:00,0.43733346686594454
2023-12-13 02:30:00+01:00,0.4274777492080366
2023-12-13 02:45:00+01:00,0.4186191529724344
2023-12-13 03:00:00+01:00,0.4099875198035879
2023-12-13 03:15:00+01:00,0.41279044182530594
2023-12-13 03:30:00+01:00,0.41560477787159356
2023-12-13 03:45:00+01:00,0.4184304415944001
2023-12-13 04:00:00+01:00,0.4212673471721347
2023-12-13 04:15:00+01:00,0.4110235921393001
2023-12-13 04:30:00+01:00,0.40082297320668303
2023-12-13 04:45:00+01:00,0.3906667033328253
2023-12-13 05:00:00+01:00,0.38055603580565234
2023-12-13 05:15:00+01:00,0.3523068085235045
2023-12-13 05:30:00+01:00,0.32408194803459356
2023-12-13 05:45:00+01:00,0.29588353108257337
2023-12-13 06:00:00+01:00,0.2718326130471211
2023-12-13 06:15:00+01:00,0.2577620412425366
2023-12-13 06:30:00+01:00,0.24372134947794652
2023-12-13 06:45:00+01:00,0.22971232980043957
2023-12-13 07:00:00+01:00,0.21573691592834435
2023-12-13 07:15:00+01:00,0.20887754758323615
2023-12-13 07:30:00+01:00,0.20207820934280277
2023-12-13 07:45:00+01:00,0.19534073439621522
2023-12-13 08:00:00+01:00,0.18866701361799562
2023-12-13 08:15:00+01:00,0.19254550298312378
2023-12-13 08:30:00+01:00,0.19645993105015583
2023-12-13 08:45:00+01:00,0.2004096707460085
2023-12-13 09:00:00+01:00,0.20439410403979957
2023-12-13 09:15:00+01:00,0.20958944948645308
2023-12-13 09:30:00+01:00,0.2147935971437889
2023-12-13 09:45:00+01:00,0.2200063486015358
2023-12-13 10:00:00+01:00,0.22522751105455785
2023-12-13 10:15:00+01:00,0.19399126131706018
2023-12-13 10:30:00+01:00,0.16832209504480053
2023-12-13 10:45:00+01:00,0.14898391668523153
2023-12-13 11:00:00+01:00,0.13226114854025056
2023-12-13 11:15:00+01:00,0.12486810333125653
2023-12-13 11:30:00+01:00,0.11749199592620628
2023-12-13 11:45:00+01:00,0.1101337069568084
2023-12-13 12:00:00+01:00,0.10279417681967797
2023-12-13 12:15:00+01:00,0.0903666349520152
2023-12-13 12:30:00+01:00,0.08129643902323146
2023-12-13 12:45:00+01:00,0.07279582177621677
2023-12-13 13:00:00+01:00,0.06492916524181985
2023-12-13 13:15:00+01:00,0.057070937512588814
2023-12-13 13:30:00+01:00,0.049212809191752915
2023-12-13 13:45:00+01:00,0.042456972300199576
2023-12-13 14:00:00+01:00,0.0378153332768552
2023-12-13 14:15:00+01:00,0.03331902269230538
2023-12-13 14:30:00+01:00,0.02882387549641233
2023-12-13 14:45:00+01:00,0.024330046663754518
2023-12-13 15:00:00+01:00,0.019837719914169345
2023-12-13 15:15:00+01:00,0.019245838622075535
2023-12-13 15:30:00+01:00,0.018761467610862472
2023-12-13 15:45:00+01:00,0.018386246341977608
2023-12-13 16:00:00+01:00,0.01812146779264142
2023-12-13 16:15:00+01:00,0.013275007515133322
2023-12-13 16:30:00+01:00,0.01078283708963801
2023-12-13 16:45:00+01:00,0.008304656952847822
2023-12-13 17:00:00+01:00,0.005843575534051787
2023-12-13 17:15:00+01:00,0.0018576962905217562
2023-12-13 17:30:00+01:00,0.0
2023-12-13 17:45:00+01:00,0.0
2023-12-13 18:00:00+01:00,0.0
2023-12-13 18:15:00+01:00,0.0
2023-12-13 18:30:00+01:00,0.0
2023-12-13 18:45:00+01:00,0.0
2023-12-13 19:00:00+01:00,0.0
2023-12-13 19:15:00+01:00,0.0
2023-12-13 19:30:00+01:00,0.0
2023-12-13 19:45:00+01:00,0.0
2023-12-13 20:00:00+01:00,0.0
2023-12-13 20:15:00+01:00,0.0
2023-12-13 20:30:00+01:00,0.0
2023-12-13 20:45:00+01:00,0.0
2023-12-13 21:00:00+01:00,0.000787284922620431
2023-12-13 21:15:00+01:00,0.006181064823571819
2023-12-13 21:30:00+01:00,0.011718747140562627
2023-12-13 21:45:00+01:00,0.021555809659860842
2023-12-13 22:00:00+01:00,0.03401269484865455
2023-12-13 22:15:00+01:00,0.04385611020127575
2023-12-13 22:30:00+01:00,0.061259695894086745
2023-12-13 22:45:00+01:00,0.07947724709012964
2023-12-13 23:00:00+01:00,0.10004277854395478
2023-12-13 23:15:00+01:00,0.1143629957700736
2023-12-13 23:30:00+01:00,0.12868336147846324
2023-12-13 23:45:00+01:00,0.1430038617558442
2023-12-14 00:00:00+01:00,0.1573244843744719
2023-12-14 00:15:00+01:00,0.15567508965836027
2023-12-14 00:30:00+01:00,0.15407018905677433
2023-12-14 00:45:00+01:00,0.1525102403308462
2023-12-14 01:00:00+01:00,0.1509956944573053
2023-12-14 01:15:00+01:00,0.16348841266743513
2023-12-14 01:30:00+01:00,0.17635848252553088
2023-12-14 01:45:00+01:00,0.19346567026762074
2023-12-14 02:00:00+01:00,0.21132333971878423
2023-12-14 02:15:00+01:00,0.21120104169685275
2023-12-14 02:30:00+01:00,0.2114972024826949
2023-12-14 02:45:00+01:00,0.2122112791781564
2023-12-14 03:00:00+01:00,0.213341966649031
2023-12-14 03:15:00+01:00,0.21845338881845044
2023-12-14 03:30:00+01:00,0.2235671275076864
2023-12-14 03:45:00+01:00,0.22868313204210722
2023-12-14 04:00:00+01:00,0.2338013531929228
2023-12-14 04:15:00+01:00,0.22930287985510112
2023-12-14 04:30:00+01:00,0.22480625272710736
2023-12-14 04:45:00+01:00,0.22031150775071445
2023-12-14 05:00:00+01:00,0.2158186817910938
2023-12-14 05:15:00+01:00,0.1835189028760532
2023-12-14 05:30:00+01:00,0.15757875075440628
2023-12-14 05:45:00+01:00,0.13316297722876588
2023-12-14 06:00:00+01:00,0.10879467055554778
2023-12-14 06:15:00+01:00,0.10176201339824588
2023-12-14 06:30:00+01:00,0.09890161690144972
2023-12-14 06:45:00+01:00,0.10029960120102763
2023-12-14 07:00:00+01:00,0.10591358617425937
2023-12-14 07:15:00+01:00,0.11839801989992844
2023-12-14 07:30:00+01:00,0.13127752166127743
2023-12-14 07:45:00+01:00,0.14451890787034263
2023-12-14 08:00:00+01:00,0.15809182365925356
2023-12-14 08:15:00+01:00,0.15011744554998274
2023-12-14 08:30:00+01:00,0.14216149184667268
2023-12-14 08:45:00+01:00,0.13422494042465086
2023-12-14 09:00:00+01:00,0.12630883695574288
2023-12-14 09:15:00+01:00,0.12228292787312217
2023-12-14 09:30:00+01:00,0.11846768663630687
2023-12-14 09:45:00+01:00,0.11486871633625248
2023-12-14 10:00:00+01:00,0.11149148594196573
2023-12-14 10:15:00+01:00,0.10014887425197025
2023-12-14 10:30:00+01:00,0.0912496534384718
2023-12-14 10:45:00+01:00,0.08422238241533406
2023-12-14 11:00:00+01:00,0.07721852871157699
2023-12-14 11:15:00+01:00,0.07726940715504126
2023-12-14 11:30:00+01:00,0.07733957755001634
2023-12-14 11:45:00+01:00,0.07742902284302548
2023-12-14 12:00:00+01:00,0.07753772132534689
2023-12-14 12:15:00+01:00,0.07836677839184623
2023-12-14 12:30:00+01:00,0.0794206210252013
2023-12-14 12:45:00+01:00,0.08069630543779772
2023-12-14 13:00:00+01:00,0.08219033645451782
2023-12-14 13:15:00+01:00,0.0846819535766716
2023-12-14 13:30:00+01:00,0.0874509548259923
2023-12-14 13:45:00+01:00,0.0904881675654881
2023-12-14 14:00:00+01:00,0.09378398937266547
2023-12-14 14:15:00+01:00,0.08808924457074808
2023-12-14 14:30:00+01:00,0.08250345885035842
2023-12-14 14:45:00+01:00,0.07703431215473171
2023-12-14 15:00:00+01:00,0.07169003919170563
2023-12-14 15:15:00+01:00,0.06620559734274019
2023-12-14 15:30:00+01:00,0.06097738638280178
2023-12-14 15:45:00+01:00,0.0560239496914089
2023-12-14 16:00:00+01:00,0.051364541506466285
2023-12-14 16:15:00+01:00,0.04397916338363119
2023-12-14 16:30:00+01:00,0.03987788818304722
2023-12-14 16:45:00+01:00,0.036097382973931724
2023-12-14 17:00:00+01:00,0.03267085376811761
2023-12-14 17:15:00+01:00,0.03228210707119892
2023-12-14 17:30:00+01:00,0.03246226269384282
2023-12-14 17:45:00+01:00,0.03320852833953661
2023-12-14 18:00:00+01:00,0.034509528980176105
2023-12-14 18:15:00+01:00,0.03893491539073012
2023-12-14 18:30:00+01:00,0.04392531124408505
2023-12-14 18:45:00+01:00,0.05313204738645983
2023-12-14 19:00:00+01:00,0.0631617511256519
2023-12-14 19:15:00+01:00,0.0720164945940296
2023-12-14 19:30:00+01:00,0.08105436324740399
2023-12-14 19:45:00+01:00,0.09025557387982443
2023-12-14 20:00:00+01:00,0.10224193428844217
2023-12-14 20:15:00+01:00,0.11222742790843845
2023-12-14 20:30:00+01:00,0.12223711331218164
2023-12-14 20:45:00+01:00,0.13226936802658618
2023-12-14 21:00:00+01:00,0.1423227082950924
2023-12-14 21:15:00+01:00,0.14881778347348842
2023-12-14 21:30:00+01:00,0.15533130745272114
2023-12-14 21:45:00+01:00,0.1618625250042221
2023-12-14 22:00:00+01:00,0.1684107196765948
2023-12-14 22:15:00+01:00,0.16685047315419851
2023-12-14 22:30:00+01:00,0.16537624740219925
2023-12-14 22:45:00+01:00,0.16398883589331928
2023-12-14 23:00:00+01:00,0.16268899431102754
2023-12-14 23:15:00+01:00,0.16777396624585286
2023-12-14 23:30:00+01:00,0.17289320670452182
2023-12-14 23:45:00+01:00,0.17825758164944683
2023-12-15 00:00:00+01:00,0.18509526314046298
2023-12-15 00:15:00+01:00,0.18728755267854993
2023-12-15 00:30:00+01:00,0.1898719555438108
2023-12-15 00:45:00+01:00,0.1928439032986201
2023-12-15 01:00:00+01:00,0.19619822969463832
2023-12-15 01:15:00+01:00,0.20610027610836157
2023-12-15 01:30:00+01:00,0.21604827931078888
2023-12-15 01:45:00+01:00,0.22604027620936598
2023-12-15 02:00:00+01:00,0.23607440598135146
2023-12-15 02:15:00+01:00,0.2317352814019998
2023-12-15 02:30:00+01:00,0.2274670095732568
2023-12-15 02:45:00+01:00,0.2232708942318109
2023-12-15 03:00:00+01:00,0.21914824843726613
2023-12-15 03:15:00+01:00,0.2088703411843234
2023-12-15 03:30:00+01:00,0.19882625134380333
2023-12-15 03:45:00+01:00,0.1890266273734096
2023-12-15 04:00:00+01:00,0.17948249068793157
2023-12-15 04:15:00+01:00,0.17916145496576674
2023-12-15 04:30:00+01:00,0.17993633909026663
2023-12-15 04:45:00+01:00,0.18180325012394405
2023-12-15 05:00:00+01:00,0.1847528841892216
2023-12-15 05:15:00+01:00,0.18518881386935085
2023-12-15 05:30:00+01:00,0.18663943020203902
2023-12-15 05:45:00+01:00,0.18909806003228413
2023-12-15 06:00:00+01:00,0.1925535259093144
2023-12-15 06:15:00+01:00,0.18813406290256574
2023-12-15 06:30:00+01:00,0.18371474048678535
2023-12-15 06:45:00+01:00,0.17929556152116752
2023-12-15 07:00:00+01:00,0.17548199394987785
2023-12-15 07:15:00+01:00,0.17540854893291447
2023-12-15 07:30:00+01:00,0.17536556125896274
2023-12-15 07:45:00+01:00,0.17535303893054358
2023-12-15 08:00:00+01:00,0.1753709842793217
2023-12-15 08:15:00+01:00,0.17693184185717545
2023-12-15 08:30:00+01:00,0.1788572004053515
2023-12-15 08:45:00+01:00,0.18093568926263365
2023-12-15 09:00:00+01:00,0.18302401927668735
2023-12-15 09:15:00+01:00,0.1749522534904977
2023-12-15 09:30:00+01:00,0.1683942823433104
2023-12-15 09:45:00+01:00,0.16199200955282456
2023-12-15 10:00:00+01:00,0.15575178128347406
2023-12-15 10:15:00+01:00,0.14149044329696847
2023-12-15 10:30:00+01:00,0.12727855978041652
2023-12-15 10:45:00+01:00,0.1131210503539172
2023-12-15 11:00:00+01:00,0.09902348660347302
2023-12-15 11:15:00+01:00,0.10369326933465182
2023-12-15 11:30:00+01:00,0.10913484231679653
2023-12-15 11:45:00+01:00,0.11531896002272932
2023-12-15 12:00:00+01:00,0.122214149387157
2023-12-15 12:15:00+01:00,0.1242603910208663
2023-12-15 12:30:00+01:00,0.126381040826852
2023-12-15 12:45:00+01:00,0.12857503275589435
2023-12-15 13:00:00+01:00,0.1308412852113282
2023-12-15 13:15:00+01:00,0.12977595930955477
2023-12-15 13:30:00+01:00,0.1287113179817381
2023-12-15 13:45:00+01:00,0.1276473661621166
2023-12-15 14:00:00+01:00,0.12658410882922017
2023-12-15 14:15:00+01:00,0.13096060753930086
2023-12-15 14:30:00+01:00,0.13568816203216158
2023-12-15 14:45:00+01:00,0.1407558593382185
2023-12-15 15:00:00+01:00,0.14615249746797826
2023-12-15 15:15:00+01:00,0.1574888123806277
2023-12-15 15:30:00+01:00,0.1688664829332358
2023-12-15 15:45:00+01:00,0.18120784450928853
2023-12-15 16:00:00+01:00,0.19631132153393868
2023-12-15 16:15:00+01:00,0.20144285495148515
2023-12-15 16:30:00+01:00,0.20659667495153955
2023-12-15 16:45:00+01:00,0.21177227804587187
2023-12-15 17:00:00+01:00,0.21696917376521382
2023-12-15 17:15:00+01:00,0.21900209218409666
2023-12-15 17:30:00+01:00,0.22104576278004315
2023-12-15 17:45:00+01:00,0.22310009079970197
2023-12-15 18:00:00+01:00,0.22516498211433844
2023-12-15 18:15:00+01:00,0.2295927420530603
2023-12-15 18:30:00+01:00,0.23485975652838298
2023-12-15 18:45:00+01:00,0.2409474415332137
2023-12-15 19:00:00+01:00,0.24783499388819677
2023-12-15 19:15:00+01:00,0.25551198905997985
2023-12-15 19:30:00+01:00,0.2632632576360184
2023-12-15 19:45:00+01:00,0.27108647727694696
2023-12-15 20:00:00+01:00,0.2789794012186448
2023-12-15 20:15:00+01:00,0.2802665849595985
2023-12-15 20:30:00+01:00,0.2816040427640477
2023-12-15 20:45:00+01:00,0.2829915076713489
2023-12-15 21:00:00+01:00,0.28442870473284504
2023-12-15 21:15:00+01:00,0.27719717333777333
2023-12-15 21:30:00+01:00,0.2700152054375782
2023-12-15 21:45:00+01:00,0.2628842529514296
2023-12-15 22:00:00+01:00,0.2558058141348934
2023-12-15 22:15:00+01:00,0.26256141299237323
2023-12-15 22:30:00+01:00,0.2694896514427991
2023-12-15 22:45:00+01:00,0.2765857400702627
2023-12-15 23:00:00+01:00,0.2838449552818012
2023-12-15 23:15:00+01:00,0.2926870784444788
2023-12-15 23:30:00+01:00,0.3022329484067843
2023-12-15 23:45:00+01:00,0.31192369887699395
2023-12-16 00:00:00+01:00,0.3217551979143297
2023-12-16 00:15:00+01:00,0.33269343841598
2023-12-16 00:30:00+01:00,0.34376792519676946
2023-12-16 00:45:00+01:00,0.3549743578653206
2023-12-16 01:00:00+01:00,0.3663085670407763
2023-12-16 01:15:00+01:00,0.3633638600974282
2023-12-16 01:30:00+01:00,0.3604880853600197
2023-12-16 01:45:00+01:00,0.35768180636514413
2023-12-16 02:00:00+01:00,0.35494557896796425
2023-12-16 02:15:00+01:00,0.3545570010681323
2023-12-16 02:30:00+01:00,0.35475053588824124
2023-12-16 02:45:00+01:00,0.35552586250646284
2023-12-16 03:00:00+01:00,0.35688169762813365
2023-12-16 03:15:00+01:00,0.35838105440325335
2023-12-16 03:30:00+01:00,0.3606237974218582
2023-12-16 03:45:00+01:00,0.36360521357852893
2023-12-16 04:00:00+01:00,0.36731909889150205
2023-12-16 04:15:00+01:00,0.3776038656232096
2023-12-16 04:30:00+01:00,0.3880447301622972
2023-12-16 04:45:00+01:00,0.3986372324401407
2023-12-16 05:00:00+01:00,0.40937701954172234
2023-12-16 05:15:00+01:00,0.41796294045681787
2023-12-16 05:30:00+01:00,0.42659824417261183
2023-12-16 05:45:00+01:00,0.43621640256435545
2023-12-16 06:00:00+01:00,0.44584111576630187
2023-12-16 06:15:00+01:00,0.4605198256127417
2023-12-16 06:30:00+01:00,0.475198658981823
2023-12-16 06:45:00+01:00,0.489877611755298
2023-12-16 07:00:00+01:00,0.5045566799959456
2023-12-16 07:15:00+01:00,0.5163632379849998
2023-12-16 07:30:00+01:00,0.5281711132415107
2023-12-16 07:45:00+01:00,0.5399802717285118
2023-12-16 08:00:00+01:00,0.5517906805681554
2023-12-16 08:15:00+01:00,0.5500056133824432
2023-12-16 08:30:00+01:00,0.5483596564198698
2023-12-16 08:45:00+01:00,0.546853308232917
2023-12-16 09:00:00+01:00,0.5454870271769472
2023-12-16 09:15:00+01:00,0.5282758969198297
2023-12-16 09:30:00+01:00,0.5111981634291424
2023-12-16 09:45:00+01:00,0.4942589838871705
2023-12-16 10:00:00+01:00,0.4774637395980792
2023-12-16 10:15:00+01:00,0.47365728502514953
2023-12-16 10:30:00+01:00,0.4698565288856512
2023-12-16 10:45:00+01:00,0.46606152127547723
2023-12-16 11:00:00+01:00,0.46227231280233655
2023-12-16 11:15:00+01:00,0.4388744732742686
2023-12-16 11:30:00+01:00,0.4167995649995595
2023-12-16 11:45:00+01:00,0.3962671531184837
2023-12-16 12:00:00+01:00,0.3759432812916948
2023-12-16 12:15:00+01:00,0.4163688546662105
2023-12-16 12:30:00+01:00,0.4605021725506386
2023-12-16 12:45:00+01:00,0.5058697309276681
2023-12-16 13:00:00+01:00,0.5512994622440303
2023-12-16 13:15:00+01:00,0.56539391722881
2023-12-16 13:30:00+01:00,0.5794944904341487
2023-12-16 13:45:00+01:00,0.593756570891002
2023-12-16 14:00:00+01:00,0.6080826648493954
2023-12-16 14:15:00+01:00,0.5940435057644967
2023-12-16 14:30:00+01:00,0.5804162256159775
2023-12-16 14:45:00+01:00,0.5673214567310533
2023-12-16 15:00:00+01:00,0.5546099116553054
2023-12-16 15:15:00+01:00,0.5432401391755048
2023-12-16 15:30:00+01:00,0.5320313148151157
2023-12-16 15:45:00+01:00,0.520987441803812
2023-12-16 16:00:00+01:00,0.5101125953457474
2023-12-16 16:15:00+01:00,0.5087530003118562
2023-12-16 16:30:00+01:00,0.5073964861619302
2023-12-16 16:45:00+01:00,0.5060430622735534
2023-12-16 17:00:00+01:00,0.5046927380409145
2023-12-16 17:15:00+01:00,0.5068256518725012
2023-12-16 17:30:00+01:00,0.5090010049902627
2023-12-16 17:45:00+01:00,0.5112185910409963
2023-12-16 18:00:00+01:00,0.513478201039968
2023-12-16 18:15:00+01:00,0.509146515531445
2023-12-16 18:30:00+01:00,0.5048179942935488
2023-12-16 18:45:00+01:00,0.5004926681873648
2023-12-16 19:00:00+01:00,0.4961705684533739
2023-12-16 19:15:00+01:00,0.503371374887281
2023-12-16 19:30:00+01:00,0.5108719360764055
2023-12-16 19:45:00+01:00,0.5186672543354846
2023-12-16 20:00:00+01:00,0.5267522525936671
2023-12-16 20:15:00+01:00,0.5320380734119597
2023-12-16 20:30:00+01:00,0.5373265912130044
2023-12-16 20:45:00+01:00,0.542617774845045
2023-12-16 21:00:00+01:00,0.5479115936189016
2023-12-16 21:15:00+01:00,0.5311794835931412
2023-12-16 21:30:00+01:00,0.5149712998696759
2023-12-16 21:45:00+01:00,0.4993061935106859
2023-12-16 22:00:00+01:00,0.4842035707944123
2023-12-16 22:15:00+01:00,0.4472331907281645
2023-12-16 22:30:00+01:00,0.4124075176063757
2023-12-16 22:45:00+01:00,0.3803103686891035
2023-12-16 23:00:00+01:00,0.3487556521188485
2023-12-16 23:15:00+01:00,0.36857746245796297
2023-12-16 23:30:00+01:00,0.3884587018631842
2023-12-16 23:45:00+01:00,0.40839616552747626
2023-12-17 00:00:00+01:00,0.4286474555994393
2023-12-17 00:15:00+01:00,0.4401778840898826
2023-12-17 00:30:00+01:00,0.4519145113285786
2023-12-17 00:45:00+01:00,0.46385173012154784
2023-12-17 01:00:00+01:00,0.47598404402644584
2023-12-17 01:15:00+01:00,0.4624638719157261
2023-12-17 01:30:00+01:00,0.44913776379832965
2023-12-17 01:45:00+01:00,0.4360118432662803
2023-12-17 02:00:00+01:00,0.4234209805720468
2023-12-17 02:15:00+01:00,0.4096217228828241
2023-12-17 02:30:00+01:00,0.3958278080774985
2023-12-17 02:45:00+01:00,0.38203944094108205
2023-12-17 03:00:00+01:00,0.3682568367706026
2023-12-17 03:15:00+01:00,0.36222401865641396
2023-12-17 03:30:00+01:00,0.3563528894389544
2023-12-17 03:45:00+01:00,0.35064616588576547
2023-12-17 04:00:00+01:00,0.34510654732319623
2023-12-17 04:15:00+01:00,0.34210151453168985
2023-12-17 04:30:00+01:00,0.3391887060271465
2023-12-17 04:45:00+01:00,0.33636890121455504
2023-12-17 05:00:00+01:00,0.33364286300104645
2023-12-17 05:15:00+01:00,0.33606041986937785
2023-12-17 05:30:00+01:00,0.3384791177235416
2023-12-17 05:45:00+01:00,0.34089894859150516
2023-12-17 06:00:00+01:00,0.3433199045716466
2023-12-17 06:15:00+01:00,0.3413041450092304
2023-12-17 06:30:00+01:00,0.33929006568520886
2023-12-17 06:45:00+01:00,0.3372776764096433
2023-12-17 07:00:00+01:00,0.33526698706078384
2023-12-17 07:15:00+01:00,0.3356988351001191
2023-12-17 07:30:00+01:00,0.33613549636833234
2023-12-17 07:45:00+01:00,0.33657696476865684
2023-12-17 08:00:00+01:00,0.3370232341476699
2023-12-17 08:15:00+01:00,0.33761223013630687
2023-12-17 08:30:00+01:00,0.3382027577862378
2023-12-17 08:45:00+01:00,0.33879481447933363
2023-12-17 09:00:00+01:00,0.3393883975966737
2023-12-17 09:15:00+01:00,0.3444584057119599
2023-12-17 09:30:00+01:00,0.34963602690759255
2023-12-17 09:45:00+01:00,0.35491967308234224
2023-12-17 10:00:00+01:00,0.360307755663012
2023-12-17 10:15:00+01:00,0.3238583822169545
2023-12-17 10:30:00+01:00,0.28952672977896127
2023-12-17 10:45:00+01:00,0.2639875682679991
2023-12-17 11:00:00+01:00,0.2413175869960543
2023-12-17 11:15:00+01:00,0.2544944166388128
2023-12-17 11:30:00+01:00,0.2692755564570197
2023-12-17 11:45:00+01:00,0.28556718227562117
2023-12-17 12:00:00+01:00,0.3084842219025342
2023-12-17 12:15:00+01:00,0.3286830355199922
2023-12-17 12:30:00+01:00,0.34926292350024707
2023-12-17 12:45:00+01:00,0.3702018529720952
2023-12-17 13:00:00+01:00,0.39147911540828556
2023-12-17 13:15:00+01:00,0.34255230254328356
2023-12-17 13:30:00+01:00,0.2937799637835507
2023-12-17 13:45:00+01:00,0.25445947743176206
2023-12-17 14:00:00+01:00,0.21714457460577302
2023-12-17 14:15:00+01:00,0.2325061328519933
2023-12-17 14:30:00+01:00,0.24795972218484358
2023-12-17 14:45:00+01:00,0.26349954650693835
2023-12-17 15:00:00+01:00,0.27912025793315315
2023-12-17 15:15:00+01:00,0.29930350916608484
2023-12-17 15:30:00+01:00,0.32144999315786954
2023-12-17 15:45:00+01:00,0.34360280858771886
2023-12-17 16:00:00+01:00,0.36576155975774755
2023-12-17 16:15:00+01:00,0.3794303575613063
2023-12-17 16:30:00+01:00,0.39310193246059283
2023-12-17 16:45:00+01:00,0.40677618132059845
2023-12-17 17:00:00+01:00,0.42045300603207547
2023-12-17 17:15:00+01:00,0.4309898660960429
2023-12-17 17:30:00+01:00,0.4425143994505083
2023-12-17 17:45:00+01:00,0.45433763236138786
2023-12-17 18:00:00+01:00,0.46645139871255076
2023-12-17 18:15:00+01:00,0.48637829701270135
2023-12-17 18:30:00+01:00,0.5066681529573416
2023-12-17 18:45:00+01:00,0.5273047008903076
2023-12-17 19:00:00+01:00,0.548272378840089
2023-12-17 19:15:00+01:00,0.558856524159173
2023-12-17 19:30:00+01:00,0.5694741788151115
2023-12-17 19:45:00+01:00,0.5801245863846627
2023-12-17 20:00:00+01:00,0.5909202483487838
2023-12-17 20:15:00+01:00,0.5912972219283353
2023-12-17 20:30:00+01:00,0.5922363529365787
2023-12-17 20:45:00+01:00,0.5937365461528141
2023-12-17 21:00:00+01:00,0.5957960579340906
2023-12-17 21:15:00+01:00,0.5908061382832911
2023-12-17 21:30:00+01:00,0.5873207283959095
2023-12-17 21:45:00+01:00,0.5853507702016745
2023-12-17 22:00:00+01:00,0.5849024950037255
2023-12-17 22:15:00+01:00,0.6004176874971835
2023-12-17 22:30:00+01:00,0.6165754771569492
2023-12-17 22:45:00+01:00,0.6333548988634473
2023-12-17 23:00:00+01:00,0.6507351347554674
2023-12-17 23:15:00+01:00,0.6579279388157095
2023-12-17 23:30:00+01:00,0.6651253342020683
2023-12-17 23:45:00+01:00,0.6723272558943882
2023-12-18 00:00:00+01:00,0.6795336400547096
2023-12-18 00:15:00+01:00,0.6602604435436802
2023-12-18 00:30:00+01:00,0.6410131172555489
2023-12-18 00:45:00+01:00,0.6217926745026894
2023-12-18 01:00:00+01:00,0.6026001806878648
2023-12-18 01:15:00+01:00,0.5736879518297909
2023-12-18 01:30:00+01:00,0.545063644396429
2023-12-18 01:45:00+01:00,0.5164397162250696
2023-12-18 02:00:00+01:00,0.48781619201140575
2023-12-18 02:15:00+01:00,0.47146377492176017
2023-12-18 02:30:00+01:00,0.45512560834172755
2023-12-18 02:45:00+01:00,0.4388022423632215
2023-12-18 03:00:00+01:00,0.42288627865762823
2023-12-18 03:15:00+01:00,0.42464038660921294
2023-12-18 03:30:00+01:00,0.4281050739150873
2023-12-18 03:45:00+01:00,0.43342544499248636
2023-12-18 04:00:00+01:00,0.44039660283349785
2023-12-18 04:15:00+01:00,0.450752304494298
2023-12-18 04:30:00+01:00,0.46165828603576503
2023-12-18 04:45:00+01:00,0.4731007413245048
2023-12-18 05:00:00+01:00,0.4850656769106693
2023-12-18 05:15:00+01:00,0.4699860175986273
2023-12-18 05:30:00+01:00,0.45541867005380965
2023-12-18 05:45:00+01:00,0.44138123125338147
2023-12-18 06:00:00+01:00,0.42789142844965794
2023-12-18 06:15:00+01:00,0.42054249069116434
2023-12-18 06:30:00+01:00,0.4135132957169775
2023-12-18 06:45:00+01:00,0.4066261004317513
2023-12-18 07:00:00+01:00,0.39988357812507
2023-12-18 07:15:00+01:00,0.40006309447829763
2023-12-18 07:30:00+01:00,0.40050444250480155
2023-12-18 07:45:00+01:00,0.40120730670739163
2023-12-18 08:00:00+01:00,0.4021711856895896
2023-12-18 08:15:00+01:00,0.4066354767294658
2023-12-18 08:30:00+01:00,0.4114504501582602
2023-12-18 08:45:00+01:00,0.4166115597278384
2023-12-18 09:00:00+01:00,0.4221140191830205
2023-12-18 09:15:00+01:00,0.4285492424437368
2023-12-18 09:30:00+01:00,0.4354731666561421
2023-12-18 09:45:00+01:00,0.44240206194258375
2023-12-18 10:00:00+01:00,0.4493358475929936
2023-12-18 10:15:00+01:00,0.4165414867784749
2023-12-18 10:30:00+01:00,0.38631424413326243
2023-12-18 10:45:00+01:00,0.3562089715004467
2023-12-18 11:00:00+01:00,0.3262364280931885
2023-12-18 11:15:00+01:00,0.33695784196905265
2023-12-18 11:30:00+01:00,0.3477518277877837
2023-12-18 11:45:00+01:00,0.3586161606480786
2023-12-18 12:00:00+01:00,0.36954869204166385
2023-12-18 12:15:00+01:00,0.3841527936162324
2023-12-18 12:30:00+01:00,0.39877243335870227
2023-12-18 12:45:00+01:00,0.4134069978837569
2023-12-18 13:00:00+01:00,0.4282772271668493
2023-12-18 13:15:00+01:00,0.4410470025632662
2023-12-18 13:30:00+01:00,0.45385328327119795
2023-12-18 13:45:00+01:00,0.46669498849531615
2023-12-18 14:00:00+01:00,0.4795710768707877
2023-12-18 14:15:00+01:00,0.4497726493866495
2023-12-18 14:30:00+01:00,0.42063484854876076
2023-12-18 14:45:00+01:00,0.3939996113782509
2023-12-18 15:00:00+01:00,0.3673659051427369
2023-12-18 15:15:00+01:00,0.40262176668938116
2023-12-18 15:30:00+01:00,0.43929150667147804
2023-12-18 15:45:00+01:00,0.47878233648724056
2023-12-18 16:00:00+01:00,0.5182957907753185
2023-12-18 16:15:00+01:00,0.5395266461527426
2023-12-18 16:30:00+01:00,0.560767461068984
2023-12-18 16:45:00+01:00,0.5820177863666041
2023-12-18 17:00:00+01:00,0.6035793791002864
2023-12-18 17:15:00+01:00,0.6020152578093573
2023-12-18 17:30:00+01:00,0.601295010610236
2023-12-18 17:45:00+01:00,0.6014198917288007
2023-12-18 18:00:00+01:00,0.6023896835213359
2023-12-18 18:15:00+01:00,0.6082676925978506
2023-12-18 18:30:00+01:00,0.6141457390540742
2023-12-18 18:45:00+01:00,0.6200238224423321
2023-12-18 19:00:00+01:00,0.6259019423220666
2023-12-18 19:15:00+01:00,0.6405712551117962
2023-12-18 19:30:00+01:00,0.6559865802349697
2023-12-18 19:45:00+01:00,0.672125287536962
2023-12-18 20:00:00+01:00,0.6889646545981927
2023-12-18 20:15:00+01:00,0.6989559238661749
2023-12-18 20:30:00+01:00,0.7093821763269186
2023-12-18 20:45:00+01:00,0.720234760345943
2023-12-18 21:00:00+01:00,0.7315049124390358
2023-12-18 21:15:00+01:00,0.7370781233891539
2023-12-18 21:30:00+01:00,0.7426557660484865
2023-12-18 21:45:00+01:00,0.7471937871325826
2023-12-18 22:00:00+01:00,0.7516962327398133
2023-12-18 22:15:00+01:00,0.7513763298119952
2023-12-18 22:30:00+01:00,0.7544176767061004
2023-12-18 22:45:00+01:00,0.7607967488473851
2023-12-18 23:00:00+01:00,0.7704649111066832
2023-12-18 23:15:00+01:00,0.7986512373061053
2023-12-18 23:30:00+01:00,0.8279399302440549
2023-12-18 23:45:00+01:00,0.8582618607080528
2023-12-19 00:00:00+01:00,0.8828392500575812
2023-12-19 00:15:00+01:00,0.8810906304186492
2023-12-19 00:30:00+01:00,0.879366559841743
2023-12-19 00:45:00+01:00,0.8776671799247894
2023-12-19 01:00:00+01:00,0.8759926313055368
2023-12-19 01:15:00+01:00,0.8900438810352257
2023-12-19 01:30:00+01:00,0.9041432239205421
2023-12-19 01:45:00+01:00,0.9182884897225487
2023-12-19 02:00:00+01:00,0.93247763038893
2023-12-19 02:15:00+01:00,0.907604071312582
2023-12-19 02:30:00+01:00,0.8827350988456016
2023-12-19 02:45:00+01:00,0.8498961219047318
2023-12-19 03:00:00+01:00,0.8104148428363074
2023-12-19 03:15:00+01:00,0.810381788423579
2023-12-19 03:30:00+01:00,0.8103685815956344
2023-12-19 03:45:00+01:00,0.8103752229335791
2023-12-19 04:00:00+01:00,0.8104017121451883
2023-12-19 04:15:00+01:00,0.8313538023438131
2023-12-19 04:30:00+01:00,0.8525038198429495
2023-12-19 04:45:00+01:00,0.8729487042689055
2023-12-19 05:00:00+01:00,0.8864981623241788
2023-12-19 05:15:00+01:00,0.8961971806303325
2023-12-19 05:30:00+01:00,0.9059090442548744
2023-12-19 05:45:00+01:00,0.9156333527875337
2023-12-19 06:00:00+01:00,0.9253697218068381
2023-12-19 06:15:00+01:00,0.9255760233605026
2023-12-19 06:30:00+01:00,0.9258021140597955
2023-12-19 06:45:00+01:00,0.9260479797025295
2023-12-19 07:00:00+01:00,0.9263136048597477
2023-12-19 07:15:00+01:00,0.928856232834651
2023-12-19 07:30:00+01:00,0.9313996403189431
2023-12-19 07:45:00+01:00,0.9339438210714025
2023-12-19 08:00:00+01:00,0.9364887689153925
2023-12-19 08:15:00+01:00,0.9440222554985879
2023-12-19 08:30:00+01:00,0.9515602142726314
2023-12-19 08:45:00+01:00,0.9553463594973755
2023-12-19 09:00:00+01:00,0.9586757401223325
2023-12-19 09:15:00+01:00,0.9584467556171643
2023-12-19 09:30:00+01:00,0.9582180683196507
2023-12-19 09:45:00+01:00,0.957989678699419
2023-12-19 10:00:00+01:00,0.957761587226473
2023-12-19 10:15:00+01:00,0.9493121851431461
2023-12-19 10:30:00+01:00,0.9342700302665397
2023-12-19 10:45:00+01:00,0.919461302445465
2023-12-19 11:00:00+01:00,0.90489722565746
2023-12-19 11:15:00+01:00,0.9166345616630269
2023-12-19 11:30:00+01:00,0.92847752473946
2023-12-19 11:45:00+01:00,0.9404222035549352
2023-12-19 12:00:00+01:00,0.9524179644273073
2023-12-19 12:15:00+01:00,0.9469884103465437
2023-12-19 12:30:00+01:00,0.9415353532952936
2023-12-19 12:45:00+01:00,0.9361060756165979
2023-12-19 13:00:00+01:00,0.930700985117881
2023-12-19 13:15:00+01:00,0.9275552577215471
2023-12-19 13:30:00+01:00,0.9244137441462966
2023-12-19 13:45:00+01:00,0.9212764866257905
2023-12-19 14:00:00+01:00,0.9181435279015987
2023-12-19 14:15:00+01:00,0.924164556377473
2023-12-19 14:30:00+01:00,0.9304441227937058
2023-12-19 14:45:00+01:00,0.936977132611147
2023-12-19 15:00:00+01:00,0.9437584267103685
2023-12-19 15:15:00+01:00,0.9242020921355283
2023-12-19 15:30:00+01:00,0.9046651981093402
2023-12-19 15:45:00+01:00,0.8851490047831696
2023-12-19 16:00:00+01:00,0.8622585942696193
2023-12-19 16:15:00+01:00,0.8514538269307965
2023-12-19 16:30:00+01:00,0.8406997167612122
2023-12-19 16:45:00+01:00,0.8299974542139916
2023-12-19 17:00:00+01:00,0.8193482613231553
2023-12-19 17:15:00+01:00,0.8064577930804819
2023-12-19 17:30:00+01:00,0.7941303892644904
2023-12-19 17:45:00+01:00,0.7823817628843943
2023-12-19 18:00:00+01:00,0.771227437781163
2023-12-19 18:15:00+01:00,0.733455365009882
2023-12-19 18:30:00+01:00,0.6913266654870293
2023-12-19 18:45:00+01:00,0.6518790396068385
2023-12-19 19:00:00+01:00,0.615328680908321
2023-12-19 19:15:00+01:00,0.5482788001600665
2023-12-19 19:30:00+01:00,0.4850580170411318
2023-12-19 19:45:00+01:00,0.42574731097326335
2023-12-19 20:00:00+01:00,0.3766396599123574
2023-12-19 20:15:00+01:00,0.3255284293916263
2023-12-19 20:30:00+01:00,0.2801284214711729
2023-12-19 20:45:00+01:00,0.24743756540555872
2023-12-19 21:00:00+01:00,0.21885650235425663
2023-12-19 21:15:00+01:00,0.22328794126240553
2023-12-19 21:30:00+01:00,0.22906857463965818
2023-12-19 21:45:00+01:00,0.23616539237802203
2023-12-19 22:00:00+01:00,0.24453932165980316
2023-12-19 22:15:00+01:00,0.2341928021115614
2023-12-19 22:30:00+01:00,0.22514994808772607
2023-12-19 22:45:00+01:00,0.21746201137098453
2023-12-19 23:00:00+01:00,0.2111746937541085
2023-12-19 23:15:00+01:00,0.24050354399183022
2023-12-19 23:30:00+01:00,0.2698867420849011
2023-12-19 23:45:00+01:00,0.3033543731139457
2023-12-20 00:00:00+01:00,0.34157363648461797
2023-12-20 00:15:00+01:00,0.37045246598716103
2023-12-20 00:30:00+01:00,0.40058205370585875
2023-12-20 00:45:00+01:00,0.432535239340026
2023-12-20 01:00:00+01:00,0.46870993812606254
2023-12-20 01:15:00+01:00,0.46580665194791776
2023-12-20 01:30:00+01:00,0.4629210866989345
2023-12-20 01:45:00+01:00,0.4600533612048425
2023-12-20 02:00:00+01:00,0.4572035946115905
2023-12-20 02:15:00+01:00,0.46155123991547753
2023-12-20 02:30:00+01:00,0.4679500400373821
2023-12-20 02:45:00+01:00,0.47636987666843894
2023-12-20 03:00:00+01:00,0.48677200905097423
2023-12-20 03:15:00+01:00,0.5069978115217486
2023-12-20 03:30:00+01:00,0.5286455897682101
2023-12-20 03:45:00+01:00,0.551648552559411
2023-12-20 04:00:00+01:00,0.5759402288874567
2023-12-20 04:15:00+01:00,0.5945960508211551
2023-12-20 04:30:00+01:00,0.6136268366048495
2023-12-20 04:45:00+01:00,0.6329104622491375
2023-12-20 05:00:00+01:00,0.6524372076690246
2023-12-20 05:15:00+01:00,0.6647395782457474
2023-12-20 05:30:00+01:00,0.6775850043082909
2023-12-20 05:45:00+01:00,0.6909599261527488
2023-12-20 06:00:00+01:00,0.7048507004647228
2023-12-20 06:15:00+01:00,0.7235392931835843
2023-12-20 06:30:00+01:00,0.742250322139288
2023-12-20 06:45:00+01:00,0.7574660480580813
2023-12-20 07:00:00+01:00,0.7725808854498144
2023-12-20 07:15:00+01:00,0.7841407449023703
2023-12-20 07:30:00+01:00,0.7960672168872889
2023-12-20 07:45:00+01:00,0.8083505936928588
2023-12-20 08:00:00+01:00,0.8209812319896844
2023-12-20 08:15:00+01:00,0.8336701283896052
2023-12-20 08:30:00+01:00,0.8467242675754042
2023-12-20 08:45:00+01:00,0.8601334543693324
2023-12-20 09:00:00+01:00,0.8729768533728226
2023-12-20 09:15:00+01:00,0.8785576858859804
2023-12-20 09:30:00+01:00,0.8842366906897283
2023-12-20 09:45:00+01:00,0.890012027903655
2023-12-20 10:00:00+01:00,0.8958818732835858
2023-12-20 10:15:00+01:00,0.8875765651770526
2023-12-20 10:30:00+01:00,0.8794806128418725
2023-12-20 10:45:00+01:00,0.8715997254056442
2023-12-20 11:00:00+01:00,0.8595344202304213
2023-12-20 11:15:00+01:00,0.8467113916737352
2023-12-20 11:30:00+01:00,0.8342448071890349
2023-12-20 11:45:00+01:00,0.8221444330420439
2023-12-20 12:00:00+01:00,0.8104200927147568
2023-12-20 12:15:00+01:00,0.8001429696153304
2023-12-20 12:30:00+01:00,0.7915116404632939
2023-12-20 12:45:00+01:00,0.7845582102686545
2023-12-20 13:00:00+01:00,0.7793091521084867
2023-12-20 13:15:00+01:00,0.8199557506367455
2023-12-20 13:30:00+01:00,0.8628496894659847
2023-12-20 13:45:00+01:00,0.8943238298024027
2023-12-20 14:00:00+01:00,0.9237939947600594
2023-12-20 14:15:00+01:00,0.9082156092739586
2023-12-20 14:30:00+01:00,0.892764035091099
2023-12-20 14:45:00+01:00,0.877445829230147
2023-12-20 15:00:00+01:00,0.8568793427593939
2023-12-20 15:15:00+01:00,0.8415845719359974
2023-12-20 15:30:00+01:00,0.8263090124792046
2023-12-20 15:45:00+01:00,0.8110533146486577
2023-12-20 16:00:00+01:00,0.795818157480666
2023-12-20 16:15:00+01:00,0.7993784799860432
2023-12-20 16:30:00+01:00,0.8029597923588043
2023-12-20 16:45:00+01:00,0.8065619274797741
2023-12-20 17:00:00+01:00,0.8101847190429058
2023-12-20 17:15:00+01:00,0.8234646024488826
2023-12-20 17:30:00+01:00,0.8370357930854027
2023-12-20 17:45:00+01:00,0.8508897814293478
2023-12-20 18:00:00+01:00,0.8650182190189882
2023-12-20 18:15:00+01:00,0.8736585823894295
2023-12-20 18:30:00+01:00,0.8800035365728893
2023-12-20 18:45:00+01:00,0.8864256297295928
2023-12-20 19:00:00+01:00,0.8929232322244636
2023-12-20 19:15:00+01:00,0.9028456423953354
2023-12-20 19:30:00+01:00,0.9131490980431421
2023-12-20 19:45:00+01:00,0.9238211073149234
2023-12-20 20:00:00+01:00,0.9348493003766536
2023-12-20 20:15:00+01:00,0.9454629223914592
2023-12-20 20:30:00+01:00,0.9540116041626127
2023-12-20 20:45:00+01:00,0.9586945636666981
2023-12-20 21:00:00+01:00,0.9633777513069146
2023-12-20 21:15:00+01:00,0.9652860207874134
2023-12-20 21:30:00+01:00,0.9674960073588806
2023-12-20 21:45:00+01:00,0.9700032278515835
2023-12-20 22:00:00+01:00,0.9728027029459192
2023-12-20 22:15:00+01:00,0.9667189866480537
2023-12-20 22:30:00+01:00,0.9608350735633537
2023-12-20 22:45:00+01:00,0.9551591401396812
2023-12-20 23:00:00+01:00,0.9463029978127473
2023-12-20 23:15:00+01:00,0.9418667237802825
2023-12-20 23:30:00+01:00,0.9374754356794187
2023-12-20 23:45:00+01:00,0.933129755913888
2023-12-21 00:00:00+01:00,0.928830311777393
2023-12-21 00:15:00+01:00,0.924617694139396
2023-12-21 00:30:00+01:00,0.9204091722139581
2023-12-21 00:45:00+01:00,0.9162048012917031
2023-12-21 01:00:00+01:00,0.9120046376069322
2023-12-21 01:15:00+01:00,0.9004222248740015
2023-12-21 01:30:00+01:00,0.8889721558601498
2023-12-21 01:45:00+01:00,0.8776595002775538
2023-12-21 02:00:00+01:00,0.8635842027355726
2023-12-21 02:15:00+01:00,0.8647736172629795
2023-12-21 02:30:00+01:00,0.8664285321781997
2023-12-21 02:45:00+01:00,0.8685473100418302
2023-12-21 03:00:00+01:00,0.8711278656369491
2023-12-21 03:15:00+01:00,0.882395827970284
2023-12-21 03:30:00+01:00,0.8935532549836148
2023-12-21 03:45:00+01:00,0.9047114888566999
2023-12-21 04:00:00+01:00,0.9158705006999625
2023-12-21 04:15:00+01:00,0.9240094924898825
2023-12-21 04:30:00+01:00,0.9324153763991678
2023-12-21 04:45:00+01:00,0.9410811425680837
2023-12-21 05:00:00+01:00,0.9499998189825565
2023-12-21 05:15:00+01:00,0.9587886312365839
2023-12-21 05:30:00+01:00,0.9662468488225906
2023-12-21 05:45:00+01:00,0.973705103185519
2023-12-21 06:00:00+01:00,0.9811633925261606
2023-12-21 06:15:00+01:00,0.9850879740859357
2023-12-21 06:30:00+01:00,0.9884717562015758
2023-12-21 06:45:00+01:00,0.989919572232429
2023-12-21 07:00:00+01:00,0.9914343726430883
2023-12-21 07:15:00+01:00,0.9922404702262864
2023-12-21 07:30:00+01:00,0.9930472596007619
2023-12-21 07:45:00+01:00,0.9938547303355721
2023-12-21 08:00:00+01:00,0.9946628721998844
2023-12-21 08:15:00+01:00,0.9971248770422051
2023-12-21 08:30:00+01:00,0.9995977460729204
2023-12-21 08:45:00+01:00,1.0
2023-12-21 09:00:00+01:00,1.0
2023-12-21 09:15:00+01:00,1.0
2023-12-21 09:30:00+01:00,1.0
2023-12-21 09:45:00+01:00,1.0
2023-12-21 10:00:00+01:00,1.0
2023-12-21 10:15:00+01:00,1.0
2023-12-21 10:30:00+01:00,1.0
2023-12-21 10:45:00+01:00,1.0
2023-12-21 11:00:00+01:00,1.0
2023-12-21 11:15:00+01:00,1.0
2023-12-21 11:30:00+01:00,1.0
2023-12-21 11:45:00+01:00,1.0
2023-12-21 12:00:00+01:00,1.0
2023-12-21 12:15:00+01:00,1.0
2023-12-21 12:30:00+01:00,1.0
2023-12-21 12:45:00+01:00,1.0
2023-12-21 13:00:00+01:00,1.0
2023-12-21 13:15:00+01:00,1.0
2023-12-21 13:30:00+01:00,1.0
2023-12-21 13:45:00+01:00,1.0
2023-12-21 14:00:00+01:00,1.0
2023-12-21 14:15:00+01:00,1.0
2023-12-21 14:30:00+01:00,1.0
2023-12-21 14:45:00+01:00,1.0
2023-12-21 15:00:00+01:00,1.0
2023-12-21 15:15:00+01:00,1.0
2023-12-21 15:30:00+01:00,1.0
2023-12-21 15:45:00+01:00,1.0
2023-12-21 16:00:00+01:00,1.0
2023-12-21 16:15:00+01:00,1.0
2023-12-21 16:30:00+01:00,1.0
2023-12-21 16:45:00+01:00,1.0
2023-12-21 17:00:00+01:00,1.0
2023-12-21 17:15:00+01:00,1.0
2023-12-21 17:30:00+01:00,1.0
2023-12-21 17:45:00+01:00,1.0
2023-12-21 18:00:00+01:00,1.0
2023-12-21 18:15:00+01:00,1.0
2023-12-21 18:30:00+01:00,1.0
2023-12-21 18:45:00+01:00,1.0
2023-12-21 19:00:00+01:00,1.0
2023-12-21 19:15:00+01:00,1.0
2023-12-21 19:30:00+01:00,1.0
2023-12-21 19:45:00+01:00,1.0
2023-12-21 20:00:00+01:00,1.0
2023-12-21 20:15:00+01:00,1.0
2023-12-21 20:30:00+01:00,1.0
2023-12-21 20:45:00+01:00,1.0
2023-12-21 21:00:00+01:00,0.9969738625558435
2023-12-21 21:15:00+01:00,0.9976282981861937
2023-12-21 21:30:00+01:00,0.9982833595804618
2023-12-21 21:45:00+01:00,0.9989390393129295
2023-12-21 22:00:00+01:00,0.9995953300680617
2023-12-21 22:15:00+01:00,0.9955389894702796
2023-12-21 22:30:00+01:00,0.9915120607705377
2023-12-21 22:45:00+01:00,0.9863600693248702
2023-12-21 23:00:00+01:00,0.9744771734653954
2023-12-21 23:15:00+01:00,0.9748316709447418
2023-12-21 23:30:00+01:00,0.9755118759376062
2023-12-21 23:45:00+01:00,0.9765163202916257
2023-12-22 00:00:00+01:00,0.9778428520967737
2023-12-22 00:15:00+01:00,0.9752096188762803
2023-12-22 00:30:00+01:00,0.9726749644806915
2023-12-22 00:45:00+01:00,0.9702405679849172
2023-12-22 01:00:00+01:00,0.9679080781306432
2023-12-22 01:15:00+01:00,0.9676017343917203
2023-12-22 01:30:00+01:00,0.9673105946078723
2023-12-22 01:45:00+01:00,0.9670346887400083
2023-12-22 02:00:00+01:00,0.9667740452540221
2023-12-22 02:15:00+01:00,0.9728948763715737
2023-12-22 02:30:00+01:00,0.9790159127277483
2023-12-22 02:45:00+01:00,0.9851371461530394
2023-12-22 03:00:00+01:00,0.9891496816986926
2023-12-22 03:15:00+01:00,0.9900273269838601
2023-12-22 03:30:00+01:00,0.9909091896961144
2023-12-22 03:45:00+01:00,0.9917951994237351
2023-12-22 04:00:00+01:00,0.9926852869935164
2023-12-22 04:15:00+01:00,0.9941446660141112
2023-12-22 04:30:00+01:00,0.995633857891585
2023-12-22 04:45:00+01:00,0.9971520495878096
2023-12-22 05:00:00+01:00,0.9986984423760533
2023-12-22 05:15:00+01:00,0.9958515800883393
2023-12-22 05:30:00+01:00,0.9930217907829448
2023-12-22 05:45:00+01:00,0.9902099983656348
2023-12-22 06:00:00+01:00,0.9860610880669567
2023-12-22 06:15:00+01:00,0.9810709387733361
2023-12-22 06:30:00+01:00,0.9761048633284667
2023-12-22 06:45:00+01:00,0.9711636634639905
2023-12-22 07:00:00+01:00,0.966248172619734
2023-12-22 07:15:00+01:00,0.9644590525325771
2023-12-22 07:30:00+01:00,0.9627291539030816
2023-12-22 07:45:00+01:00,0.9610591796285467
2023-12-22 08:00:00+01:00,0.9594498188477748
2023-12-22 08:15:00+01:00,0.955589882134334
2023-12-22 08:30:00+01:00,0.9523336319842
2023-12-22 08:45:00+01:00,0.9464735228024905
2023-12-22 09:00:00+01:00,0.94210091847789
2023-12-22 09:15:00+01:00,0.943369069841514
2023-12-22 09:30:00+01:00,0.9448816445101559
2023-12-22 09:45:00+01:00,0.946637493947068
2023-12-22 10:00:00+01:00,0.9486352938954082
2023-12-22 10:15:00+01:00,0.9533808615205033
2023-12-22 10:30:00+01:00,0.9564559373593957
2023-12-22 10:45:00+01:00,0.9599447431838006
2023-12-22 11:00:00+01:00,0.9638374382036519
2023-12-22 11:15:00+01:00,0.9689000091106871
2023-12-22 11:30:00+01:00,0.9739733241861238
2023-12-22 11:45:00+01:00,0.9790570242284512
2023-12-22 12:00:00+01:00,0.9841507651839619
2023-12-22 12:15:00+01:00,0.989791656259849
2023-12-22 12:30:00+01:00,0.9928562495726663
2023-12-22 12:45:00+01:00,0.9959711778797329
2023-12-22 13:00:00+01:00,0.9991336042395373
2023-12-22 13:15:00+01:00,1.0
2023-12-22 13:30:00+01:00,1.0
2023-12-22 13:45:00+01:00,1.0
2023-12-22 14:00:00+01:00,1.0
2023-12-22 14:15:00+01:00,1.0
2023-12-22 14:30:00+01:00,1.0
2023-12-22 14:45:00+01:00,1.0
2023-12-22 15:00:00+01:00,1.0
2023-12-22 15:15:00+01:00,1.0
2023-12-22 15:30:00+01:00,1.0
2023-12-22 15:45:00+01:00,1.0
2023-12-22 16:00:00+01:00,1.0
2023-12-22 16:15:00+01:00,1.0
2023-12-22 16:30:00+01:00,1.0
2023-12-22 16:45:00+01:00,1.0
2023-12-22 17:00:00+01:00,1.0
2023-12-22 17:15:00+01:00,1.0
2023-12-22 17:30:00+01:00,1.0
2023-12-22 17:45:00+01:00,1.0
2023-12-22 18:00:00+01:00,1.0
2023-12-22 18:15:00+01:00,1.0
2023-12-22 18:30:00+01:00,1.0
2023-12-22 18:45:00+01:00,1.0
2023-12-22 19:00:00+01:00,1.0
2023-12-22 19:15:00+01:00,1.0
2023-12-22 19:30:00+01:00,1.0
2023-12-22 19:45:00+01:00,1.0
2023-12-22 20:00:00+01:00,1.0
2023-12-22 20:15:00+01:00,1.0
2023-12-22 20:30:00+01:00,1.0
2023-12-22 20:45:00+01:00,1.0
2023-12-22 21:00:00+01:00,1.0
2023-12-22 21:15:00+01:00,1.0
2023-12-22 21:30:00+01:00,1.0
2023-12-22 21:45:00+01:00,1.0
2023-12-22 22:00:00+01:00,0.999783321751969
2023-12-22 22:15:00+01:00,0.9924077889522513
2023-12-22 22:30:00+01:00,0.9796165752698143
2023-12-22 22:45:00+01:00,0.9590154137760533
2023-12-22 23:00:00+01:00,0.9228456271011682
2023-12-22 23:15:00+01:00,0.9043056685672676
2023-12-22 23:30:00+01:00,0.8874487536997606
2023-12-22 23:45:00+01:00,0.8723703678168542
2023-12-23 00:00:00+01:00,0.8519465680178803
2023-12-23 00:15:00+01:00,0.8630501388291651
2023-12-23 00:30:00+01:00,0.8732753267129808
2023-12-23 00:45:00+01:00,0.880525209215002
2023-12-23 01:00:00+01:00,0.8878998443068513
2023-12-23 01:15:00+01:00,0.8880142744784628
2023-12-23 01:30:00+01:00,0.8884980787075133
2023-12-23 01:45:00+01:00,0.8893506668189359
2023-12-23 02:00:00+01:00,0.8905710018267874
2023-12-23 02:15:00+01:00,0.8887005685421259
2023-12-23 02:30:00+01:00,0.8878464851632115
2023-12-23 02:45:00+01:00,0.8880116226676898
2023-12-23 03:00:00+01:00,0.889195425108969
2023-12-23 03:15:00+01:00,0.8869933134361861
2023-12-23 03:30:00+01:00,0.8870129083414524
2023-12-23 03:45:00+01:00,0.8892540660373222
2023-12-23 04:00:00+01:00,0.8937004222227349
2023-12-23 04:15:00+01:00,0.9265007289522911
2023-12-23 04:30:00+01:00,0.9560043779884085
2023-12-23 04:45:00+01:00,0.97155851168141
2023-12-23 05:00:00+01:00,0.9875739981670664
2023-12-23 05:15:00+01:00,0.9929021198663134
2023-12-23 05:30:00+01:00,0.9978936909861388
2023-12-23 05:45:00+01:00,1.0
2023-12-23 06:00:00+01:00,1.0
2023-12-23 06:15:00+01:00,1.0
2023-12-23 06:30:00+01:00,1.0
2023-12-23 06:45:00+01:00,1.0
2023-12-23 07:00:00+01:00,1.0
2023-12-23 07:15:00+01:00,1.0
2023-12-23 07:30:00+01:00,1.0
2023-12-23 07:45:00+01:00,1.0
2023-12-23 08:00:00+01:00,1.0
2023-12-23 08:15:00+01:00,1.0
2023-12-23 08:30:00+01:00,1.0
2023-12-23 08:45:00+01:00,1.0
2023-12-23 09:00:00+01:00,1.0
2023-12-23 09:15:00+01:00,1.0
2023-12-23 09:30:00+01:00,1.0
2023-12-23 09:45:00+01:00,1.0
2023-12-23 10:00:00+01:00,1.0
2023-12-23 10:15:00+01:00,1.0
2023-12-23 10:30:00+01:00,0.9981322054380148
2023-12-23 10:45:00+01:00,0.9951211441372879
2023-12-23 11:00:00+01:00,0.992125768998815
2023-12-23 11:15:00+01:00,0.9930004501230438
2023-12-23 11:30:00+01:00,0.9938763526254647
2023-12-23 11:45:00+01:00,0.994753456623647
2023-12-23 12:00:00+01:00,0.9956317426379787
2023-12-23 12:15:00+01:00,0.9958502784799189
2023-12-23 12:30:00+01:00,0.9960688177280477
2023-12-23 12:45:00+01:00,0.9962873603686608
2023-12-23 13:00:00+01:00,0.9965059063881274
2023-12-23 13:15:00+01:00,0.9948674585834563
2023-12-23 13:30:00+01:00,0.9932291031091769
2023-12-23 13:45:00+01:00,0.9915908428328312
2023-12-23 14:00:00+01:00,0.9899526807417699
2023-12-23 14:15:00+01:00,0.9888688725161049
2023-12-23 14:30:00+01:00,0.9871896923424864
2023-12-23 14:45:00+01:00,0.9839887443237426
2023-12-23 15:00:00+01:00,0.9808138331439004
2023-12-23 15:15:00+01:00,0.9795370343189931
2023-12-23 15:30:00+01:00,0.9783294033316867
2023-12-23 15:45:00+01:00,0.9771914928899448
2023-12-23 16:00:00+01:00,0.9761238291927977
2023-12-23 16:15:00+01:00,0.9728176018383915
2023-12-23 16:30:00+01:00,0.969511375346875
2023-12-23 16:45:00+01:00,0.9662051497375944
2023-12-23 17:00:00+01:00,0.9628989250304789
2023-12-23 17:15:00+01:00,0.9634124464048394
2023-12-23 17:30:00+01:00,0.9639275607541347
2023-12-23 17:45:00+01:00,0.9644442624916677
2023-12-23 18:00:00+01:00,0.9649625460397397
2023-12-23 18:15:00+01:00,0.9656496362097121
2023-12-23 18:30:00+01:00,0.9663923081386668
2023-12-23 18:45:00+01:00,0.9671902825249085
2023-12-23 19:00:00+01:00,0.9680432613501251
2023-12-23 19:15:00+01:00,0.9685150153196151
2023-12-23 19:30:00+01:00,0.9691344478526621
2023-12-23 19:45:00+01:00,0.9699009437602746
2023-12-23 20:00:00+01:00,0.9708137465168516
2023-12-23 20:15:00+01:00,0.972043328776643
2023-12-23 20:30:00+01:00,0.9734108875930703
2023-12-23 20:45:00+01:00,0.9749151681106702
2023-12-23 21:00:00+01:00,0.9765548075268523
2023-12-23 21:15:00+01:00,0.9770277542747297
2023-12-23 21:30:00+01:00,0.9775447479618838
2023-12-23 21:45:00+01:00,0.9781056382107192
2023-12-23 22:00:00+01:00,0.9787102626485668
2023-12-23 22:15:00+01:00,0.9740983672916316
2023-12-23 22:30:00+01:00,0.9696111090733502
2023-12-23 22:45:00+01:00,0.9652522888132857
2023-12-23 23:00:00+01:00,0.9610257479089181
2023-12-23 23:15:00+01:00,0.9644063346973729
2023-12-23 23:30:00+01:00,0.967790527298672
2023-12-23 23:45:00+01:00,0.9711782438825698
2023-12-24 00:00:00+01:00,0.9745694049948798
2023-12-24 00:15:00+01:00,0.9775673404463042
2023-12-24 00:30:00+01:00,0.9807024245819627
2023-12-24 00:45:00+01:00,0.9839718542300652
2023-12-24 01:00:00+01:00,0.987372786853962
2023-12-24 01:15:00+01:00,0.9879745747171458
2023-12-24 01:30:00+01:00,0.9882794155004221
2023-12-24 01:45:00+01:00,0.988527513358551
2023-12-24 02:00:00+01:00,0.9887991970829935
2023-12-24 02:15:00+01:00,0.9894703480135366
2023-12-24 02:30:00+01:00,0.9901945596095619
2023-12-24 02:45:00+01:00,0.990971100566749
2023-12-24 03:00:00+01:00,0.9917992015876959
2023-12-24 03:15:00+01:00,0.9926790103972806
2023-12-24 03:30:00+01:00,0.9935693629639051
2023-12-24 03:45:00+01:00,0.9944700845107542
2023-12-24 04:00:00+01:00,0.9953810021339108
2023-12-24 04:15:00+01:00,0.9953534827326331
2023-12-24 04:30:00+01:00,0.9953295330749815
2023-12-24 04:45:00+01:00,0.9953091547444168
2023-12-24 05:00:00+01:00,0.9952923490890152
2023-12-24 05:15:00+01:00,0.9952682117166254
2023-12-24 05:30:00+01:00,0.9952477475406001
2023-12-24 05:45:00+01:00,0.9952309579538371
2023-12-24 06:00:00+01:00,0.9952178440996483
2023-12-24 06:15:00+01:00,0.9948141727522243
2023-12-24 06:30:00+01:00,0.9944105774564759
2023-12-24 06:45:00+01:00,0.9940070587855042
2023-12-24 07:00:00+01:00,0.9936036173180728
2023-12-24 07:15:00+01:00,0.9930303133750682
2023-12-24 07:30:00+01:00,0.9924575945386709
2023-12-24 07:45:00+01:00,0.9918854671494122
2023-12-24 08:00:00+01:00,0.9913139376330766
2023-12-24 08:15:00+01:00,0.9908286687348107
2023-12-24 08:30:00+01:00,0.9903434943973685
2023-12-24 08:45:00+01:00,0.9898584155000685
2023-12-24 09:00:00+01:00,0.98937343293299
2023-12-24 09:15:00+01:00,0.9899532824106864
2023-12-24 09:30:00+01:00,0.9905376999411002
2023-12-24 09:45:00+01:00,0.9911266347682814
2023-12-24 10:00:00+01:00,0.9917200365017695
2023-12-24 10:15:00+01:00,0.9895227405782827
2023-12-24 10:30:00+01:00,0.9858438467557882
2023-12-24 10:45:00+01:00,0.9793704320831176
2023-12-24 11:00:00+01:00,0.9729601167287634
2023-12-24 11:15:00+01:00,0.9750346387903287
2023-12-24 11:30:00+01:00,0.9772414306300613
2023-12-24 11:45:00+01:00,0.9795785709376819
2023-12-24 12:00:00+01:00,0.9820440652629606
2023-12-24 12:15:00+01:00,0.9860306462704052
2023-12-24 12:30:00+01:00,0.9887370099447886
2023-12-24 12:45:00+01:00,0.990068059632159
2023-12-24 13:00:00+01:00,0.991400162584785
2023-12-24 13:15:00+01:00,0.99270535328933
2023-12-24 13:30:00+01:00,0.9940356820007766
2023-12-24 13:45:00+01:00,0.9953905296460589
2023-12-24 14:00:00+01:00,0.9967692864568151
2023-12-24 14:15:00+01:00,0.9992585096881266
2023-12-24 14:30:00+01:00,1.0
2023-12-24 14:45:00+01:00,1.0
2023-12-24 15:00:00+01:00,1.0
2023-12-24 15:15:00+01:00,1.0
2023-12-24 15:30:00+01:00,1.0
2023-12-24 15:45:00+01:00,1.0
2023-12-24 16:00:00+01:00,1.0
2023-12-24 16:15:00+01:00,1.0
2023-12-24 16:30:00+01:00,1.0
2023-12-24 16:45:00+01:00,1.0
2023-12-24 17:00:00+01:00,1.0
2023-12-24 17:15:00+01:00,1.0
2023-12-24 17:30:00+01:00,1.0
2023-12-24 17:45:00+01:00,1.0
2023-12-24 18:00:00+01:00,1.0
2023-12-24 18:15:00+01:00,1.0
2023-12-24 18:30:00+01:00,1.0
2023-12-24 18:45:00+01:00,1.0
2023-12-24 19:00:00+01:00,1.0
2023-12-24 19:15:00+01:00,1.0
2023-12-24 19:30:00+01:00,1.0
2023-12-24 19:45:00+01:00,1.0
2023-12-24 20:00:00+01:00,1.0
2023-12-24 20:15:00+01:00,1.0
2023-12-24 20:30:00+01:00,1.0
2023-12-24 20:45:00+01:00,1.0
2023-12-24 21:00:00+01:00,1.0
2023-12-24 21:15:00+01:00,1.0
2023-12-24 21:30:00+01:00,1.0
2023-12-24 21:45:00+01:00,1.0
2023-12-24 22:00:00+01:00,1.0
2023-12-24 22:15:00+01:00,1.0
2023-12-24 22:30:00+01:00,0.9986351504641474
2023-12-24 22:45:00+01:00,0.9957897461515336
2023-12-24 23:00:00+01:00,0.9931559614379533
2023-12-24 23:15:00+01:00,0.9947014611798634
2023-12-24 23:30:00+01:00,0.9962476140828028
2023-12-24 23:45:00+01:00,0.9977944017250242
2023-12-25 00:00:00+01:00,0.999341806363936
2023-12-25 00:15:00+01:00,1.0
2023-12-25 00:30:00+01:00,1.0
2023-12-25 00:45:00+01:00,1.0
2023-12-25 01:00:00+01:00,1.0
2023-12-25 01:15:00+01:00,1.0
2023-12-25 01:30:00+01:00,1.0
2023-12-25 01:45:00+01:00,1.0
2023-12-25 02:00:00+01:00,1.0
2023-12-25 02:15:00+01:00,1.0
2023-12-25 02:30:00+01:00,1.0
2023-12-25 02:45:00+01:00,1.0
2023-12-25 03:00:00+01:00,1.0
2023-12-25 03:15:00+01:00,1.0
2023-12-25 03:30:00+01:00,0.9988483222541328
2023-12-25 03:45:00+01:00,0.9971980670972678
2023-12-25 04:00:00+01:00,0.9955586430962048
2023-12-25 04:15:00+01:00,0.9956504764365417
2023-12-25 04:30:00+01:00,0.9957424062205827
2023-12-25 04:45:00+01:00,0.9958344322846482
2023-12-25 05:00:00+01:00,0.9959265544652574
2023-12-25 05:15:00+01:00,0.994839691312681
2023-12-25 05:30:00+01:00,0.9937571575092867
2023-12-25 05:45:00+01:00,0.9926790412909269
2023-12-25 06:00:00+01:00,0.9916054329326047
2023-12-25 06:15:00+01:00,0.9901050325720695
2023-12-25 06:30:00+01:00,0.9886123073617054
2023-12-25 06:45:00+01:00,0.9851919661692641
2023-12-25 07:00:00+01:00,0.9807618753300297
2023-12-25 07:15:00+01:00,0.9785571626474728
2023-12-25 07:30:00+01:00,0.9763877984012712
2023-12-25 07:45:00+01:00,0.9742542933111578
2023-12-25 08:00:00+01:00,0.972157159295093
2023-12-25 08:15:00+01:00,0.9717007306113689
2023-12-25 08:30:00+01:00,0.9712443019333494
2023-12-25 08:45:00+01:00,0.9707878732610523
2023-12-25 09:00:00+01:00,0.970331444594495
2023-12-25 09:15:00+01:00,0.9690794879464092
2023-12-25 09:30:00+01:00,0.967845885398991
2023-12-25 09:45:00+01:00,0.9666307903437164
2023-12-25 10:00:00+01:00,0.9654343555462215
2023-12-25 10:15:00+01:00,0.938115946224589
2023-12-25 10:30:00+01:00,0.8942709375730985
2023-12-25 10:45:00+01:00,0.8380855335502903
2023-12-25 11:00:00+01:00,0.7684797896288712
2023-12-25 11:15:00+01:00,0.7797310924650049
2023-12-25 11:30:00+01:00,0.7909864929088685
2023-12-25 11:45:00+01:00,0.8022458880979756
2023-12-25 12:00:00+01:00,0.8135091785494374
2023-12-25 12:15:00+01:00,0.817140787901557
2023-12-25 12:30:00+01:00,0.8207726430957862
2023-12-25 12:45:00+01:00,0.8244047421730344
2023-12-25 13:00:00+01:00,0.8280370831948429
2023-12-25 13:15:00+01:00,0.8244596076103934
2023-12-25 13:30:00+01:00,0.8209250664751688
2023-12-25 13:45:00+01:00,0.8174337944681519
2023-12-25 14:00:00+01:00,0.8139861255947162
2023-12-25 14:15:00+01:00,0.8219377446534564
2023-12-25 14:30:00+01:00,0.8300366962161986
2023-12-25 14:45:00+01:00,0.8382803884244207
2023-12-25 15:00:00+01:00,0.8466662451511515
2023-12-25 15:15:00+01:00,0.8435186945806702
2023-12-25 15:30:00+01:00,0.840435807466643
2023-12-25 15:45:00+01:00,0.8374180170926072
2023-12-25 16:00:00+01:00,0.8344657513502657
2023-12-25 16:15:00+01:00,0.8123972600703833
2023-12-25 16:30:00+01:00,0.7906346200142003
2023-12-25 16:45:00+01:00,0.7691930504974025
2023-12-25 17:00:00+01:00,0.7480885497892906
2023-12-25 17:15:00+01:00,0.7583178194466261
2023-12-25 17:30:00+01:00,0.7694494033081515
2023-12-25 17:45:00+01:00,0.781460548298792
2023-12-25 18:00:00+01:00,0.7943275528850426
2023-12-25 18:15:00+01:00,0.8308003152391684
2023-12-25 18:30:00+01:00,0.8674841179429472
2023-12-25 18:45:00+01:00,0.8921650086374272
2023-12-25 19:00:00+01:00,0.9154986122221634
2023-12-25 19:15:00+01:00,0.9362552468441585
2023-12-25 19:30:00+01:00,0.9544543881829424
2023-12-25 19:45:00+01:00,0.9636705810564759
2023-12-25 20:00:00+01:00,0.9729134961059409
2023-12-25 20:15:00+01:00,0.9783988900864217
2023-12-25 20:30:00+01:00,0.9839043742152277
2023-12-25 20:45:00+01:00,0.9885399040153574
2023-12-25 21:00:00+01:00,0.9903877565120842
2023-12-25 21:15:00+01:00,0.9917477209271356
2023-12-25 21:30:00+01:00,0.9931082747410717
2023-12-25 21:45:00+01:00,0.9944694030241091
2023-12-25 22:00:00+01:00,0.9958310913404901
2023-12-25 22:15:00+01:00,0.9979804799294554
2023-12-25 22:30:00+01:00,1.0
2023-12-25 22:45:00+01:00,1.0
2023-12-25 23:00:00+01:00,1.0
2023-12-25 23:15:00+01:00,1.0
2023-12-25 23:30:00+01:00,1.0
2023-12-25 23:45:00+01:00,1.0
2023-12-26 00:00:00+01:00,1.0
2023-12-26 00:15:00+01:00,1.0
2023-12-26 00:30:00+01:00,1.0
2023-12-26 00:45:00+01:00,1.0
2023-12-26 01:00:00+01:00,1.0
2023-12-26 01:15:00+01:00,1.0
2023-12-26 01:30:00+01:00,0.9998415720480301
2023-12-26 01:45:00+01:00,0.9996861920564919
2023-12-26 02:00:00+01:00,0.9995366677044332
2023-12-26 02:15:00+01:00,0.9995452100951466
2023-12-26 02:30:00+01:00,0.9995732986320254
2023-12-26 02:45:00+01:00,0.9996209234101339
2023-12-26 03:00:00+01:00,0.9996880676507054
2023-12-26 03:15:00+01:00,0.9978374093519862
2023-12-26 03:30:00+01:00,0.9960056708338463
2023-12-26 03:45:00+01:00,0.9941934984246128
2023-12-26 04:00:00+01:00,0.9924015608418127
2023-12-26 04:15:00+01:00,0.9898407576000638
2023-12-26 04:30:00+01:00,0.9859035955785125
2023-12-26 04:45:00+01:00,0.9787420556754716
2023-12-26 05:00:00+01:00,0.9718599638419074
2023-12-26 05:15:00+01:00,0.9626231653840147
2023-12-26 05:30:00+01:00,0.9541396442743215
2023-12-26 05:45:00+01:00,0.9389482571077191
2023-12-26 06:00:00+01:00,0.9234398210742587
2023-12-26 06:15:00+01:00,0.9102575608192932
2023-12-26 06:30:00+01:00,0.8985820164698051
2023-12-26 06:45:00+01:00,0.8884713431479865
2023-12-26 07:00:00+01:00,0.8799783392103839
2023-12-26 07:15:00+01:00,0.872776035446766
2023-12-26 07:30:00+01:00,0.8621328878974038
2023-12-26 07:45:00+01:00,0.8507003723257943
2023-12-26 08:00:00+01:00,0.8392711954691353
2023-12-26 08:15:00+01:00,0.8444532386746447
2023-12-26 08:30:00+01:00,0.8500088889650694
2023-12-26 08:45:00+01:00,0.855933694723446
2023-12-26 09:00:00+01:00,0.8622229861004981
2023-12-26 09:15:00+01:00,0.8622014957980898
2023-12-26 09:30:00+01:00,0.8625976161961114
2023-12-26 09:45:00+01:00,0.8634109943943761
2023-12-26 10:00:00+01:00,0.8646409070064947
2023-12-26 10:15:00+01:00,0.8101469406791022
2023-12-26 10:30:00+01:00,0.7557097876411966
2023-12-26 10:45:00+01:00,0.6913412923825694
2023-12-26 11:00:00+01:00,0.6239693167547641
2023-12-26 11:15:00+01:00,0.6101166481768332
2023-12-26 11:30:00+01:00,0.596263979645435
2023-12-26 11:45:00+01:00,0.5824250726868647
2023-12-26 12:00:00+01:00,0.5687791604979158
2023-12-26 12:15:00+01:00,0.5777823221369998
2023-12-26 12:30:00+01:00,0.5868632575085463
2023-12-26 12:45:00+01:00,0.5960532840749074
2023-12-26 13:00:00+01:00,0.6052678230383951
2023-12-26 13:15:00+01:00,0.6449394521871707
2023-12-26 13:30:00+01:00,0.6865565637758035
2023-12-26 13:45:00+01:00,0.7299656615369838
2023-12-26 14:00:00+01:00,0.7687821491840208
2023-12-26 14:15:00+01:00,0.7395939787380694
2023-12-26 14:30:00+01:00,0.7042682994931047
2023-12-26 14:45:00+01:00,0.6690535397712682
2023-12-26 15:00:00+01:00,0.6339575834051203
2023-12-26 15:15:00+01:00,0.598203350603664
2023-12-26 15:30:00+01:00,0.5627895954192553
2023-12-26 15:45:00+01:00,0.527628789645382
2023-12-26 16:00:00+01:00,0.49250146420747015
2023-12-26 16:15:00+01:00,0.47565817761610973
2023-12-26 16:30:00+01:00,0.4590848428155767
2023-12-26 16:45:00+01:00,0.4427919972888828
2023-12-26 17:00:00+01:00,0.4267905414866665
2023-12-26 17:15:00+01:00,0.38974377885301753
2023-12-26 17:30:00+01:00,0.3527635308130651
2023-12-26 17:45:00+01:00,0.3157864684087813
2023-12-26 18:00:00+01:00,0.28039207193136656
2023-12-26 18:15:00+01:00,0.2563461381882456
2023-12-26 18:30:00+01:00,0.2323080457296663
2023-12-26 18:45:00+01:00,0.2082786250312436
2023-12-26 19:00:00+01:00,0.18425882776541994
2023-12-26 19:15:00+01:00,0.1705752939185641
2023-12-26 19:30:00+01:00,0.158820452299666
2023-12-26 19:45:00+01:00,0.14735178086644188
2023-12-26 20:00:00+01:00,0.13619107932361302
2023-12-26 20:15:00+01:00,0.12981196618645238
2023-12-26 20:30:00+01:00,0.1235360634651544
2023-12-26 20:45:00+01:00,0.11736786059572257
2023-12-26 21:00:00+01:00,0.11131202723497065
2023-12-26 21:15:00+01:00,0.09145740450036563
2023-12-26 21:30:00+01:00,0.07776211456317267
2023-12-26 21:45:00+01:00,0.06418803725138376
2023-12-26 22:00:00+01:00,0.050758515146470826
2023-12-26 22:15:00+01:00,0.038946112633196944
2023-12-26 22:30:00+01:00,0.03189528440091569
2023-12-26 22:45:00+01:00,0.027269153861966867
2023-12-26 23:00:00+01:00,0.025397188621010616
2023-12-26 23:15:00+01:00,0.024904400748345084
2023-12-26 23:30:00+01:00,0.02470423161923316
2023-12-26 23:45:00+01:00,0.024798409018641554
2023-12-27 00:00:00+01:00,0.025186118358237326
2023-12-27 00:15:00+01:00,0.026535120173944236
2023-12-27 00:30:00+01:00,0.028122247292777063
2023-12-27 00:45:00+01:00,0.029936888224969635
2023-12-27 01:00:00+01:00,0.03196766724444331
2023-12-27 01:15:00+01:00,0.03662430835675869
2023-12-27 01:30:00+01:00,0.04197505777659754
2023-12-27 01:45:00+01:00,0.05062132845658927
2023-12-27 02:00:00+01:00,0.061588437904667004
2023-12-27 02:15:00+01:00,0.07053624502012296
2023-12-27 02:30:00+01:00,0.07997159118713044
2023-12-27 02:45:00+01:00,0.08983940324873553
2023-12-27 03:00:00+01:00,0.10302466862296177
2023-12-27 03:15:00+01:00,0.11021584698345367
2023-12-27 03:30:00+01:00,0.11765804568770806
2023-12-27 03:45:00+01:00,0.1253385511204928
2023-12-27 04:00:00+01:00,0.1332451265698616
2023-12-27 04:15:00+01:00,0.1347740035880251
2023-12-27 04:30:00+01:00,0.1372069874054463
2023-12-27 04:45:00+01:00,0.1405296068751205
2023-12-27 05:00:00+01:00,0.14472259298355075
2023-12-27 05:15:00+01:00,0.15312849273973037
2023-12-27 05:30:00+01:00,0.16259755154768815
2023-12-27 05:45:00+01:00,0.1730679542439028
2023-12-27 06:00:00+01:00,0.18673923365430267
2023-12-27 06:15:00+01:00,0.20175930234009687
2023-12-27 06:30:00+01:00,0.21681578357870956
2023-12-27 06:45:00+01:00,0.23190634284529324
2023-12-27 07:00:00+01:00,0.2470288363592031
2023-12-27 07:15:00+01:00,0.2604600950948929
2023-12-27 07:30:00+01:00,0.27555859687941514
2023-12-27 07:45:00+01:00,0.2941575425353205
2023-12-27 08:00:00+01:00,0.31767373345904737
2023-12-27 08:15:00+01:00,0.3202764036766763
2023-12-27 08:30:00+01:00,0.3301671070353665
2023-12-27 08:45:00+01:00,0.34713887702265533
2023-12-27 09:00:00+01:00,0.37085433715734406
2023-12-27 09:15:00+01:00,0.3883697956639125
2023-12-27 09:30:00+01:00,0.4126518523002263
2023-12-27 09:45:00+01:00,0.44529474939644464
2023-12-27 10:00:00+01:00,0.48607740919293657
2023-12-27 10:15:00+01:00,0.4932940264082546
2023-12-27 10:30:00+01:00,0.5005885073360686
2023-12-27 10:45:00+01:00,0.5079595793570139
2023-12-27 11:00:00+01:00,0.5154059845039388
2023-12-27 11:15:00+01:00,0.5237082793607094
2023-12-27 11:30:00+01:00,0.5321986028726542
2023-12-27 11:45:00+01:00,0.5408734638777872
2023-12-27 12:00:00+01:00,0.549729384018253
2023-12-27 12:15:00+01:00,0.5478392236850506
2023-12-27 12:30:00+01:00,0.5459497928290397
2023-12-27 12:45:00+01:00,0.544061094457383
2023-12-27 13:00:00+01:00,0.5421731315926214
2023-12-27 13:15:00+01:00,0.5489374067307538
2023-12-27 13:30:00+01:00,0.5557761684180255
2023-12-27 13:45:00+01:00,0.5626883201116386
2023-12-27 14:00:00+01:00,0.5696727752625095
2023-12-27 14:15:00+01:00,0.5718209124717442
2023-12-27 14:30:00+01:00,0.574049441563272
2023-12-27 14:45:00+01:00,0.5763579806264029
2023-12-27 15:00:00+01:00,0.5787461365853469
2023-12-27 15:15:00+01:00,0.5861626389584137
2023-12-27 15:30:00+01:00,0.5936612860850823
2023-12-27 15:45:00+01:00,0.6011723793337419
2023-12-27 16:00:00+01:00,0.6086957267555811
2023-12-27 16:15:00+01:00,0.6331178652063649
2023-12-27 16:30:00+01:00,0.6575675443504713
2023-12-27 16:45:00+01:00,0.6820434476795872
2023-12-27 17:00:00+01:00,0.7065443399959133
2023-12-27 17:15:00+01:00,0.7551313146145462
2023-12-27 17:30:00+01:00,0.7967461240590447
2023-12-27 17:45:00+01:00,0.83842788365958
2023-12-27 18:00:00+01:00,0.8769328811124856
2023-12-27 18:15:00+01:00,0.8940947048963966
2023-12-27 18:30:00+01:00,0.9113153557126568
2023-12-27 18:45:00+01:00,0.9285916265241791
2023-12-27 19:00:00+01:00,0.9459205299641342
2023-12-27 19:15:00+01:00,0.9550914669016781
2023-12-27 19:30:00+01:00,0.960802209682689
2023-12-27 19:45:00+01:00,0.9666571898049884
2023-12-27 20:00:00+01:00,0.9726507627240284
2023-12-27 20:15:00+01:00,0.9797004569908284
2023-12-27 20:30:00+01:00,0.9876439622473652
2023-12-27 20:45:00+01:00,0.9908755632000469
2023-12-27 21:00:00+01:00,0.9940737546070411
2023-12-27 21:15:00+01:00,0.9945661612841853
2023-12-27 21:30:00+01:00,0.9952724589823169
2023-12-27 21:45:00+01:00,0.9961898648327909
2023-12-27 22:00:00+01:00,0.9973148356964311
2023-12-27 22:15:00+01:00,0.993390878775116
2023-12-27 22:30:00+01:00,0.9895722268410976
2023-12-27 22:45:00+01:00,0.9814098907573072
2023-12-27 23:00:00+01:00,0.9706585680801251
2023-12-27 23:15:00+01:00,0.9677463044682613
2023-12-27 23:30:00+01:00,0.964836192191072
2023-12-27 23:45:00+01:00,0.9619282741179327
2023-12-28 00:00:00+01:00,0.9590225942312034
2023-12-28 00:15:00+01:00,0.9560821873966786
2023-12-28 00:30:00+01:00,0.9531449035283789
2023-12-28 00:45:00+01:00,0.9474619565567143
2023-12-28 01:00:00+01:00,0.9408187133210026
2023-12-28 01:15:00+01:00,0.9377661327285666
2023-12-28 01:30:00+01:00,0.9351151024043057
2023-12-28 01:45:00+01:00,0.9328689772339871
2023-12-28 02:00:00+01:00,0.9310306289885447
2023-12-28 02:15:00+01:00,0.9355353802371922
2023-12-28 02:30:00+01:00,0.9400422659712193
2023-12-28 02:45:00+01:00,0.9445512562407724
2023-12-28 03:00:00+01:00,0.9490623216401106
2023-12-28 03:15:00+01:00,0.9552702979863484
2023-12-28 03:30:00+01:00,0.9596733868425892
2023-12-28 03:45:00+01:00,0.9641246279321922
2023-12-28 04:00:00+01:00,0.9686225756803225
2023-12-28 04:15:00+01:00,0.9719968907363034
2023-12-28 04:30:00+01:00,0.9753778347727827
2023-12-28 04:45:00+01:00,0.9787652600025808
2023-12-28 05:00:00+01:00,0.9821590227282283
2023-12-28 05:15:00+01:00,0.9824292969757524
2023-12-28 05:30:00+01:00,0.9827045497283549
2023-12-28 05:45:00+01:00,0.9829847720329368
2023-12-28 06:00:00+01:00,0.9832699547967931
2023-12-28 06:15:00+01:00,0.9844990895396046
2023-12-28 06:30:00+01:00,0.9857962481947888
2023-12-28 06:45:00+01:00,0.9871608594609672
2023-12-28 07:00:00+01:00,0.9882609351341671
2023-12-28 07:15:00+01:00,0.9886900542084895
2023-12-28 07:30:00+01:00,0.9891236746261309
2023-12-28 07:45:00+01:00,0.9895617589059331
2023-12-28 08:00:00+01:00,0.99000426960226
2023-12-28 08:15:00+01:00,0.9892620249503424
2023-12-28 08:30:00+01:00,0.9885294260232097
2023-12-28 08:45:00+01:00,0.9872293539812294
2023-12-28 09:00:00+01:00,0.9850906688676341
2023-12-28 09:15:00+01:00,0.983800211702971
2023-12-28 09:30:00+01:00,0.9825141554647111
2023-12-28 09:45:00+01:00,0.9812325372727999
2023-12-28 10:00:00+01:00,0.9799553945355418
2023-12-28 10:15:00+01:00,0.9749813623129024
2023-12-28 10:30:00+01:00,0.9700127930642491
2023-12-28 10:45:00+01:00,0.9650498713364194
2023-12-28 11:00:00+01:00,0.9600927898588543
2023-12-28 11:15:00+01:00,0.9426752038020478
2023-12-28 11:30:00+01:00,0.9155998308827148
2023-12-28 11:45:00+01:00,0.8886448905059846
2023-12-28 12:00:00+01:00,0.8561701839807645
2023-12-28 12:15:00+01:00,0.8870042598585881
2023-12-28 12:30:00+01:00,0.9124640506918769
2023-12-28 12:45:00+01:00,0.9381787112836394
2023-12-28 13:00:00+01:00,0.95756358091207
2023-12-28 13:15:00+01:00,0.9560636436794948
2023-12-28 13:30:00+01:00,0.9545726342270588
2023-12-28 13:45:00+01:00,0.9530906455805583
2023-12-28 14:00:00+01:00,0.9506510756904176
2023-12-28 14:15:00+01:00,0.9429948338377818
2023-12-28 14:30:00+01:00,0.935427491753897
2023-12-28 14:45:00+01:00,0.9279511806000226
2023-12-28 15:00:00+01:00,0.9205680733167024
2023-12-28 15:15:00+01:00,0.9198761337522171
2023-12-28 15:30:00+01:00,0.9191879643526387
2023-12-28 15:45:00+01:00,0.9185035734199526
2023-12-28 16:00:00+01:00,0.9178229692347538
2023-12-28 16:15:00+01:00,0.9231057969191143
2023-12-28 16:30:00+01:00,0.9283945464755896
2023-12-28 16:45:00+01:00,0.9336891192852375
2023-12-28 17:00:00+01:00,0.9389894188017801
2023-12-28 17:15:00+01:00,0.9471629595981358
2023-12-28 17:30:00+01:00,0.9536852209461776
2023-12-28 17:45:00+01:00,0.9572918867313566
2023-12-28 18:00:00+01:00,0.960898885641304
2023-12-28 18:15:00+01:00,0.9651926601971061
2023-12-28 18:30:00+01:00,0.969496743925856
2023-12-28 18:45:00+01:00,0.9738108410182268
2023-12-28 19:00:00+01:00,0.9781346662251403
2023-12-28 19:15:00+01:00,0.980223833631815
2023-12-28 19:30:00+01:00,0.9823171593689751
2023-12-28 19:45:00+01:00,0.9844145867411541
2023-12-28 20:00:00+01:00,0.9865160599707884
2023-12-28 20:15:00+01:00,0.9883947322614067
2023-12-28 20:30:00+01:00,0.9892218556135958
2023-12-28 20:45:00+01:00,0.9900501958659345
2023-12-28 21:00:00+01:00,0.9908797338239383
2023-12-28 21:15:00+01:00,0.9922258981921388
2023-12-28 21:30:00+01:00,0.9935734145343316
2023-12-28 21:45:00+01:00,0.9949222490275248
2023-12-28 22:00:00+01:00,0.9962723689361491
2023-12-28 22:15:00+01:00,0.9968814511703081
2023-12-28 22:30:00+01:00,0.9974927401172082
2023-12-28 22:45:00+01:00,0.9981062112168789
2023-12-28 23:00:00+01:00,0.9987218401867218
2023-12-28 23:15:00+01:00,0.9999352840365928
2023-12-28 23:30:00+01:00,1.0
2023-12-28 23:45:00+01:00,1.0
2023-12-29 00:00:00+01:00,1.0
2023-12-29 00:15:00+01:00,1.0
2023-12-29 00:30:00+01:00,1.0
2023-12-29 00:45:00+01:00,1.0
2023-12-29 01:00:00+01:00,1.0
2023-12-29 01:15:00+01:00,1.0
2023-12-29 01:30:00+01:00,1.0
2023-12-29 01:45:00+01:00,1.0
2023-12-29 02:00:00+01:00,1.0
2023-12-29 02:15:00+01:00,1.0
2023-12-29 02:30:00+01:00,1.0
2023-12-29 02:45:00+01:00,1.0
2023-12-29 03:00:00+01:00,1.0
2023-12-29 03:15:00+01:00,1.0
2023-12-29 03:30:00+01:00,1.0
2023-12-29 03:45:00+01:00,1.0
2023-12-29 04:00:00+01:00,1.0
2023-12-29 04:15:00+01:00,1.0
2023-12-29 04:30:00+01:00,1.0
2023-12-29 04:45:00+01:00,1.0
2023-12-29 05:00:00+01:00,1.0
2023-12-29 05:15:00+01:00,1.0
2023-12-29 05:30:00+01:00,1.0
2023-12-29 05:45:00+01:00,0.9989262237465584
2023-12-29 06:00:00+01:00,0.9976638363344768
2023-12-29 06:15:00+01:00,0.9964268255443027
2023-12-29 06:30:00+01:00,0.9952098556714336
2023-12-29 06:45:00+01:00,0.9940133820784487
2023-12-29 07:00:00+01:00,0.9928378660054019
2023-12-29 07:15:00+01:00,0.9924614266355105
2023-12-29 07:30:00+01:00,0.9920868325874175
2023-12-29 07:45:00+01:00,0.9917140969545046
2023-12-29 08:00:00+01:00,0.9913432328884336
2023-12-29 08:15:00+01:00,0.9914642355402541
2023-12-29 08:30:00+01:00,0.9916388342352447
2023-12-29 08:45:00+01:00,0.9918668518917245
2023-12-29 09:00:00+01:00,0.9921480584216288
2023-12-29 09:15:00+01:00,0.9944702590730227
2023-12-29 09:30:00+01:00,0.9967936044761996
2023-12-29 09:45:00+01:00,0.999118046502716
2023-12-29 10:00:00+01:00,1.0
2023-12-29 10:15:00+01:00,0.9992427443488492
2023-12-29 10:30:00+01:00,0.997291903174711
2023-12-29 10:45:00+01:00,0.9956000315657405
2023-12-29 11:00:00+01:00,0.9941753019110868
2023-12-29 11:15:00+01:00,0.9911506239351859
2023-12-29 11:30:00+01:00,0.9881295653411151
2023-12-29 11:45:00+01:00,0.9791465505687501
2023-12-29 12:00:00+01:00,0.9701070879382059
2023-12-29 12:15:00+01:00,0.9684007680273031
2023-12-29 12:30:00+01:00,0.966694690295295
2023-12-29 12:45:00+01:00,0.9649888575517599
2023-12-29 13:00:00+01:00,0.9632832726494921
2023-12-29 13:15:00+01:00,0.9649480656128954
2023-12-29 13:30:00+01:00,0.9666129102322665
2023-12-29 13:45:00+01:00,0.9682778059271421
2023-12-29 14:00:00+01:00,0.9699427521257061
2023-12-29 14:15:00+01:00,0.9703946108743646
2023-12-29 14:30:00+01:00,0.9708826310812917
2023-12-29 14:45:00+01:00,0.971406694464774
2023-12-29 15:00:00+01:00,0.9719666745809535
2023-12-29 15:15:00+01:00,0.9705039780339031
2023-12-29 15:30:00+01:00,0.969061016852466
2023-12-29 15:45:00+01:00,0.9676379835256911
2023-12-29 16:00:00+01:00,0.9662350703436103
2023-12-29 16:15:00+01:00,0.9728795810926595
2023-12-29 16:30:00+01:00,0.9795496994898472
2023-12-29 16:45:00+01:00,0.9862443174491727
2023-12-29 17:00:00+01:00,0.9897176207887753
2023-12-29 17:15:00+01:00,0.9913354579142035
2023-12-29 17:30:00+01:00,0.992960283791059
2023-12-29 17:45:00+01:00,0.994591887165493
2023-12-29 18:00:00+01:00,0.996230064383676
2023-12-29 18:15:00+01:00,0.9982190535099583
2023-12-29 18:30:00+01:00,1.0
2023-12-29 18:45:00+01:00,1.0
2023-12-29 19:00:00+01:00,1.0
2023-12-29 19:15:00+01:00,1.0
2023-12-29 19:30:00+01:00,1.0
2023-12-29 19:45:00+01:00,1.0
2023-12-29 20:00:00+01:00,1.0
2023-12-29 20:15:00+01:00,0.9979535920099855
2023-12-29 20:30:00+01:00,0.9957295079939322
2023-12-29 20:45:00+01:00,0.993524122300673
2023-12-29 21:00:00+01:00,0.9913382178892126
2023-12-29 21:15:00+01:00,0.989603376102758
2023-12-29 21:30:00+01:00,0.9874161816598896
2023-12-29 21:45:00+01:00,0.9822138020268512
2023-12-29 22:00:00+01:00,0.9770125507838681
2023-12-29 22:15:00+01:00,0.9723808934211451
2023-12-29 22:30:00+01:00,0.9677850859340977
2023-12-29 22:45:00+01:00,0.9632262531729671
2023-12-29 23:00:00+01:00,0.958705557910949
2023-12-29 23:15:00+01:00,0.9592523338002783
2023-12-29 23:30:00+01:00,0.9598038060154463
2023-12-29 23:45:00+01:00,0.9603599567585568
2023-12-30 00:00:00+01:00,0.9609207681716839
2023-12-30 00:15:00+01:00,0.9574775118621099
2023-12-30 00:30:00+01:00,0.9540784972234129
2023-12-30 00:45:00+01:00,0.9486269638883059
2023-12-30 01:00:00+01:00,0.9411303221436712
2023-12-30 01:15:00+01:00,0.9363576893718035
2023-12-30 01:30:00+01:00,0.9318535838304148
2023-12-30 01:45:00+01:00,0.9276218383592336
2023-12-30 02:00:00+01:00,0.923666120754815
2023-12-30 02:15:00+01:00,0.9063289874207782
2023-12-30 02:30:00+01:00,0.8889922137030059
2023-12-30 02:45:00+01:00,0.8716558206003588
2023-12-30 03:00:00+01:00,0.8442558656902743
2023-12-30 03:15:00+01:00,0.8229754655418996
2023-12-30 03:30:00+01:00,0.8017117268850447
2023-12-30 03:45:00+01:00,0.7804654528928213
2023-12-30 04:00:00+01:00,0.7592374984781367
2023-12-30 04:15:00+01:00,0.7580404447522554
2023-12-30 04:30:00+01:00,0.7570793632890682
2023-12-30 04:45:00+01:00,0.7563547777643731
2023-12-30 05:00:00+01:00,0.7558670840163849
2023-12-30 05:15:00+01:00,0.7511227959206461
2023-12-30 05:30:00+01:00,0.7464739423279992
2023-12-30 05:45:00+01:00,0.7416963260995681
2023-12-30 06:00:00+01:00,0.736168970504685
2023-12-30 06:15:00+01:00,0.7268175780688874
2023-12-30 06:30:00+01:00,0.7175301047530979
2023-12-30 06:45:00+01:00,0.7083076916830781
2023-12-30 07:00:00+01:00,0.6991514990266686
2023-12-30 07:15:00+01:00,0.6979504375107196
2023-12-30 07:30:00+01:00,0.6967621410278991
2023-12-30 07:45:00+01:00,0.6955866389754201
2023-12-30 08:00:00+01:00,0.6944239605228548
2023-12-30 08:15:00+01:00,0.6879049481056275
2023-12-30 08:30:00+01:00,0.6816869859053925
2023-12-30 08:45:00+01:00,0.6757737487878929
2023-12-30 09:00:00+01:00,0.6701687872061427
2023-12-30 09:15:00+01:00,0.6526359674603839
2023-12-30 09:30:00+01:00,0.635262906994446
2023-12-30 09:45:00+01:00,0.6180552684401384
2023-12-30 10:00:00+01:00,0.6010189273852967
2023-12-30 10:15:00+01:00,0.5666371807072377
2023-12-30 10:30:00+01:00,0.5328075348805374
2023-12-30 10:45:00+01:00,0.49928800901097053
2023-12-30 11:00:00+01:00,0.46610264641987675
2023-12-30 11:15:00+01:00,0.466734247035519
2023-12-30 11:30:00+01:00,0.4689258001820145
2023-12-30 11:45:00+01:00,0.47266943845063303
2023-12-30 12:00:00+01:00,0.4779518444062532
2023-12-30 12:15:00+01:00,0.5147743110610392
2023-12-30 12:30:00+01:00,0.5516483851766371
2023-12-30 12:45:00+01:00,0.5886493891481448
2023-12-30 13:00:00+01:00,0.6261751011354594
2023-12-30 13:15:00+01:00,0.5896461400946149
2023-12-30 13:30:00+01:00,0.5555937397482126
2023-12-30 13:45:00+01:00,0.5238134596313296
2023-12-30 14:00:00+01:00,0.49436776165845225
2023-12-30 14:15:00+01:00,0.5050120763648014
2023-12-30 14:30:00+01:00,0.5176781167022829
2023-12-30 14:45:00+01:00,0.5323095323931126
2023-12-30 15:00:00+01:00,0.5488438020896081
2023-12-30 15:15:00+01:00,0.5629743830817754
2023-12-30 15:30:00+01:00,0.5772636698625154
2023-12-30 15:45:00+01:00,0.5918337522080309
2023-12-30 16:00:00+01:00,0.6066473442454556
2023-12-30 16:15:00+01:00,0.6101052910151813
2023-12-30 16:30:00+01:00,0.6136386685884037
2023-12-30 16:45:00+01:00,0.6172469328978881
2023-12-30 17:00:00+01:00,0.6209295337315309
2023-12-30 17:15:00+01:00,0.6212699053594051
2023-12-30 17:30:00+01:00,0.6216301467290336
2023-12-30 17:45:00+01:00,0.6220102432759579
2023-12-30 18:00:00+01:00,0.6224101796484095
2023-12-30 18:15:00+01:00,0.6224911789496855
2023-12-30 18:30:00+01:00,0.6225778047046772
2023-12-30 18:45:00+01:00,0.6226700559221043
2023-12-30 19:00:00+01:00,0.6227679315465704
2023-12-30 19:15:00+01:00,0.6265593507732891
2023-12-30 19:30:00+01:00,0.6306786293070835
2023-12-30 19:45:00+01:00,0.6351230433719365
2023-12-30 20:00:00+01:00,0.6398896879274057
2023-12-30 20:15:00+01:00,0.6464594268512207
2023-12-30 20:30:00+01:00,0.6534002186276653
2023-12-30 20:45:00+01:00,0.6607069570175852
2023-12-30 21:00:00+01:00,0.6683743672640925
2023-12-30 21:15:00+01:00,0.679015383376814
2023-12-30 21:30:00+01:00,0.6896852721999304
2023-12-30 21:45:00+01:00,0.700383438533258
2023-12-30 22:00:00+01:00,0.7111093019111666
2023-12-30 22:15:00+01:00,0.7248051303920324
2023-12-30 22:30:00+01:00,0.7385027256520176
2023-12-30 22:45:00+01:00,0.7503888529723696
2023-12-30 23:00:00+01:00,0.7614314456391152
2023-12-30 23:15:00+01:00,0.76328653024971
2023-12-30 23:30:00+01:00,0.7651433102771852
2023-12-30 23:45:00+01:00,0.7670017785115669
2023-12-31 00:00:00+01:00,0.7688619277772056
2023-12-31 00:15:00+01:00,0.7629621488310143
2023-12-31 00:30:00+01:00,0.7571894181471958
2023-12-31 00:45:00+01:00,0.7515454355428619
2023-12-31 01:00:00+01:00,0.7460318923639186
2023-12-31 01:15:00+01:00,0.7424322181147743
2023-12-31 01:30:00+01:00,0.7391845582933827
2023-12-31 01:45:00+01:00,0.7370600472116444
2023-12-31 02:00:00+01:00,0.7360631914403539
2023-12-31 02:15:00+01:00,0.7343212965604065
2023-12-31 02:30:00+01:00,0.7352067716994903
2023-12-31 02:45:00+01:00,0.7387152303202269
2023-12-31 03:00:00+01:00,0.7444467131256829
2023-12-31 03:15:00+01:00,0.753512689854635
2023-12-31 03:30:00+01:00,0.7626955291163197
2023-12-31 03:45:00+01:00,0.7719927824285931
2023-12-31 04:00:00+01:00,0.7814020399865097
2023-12-31 04:15:00+01:00,0.7766233359446374
2023-12-31 04:30:00+01:00,0.7719694540817702
2023-12-31 04:45:00+01:00,0.7674417244180678
2023-12-31 05:00:00+01:00,0.7630414591151489
2023-12-31 05:15:00+01:00,0.7749476327861935
2023-12-31 05:30:00+01:00,0.7868765779357059
2023-12-31 05:45:00+01:00,0.7988276871788901
2023-12-31 06:00:00+01:00,0.8108003734718794
2023-12-31 06:15:00+01:00,0.8437603721925488
2023-12-31 06:30:00+01:00,0.8748209470426229
2023-12-31 06:45:00+01:00,0.8956904127594356
2023-12-31 07:00:00+01:00,0.9166124784905894
2023-12-31 07:15:00+01:00,0.9284377050244728
2023-12-31 07:30:00+01:00,0.9404546400358338
2023-12-31 07:45:00+01:00,0.9525023723815241
2023-12-31 08:00:00+01:00,0.9579638109193973
2023-12-31 08:15:00+01:00,0.959083808869561
2023-12-31 08:30:00+01:00,0.9604897178363936
2023-12-31 08:45:00+01:00,0.9621787869637014
2023-12-31 09:00:00+01:00,0.9641477577882487
2023-12-31 09:15:00+01:00,0.9658750659011188
2023-12-31 09:30:00+01:00,0.969478401156936
2023-12-31 09:45:00+01:00,0.9749128096516945
2023-12-31 10:00:00+01:00,0.9821131592841257
2023-12-31 10:15:00+01:00,0.9729136817660395
2023-12-31 10:30:00+01:00,0.9640628947763149
2023-12-31 10:45:00+01:00,0.9555822419733891
2023-12-31 11:00:00+01:00,0.9413037475363614
2023-12-31 11:15:00+01:00,0.9537376243771871
2023-12-31 11:30:00+01:00,0.9618050964006915
2023-12-31 11:45:00+01:00,0.9715978030867267
2023-12-31 12:00:00+01:00,0.9830053818085251
2023-12-31 12:15:00+01:00,0.9768894358780327
2023-12-31 12:30:00+01:00,0.9710265170741619
2023-12-31 12:45:00+01:00,0.9654267030919943
2023-12-31 13:00:00+01:00,0.960100124943945
2023-12-31 13:15:00+01:00,0.9589308515875176
2023-12-31 13:30:00+01:00,0.9578509079669965
2023-12-31 13:45:00+01:00,0.9568609623943487
2023-12-31 14:00:00+01:00,0.9559616333548074
2023-12-31 14:15:00+01:00,0.9613071336136705
2023-12-31 14:30:00+01:00,0.9667941044161822
2023-12-31 14:45:00+01:00,0.9724173547679078
2023-12-31 15:00:00+01:00,0.9781718248536666
2023-12-31 15:15:00+01:00,0.9757426893191143
2023-12-31 15:30:00+01:00,0.9733223196814488
2023-12-31 15:45:00+01:00,0.9709108583024505
2023-12-31 16:00:00+01:00,0.9685084501021356
2023-12-31 16:15:00+01:00,0.9653752682664105
2023-12-31 16:30:00+01:00,0.9622632213024698
2023-12-31 16:45:00+01:00,0.9591727624370121
2023-12-31 17:00:00+01:00,0.9561043546677048
2023-12-31 17:15:00+01:00,0.9552794181231733
2023-12-31 17:30:00+01:00,0.954534548782653
2023-12-31 17:45:00+01:00,0.9538701626779461
2023-12-31 18:00:00+01:00,0.953286633323489
2023-12-31 18:15:00+01:00,0.9567830455617098
2023-12-31 18:30:00+01:00,0.9603337057122571
2023-12-31 18:45:00+01:00,0.96393730086813
2023-12-31 19:00:00+01:00,0.9675925415069001
2023-12-31 19:15:00+01:00,0.9728589596879386
2023-12-31 19:30:00+01:00,0.9781355044468525
2023-12-31 19:45:00+01:00,0.9834218270115085
2023-12-31 20:00:00+01:00,0.9883026900104989
2023-12-31 20:15:00+01:00,0.989058123400639
2023-12-31 20:30:00+01:00,0.9898601035593109
2023-12-31 20:45:00+01:00,0.9907079188817725
2023-12-31 21:00:00+01:00,0.9916008327733878
2023-12-31 21:15:00+01:00,0.9914684416413395
2023-12-31 21:30:00+01:00,0.9913932873017117
2023-12-31 21:45:00+01:00,0.9913754514085821
2023-12-31 22:00:00+01:00,0.9914149533631766
2023-12-31 22:15:00+01:00,0.9929247868480692
2023-12-31 22:30:00+01:00,0.9944348708973189
2023-12-31 22:45:00+01:00,0.995945198530379
2023-12-31 23:00:00+01:00,0.9974557630225501
2023-12-31 23:15:00+01:00,0.9970475346535549
2023-12-31 23:30:00+01:00,0.996645981988231
2023-12-31 23:45:00+01:00,0.9962511543885266
